Image analysis histogram listing

File : C:\Users\Jason Fucik\OneDrive - California Institute of Technology\zrepo\UVEX\20250326B_UVEX_FULLSYS_DESIGN_SIM.zmx
Title: UVEX Full System
Date : 8/26/2026
Configuration 3 of 3

Consider changing the field type to object height for improved accuracy. See Help Files for more details.
Field Width                    : 1e-06 degrees
Image Width                    : 0.128 Millimeters
Number of pixels               : 128 x 128
Total Weight of Rays Attempted :   1.000825E+06
Total Weight of Rays Passed    :   9.977180E+05
Total Rays Launched            : 1000825
Percent Efficiency             :   99.69 %
Total flux in watts            : 9.969E-01
Units                          : Watts/Millimeters squared

  0.0000E+00	  0.0000E+00	  0.0000E+00	  0.0000E+00	  0.0000E+00	  0.0000E+00	  0.0000E+00	  0.0000E+00	  0.0000E+00	  0.0000E+00	  0.0000E+00	  0.0000E+00	  0.0000E+00	  0.0000E+00	  0.0000E+00	  0.0000E+00	  0.0000E+00	  0.0000E+00	  0.0000E+00	  0.0000E+00	  0.0000E+00	  0.0000E+00	  0.0000E+00	  0.0000E+00	  0.0000E+00	  0.0000E+00	  0.0000E+00	  0.0000E+00	  0.0000E+00	  0.0000E+00	  0.0000E+00	  0.0000E+00	  0.0000E+00	  0.0000E+00	  0.0000E+00	  0.0000E+00	  0.0000E+00	  0.0000E+00	  0.0000E+00	  0.0000E+00	  0.0000E+00	  0.0000E+00	  0.0000E+00	  0.0000E+00	  0.0000E+00	  0.0000E+00	  0.0000E+00	  0.0000E+00	  0.0000E+00	  0.0000E+00	  0.0000E+00	  0.0000E+00	  0.0000E+00	  0.0000E+00	  0.0000E+00	  0.0000E+00	  0.0000E+00	  0.0000E+00	  0.0000E+00	  0.0000E+00	  0.0000E+00	  0.0000E+00	  0.0000E+00	  0.0000E+00	  0.0000E+00	  0.0000E+00	  0.0000E+00	  0.0000E+00	  0.0000E+00	  0.0000E+00	  0.0000E+00	  0.0000E+00	  0.0000E+00	  0.0000E+00	  0.0000E+00	  0.0000E+00	  0.0000E+00	  0.0000E+00	  0.0000E+00	  0.0000E+00	  0.0000E+00	  0.0000E+00	  0.0000E+00	  0.0000E+00	  0.0000E+00	  0.0000E+00	  0.0000E+00	  0.0000E+00	  0.0000E+00	  0.0000E+00	  0.0000E+00	  0.0000E+00	  0.0000E+00	  0.0000E+00	  0.0000E+00	  0.0000E+00	  0.0000E+00	  0.0000E+00	  0.0000E+00	  0.0000E+00	  0.0000E+00	  0.0000E+00	  0.0000E+00	  0.0000E+00	  0.0000E+00	  0.0000E+00	  0.0000E+00	  0.0000E+00	  0.0000E+00	  0.0000E+00	  0.0000E+00	  0.0000E+00	  0.0000E+00	  0.0000E+00	  0.0000E+00	  0.0000E+00	  0.0000E+00	  0.0000E+00	  0.0000E+00	  0.0000E+00	  0.0000E+00	  0.0000E+00	  0.0000E+00	  0.0000E+00	  0.0000E+00	  0.0000E+00	  0.0000E+00	  0.0000E+00
  0.0000E+00	  0.0000E+00	  0.0000E+00	  0.0000E+00	  0.0000E+00	  0.0000E+00	  0.0000E+00	  0.0000E+00	  0.0000E+00	  0.0000E+00	  0.0000E+00	  0.0000E+00	  0.0000E+00	  0.0000E+00	  0.0000E+00	  0.0000E+00	  0.0000E+00	  0.0000E+00	  0.0000E+00	  0.0000E+00	  0.0000E+00	  0.0000E+00	  0.0000E+00	  0.0000E+00	  0.0000E+00	  0.0000E+00	  0.0000E+00	  0.0000E+00	  0.0000E+00	  0.0000E+00	  0.0000E+00	  0.0000E+00	  0.0000E+00	  0.0000E+00	  0.0000E+00	  0.0000E+00	  0.0000E+00	  0.0000E+00	  0.0000E+00	  0.0000E+00	  0.0000E+00	  0.0000E+00	  0.0000E+00	  0.0000E+00	  0.0000E+00	  0.0000E+00	  0.0000E+00	  0.0000E+00	  0.0000E+00	  0.0000E+00	  0.0000E+00	  0.0000E+00	  0.0000E+00	  0.0000E+00	  0.0000E+00	  0.0000E+00	  0.0000E+00	  0.0000E+00	  0.0000E+00	  0.0000E+00	  0.0000E+00	  0.0000E+00	  0.0000E+00	  0.0000E+00	  0.0000E+00	  0.0000E+00	  0.0000E+00	  0.0000E+00	  0.0000E+00	  0.0000E+00	  0.0000E+00	  0.0000E+00	  0.0000E+00	  0.0000E+00	  0.0000E+00	  0.0000E+00	  0.0000E+00	  0.0000E+00	  0.0000E+00	  0.0000E+00	  0.0000E+00	  0.0000E+00	  0.0000E+00	  0.0000E+00	  0.0000E+00	  0.0000E+00	  0.0000E+00	  0.0000E+00	  0.0000E+00	  0.0000E+00	  0.0000E+00	  0.0000E+00	  0.0000E+00	  0.0000E+00	  0.0000E+00	  0.0000E+00	  0.0000E+00	  0.0000E+00	  0.0000E+00	  0.0000E+00	  0.0000E+00	  0.0000E+00	  0.0000E+00	  0.0000E+00	  0.0000E+00	  0.0000E+00	  0.0000E+00	  0.0000E+00	  0.0000E+00	  0.0000E+00	  0.0000E+00	  0.0000E+00	  0.0000E+00	  0.0000E+00	  0.0000E+00	  0.0000E+00	  0.0000E+00	  0.0000E+00	  0.0000E+00	  0.0000E+00	  0.0000E+00	  0.0000E+00	  0.0000E+00	  0.0000E+00	  0.0000E+00	  0.0000E+00	  0.0000E+00	  0.0000E+00
  0.0000E+00	  0.0000E+00	  0.0000E+00	  0.0000E+00	  0.0000E+00	  0.0000E+00	  0.0000E+00	  0.0000E+00	  0.0000E+00	  0.0000E+00	  0.0000E+00	  0.0000E+00	  0.0000E+00	  0.0000E+00	  0.0000E+00	  0.0000E+00	  0.0000E+00	  0.0000E+00	  0.0000E+00	  0.0000E+00	  0.0000E+00	  0.0000E+00	  0.0000E+00	  0.0000E+00	  0.0000E+00	  0.0000E+00	  0.0000E+00	  0.0000E+00	  0.0000E+00	  0.0000E+00	  0.0000E+00	  0.0000E+00	  0.0000E+00	  0.0000E+00	  0.0000E+00	  0.0000E+00	  0.0000E+00	  0.0000E+00	  0.0000E+00	  0.0000E+00	  0.0000E+00	  0.0000E+00	  0.0000E+00	  0.0000E+00	  0.0000E+00	  0.0000E+00	  0.0000E+00	  0.0000E+00	  0.0000E+00	  0.0000E+00	  0.0000E+00	  0.0000E+00	  0.0000E+00	  0.0000E+00	  0.0000E+00	  0.0000E+00	  0.0000E+00	  0.0000E+00	  0.0000E+00	  0.0000E+00	  0.0000E+00	  0.0000E+00	  0.0000E+00	  0.0000E+00	  0.0000E+00	  0.0000E+00	  0.0000E+00	  0.0000E+00	  0.0000E+00	  0.0000E+00	  0.0000E+00	  0.0000E+00	  0.0000E+00	  0.0000E+00	  0.0000E+00	  0.0000E+00	  0.0000E+00	  0.0000E+00	  0.0000E+00	  0.0000E+00	  0.0000E+00	  0.0000E+00	  0.0000E+00	  0.0000E+00	  0.0000E+00	  0.0000E+00	  0.0000E+00	  0.0000E+00	  0.0000E+00	  0.0000E+00	  0.0000E+00	  0.0000E+00	  0.0000E+00	  0.0000E+00	  0.0000E+00	  0.0000E+00	  0.0000E+00	  0.0000E+00	  0.0000E+00	  0.0000E+00	  0.0000E+00	  0.0000E+00	  0.0000E+00	  0.0000E+00	  0.0000E+00	  0.0000E+00	  0.0000E+00	  0.0000E+00	  0.0000E+00	  0.0000E+00	  0.0000E+00	  0.0000E+00	  0.0000E+00	  0.0000E+00	  0.0000E+00	  0.0000E+00	  0.0000E+00	  0.0000E+00	  0.0000E+00	  0.0000E+00	  0.0000E+00	  0.0000E+00	  0.0000E+00	  0.0000E+00	  0.0000E+00	  0.0000E+00	  0.0000E+00	  0.0000E+00
  0.0000E+00	  0.0000E+00	  0.0000E+00	  0.0000E+00	  0.0000E+00	  0.0000E+00	  0.0000E+00	  0.0000E+00	  0.0000E+00	  0.0000E+00	  0.0000E+00	  0.0000E+00	  0.0000E+00	  0.0000E+00	  0.0000E+00	  0.0000E+00	  0.0000E+00	  0.0000E+00	  0.0000E+00	  0.0000E+00	  0.0000E+00	  0.0000E+00	  0.0000E+00	  0.0000E+00	  0.0000E+00	  0.0000E+00	  0.0000E+00	  0.0000E+00	  0.0000E+00	  0.0000E+00	  0.0000E+00	  0.0000E+00	  0.0000E+00	  0.0000E+00	  0.0000E+00	  0.0000E+00	  0.0000E+00	  0.0000E+00	  0.0000E+00	  0.0000E+00	  0.0000E+00	  0.0000E+00	  0.0000E+00	  0.0000E+00	  0.0000E+00	  0.0000E+00	  0.0000E+00	  0.0000E+00	  0.0000E+00	  0.0000E+00	  0.0000E+00	  0.0000E+00	  0.0000E+00	  0.0000E+00	  0.0000E+00	  0.0000E+00	  0.0000E+00	  0.0000E+00	  0.0000E+00	  0.0000E+00	  0.0000E+00	  0.0000E+00	  0.0000E+00	  0.0000E+00	  0.0000E+00	  0.0000E+00	  0.0000E+00	  0.0000E+00	  0.0000E+00	  0.0000E+00	  0.0000E+00	  0.0000E+00	  0.0000E+00	  0.0000E+00	  0.0000E+00	  0.0000E+00	  0.0000E+00	  0.0000E+00	  0.0000E+00	  0.0000E+00	  0.0000E+00	  0.0000E+00	  0.0000E+00	  0.0000E+00	  0.0000E+00	  0.0000E+00	  0.0000E+00	  0.0000E+00	  0.0000E+00	  0.0000E+00	  0.0000E+00	  0.0000E+00	  0.0000E+00	  0.0000E+00	  0.0000E+00	  0.0000E+00	  0.0000E+00	  0.0000E+00	  0.0000E+00	  0.0000E+00	  0.0000E+00	  0.0000E+00	  0.0000E+00	  0.0000E+00	  0.0000E+00	  0.0000E+00	  0.0000E+00	  0.0000E+00	  0.0000E+00	  0.0000E+00	  0.0000E+00	  0.0000E+00	  0.0000E+00	  0.0000E+00	  0.0000E+00	  0.0000E+00	  0.0000E+00	  0.0000E+00	  0.0000E+00	  0.0000E+00	  0.0000E+00	  0.0000E+00	  0.0000E+00	  0.0000E+00	  0.0000E+00	  0.0000E+00	  0.0000E+00	  0.0000E+00
  0.0000E+00	  0.0000E+00	  0.0000E+00	  0.0000E+00	  0.0000E+00	  0.0000E+00	  0.0000E+00	  0.0000E+00	  0.0000E+00	  0.0000E+00	  0.0000E+00	  0.0000E+00	  0.0000E+00	  0.0000E+00	  0.0000E+00	  0.0000E+00	  0.0000E+00	  0.0000E+00	  0.0000E+00	  0.0000E+00	  0.0000E+00	  0.0000E+00	  0.0000E+00	  0.0000E+00	  0.0000E+00	  0.0000E+00	  0.0000E+00	  0.0000E+00	  0.0000E+00	  0.0000E+00	  0.0000E+00	  0.0000E+00	  0.0000E+00	  0.0000E+00	  0.0000E+00	  0.0000E+00	  0.0000E+00	  0.0000E+00	  0.0000E+00	  0.0000E+00	  0.0000E+00	  0.0000E+00	  0.0000E+00	  0.0000E+00	  0.0000E+00	  0.0000E+00	  0.0000E+00	  0.0000E+00	  0.0000E+00	  0.0000E+00	  0.0000E+00	  0.0000E+00	  0.0000E+00	  0.0000E+00	  0.0000E+00	  0.0000E+00	  0.0000E+00	  0.0000E+00	  0.0000E+00	  0.0000E+00	  0.0000E+00	  0.0000E+00	  0.0000E+00	  0.0000E+00	  0.0000E+00	  0.0000E+00	  0.0000E+00	  0.0000E+00	  0.0000E+00	  0.0000E+00	  0.0000E+00	  0.0000E+00	  0.0000E+00	  0.0000E+00	  0.0000E+00	  0.0000E+00	  0.0000E+00	  0.0000E+00	  0.0000E+00	  0.0000E+00	  0.0000E+00	  0.0000E+00	  0.0000E+00	  0.0000E+00	  0.0000E+00	  0.0000E+00	  0.0000E+00	  0.0000E+00	  0.0000E+00	  0.0000E+00	  0.0000E+00	  0.0000E+00	  0.0000E+00	  0.0000E+00	  0.0000E+00	  0.0000E+00	  0.0000E+00	  0.0000E+00	  0.0000E+00	  0.0000E+00	  0.0000E+00	  0.0000E+00	  0.0000E+00	  0.0000E+00	  0.0000E+00	  0.0000E+00	  0.0000E+00	  0.0000E+00	  0.0000E+00	  0.0000E+00	  0.0000E+00	  0.0000E+00	  0.0000E+00	  0.0000E+00	  0.0000E+00	  0.0000E+00	  0.0000E+00	  0.0000E+00	  0.0000E+00	  0.0000E+00	  0.0000E+00	  0.0000E+00	  0.0000E+00	  0.0000E+00	  0.0000E+00	  0.0000E+00	  0.0000E+00	  0.0000E+00
  0.0000E+00	  0.0000E+00	  0.0000E+00	  0.0000E+00	  0.0000E+00	  0.0000E+00	  0.0000E+00	  0.0000E+00	  0.0000E+00	  0.0000E+00	  0.0000E+00	  0.0000E+00	  0.0000E+00	  0.0000E+00	  0.0000E+00	  0.0000E+00	  0.0000E+00	  0.0000E+00	  0.0000E+00	  0.0000E+00	  0.0000E+00	  0.0000E+00	  0.0000E+00	  0.0000E+00	  0.0000E+00	  0.0000E+00	  0.0000E+00	  0.0000E+00	  0.0000E+00	  0.0000E+00	  0.0000E+00	  0.0000E+00	  0.0000E+00	  0.0000E+00	  0.0000E+00	  0.0000E+00	  0.0000E+00	  0.0000E+00	  0.0000E+00	  0.0000E+00	  0.0000E+00	  0.0000E+00	  0.0000E+00	  0.0000E+00	  0.0000E+00	  0.0000E+00	  0.0000E+00	  0.0000E+00	  0.0000E+00	  0.0000E+00	  0.0000E+00	  0.0000E+00	  0.0000E+00	  0.0000E+00	  0.0000E+00	  0.0000E+00	  0.0000E+00	  0.0000E+00	  0.0000E+00	  0.0000E+00	  0.0000E+00	  0.0000E+00	  0.0000E+00	  0.0000E+00	  0.0000E+00	  0.0000E+00	  0.0000E+00	  0.0000E+00	  0.0000E+00	  0.0000E+00	  0.0000E+00	  0.0000E+00	  0.0000E+00	  0.0000E+00	  0.0000E+00	  0.0000E+00	  0.0000E+00	  0.0000E+00	  0.0000E+00	  0.0000E+00	  0.0000E+00	  0.0000E+00	  0.0000E+00	  0.0000E+00	  0.0000E+00	  0.0000E+00	  0.0000E+00	  0.0000E+00	  0.0000E+00	  0.0000E+00	  0.0000E+00	  0.0000E+00	  0.0000E+00	  0.0000E+00	  0.0000E+00	  0.0000E+00	  0.0000E+00	  0.0000E+00	  0.0000E+00	  0.0000E+00	  0.0000E+00	  0.0000E+00	  0.0000E+00	  0.0000E+00	  0.0000E+00	  0.0000E+00	  0.0000E+00	  0.0000E+00	  0.0000E+00	  0.0000E+00	  0.0000E+00	  0.0000E+00	  0.0000E+00	  0.0000E+00	  0.0000E+00	  0.0000E+00	  0.0000E+00	  0.0000E+00	  0.0000E+00	  0.0000E+00	  0.0000E+00	  0.0000E+00	  0.0000E+00	  0.0000E+00	  0.0000E+00	  0.0000E+00	  0.0000E+00	  0.0000E+00
  0.0000E+00	  0.0000E+00	  0.0000E+00	  0.0000E+00	  0.0000E+00	  0.0000E+00	  0.0000E+00	  0.0000E+00	  0.0000E+00	  0.0000E+00	  0.0000E+00	  0.0000E+00	  0.0000E+00	  0.0000E+00	  0.0000E+00	  0.0000E+00	  0.0000E+00	  0.0000E+00	  0.0000E+00	  0.0000E+00	  0.0000E+00	  0.0000E+00	  0.0000E+00	  0.0000E+00	  0.0000E+00	  0.0000E+00	  0.0000E+00	  0.0000E+00	  0.0000E+00	  0.0000E+00	  0.0000E+00	  0.0000E+00	  0.0000E+00	  0.0000E+00	  0.0000E+00	  0.0000E+00	  0.0000E+00	  0.0000E+00	  0.0000E+00	  0.0000E+00	  0.0000E+00	  0.0000E+00	  0.0000E+00	  0.0000E+00	  0.0000E+00	  0.0000E+00	  0.0000E+00	  0.0000E+00	  0.0000E+00	  0.0000E+00	  0.0000E+00	  0.0000E+00	  0.0000E+00	  0.0000E+00	  0.0000E+00	  0.0000E+00	  0.0000E+00	  0.0000E+00	  0.0000E+00	  0.0000E+00	  0.0000E+00	  0.0000E+00	  0.0000E+00	  0.0000E+00	  0.0000E+00	  0.0000E+00	  0.0000E+00	  0.0000E+00	  0.0000E+00	  0.0000E+00	  0.0000E+00	  0.0000E+00	  0.0000E+00	  0.0000E+00	  0.0000E+00	  0.0000E+00	  0.0000E+00	  0.0000E+00	  0.0000E+00	  0.0000E+00	  0.0000E+00	  0.0000E+00	  0.0000E+00	  0.0000E+00	  0.0000E+00	  0.0000E+00	  0.0000E+00	  0.0000E+00	  0.0000E+00	  0.0000E+00	  0.0000E+00	  0.0000E+00	  0.0000E+00	  0.0000E+00	  0.0000E+00	  0.0000E+00	  0.0000E+00	  0.0000E+00	  0.0000E+00	  0.0000E+00	  0.0000E+00	  0.0000E+00	  0.0000E+00	  0.0000E+00	  0.0000E+00	  0.0000E+00	  0.0000E+00	  0.0000E+00	  0.0000E+00	  0.0000E+00	  0.0000E+00	  0.0000E+00	  0.0000E+00	  0.0000E+00	  0.0000E+00	  0.0000E+00	  0.0000E+00	  0.0000E+00	  0.0000E+00	  0.0000E+00	  0.0000E+00	  0.0000E+00	  0.0000E+00	  0.0000E+00	  0.0000E+00	  0.0000E+00	  0.0000E+00	  0.0000E+00
  0.0000E+00	  0.0000E+00	  0.0000E+00	  0.0000E+00	  0.0000E+00	  0.0000E+00	  0.0000E+00	  0.0000E+00	  0.0000E+00	  0.0000E+00	  0.0000E+00	  0.0000E+00	  0.0000E+00	  0.0000E+00	  0.0000E+00	  0.0000E+00	  0.0000E+00	  0.0000E+00	  0.0000E+00	  0.0000E+00	  0.0000E+00	  0.0000E+00	  0.0000E+00	  0.0000E+00	  0.0000E+00	  0.0000E+00	  0.0000E+00	  0.0000E+00	  0.0000E+00	  0.0000E+00	  0.0000E+00	  0.0000E+00	  0.0000E+00	  0.0000E+00	  0.0000E+00	  0.0000E+00	  0.0000E+00	  0.0000E+00	  0.0000E+00	  0.0000E+00	  0.0000E+00	  0.0000E+00	  0.0000E+00	  0.0000E+00	  0.0000E+00	  0.0000E+00	  0.0000E+00	  0.0000E+00	  0.0000E+00	  0.0000E+00	  0.0000E+00	  0.0000E+00	  0.0000E+00	  0.0000E+00	  0.0000E+00	  0.0000E+00	  0.0000E+00	  0.0000E+00	  0.0000E+00	  0.0000E+00	  0.0000E+00	  0.0000E+00	  0.0000E+00	  0.0000E+00	  0.0000E+00	  0.0000E+00	  0.0000E+00	  0.0000E+00	  0.0000E+00	  0.0000E+00	  0.0000E+00	  0.0000E+00	  0.0000E+00	  0.0000E+00	  0.0000E+00	  0.0000E+00	  0.0000E+00	  0.0000E+00	  0.0000E+00	  0.0000E+00	  0.0000E+00	  0.0000E+00	  0.0000E+00	  0.0000E+00	  0.0000E+00	  0.0000E+00	  0.0000E+00	  0.0000E+00	  0.0000E+00	  0.0000E+00	  0.0000E+00	  0.0000E+00	  0.0000E+00	  0.0000E+00	  0.0000E+00	  0.0000E+00	  0.0000E+00	  0.0000E+00	  0.0000E+00	  0.0000E+00	  0.0000E+00	  0.0000E+00	  0.0000E+00	  0.0000E+00	  0.0000E+00	  0.0000E+00	  0.0000E+00	  0.0000E+00	  0.0000E+00	  0.0000E+00	  0.0000E+00	  0.0000E+00	  0.0000E+00	  0.0000E+00	  0.0000E+00	  0.0000E+00	  0.0000E+00	  0.0000E+00	  0.0000E+00	  0.0000E+00	  0.0000E+00	  0.0000E+00	  0.0000E+00	  0.0000E+00	  0.0000E+00	  0.0000E+00	  0.0000E+00	  0.0000E+00
  0.0000E+00	  0.0000E+00	  0.0000E+00	  0.0000E+00	  0.0000E+00	  0.0000E+00	  0.0000E+00	  0.0000E+00	  0.0000E+00	  0.0000E+00	  0.0000E+00	  0.0000E+00	  0.0000E+00	  0.0000E+00	  0.0000E+00	  0.0000E+00	  0.0000E+00	  0.0000E+00	  0.0000E+00	  0.0000E+00	  0.0000E+00	  0.0000E+00	  0.0000E+00	  0.0000E+00	  0.0000E+00	  0.0000E+00	  0.0000E+00	  0.0000E+00	  0.0000E+00	  0.0000E+00	  0.0000E+00	  0.0000E+00	  0.0000E+00	  0.0000E+00	  0.0000E+00	  0.0000E+00	  0.0000E+00	  0.0000E+00	  0.0000E+00	  0.0000E+00	  0.0000E+00	  0.0000E+00	  0.0000E+00	  0.0000E+00	  0.0000E+00	  0.0000E+00	  0.0000E+00	  0.0000E+00	  0.0000E+00	  0.0000E+00	  0.0000E+00	  0.0000E+00	  0.0000E+00	  0.0000E+00	  0.0000E+00	  0.0000E+00	  0.0000E+00	  0.0000E+00	  0.0000E+00	  0.0000E+00	  0.0000E+00	  0.0000E+00	  0.0000E+00	  0.0000E+00	  0.0000E+00	  0.0000E+00	  0.0000E+00	  0.0000E+00	  0.0000E+00	  0.0000E+00	  0.0000E+00	  0.0000E+00	  0.0000E+00	  0.0000E+00	  0.0000E+00	  0.0000E+00	  0.0000E+00	  0.0000E+00	  0.0000E+00	  0.0000E+00	  0.0000E+00	  0.0000E+00	  0.0000E+00	  0.0000E+00	  0.0000E+00	  0.0000E+00	  0.0000E+00	  0.0000E+00	  0.0000E+00	  0.0000E+00	  0.0000E+00	  0.0000E+00	  0.0000E+00	  0.0000E+00	  0.0000E+00	  0.0000E+00	  0.0000E+00	  0.0000E+00	  0.0000E+00	  0.0000E+00	  0.0000E+00	  0.0000E+00	  0.0000E+00	  0.0000E+00	  0.0000E+00	  0.0000E+00	  0.0000E+00	  0.0000E+00	  0.0000E+00	  0.0000E+00	  0.0000E+00	  0.0000E+00	  0.0000E+00	  0.0000E+00	  0.0000E+00	  0.0000E+00	  0.0000E+00	  0.0000E+00	  0.0000E+00	  0.0000E+00	  0.0000E+00	  0.0000E+00	  0.0000E+00	  0.0000E+00	  0.0000E+00	  0.0000E+00	  0.0000E+00	  0.0000E+00
  0.0000E+00	  0.0000E+00	  0.0000E+00	  0.0000E+00	  0.0000E+00	  0.0000E+00	  0.0000E+00	  0.0000E+00	  0.0000E+00	  0.0000E+00	  0.0000E+00	  0.0000E+00	  0.0000E+00	  0.0000E+00	  0.0000E+00	  0.0000E+00	  0.0000E+00	  0.0000E+00	  0.0000E+00	  0.0000E+00	  0.0000E+00	  0.0000E+00	  0.0000E+00	  0.0000E+00	  0.0000E+00	  0.0000E+00	  0.0000E+00	  0.0000E+00	  0.0000E+00	  0.0000E+00	  0.0000E+00	  0.0000E+00	  0.0000E+00	  0.0000E+00	  0.0000E+00	  0.0000E+00	  0.0000E+00	  0.0000E+00	  0.0000E+00	  0.0000E+00	  0.0000E+00	  0.0000E+00	  0.0000E+00	  0.0000E+00	  0.0000E+00	  0.0000E+00	  0.0000E+00	  0.0000E+00	  0.0000E+00	  0.0000E+00	  0.0000E+00	  0.0000E+00	  0.0000E+00	  0.0000E+00	  0.0000E+00	  0.0000E+00	  0.0000E+00	  0.0000E+00	  0.0000E+00	  0.0000E+00	  0.0000E+00	  0.0000E+00	  0.0000E+00	  0.0000E+00	  0.0000E+00	  0.0000E+00	  0.0000E+00	  0.0000E+00	  0.0000E+00	  0.0000E+00	  0.0000E+00	  0.0000E+00	  0.0000E+00	  0.0000E+00	  0.0000E+00	  0.0000E+00	  0.0000E+00	  0.0000E+00	  0.0000E+00	  0.0000E+00	  0.0000E+00	  0.0000E+00	  0.0000E+00	  0.0000E+00	  0.0000E+00	  0.0000E+00	  0.0000E+00	  0.0000E+00	  0.0000E+00	  0.0000E+00	  0.0000E+00	  0.0000E+00	  0.0000E+00	  0.0000E+00	  0.0000E+00	  0.0000E+00	  0.0000E+00	  0.0000E+00	  0.0000E+00	  0.0000E+00	  0.0000E+00	  0.0000E+00	  0.0000E+00	  0.0000E+00	  0.0000E+00	  0.0000E+00	  0.0000E+00	  0.0000E+00	  0.0000E+00	  0.0000E+00	  0.0000E+00	  0.0000E+00	  0.0000E+00	  0.0000E+00	  0.0000E+00	  0.0000E+00	  0.0000E+00	  0.0000E+00	  0.0000E+00	  0.0000E+00	  0.0000E+00	  0.0000E+00	  0.0000E+00	  0.0000E+00	  0.0000E+00	  0.0000E+00	  0.0000E+00	  0.0000E+00
  0.0000E+00	  0.0000E+00	  0.0000E+00	  0.0000E+00	  0.0000E+00	  0.0000E+00	  0.0000E+00	  0.0000E+00	  0.0000E+00	  0.0000E+00	  0.0000E+00	  0.0000E+00	  0.0000E+00	  0.0000E+00	  0.0000E+00	  0.0000E+00	  0.0000E+00	  0.0000E+00	  0.0000E+00	  0.0000E+00	  0.0000E+00	  0.0000E+00	  0.0000E+00	  0.0000E+00	  0.0000E+00	  0.0000E+00	  0.0000E+00	  0.0000E+00	  0.0000E+00	  0.0000E+00	  0.0000E+00	  0.0000E+00	  0.0000E+00	  0.0000E+00	  0.0000E+00	  0.0000E+00	  0.0000E+00	  0.0000E+00	  0.0000E+00	  0.0000E+00	  0.0000E+00	  0.0000E+00	  0.0000E+00	  0.0000E+00	  0.0000E+00	  0.0000E+00	  0.0000E+00	  0.0000E+00	  0.0000E+00	  0.0000E+00	  0.0000E+00	  0.0000E+00	  0.0000E+00	  0.0000E+00	  0.0000E+00	  0.0000E+00	  0.0000E+00	  0.0000E+00	  0.0000E+00	  0.0000E+00	  0.0000E+00	  0.0000E+00	  0.0000E+00	  0.0000E+00	  0.0000E+00	  0.0000E+00	  0.0000E+00	  0.0000E+00	  0.0000E+00	  0.0000E+00	  0.0000E+00	  0.0000E+00	  0.0000E+00	  0.0000E+00	  0.0000E+00	  0.0000E+00	  0.0000E+00	  0.0000E+00	  0.0000E+00	  0.0000E+00	  0.0000E+00	  0.0000E+00	  0.0000E+00	  0.0000E+00	  0.0000E+00	  0.0000E+00	  0.0000E+00	  0.0000E+00	  0.0000E+00	  0.0000E+00	  0.0000E+00	  0.0000E+00	  0.0000E+00	  0.0000E+00	  0.0000E+00	  0.0000E+00	  0.0000E+00	  0.0000E+00	  0.0000E+00	  0.0000E+00	  0.0000E+00	  0.0000E+00	  0.0000E+00	  0.0000E+00	  0.0000E+00	  0.0000E+00	  0.0000E+00	  0.0000E+00	  0.0000E+00	  0.0000E+00	  0.0000E+00	  0.0000E+00	  0.0000E+00	  0.0000E+00	  0.0000E+00	  0.0000E+00	  0.0000E+00	  0.0000E+00	  0.0000E+00	  0.0000E+00	  0.0000E+00	  0.0000E+00	  0.0000E+00	  0.0000E+00	  0.0000E+00	  0.0000E+00	  0.0000E+00	  0.0000E+00
  0.0000E+00	  0.0000E+00	  0.0000E+00	  0.0000E+00	  0.0000E+00	  0.0000E+00	  0.0000E+00	  0.0000E+00	  0.0000E+00	  0.0000E+00	  0.0000E+00	  0.0000E+00	  0.0000E+00	  0.0000E+00	  0.0000E+00	  0.0000E+00	  0.0000E+00	  0.0000E+00	  0.0000E+00	  0.0000E+00	  0.0000E+00	  0.0000E+00	  0.0000E+00	  0.0000E+00	  0.0000E+00	  0.0000E+00	  0.0000E+00	  0.0000E+00	  0.0000E+00	  0.0000E+00	  0.0000E+00	  0.0000E+00	  0.0000E+00	  0.0000E+00	  0.0000E+00	  0.0000E+00	  0.0000E+00	  0.0000E+00	  0.0000E+00	  0.0000E+00	  0.0000E+00	  0.0000E+00	  0.0000E+00	  0.0000E+00	  0.0000E+00	  0.0000E+00	  0.0000E+00	  0.0000E+00	  0.0000E+00	  0.0000E+00	  0.0000E+00	  0.0000E+00	  0.0000E+00	  0.0000E+00	  0.0000E+00	  0.0000E+00	  0.0000E+00	  0.0000E+00	  0.0000E+00	  0.0000E+00	  0.0000E+00	  0.0000E+00	  0.0000E+00	  0.0000E+00	  0.0000E+00	  0.0000E+00	  0.0000E+00	  0.0000E+00	  0.0000E+00	  0.0000E+00	  0.0000E+00	  0.0000E+00	  0.0000E+00	  0.0000E+00	  0.0000E+00	  0.0000E+00	  0.0000E+00	  0.0000E+00	  0.0000E+00	  0.0000E+00	  0.0000E+00	  0.0000E+00	  0.0000E+00	  0.0000E+00	  0.0000E+00	  0.0000E+00	  0.0000E+00	  0.0000E+00	  0.0000E+00	  0.0000E+00	  0.0000E+00	  0.0000E+00	  0.0000E+00	  0.0000E+00	  0.0000E+00	  0.0000E+00	  0.0000E+00	  0.0000E+00	  0.0000E+00	  0.0000E+00	  0.0000E+00	  0.0000E+00	  0.0000E+00	  0.0000E+00	  0.0000E+00	  0.0000E+00	  0.0000E+00	  0.0000E+00	  0.0000E+00	  0.0000E+00	  0.0000E+00	  0.0000E+00	  0.0000E+00	  0.0000E+00	  0.0000E+00	  0.0000E+00	  0.0000E+00	  0.0000E+00	  0.0000E+00	  0.0000E+00	  0.0000E+00	  0.0000E+00	  0.0000E+00	  0.0000E+00	  0.0000E+00	  0.0000E+00	  0.0000E+00	  0.0000E+00
  0.0000E+00	  0.0000E+00	  0.0000E+00	  0.0000E+00	  0.0000E+00	  0.0000E+00	  0.0000E+00	  0.0000E+00	  0.0000E+00	  0.0000E+00	  0.0000E+00	  0.0000E+00	  0.0000E+00	  0.0000E+00	  0.0000E+00	  0.0000E+00	  0.0000E+00	  0.0000E+00	  0.0000E+00	  0.0000E+00	  0.0000E+00	  0.0000E+00	  0.0000E+00	  0.0000E+00	  0.0000E+00	  0.0000E+00	  0.0000E+00	  0.0000E+00	  0.0000E+00	  0.0000E+00	  0.0000E+00	  0.0000E+00	  0.0000E+00	  0.0000E+00	  0.0000E+00	  0.0000E+00	  0.0000E+00	  0.0000E+00	  0.0000E+00	  0.0000E+00	  0.0000E+00	  0.0000E+00	  0.0000E+00	  0.0000E+00	  0.0000E+00	  0.0000E+00	  0.0000E+00	  0.0000E+00	  0.0000E+00	  0.0000E+00	  0.0000E+00	  0.0000E+00	  0.0000E+00	  0.0000E+00	  0.0000E+00	  0.0000E+00	  0.0000E+00	  0.0000E+00	  0.0000E+00	  0.0000E+00	  0.0000E+00	  0.0000E+00	  0.0000E+00	  0.0000E+00	  0.0000E+00	  0.0000E+00	  0.0000E+00	  0.0000E+00	  0.0000E+00	  0.0000E+00	  0.0000E+00	  0.0000E+00	  0.0000E+00	  0.0000E+00	  0.0000E+00	  0.0000E+00	  0.0000E+00	  0.0000E+00	  0.0000E+00	  0.0000E+00	  0.0000E+00	  0.0000E+00	  0.0000E+00	  0.0000E+00	  0.0000E+00	  0.0000E+00	  0.0000E+00	  0.0000E+00	  0.0000E+00	  0.0000E+00	  0.0000E+00	  0.0000E+00	  0.0000E+00	  0.0000E+00	  0.0000E+00	  0.0000E+00	  0.0000E+00	  0.0000E+00	  0.0000E+00	  0.0000E+00	  0.0000E+00	  0.0000E+00	  0.0000E+00	  0.0000E+00	  0.0000E+00	  0.0000E+00	  0.0000E+00	  0.0000E+00	  0.0000E+00	  0.0000E+00	  0.0000E+00	  0.0000E+00	  0.0000E+00	  0.0000E+00	  0.0000E+00	  0.0000E+00	  0.0000E+00	  0.0000E+00	  0.0000E+00	  0.0000E+00	  0.0000E+00	  0.0000E+00	  0.0000E+00	  0.0000E+00	  0.0000E+00	  0.0000E+00	  0.0000E+00	  0.0000E+00
  0.0000E+00	  0.0000E+00	  0.0000E+00	  0.0000E+00	  0.0000E+00	  0.0000E+00	  0.0000E+00	  0.0000E+00	  0.0000E+00	  0.0000E+00	  0.0000E+00	  0.0000E+00	  0.0000E+00	  0.0000E+00	  0.0000E+00	  0.0000E+00	  0.0000E+00	  0.0000E+00	  0.0000E+00	  0.0000E+00	  0.0000E+00	  0.0000E+00	  0.0000E+00	  0.0000E+00	  0.0000E+00	  0.0000E+00	  0.0000E+00	  0.0000E+00	  0.0000E+00	  0.0000E+00	  0.0000E+00	  0.0000E+00	  0.0000E+00	  0.0000E+00	  0.0000E+00	  0.0000E+00	  0.0000E+00	  0.0000E+00	  0.0000E+00	  0.0000E+00	  0.0000E+00	  0.0000E+00	  0.0000E+00	  0.0000E+00	  0.0000E+00	  0.0000E+00	  0.0000E+00	  0.0000E+00	  0.0000E+00	  0.0000E+00	  0.0000E+00	  0.0000E+00	  0.0000E+00	  0.0000E+00	  0.0000E+00	  0.0000E+00	  0.0000E+00	  0.0000E+00	  0.0000E+00	  0.0000E+00	  0.0000E+00	  0.0000E+00	  0.0000E+00	  0.0000E+00	  0.0000E+00	  0.0000E+00	  0.0000E+00	  0.0000E+00	  0.0000E+00	  0.0000E+00	  0.0000E+00	  0.0000E+00	  0.0000E+00	  0.0000E+00	  0.0000E+00	  0.0000E+00	  0.0000E+00	  0.0000E+00	  0.0000E+00	  0.0000E+00	  0.0000E+00	  0.0000E+00	  0.0000E+00	  0.0000E+00	  0.0000E+00	  0.0000E+00	  0.0000E+00	  0.0000E+00	  0.0000E+00	  0.0000E+00	  0.0000E+00	  0.0000E+00	  0.0000E+00	  0.0000E+00	  0.0000E+00	  0.0000E+00	  0.0000E+00	  0.0000E+00	  0.0000E+00	  0.0000E+00	  0.0000E+00	  0.0000E+00	  0.0000E+00	  0.0000E+00	  0.0000E+00	  0.0000E+00	  0.0000E+00	  0.0000E+00	  0.0000E+00	  0.0000E+00	  0.0000E+00	  0.0000E+00	  0.0000E+00	  0.0000E+00	  0.0000E+00	  0.0000E+00	  0.0000E+00	  0.0000E+00	  0.0000E+00	  0.0000E+00	  0.0000E+00	  0.0000E+00	  0.0000E+00	  0.0000E+00	  0.0000E+00	  0.0000E+00	  0.0000E+00	  0.0000E+00
  0.0000E+00	  0.0000E+00	  0.0000E+00	  0.0000E+00	  0.0000E+00	  0.0000E+00	  0.0000E+00	  0.0000E+00	  0.0000E+00	  0.0000E+00	  0.0000E+00	  0.0000E+00	  0.0000E+00	  0.0000E+00	  0.0000E+00	  0.0000E+00	  0.0000E+00	  0.0000E+00	  0.0000E+00	  0.0000E+00	  0.0000E+00	  0.0000E+00	  0.0000E+00	  0.0000E+00	  0.0000E+00	  0.0000E+00	  0.0000E+00	  0.0000E+00	  0.0000E+00	  0.0000E+00	  0.0000E+00	  0.0000E+00	  0.0000E+00	  0.0000E+00	  0.0000E+00	  0.0000E+00	  0.0000E+00	  0.0000E+00	  0.0000E+00	  0.0000E+00	  0.0000E+00	  0.0000E+00	  0.0000E+00	  0.0000E+00	  0.0000E+00	  0.0000E+00	  0.0000E+00	  0.0000E+00	  0.0000E+00	  0.0000E+00	  0.0000E+00	  0.0000E+00	  0.0000E+00	  0.0000E+00	  0.0000E+00	  0.0000E+00	  0.0000E+00	  0.0000E+00	  0.0000E+00	  0.0000E+00	  0.0000E+00	  0.0000E+00	  0.0000E+00	  0.0000E+00	  0.0000E+00	  0.0000E+00	  0.0000E+00	  0.0000E+00	  0.0000E+00	  0.0000E+00	  0.0000E+00	  0.0000E+00	  0.0000E+00	  0.0000E+00	  0.0000E+00	  0.0000E+00	  0.0000E+00	  0.0000E+00	  0.0000E+00	  0.0000E+00	  0.0000E+00	  0.0000E+00	  0.0000E+00	  0.0000E+00	  0.0000E+00	  0.0000E+00	  0.0000E+00	  0.0000E+00	  0.0000E+00	  0.0000E+00	  0.0000E+00	  0.0000E+00	  0.0000E+00	  0.0000E+00	  0.0000E+00	  0.0000E+00	  0.0000E+00	  0.0000E+00	  0.0000E+00	  0.0000E+00	  0.0000E+00	  0.0000E+00	  0.0000E+00	  0.0000E+00	  0.0000E+00	  0.0000E+00	  0.0000E+00	  0.0000E+00	  0.0000E+00	  0.0000E+00	  0.0000E+00	  0.0000E+00	  0.0000E+00	  0.0000E+00	  0.0000E+00	  0.0000E+00	  0.0000E+00	  0.0000E+00	  0.0000E+00	  0.0000E+00	  0.0000E+00	  0.0000E+00	  0.0000E+00	  0.0000E+00	  0.0000E+00	  0.0000E+00	  0.0000E+00	  0.0000E+00
  0.0000E+00	  0.0000E+00	  0.0000E+00	  0.0000E+00	  0.0000E+00	  0.0000E+00	  0.0000E+00	  0.0000E+00	  0.0000E+00	  0.0000E+00	  0.0000E+00	  0.0000E+00	  0.0000E+00	  0.0000E+00	  0.0000E+00	  0.0000E+00	  0.0000E+00	  0.0000E+00	  0.0000E+00	  0.0000E+00	  0.0000E+00	  0.0000E+00	  0.0000E+00	  0.0000E+00	  0.0000E+00	  0.0000E+00	  0.0000E+00	  0.0000E+00	  0.0000E+00	  0.0000E+00	  0.0000E+00	  0.0000E+00	  0.0000E+00	  0.0000E+00	  0.0000E+00	  0.0000E+00	  0.0000E+00	  0.0000E+00	  0.0000E+00	  0.0000E+00	  0.0000E+00	  0.0000E+00	  0.0000E+00	  0.0000E+00	  0.0000E+00	  0.0000E+00	  0.0000E+00	  0.0000E+00	  0.0000E+00	  0.0000E+00	  0.0000E+00	  0.0000E+00	  0.0000E+00	  0.0000E+00	  0.0000E+00	  0.0000E+00	  0.0000E+00	  0.0000E+00	  0.0000E+00	  0.0000E+00	  0.0000E+00	  0.0000E+00	  0.0000E+00	  0.0000E+00	  0.0000E+00	  0.0000E+00	  0.0000E+00	  0.0000E+00	  0.0000E+00	  0.0000E+00	  0.0000E+00	  0.0000E+00	  0.0000E+00	  0.0000E+00	  0.0000E+00	  0.0000E+00	  0.0000E+00	  0.0000E+00	  0.0000E+00	  0.0000E+00	  0.0000E+00	  0.0000E+00	  0.0000E+00	  0.0000E+00	  0.0000E+00	  0.0000E+00	  0.0000E+00	  0.0000E+00	  0.0000E+00	  0.0000E+00	  0.0000E+00	  0.0000E+00	  0.0000E+00	  0.0000E+00	  0.0000E+00	  0.0000E+00	  0.0000E+00	  0.0000E+00	  0.0000E+00	  0.0000E+00	  0.0000E+00	  0.0000E+00	  0.0000E+00	  0.0000E+00	  0.0000E+00	  0.0000E+00	  0.0000E+00	  0.0000E+00	  0.0000E+00	  0.0000E+00	  0.0000E+00	  0.0000E+00	  0.0000E+00	  0.0000E+00	  0.0000E+00	  0.0000E+00	  0.0000E+00	  0.0000E+00	  0.0000E+00	  0.0000E+00	  0.0000E+00	  0.0000E+00	  0.0000E+00	  0.0000E+00	  0.0000E+00	  0.0000E+00	  0.0000E+00	  0.0000E+00
  0.0000E+00	  0.0000E+00	  0.0000E+00	  0.0000E+00	  0.0000E+00	  0.0000E+00	  0.0000E+00	  0.0000E+00	  0.0000E+00	  0.0000E+00	  0.0000E+00	  0.0000E+00	  0.0000E+00	  0.0000E+00	  0.0000E+00	  0.0000E+00	  0.0000E+00	  0.0000E+00	  0.0000E+00	  0.0000E+00	  0.0000E+00	  0.0000E+00	  0.0000E+00	  0.0000E+00	  0.0000E+00	  0.0000E+00	  0.0000E+00	  0.0000E+00	  0.0000E+00	  0.0000E+00	  0.0000E+00	  0.0000E+00	  0.0000E+00	  0.0000E+00	  0.0000E+00	  0.0000E+00	  0.0000E+00	  0.0000E+00	  0.0000E+00	  0.0000E+00	  0.0000E+00	  0.0000E+00	  0.0000E+00	  0.0000E+00	  0.0000E+00	  0.0000E+00	  0.0000E+00	  0.0000E+00	  0.0000E+00	  0.0000E+00	  0.0000E+00	  0.0000E+00	  0.0000E+00	  0.0000E+00	  0.0000E+00	  0.0000E+00	  0.0000E+00	  0.0000E+00	  0.0000E+00	  0.0000E+00	  0.0000E+00	  0.0000E+00	  0.0000E+00	  0.0000E+00	  0.0000E+00	  0.0000E+00	  0.0000E+00	  0.0000E+00	  0.0000E+00	  0.0000E+00	  0.0000E+00	  0.0000E+00	  0.0000E+00	  0.0000E+00	  0.0000E+00	  0.0000E+00	  0.0000E+00	  0.0000E+00	  0.0000E+00	  0.0000E+00	  0.0000E+00	  0.0000E+00	  0.0000E+00	  0.0000E+00	  0.0000E+00	  0.0000E+00	  0.0000E+00	  0.0000E+00	  0.0000E+00	  0.0000E+00	  0.0000E+00	  0.0000E+00	  0.0000E+00	  0.0000E+00	  0.0000E+00	  0.0000E+00	  0.0000E+00	  0.0000E+00	  0.0000E+00	  0.0000E+00	  0.0000E+00	  0.0000E+00	  0.0000E+00	  0.0000E+00	  0.0000E+00	  0.0000E+00	  0.0000E+00	  0.0000E+00	  0.0000E+00	  0.0000E+00	  0.0000E+00	  0.0000E+00	  0.0000E+00	  0.0000E+00	  0.0000E+00	  0.0000E+00	  0.0000E+00	  0.0000E+00	  0.0000E+00	  0.0000E+00	  0.0000E+00	  0.0000E+00	  0.0000E+00	  0.0000E+00	  0.0000E+00	  0.0000E+00	  0.0000E+00	  0.0000E+00
  0.0000E+00	  0.0000E+00	  0.0000E+00	  0.0000E+00	  0.0000E+00	  0.0000E+00	  0.0000E+00	  0.0000E+00	  0.0000E+00	  0.0000E+00	  0.0000E+00	  0.0000E+00	  0.0000E+00	  0.0000E+00	  0.0000E+00	  0.0000E+00	  0.0000E+00	  0.0000E+00	  0.0000E+00	  0.0000E+00	  0.0000E+00	  0.0000E+00	  0.0000E+00	  0.0000E+00	  0.0000E+00	  0.0000E+00	  0.0000E+00	  0.0000E+00	  0.0000E+00	  0.0000E+00	  0.0000E+00	  0.0000E+00	  0.0000E+00	  0.0000E+00	  0.0000E+00	  0.0000E+00	  0.0000E+00	  0.0000E+00	  0.0000E+00	  0.0000E+00	  0.0000E+00	  0.0000E+00	  0.0000E+00	  0.0000E+00	  0.0000E+00	  0.0000E+00	  0.0000E+00	  0.0000E+00	  0.0000E+00	  0.0000E+00	  0.0000E+00	  0.0000E+00	  0.0000E+00	  0.0000E+00	  0.0000E+00	  0.0000E+00	  0.0000E+00	  0.0000E+00	  0.0000E+00	  0.0000E+00	  0.0000E+00	  0.0000E+00	  0.0000E+00	  0.0000E+00	  0.0000E+00	  0.0000E+00	  0.0000E+00	  0.0000E+00	  0.0000E+00	  0.0000E+00	  0.0000E+00	  0.0000E+00	  0.0000E+00	  0.0000E+00	  0.0000E+00	  0.0000E+00	  0.0000E+00	  0.0000E+00	  0.0000E+00	  0.0000E+00	  0.0000E+00	  0.0000E+00	  0.0000E+00	  0.0000E+00	  0.0000E+00	  0.0000E+00	  0.0000E+00	  0.0000E+00	  0.0000E+00	  0.0000E+00	  0.0000E+00	  0.0000E+00	  0.0000E+00	  0.0000E+00	  0.0000E+00	  0.0000E+00	  0.0000E+00	  0.0000E+00	  0.0000E+00	  0.0000E+00	  0.0000E+00	  0.0000E+00	  0.0000E+00	  0.0000E+00	  0.0000E+00	  0.0000E+00	  0.0000E+00	  0.0000E+00	  0.0000E+00	  0.0000E+00	  0.0000E+00	  0.0000E+00	  0.0000E+00	  0.0000E+00	  0.0000E+00	  0.0000E+00	  0.0000E+00	  0.0000E+00	  0.0000E+00	  0.0000E+00	  0.0000E+00	  0.0000E+00	  0.0000E+00	  0.0000E+00	  0.0000E+00	  0.0000E+00	  0.0000E+00	  0.0000E+00
  0.0000E+00	  0.0000E+00	  0.0000E+00	  0.0000E+00	  0.0000E+00	  0.0000E+00	  0.0000E+00	  0.0000E+00	  0.0000E+00	  0.0000E+00	  0.0000E+00	  0.0000E+00	  0.0000E+00	  0.0000E+00	  0.0000E+00	  0.0000E+00	  0.0000E+00	  0.0000E+00	  0.0000E+00	  0.0000E+00	  0.0000E+00	  0.0000E+00	  0.0000E+00	  0.0000E+00	  0.0000E+00	  0.0000E+00	  0.0000E+00	  0.0000E+00	  0.0000E+00	  0.0000E+00	  0.0000E+00	  0.0000E+00	  0.0000E+00	  0.0000E+00	  0.0000E+00	  0.0000E+00	  0.0000E+00	  0.0000E+00	  0.0000E+00	  0.0000E+00	  0.0000E+00	  0.0000E+00	  0.0000E+00	  0.0000E+00	  0.0000E+00	  0.0000E+00	  0.0000E+00	  0.0000E+00	  0.0000E+00	  0.0000E+00	  0.0000E+00	  0.0000E+00	  0.0000E+00	  0.0000E+00	  0.0000E+00	  0.0000E+00	  0.0000E+00	  0.0000E+00	  0.0000E+00	  0.0000E+00	  0.0000E+00	  0.0000E+00	  0.0000E+00	  0.0000E+00	  0.0000E+00	  0.0000E+00	  0.0000E+00	  0.0000E+00	  0.0000E+00	  0.0000E+00	  0.0000E+00	  0.0000E+00	  0.0000E+00	  0.0000E+00	  0.0000E+00	  0.0000E+00	  0.0000E+00	  0.0000E+00	  0.0000E+00	  0.0000E+00	  0.0000E+00	  0.0000E+00	  0.0000E+00	  0.0000E+00	  0.0000E+00	  0.0000E+00	  0.0000E+00	  0.0000E+00	  0.0000E+00	  0.0000E+00	  0.0000E+00	  0.0000E+00	  0.0000E+00	  0.0000E+00	  0.0000E+00	  0.0000E+00	  0.0000E+00	  0.0000E+00	  0.0000E+00	  0.0000E+00	  0.0000E+00	  0.0000E+00	  0.0000E+00	  0.0000E+00	  0.0000E+00	  0.0000E+00	  0.0000E+00	  0.0000E+00	  0.0000E+00	  0.0000E+00	  0.0000E+00	  0.0000E+00	  0.0000E+00	  0.0000E+00	  0.0000E+00	  0.0000E+00	  0.0000E+00	  0.0000E+00	  0.0000E+00	  0.0000E+00	  0.0000E+00	  0.0000E+00	  0.0000E+00	  0.0000E+00	  0.0000E+00	  0.0000E+00	  0.0000E+00	  0.0000E+00
  0.0000E+00	  0.0000E+00	  0.0000E+00	  0.0000E+00	  0.0000E+00	  0.0000E+00	  0.0000E+00	  0.0000E+00	  0.0000E+00	  0.0000E+00	  0.0000E+00	  0.0000E+00	  0.0000E+00	  0.0000E+00	  0.0000E+00	  0.0000E+00	  0.0000E+00	  0.0000E+00	  0.0000E+00	  0.0000E+00	  0.0000E+00	  0.0000E+00	  0.0000E+00	  0.0000E+00	  0.0000E+00	  0.0000E+00	  0.0000E+00	  0.0000E+00	  0.0000E+00	  0.0000E+00	  0.0000E+00	  0.0000E+00	  0.0000E+00	  0.0000E+00	  0.0000E+00	  0.0000E+00	  0.0000E+00	  0.0000E+00	  0.0000E+00	  0.0000E+00	  0.0000E+00	  0.0000E+00	  0.0000E+00	  0.0000E+00	  0.0000E+00	  0.0000E+00	  0.0000E+00	  0.0000E+00	  0.0000E+00	  0.0000E+00	  0.0000E+00	  0.0000E+00	  0.0000E+00	  0.0000E+00	  0.0000E+00	  0.0000E+00	  0.0000E+00	  0.0000E+00	  0.0000E+00	  0.0000E+00	  0.0000E+00	  0.0000E+00	  0.0000E+00	  0.0000E+00	  0.0000E+00	  0.0000E+00	  0.0000E+00	  0.0000E+00	  0.0000E+00	  0.0000E+00	  0.0000E+00	  0.0000E+00	  0.0000E+00	  0.0000E+00	  0.0000E+00	  0.0000E+00	  0.0000E+00	  0.0000E+00	  0.0000E+00	  0.0000E+00	  0.0000E+00	  0.0000E+00	  0.0000E+00	  0.0000E+00	  0.0000E+00	  0.0000E+00	  0.0000E+00	  0.0000E+00	  0.0000E+00	  0.0000E+00	  0.0000E+00	  0.0000E+00	  0.0000E+00	  0.0000E+00	  0.0000E+00	  0.0000E+00	  0.0000E+00	  0.0000E+00	  0.0000E+00	  0.0000E+00	  0.0000E+00	  0.0000E+00	  0.0000E+00	  0.0000E+00	  0.0000E+00	  0.0000E+00	  0.0000E+00	  0.0000E+00	  0.0000E+00	  0.0000E+00	  0.0000E+00	  0.0000E+00	  0.0000E+00	  0.0000E+00	  0.0000E+00	  0.0000E+00	  0.0000E+00	  0.0000E+00	  0.0000E+00	  0.0000E+00	  0.0000E+00	  0.0000E+00	  0.0000E+00	  0.0000E+00	  0.0000E+00	  0.0000E+00	  0.0000E+00	  0.0000E+00
  0.0000E+00	  0.0000E+00	  0.0000E+00	  0.0000E+00	  0.0000E+00	  0.0000E+00	  0.0000E+00	  0.0000E+00	  0.0000E+00	  0.0000E+00	  0.0000E+00	  0.0000E+00	  0.0000E+00	  0.0000E+00	  0.0000E+00	  0.0000E+00	  0.0000E+00	  0.0000E+00	  0.0000E+00	  0.0000E+00	  0.0000E+00	  0.0000E+00	  0.0000E+00	  0.0000E+00	  0.0000E+00	  0.0000E+00	  0.0000E+00	  0.0000E+00	  0.0000E+00	  0.0000E+00	  0.0000E+00	  0.0000E+00	  0.0000E+00	  0.0000E+00	  0.0000E+00	  0.0000E+00	  0.0000E+00	  0.0000E+00	  0.0000E+00	  0.0000E+00	  0.0000E+00	  0.0000E+00	  0.0000E+00	  0.0000E+00	  0.0000E+00	  0.0000E+00	  0.0000E+00	  0.0000E+00	  0.0000E+00	  0.0000E+00	  0.0000E+00	  0.0000E+00	  0.0000E+00	  0.0000E+00	  0.0000E+00	  0.0000E+00	  0.0000E+00	  0.0000E+00	  0.0000E+00	  0.0000E+00	  0.0000E+00	  0.0000E+00	  0.0000E+00	  0.0000E+00	  0.0000E+00	  0.0000E+00	  0.0000E+00	  0.0000E+00	  0.0000E+00	  0.0000E+00	  0.0000E+00	  0.0000E+00	  0.0000E+00	  0.0000E+00	  0.0000E+00	  0.0000E+00	  0.0000E+00	  0.0000E+00	  0.0000E+00	  0.0000E+00	  0.0000E+00	  0.0000E+00	  0.0000E+00	  0.0000E+00	  0.0000E+00	  0.0000E+00	  0.0000E+00	  0.0000E+00	  0.0000E+00	  0.0000E+00	  0.0000E+00	  0.0000E+00	  0.0000E+00	  0.0000E+00	  0.0000E+00	  0.0000E+00	  0.0000E+00	  0.0000E+00	  0.0000E+00	  0.0000E+00	  0.0000E+00	  0.0000E+00	  0.0000E+00	  0.0000E+00	  0.0000E+00	  0.0000E+00	  0.0000E+00	  0.0000E+00	  0.0000E+00	  0.0000E+00	  0.0000E+00	  0.0000E+00	  0.0000E+00	  0.0000E+00	  0.0000E+00	  0.0000E+00	  0.0000E+00	  0.0000E+00	  0.0000E+00	  0.0000E+00	  0.0000E+00	  0.0000E+00	  0.0000E+00	  0.0000E+00	  0.0000E+00	  0.0000E+00	  0.0000E+00	  0.0000E+00
  0.0000E+00	  0.0000E+00	  0.0000E+00	  0.0000E+00	  0.0000E+00	  0.0000E+00	  0.0000E+00	  0.0000E+00	  0.0000E+00	  0.0000E+00	  0.0000E+00	  0.0000E+00	  0.0000E+00	  0.0000E+00	  0.0000E+00	  0.0000E+00	  0.0000E+00	  0.0000E+00	  0.0000E+00	  0.0000E+00	  0.0000E+00	  0.0000E+00	  0.0000E+00	  0.0000E+00	  0.0000E+00	  0.0000E+00	  0.0000E+00	  0.0000E+00	  0.0000E+00	  0.0000E+00	  0.0000E+00	  0.0000E+00	  0.0000E+00	  0.0000E+00	  0.0000E+00	  0.0000E+00	  0.0000E+00	  0.0000E+00	  0.0000E+00	  0.0000E+00	  0.0000E+00	  0.0000E+00	  0.0000E+00	  0.0000E+00	  0.0000E+00	  0.0000E+00	  0.0000E+00	  0.0000E+00	  0.0000E+00	  0.0000E+00	  0.0000E+00	  0.0000E+00	  0.0000E+00	  0.0000E+00	  0.0000E+00	  0.0000E+00	  0.0000E+00	  0.0000E+00	  0.0000E+00	  0.0000E+00	  0.0000E+00	  0.0000E+00	  0.0000E+00	  0.0000E+00	  0.0000E+00	  0.0000E+00	  0.0000E+00	  0.0000E+00	  0.0000E+00	  0.0000E+00	  0.0000E+00	  0.0000E+00	  0.0000E+00	  0.0000E+00	  0.0000E+00	  0.0000E+00	  0.0000E+00	  0.0000E+00	  0.0000E+00	  0.0000E+00	  0.0000E+00	  0.0000E+00	  0.0000E+00	  0.0000E+00	  0.0000E+00	  0.0000E+00	  0.0000E+00	  0.0000E+00	  0.0000E+00	  0.0000E+00	  0.0000E+00	  0.0000E+00	  0.0000E+00	  0.0000E+00	  0.0000E+00	  0.0000E+00	  0.0000E+00	  0.0000E+00	  0.0000E+00	  0.0000E+00	  0.0000E+00	  0.0000E+00	  0.0000E+00	  0.0000E+00	  0.0000E+00	  0.0000E+00	  0.0000E+00	  0.0000E+00	  0.0000E+00	  0.0000E+00	  0.0000E+00	  0.0000E+00	  0.0000E+00	  0.0000E+00	  0.0000E+00	  0.0000E+00	  0.0000E+00	  0.0000E+00	  0.0000E+00	  0.0000E+00	  0.0000E+00	  0.0000E+00	  0.0000E+00	  0.0000E+00	  0.0000E+00	  0.0000E+00	  0.0000E+00	  0.0000E+00
  0.0000E+00	  0.0000E+00	  0.0000E+00	  0.0000E+00	  0.0000E+00	  0.0000E+00	  0.0000E+00	  0.0000E+00	  0.0000E+00	  0.0000E+00	  0.0000E+00	  0.0000E+00	  0.0000E+00	  0.0000E+00	  0.0000E+00	  0.0000E+00	  0.0000E+00	  0.0000E+00	  0.0000E+00	  0.0000E+00	  0.0000E+00	  0.0000E+00	  0.0000E+00	  0.0000E+00	  0.0000E+00	  0.0000E+00	  0.0000E+00	  0.0000E+00	  0.0000E+00	  0.0000E+00	  0.0000E+00	  0.0000E+00	  0.0000E+00	  0.0000E+00	  0.0000E+00	  0.0000E+00	  0.0000E+00	  0.0000E+00	  0.0000E+00	  0.0000E+00	  0.0000E+00	  0.0000E+00	  0.0000E+00	  0.0000E+00	  0.0000E+00	  0.0000E+00	  0.0000E+00	  0.0000E+00	  0.0000E+00	  0.0000E+00	  0.0000E+00	  0.0000E+00	  0.0000E+00	  0.0000E+00	  0.0000E+00	  0.0000E+00	  0.0000E+00	  0.0000E+00	  0.0000E+00	  0.0000E+00	  0.0000E+00	  0.0000E+00	  0.0000E+00	  0.0000E+00	  0.0000E+00	  0.0000E+00	  0.0000E+00	  0.0000E+00	  0.0000E+00	  0.0000E+00	  0.0000E+00	  0.0000E+00	  0.0000E+00	  0.0000E+00	  0.0000E+00	  0.0000E+00	  0.0000E+00	  0.0000E+00	  0.0000E+00	  0.0000E+00	  0.0000E+00	  0.0000E+00	  0.0000E+00	  0.0000E+00	  0.0000E+00	  0.0000E+00	  0.0000E+00	  0.0000E+00	  0.0000E+00	  0.0000E+00	  0.0000E+00	  0.0000E+00	  0.0000E+00	  0.0000E+00	  0.0000E+00	  0.0000E+00	  0.0000E+00	  0.0000E+00	  0.0000E+00	  0.0000E+00	  0.0000E+00	  0.0000E+00	  0.0000E+00	  0.0000E+00	  0.0000E+00	  0.0000E+00	  0.0000E+00	  0.0000E+00	  0.0000E+00	  0.0000E+00	  0.0000E+00	  0.0000E+00	  0.0000E+00	  0.0000E+00	  0.0000E+00	  0.0000E+00	  0.0000E+00	  0.0000E+00	  0.0000E+00	  0.0000E+00	  0.0000E+00	  0.0000E+00	  0.0000E+00	  0.0000E+00	  0.0000E+00	  0.0000E+00	  0.0000E+00	  0.0000E+00
  0.0000E+00	  0.0000E+00	  0.0000E+00	  0.0000E+00	  0.0000E+00	  0.0000E+00	  0.0000E+00	  0.0000E+00	  0.0000E+00	  0.0000E+00	  0.0000E+00	  0.0000E+00	  0.0000E+00	  0.0000E+00	  0.0000E+00	  0.0000E+00	  0.0000E+00	  0.0000E+00	  0.0000E+00	  0.0000E+00	  0.0000E+00	  0.0000E+00	  0.0000E+00	  0.0000E+00	  0.0000E+00	  0.0000E+00	  0.0000E+00	  0.0000E+00	  0.0000E+00	  0.0000E+00	  0.0000E+00	  0.0000E+00	  0.0000E+00	  0.0000E+00	  0.0000E+00	  0.0000E+00	  0.0000E+00	  0.0000E+00	  0.0000E+00	  0.0000E+00	  0.0000E+00	  0.0000E+00	  0.0000E+00	  0.0000E+00	  0.0000E+00	  0.0000E+00	  0.0000E+00	  0.0000E+00	  0.0000E+00	  0.0000E+00	  0.0000E+00	  0.0000E+00	  0.0000E+00	  0.0000E+00	  0.0000E+00	  0.0000E+00	  0.0000E+00	  0.0000E+00	  0.0000E+00	  0.0000E+00	  0.0000E+00	  0.0000E+00	  0.0000E+00	  0.0000E+00	  0.0000E+00	  0.0000E+00	  0.0000E+00	  0.0000E+00	  0.0000E+00	  0.0000E+00	  0.0000E+00	  0.0000E+00	  0.0000E+00	  0.0000E+00	  0.0000E+00	  0.0000E+00	  0.0000E+00	  0.0000E+00	  0.0000E+00	  0.0000E+00	  0.0000E+00	  0.0000E+00	  0.0000E+00	  0.0000E+00	  0.0000E+00	  0.0000E+00	  0.0000E+00	  0.0000E+00	  0.0000E+00	  0.0000E+00	  0.0000E+00	  0.0000E+00	  0.0000E+00	  0.0000E+00	  0.0000E+00	  0.0000E+00	  0.0000E+00	  0.0000E+00	  0.0000E+00	  0.0000E+00	  0.0000E+00	  0.0000E+00	  0.0000E+00	  0.0000E+00	  0.0000E+00	  0.0000E+00	  0.0000E+00	  0.0000E+00	  0.0000E+00	  0.0000E+00	  0.0000E+00	  0.0000E+00	  0.0000E+00	  0.0000E+00	  0.0000E+00	  0.0000E+00	  0.0000E+00	  0.0000E+00	  0.0000E+00	  0.0000E+00	  0.0000E+00	  0.0000E+00	  0.0000E+00	  0.0000E+00	  0.0000E+00	  0.0000E+00	  0.0000E+00	  0.0000E+00
  0.0000E+00	  0.0000E+00	  0.0000E+00	  0.0000E+00	  0.0000E+00	  0.0000E+00	  0.0000E+00	  0.0000E+00	  0.0000E+00	  0.0000E+00	  0.0000E+00	  0.0000E+00	  0.0000E+00	  0.0000E+00	  0.0000E+00	  0.0000E+00	  0.0000E+00	  0.0000E+00	  0.0000E+00	  0.0000E+00	  0.0000E+00	  0.0000E+00	  0.0000E+00	  0.0000E+00	  0.0000E+00	  0.0000E+00	  0.0000E+00	  0.0000E+00	  0.0000E+00	  0.0000E+00	  0.0000E+00	  0.0000E+00	  0.0000E+00	  0.0000E+00	  0.0000E+00	  0.0000E+00	  0.0000E+00	  0.0000E+00	  0.0000E+00	  0.0000E+00	  0.0000E+00	  0.0000E+00	  0.0000E+00	  0.0000E+00	  0.0000E+00	  0.0000E+00	  0.0000E+00	  0.0000E+00	  0.0000E+00	  0.0000E+00	  0.0000E+00	  0.0000E+00	  0.0000E+00	  0.0000E+00	  0.0000E+00	  0.0000E+00	  0.0000E+00	  0.0000E+00	  0.0000E+00	  0.0000E+00	  0.0000E+00	  0.0000E+00	  0.0000E+00	  0.0000E+00	  0.0000E+00	  0.0000E+00	  0.0000E+00	  0.0000E+00	  0.0000E+00	  0.0000E+00	  0.0000E+00	  0.0000E+00	  0.0000E+00	  0.0000E+00	  0.0000E+00	  0.0000E+00	  0.0000E+00	  0.0000E+00	  0.0000E+00	  0.0000E+00	  0.0000E+00	  0.0000E+00	  0.0000E+00	  0.0000E+00	  0.0000E+00	  0.0000E+00	  0.0000E+00	  0.0000E+00	  0.0000E+00	  0.0000E+00	  0.0000E+00	  0.0000E+00	  0.0000E+00	  0.0000E+00	  0.0000E+00	  0.0000E+00	  0.0000E+00	  0.0000E+00	  0.0000E+00	  0.0000E+00	  0.0000E+00	  0.0000E+00	  0.0000E+00	  0.0000E+00	  0.0000E+00	  0.0000E+00	  0.0000E+00	  0.0000E+00	  0.0000E+00	  0.0000E+00	  0.0000E+00	  0.0000E+00	  0.0000E+00	  0.0000E+00	  0.0000E+00	  0.0000E+00	  0.0000E+00	  0.0000E+00	  0.0000E+00	  0.0000E+00	  0.0000E+00	  0.0000E+00	  0.0000E+00	  0.0000E+00	  0.0000E+00	  0.0000E+00	  0.0000E+00	  0.0000E+00
  0.0000E+00	  0.0000E+00	  0.0000E+00	  0.0000E+00	  0.0000E+00	  0.0000E+00	  0.0000E+00	  0.0000E+00	  0.0000E+00	  0.0000E+00	  0.0000E+00	  0.0000E+00	  0.0000E+00	  0.0000E+00	  0.0000E+00	  0.0000E+00	  0.0000E+00	  0.0000E+00	  0.0000E+00	  0.0000E+00	  0.0000E+00	  0.0000E+00	  0.0000E+00	  0.0000E+00	  0.0000E+00	  0.0000E+00	  0.0000E+00	  0.0000E+00	  0.0000E+00	  0.0000E+00	  0.0000E+00	  0.0000E+00	  0.0000E+00	  0.0000E+00	  0.0000E+00	  0.0000E+00	  0.0000E+00	  0.0000E+00	  0.0000E+00	  0.0000E+00	  0.0000E+00	  0.0000E+00	  0.0000E+00	  0.0000E+00	  0.0000E+00	  0.0000E+00	  0.0000E+00	  0.0000E+00	  0.0000E+00	  0.0000E+00	  0.0000E+00	  0.0000E+00	  0.0000E+00	  0.0000E+00	  0.0000E+00	  0.0000E+00	  0.0000E+00	  0.0000E+00	  0.0000E+00	  0.0000E+00	  0.0000E+00	  0.0000E+00	  0.0000E+00	  0.0000E+00	  0.0000E+00	  0.0000E+00	  0.0000E+00	  0.0000E+00	  0.0000E+00	  0.0000E+00	  0.0000E+00	  0.0000E+00	  0.0000E+00	  0.0000E+00	  0.0000E+00	  0.0000E+00	  0.0000E+00	  0.0000E+00	  0.0000E+00	  0.0000E+00	  0.0000E+00	  0.0000E+00	  0.0000E+00	  0.0000E+00	  0.0000E+00	  0.0000E+00	  0.0000E+00	  0.0000E+00	  0.0000E+00	  0.0000E+00	  0.0000E+00	  0.0000E+00	  0.0000E+00	  0.0000E+00	  0.0000E+00	  0.0000E+00	  0.0000E+00	  0.0000E+00	  0.0000E+00	  0.0000E+00	  0.0000E+00	  0.0000E+00	  0.0000E+00	  0.0000E+00	  0.0000E+00	  0.0000E+00	  0.0000E+00	  0.0000E+00	  0.0000E+00	  0.0000E+00	  0.0000E+00	  0.0000E+00	  0.0000E+00	  0.0000E+00	  0.0000E+00	  0.0000E+00	  0.0000E+00	  0.0000E+00	  0.0000E+00	  0.0000E+00	  0.0000E+00	  0.0000E+00	  0.0000E+00	  0.0000E+00	  0.0000E+00	  0.0000E+00	  0.0000E+00	  0.0000E+00
  0.0000E+00	  0.0000E+00	  0.0000E+00	  0.0000E+00	  0.0000E+00	  0.0000E+00	  0.0000E+00	  0.0000E+00	  0.0000E+00	  0.0000E+00	  0.0000E+00	  0.0000E+00	  0.0000E+00	  0.0000E+00	  0.0000E+00	  0.0000E+00	  0.0000E+00	  0.0000E+00	  0.0000E+00	  0.0000E+00	  0.0000E+00	  0.0000E+00	  0.0000E+00	  0.0000E+00	  0.0000E+00	  0.0000E+00	  0.0000E+00	  0.0000E+00	  0.0000E+00	  0.0000E+00	  0.0000E+00	  0.0000E+00	  0.0000E+00	  0.0000E+00	  0.0000E+00	  0.0000E+00	  0.0000E+00	  0.0000E+00	  0.0000E+00	  0.0000E+00	  0.0000E+00	  0.0000E+00	  0.0000E+00	  0.0000E+00	  0.0000E+00	  0.0000E+00	  0.0000E+00	  0.0000E+00	  0.0000E+00	  0.0000E+00	  0.0000E+00	  0.0000E+00	  0.0000E+00	  0.0000E+00	  0.0000E+00	  0.0000E+00	  0.0000E+00	  0.0000E+00	  0.0000E+00	  0.0000E+00	  0.0000E+00	  0.0000E+00	  0.0000E+00	  0.0000E+00	  0.0000E+00	  0.0000E+00	  0.0000E+00	  0.0000E+00	  0.0000E+00	  0.0000E+00	  0.0000E+00	  0.0000E+00	  0.0000E+00	  0.0000E+00	  0.0000E+00	  0.0000E+00	  0.0000E+00	  0.0000E+00	  0.0000E+00	  0.0000E+00	  0.0000E+00	  0.0000E+00	  0.0000E+00	  0.0000E+00	  0.0000E+00	  0.0000E+00	  0.0000E+00	  0.0000E+00	  0.0000E+00	  0.0000E+00	  0.0000E+00	  0.0000E+00	  0.0000E+00	  0.0000E+00	  0.0000E+00	  0.0000E+00	  0.0000E+00	  0.0000E+00	  0.0000E+00	  0.0000E+00	  0.0000E+00	  0.0000E+00	  0.0000E+00	  0.0000E+00	  0.0000E+00	  0.0000E+00	  0.0000E+00	  0.0000E+00	  0.0000E+00	  0.0000E+00	  0.0000E+00	  0.0000E+00	  0.0000E+00	  0.0000E+00	  0.0000E+00	  0.0000E+00	  0.0000E+00	  0.0000E+00	  0.0000E+00	  0.0000E+00	  0.0000E+00	  0.0000E+00	  0.0000E+00	  0.0000E+00	  0.0000E+00	  0.0000E+00	  0.0000E+00	  0.0000E+00
  0.0000E+00	  0.0000E+00	  0.0000E+00	  0.0000E+00	  0.0000E+00	  0.0000E+00	  0.0000E+00	  0.0000E+00	  0.0000E+00	  0.0000E+00	  0.0000E+00	  0.0000E+00	  0.0000E+00	  0.0000E+00	  0.0000E+00	  0.0000E+00	  0.0000E+00	  0.0000E+00	  0.0000E+00	  0.0000E+00	  0.0000E+00	  0.0000E+00	  0.0000E+00	  0.0000E+00	  0.0000E+00	  0.0000E+00	  0.0000E+00	  0.0000E+00	  0.0000E+00	  0.0000E+00	  0.0000E+00	  0.0000E+00	  0.0000E+00	  0.0000E+00	  0.0000E+00	  0.0000E+00	  0.0000E+00	  0.0000E+00	  0.0000E+00	  0.0000E+00	  0.0000E+00	  0.0000E+00	  0.0000E+00	  0.0000E+00	  0.0000E+00	  0.0000E+00	  0.0000E+00	  0.0000E+00	  0.0000E+00	  0.0000E+00	  0.0000E+00	  0.0000E+00	  0.0000E+00	  0.0000E+00	  0.0000E+00	  0.0000E+00	  0.0000E+00	  0.0000E+00	  0.0000E+00	  0.0000E+00	  0.0000E+00	  0.0000E+00	  0.0000E+00	  0.0000E+00	  0.0000E+00	  0.0000E+00	  0.0000E+00	  0.0000E+00	  0.0000E+00	  0.0000E+00	  0.0000E+00	  0.0000E+00	  0.0000E+00	  0.0000E+00	  0.0000E+00	  0.0000E+00	  0.0000E+00	  0.0000E+00	  0.0000E+00	  0.0000E+00	  0.0000E+00	  0.0000E+00	  0.0000E+00	  0.0000E+00	  0.0000E+00	  0.0000E+00	  0.0000E+00	  0.0000E+00	  0.0000E+00	  0.0000E+00	  0.0000E+00	  0.0000E+00	  0.0000E+00	  0.0000E+00	  0.0000E+00	  0.0000E+00	  0.0000E+00	  0.0000E+00	  0.0000E+00	  0.0000E+00	  0.0000E+00	  0.0000E+00	  0.0000E+00	  0.0000E+00	  0.0000E+00	  0.0000E+00	  0.0000E+00	  0.0000E+00	  0.0000E+00	  0.0000E+00	  0.0000E+00	  0.0000E+00	  0.0000E+00	  0.0000E+00	  0.0000E+00	  0.0000E+00	  0.0000E+00	  0.0000E+00	  0.0000E+00	  0.0000E+00	  0.0000E+00	  0.0000E+00	  0.0000E+00	  0.0000E+00	  0.0000E+00	  0.0000E+00	  0.0000E+00	  0.0000E+00
  0.0000E+00	  0.0000E+00	  0.0000E+00	  0.0000E+00	  0.0000E+00	  0.0000E+00	  0.0000E+00	  0.0000E+00	  0.0000E+00	  0.0000E+00	  0.0000E+00	  0.0000E+00	  0.0000E+00	  0.0000E+00	  0.0000E+00	  0.0000E+00	  0.0000E+00	  0.0000E+00	  0.0000E+00	  0.0000E+00	  0.0000E+00	  0.0000E+00	  0.0000E+00	  0.0000E+00	  0.0000E+00	  0.0000E+00	  0.0000E+00	  0.0000E+00	  0.0000E+00	  0.0000E+00	  0.0000E+00	  0.0000E+00	  0.0000E+00	  0.0000E+00	  0.0000E+00	  0.0000E+00	  0.0000E+00	  0.0000E+00	  0.0000E+00	  0.0000E+00	  0.0000E+00	  0.0000E+00	  0.0000E+00	  0.0000E+00	  0.0000E+00	  0.0000E+00	  0.0000E+00	  0.0000E+00	  0.0000E+00	  0.0000E+00	  0.0000E+00	  0.0000E+00	  0.0000E+00	  0.0000E+00	  0.0000E+00	  0.0000E+00	  0.0000E+00	  0.0000E+00	  0.0000E+00	  0.0000E+00	  0.0000E+00	  0.0000E+00	  0.0000E+00	  0.0000E+00	  0.0000E+00	  0.0000E+00	  0.0000E+00	  0.0000E+00	  0.0000E+00	  0.0000E+00	  0.0000E+00	  0.0000E+00	  0.0000E+00	  0.0000E+00	  0.0000E+00	  0.0000E+00	  0.0000E+00	  0.0000E+00	  0.0000E+00	  0.0000E+00	  0.0000E+00	  0.0000E+00	  0.0000E+00	  0.0000E+00	  0.0000E+00	  0.0000E+00	  0.0000E+00	  0.0000E+00	  0.0000E+00	  0.0000E+00	  0.0000E+00	  0.0000E+00	  0.0000E+00	  0.0000E+00	  0.0000E+00	  0.0000E+00	  0.0000E+00	  0.0000E+00	  0.0000E+00	  0.0000E+00	  0.0000E+00	  0.0000E+00	  0.0000E+00	  0.0000E+00	  0.0000E+00	  0.0000E+00	  0.0000E+00	  0.0000E+00	  0.0000E+00	  0.0000E+00	  0.0000E+00	  0.0000E+00	  0.0000E+00	  0.0000E+00	  0.0000E+00	  0.0000E+00	  0.0000E+00	  0.0000E+00	  0.0000E+00	  0.0000E+00	  0.0000E+00	  0.0000E+00	  0.0000E+00	  0.0000E+00	  0.0000E+00	  0.0000E+00	  0.0000E+00	  0.0000E+00
  0.0000E+00	  0.0000E+00	  0.0000E+00	  0.0000E+00	  0.0000E+00	  0.0000E+00	  0.0000E+00	  0.0000E+00	  0.0000E+00	  0.0000E+00	  0.0000E+00	  0.0000E+00	  0.0000E+00	  0.0000E+00	  0.0000E+00	  0.0000E+00	  0.0000E+00	  0.0000E+00	  0.0000E+00	  0.0000E+00	  0.0000E+00	  0.0000E+00	  0.0000E+00	  0.0000E+00	  0.0000E+00	  0.0000E+00	  0.0000E+00	  0.0000E+00	  0.0000E+00	  0.0000E+00	  0.0000E+00	  0.0000E+00	  0.0000E+00	  0.0000E+00	  0.0000E+00	  0.0000E+00	  0.0000E+00	  0.0000E+00	  0.0000E+00	  0.0000E+00	  0.0000E+00	  0.0000E+00	  0.0000E+00	  0.0000E+00	  0.0000E+00	  0.0000E+00	  0.0000E+00	  0.0000E+00	  0.0000E+00	  0.0000E+00	  0.0000E+00	  0.0000E+00	  0.0000E+00	  0.0000E+00	  0.0000E+00	  0.0000E+00	  0.0000E+00	  8.6870E-04	  2.1542E-01	  0.0000E+00	  0.0000E+00	  0.0000E+00	  0.0000E+00	  0.0000E+00	  0.0000E+00	  0.0000E+00	  0.0000E+00	  0.0000E+00	  0.0000E+00	  0.0000E+00	  0.0000E+00	  0.0000E+00	  0.0000E+00	  0.0000E+00	  0.0000E+00	  0.0000E+00	  0.0000E+00	  0.0000E+00	  0.0000E+00	  0.0000E+00	  0.0000E+00	  0.0000E+00	  0.0000E+00	  0.0000E+00	  0.0000E+00	  0.0000E+00	  0.0000E+00	  0.0000E+00	  0.0000E+00	  0.0000E+00	  0.0000E+00	  0.0000E+00	  0.0000E+00	  0.0000E+00	  0.0000E+00	  0.0000E+00	  0.0000E+00	  0.0000E+00	  0.0000E+00	  0.0000E+00	  0.0000E+00	  0.0000E+00	  0.0000E+00	  0.0000E+00	  0.0000E+00	  0.0000E+00	  0.0000E+00	  0.0000E+00	  0.0000E+00	  0.0000E+00	  0.0000E+00	  0.0000E+00	  0.0000E+00	  0.0000E+00	  0.0000E+00	  0.0000E+00	  0.0000E+00	  0.0000E+00	  0.0000E+00	  0.0000E+00	  0.0000E+00	  0.0000E+00	  0.0000E+00	  0.0000E+00	  0.0000E+00	  0.0000E+00	  0.0000E+00	  0.0000E+00
  0.0000E+00	  0.0000E+00	  0.0000E+00	  0.0000E+00	  0.0000E+00	  0.0000E+00	  0.0000E+00	  0.0000E+00	  0.0000E+00	  0.0000E+00	  0.0000E+00	  0.0000E+00	  0.0000E+00	  0.0000E+00	  0.0000E+00	  0.0000E+00	  0.0000E+00	  0.0000E+00	  0.0000E+00	  0.0000E+00	  0.0000E+00	  0.0000E+00	  0.0000E+00	  0.0000E+00	  0.0000E+00	  0.0000E+00	  0.0000E+00	  0.0000E+00	  0.0000E+00	  0.0000E+00	  0.0000E+00	  0.0000E+00	  0.0000E+00	  0.0000E+00	  0.0000E+00	  0.0000E+00	  0.0000E+00	  0.0000E+00	  0.0000E+00	  0.0000E+00	  0.0000E+00	  0.0000E+00	  0.0000E+00	  0.0000E+00	  0.0000E+00	  0.0000E+00	  0.0000E+00	  0.0000E+00	  0.0000E+00	  0.0000E+00	  4.1835E-02	  6.7117E-04	  0.0000E+00	  0.0000E+00	  6.8337E-02	  1.7473E-01	  1.3842E-01	  1.2192E+00	  2.1006E+00	  1.3971E+00	  2.0775E-01	  6.7418E-01	  2.3692E-01	  5.4241E-01	  2.0018E-01	  6.5179E-02	  0.0000E+00	  0.0000E+00	  0.0000E+00	  0.0000E+00	  0.0000E+00	  0.0000E+00	  0.0000E+00	  0.0000E+00	  0.0000E+00	  0.0000E+00	  0.0000E+00	  0.0000E+00	  0.0000E+00	  0.0000E+00	  0.0000E+00	  0.0000E+00	  2.6896E-01	  1.9064E+00	  4.5653E-02	  0.0000E+00	  0.0000E+00	  0.0000E+00	  0.0000E+00	  0.0000E+00	  0.0000E+00	  0.0000E+00	  0.0000E+00	  0.0000E+00	  0.0000E+00	  0.0000E+00	  0.0000E+00	  0.0000E+00	  0.0000E+00	  0.0000E+00	  0.0000E+00	  0.0000E+00	  0.0000E+00	  0.0000E+00	  0.0000E+00	  0.0000E+00	  0.0000E+00	  0.0000E+00	  0.0000E+00	  0.0000E+00	  0.0000E+00	  0.0000E+00	  0.0000E+00	  0.0000E+00	  0.0000E+00	  0.0000E+00	  0.0000E+00	  0.0000E+00	  0.0000E+00	  0.0000E+00	  0.0000E+00	  0.0000E+00	  0.0000E+00	  0.0000E+00	  0.0000E+00	  0.0000E+00	  0.0000E+00	  0.0000E+00
  0.0000E+00	  0.0000E+00	  0.0000E+00	  0.0000E+00	  0.0000E+00	  0.0000E+00	  0.0000E+00	  0.0000E+00	  0.0000E+00	  0.0000E+00	  0.0000E+00	  0.0000E+00	  0.0000E+00	  0.0000E+00	  0.0000E+00	  0.0000E+00	  0.0000E+00	  0.0000E+00	  0.0000E+00	  0.0000E+00	  0.0000E+00	  0.0000E+00	  0.0000E+00	  0.0000E+00	  0.0000E+00	  0.0000E+00	  0.0000E+00	  0.0000E+00	  0.0000E+00	  0.0000E+00	  0.0000E+00	  0.0000E+00	  0.0000E+00	  0.0000E+00	  0.0000E+00	  0.0000E+00	  0.0000E+00	  0.0000E+00	  0.0000E+00	  0.0000E+00	  0.0000E+00	  0.0000E+00	  0.0000E+00	  0.0000E+00	  0.0000E+00	  0.0000E+00	  0.0000E+00	  0.0000E+00	  0.0000E+00	  0.0000E+00	  1.4288E+00	  5.8410E-01	  0.0000E+00	  3.4902E-01	  1.4401E+00	  1.7982E+00	  1.5211E+00	  4.6659E+00	  2.7372E+00	  1.7778E+00	  2.8807E+00	  3.0160E+00	  1.1156E+00	  1.6860E+00	  1.0404E+00	  5.2531E-01	  0.0000E+00	  9.6716E-03	  3.6853E-01	  1.3679E+00	  2.9192E-01	  0.0000E+00	  0.0000E+00	  7.3513E-01	  8.3035E-01	  0.0000E+00	  0.0000E+00	  0.0000E+00	  0.0000E+00	  0.0000E+00	  1.2972E-01	  6.2576E-02	  3.4375E-01	  1.8128E+00	  1.0242E+00	  0.0000E+00	  1.3285E-01	  1.4049E+00	  6.2630E-01	  0.0000E+00	  0.0000E+00	  0.0000E+00	  0.0000E+00	  0.0000E+00	  0.0000E+00	  0.0000E+00	  0.0000E+00	  0.0000E+00	  0.0000E+00	  0.0000E+00	  0.0000E+00	  0.0000E+00	  0.0000E+00	  0.0000E+00	  0.0000E+00	  0.0000E+00	  0.0000E+00	  0.0000E+00	  0.0000E+00	  0.0000E+00	  0.0000E+00	  0.0000E+00	  0.0000E+00	  0.0000E+00	  0.0000E+00	  0.0000E+00	  0.0000E+00	  0.0000E+00	  0.0000E+00	  0.0000E+00	  0.0000E+00	  0.0000E+00	  0.0000E+00	  0.0000E+00	  0.0000E+00	  0.0000E+00	  0.0000E+00	  0.0000E+00
  0.0000E+00	  0.0000E+00	  0.0000E+00	  0.0000E+00	  0.0000E+00	  0.0000E+00	  0.0000E+00	  0.0000E+00	  0.0000E+00	  0.0000E+00	  0.0000E+00	  0.0000E+00	  0.0000E+00	  0.0000E+00	  0.0000E+00	  0.0000E+00	  0.0000E+00	  0.0000E+00	  0.0000E+00	  0.0000E+00	  0.0000E+00	  0.0000E+00	  0.0000E+00	  0.0000E+00	  0.0000E+00	  0.0000E+00	  0.0000E+00	  0.0000E+00	  0.0000E+00	  0.0000E+00	  0.0000E+00	  0.0000E+00	  0.0000E+00	  0.0000E+00	  0.0000E+00	  0.0000E+00	  0.0000E+00	  0.0000E+00	  0.0000E+00	  0.0000E+00	  0.0000E+00	  7.8058E-02	  5.8618E-01	  3.5620E-01	  7.2929E-01	  2.8181E-01	  1.8941E+00	  5.7559E-01	  5.1416E-02	  4.4347E-01	  4.1332E+00	  2.7771E+00	  9.2358E-01	  3.5700E-01	  1.0750E+00	  5.2977E+00	  5.6413E+00	  1.0227E+01	  6.9111E+00	  4.1511E+00	  7.2412E+00	  5.2466E+00	  3.3640E+00	  2.4746E+00	  2.8933E+00	  7.7775E-01	  1.0099E-01	  6.7166E-01	  2.7676E+00	  3.4415E+00	  1.1797E+00	  1.3026E+00	  1.5461E-01	  2.5108E+00	  1.4668E+00	  7.9485E-02	  0.0000E+00	  3.3128E-02	  2.8097E-01	  1.4081E-01	  1.1036E+00	  1.2632E+00	  4.3702E-01	  8.2646E-01	  5.6494E-01	  1.9899E+00	  3.6487E-01	  2.2862E+00	  2.5248E+00	  1.7315E-01	  0.0000E+00	  0.0000E+00	  0.0000E+00	  0.0000E+00	  0.0000E+00	  0.0000E+00	  2.5422E-01	  3.5539E-02	  0.0000E+00	  0.0000E+00	  0.0000E+00	  0.0000E+00	  0.0000E+00	  0.0000E+00	  0.0000E+00	  0.0000E+00	  0.0000E+00	  0.0000E+00	  0.0000E+00	  0.0000E+00	  0.0000E+00	  0.0000E+00	  0.0000E+00	  0.0000E+00	  0.0000E+00	  0.0000E+00	  0.0000E+00	  0.0000E+00	  0.0000E+00	  0.0000E+00	  0.0000E+00	  0.0000E+00	  0.0000E+00	  0.0000E+00	  0.0000E+00	  0.0000E+00	  0.0000E+00	  0.0000E+00
  0.0000E+00	  0.0000E+00	  0.0000E+00	  0.0000E+00	  0.0000E+00	  0.0000E+00	  0.0000E+00	  0.0000E+00	  0.0000E+00	  0.0000E+00	  0.0000E+00	  0.0000E+00	  0.0000E+00	  0.0000E+00	  0.0000E+00	  0.0000E+00	  0.0000E+00	  0.0000E+00	  0.0000E+00	  0.0000E+00	  0.0000E+00	  0.0000E+00	  0.0000E+00	  0.0000E+00	  0.0000E+00	  0.0000E+00	  0.0000E+00	  0.0000E+00	  0.0000E+00	  0.0000E+00	  0.0000E+00	  0.0000E+00	  0.0000E+00	  0.0000E+00	  0.0000E+00	  0.0000E+00	  0.0000E+00	  0.0000E+00	  0.0000E+00	  0.0000E+00	  0.0000E+00	  4.8528E-02	  1.7141E+00	  2.4743E+00	  2.6919E+00	  2.2082E+00	  2.7697E+00	  4.0164E+00	  2.2472E+00	  2.4591E+00	  6.5677E+00	  7.9363E+00	  5.1845E+00	  2.6824E+00	  3.2923E+00	  1.3137E+01	  1.0397E+01	  1.2475E+01	  8.8937E+00	  1.0590E+01	  9.3566E+00	  7.4364E+00	  9.4926E+00	  1.2259E+01	  9.2864E+00	  6.4027E+00	  6.4603E+00	  4.0094E+00	  4.7836E+00	  3.8545E+00	  6.7400E+00	  8.6993E+00	  5.1272E+00	  8.4451E+00	  4.5342E+00	  4.1367E+00	  9.0741E-01	  2.4584E+00	  5.5918E+00	  3.7559E+00	  7.4345E+00	  3.9532E+00	  3.0608E+00	  1.5414E+00	  3.7826E+00	  4.7092E+00	  5.5100E+00	  6.3303E+00	  2.8373E+00	  6.8190E-01	  1.5123E-01	  0.0000E+00	  8.6347E-01	  4.5603E-01	  2.8958E-01	  4.7157E-01	  2.3331E+00	  2.2383E-01	  0.0000E+00	  0.0000E+00	  0.0000E+00	  0.0000E+00	  0.0000E+00	  0.0000E+00	  0.0000E+00	  0.0000E+00	  0.0000E+00	  0.0000E+00	  0.0000E+00	  0.0000E+00	  0.0000E+00	  0.0000E+00	  0.0000E+00	  0.0000E+00	  0.0000E+00	  0.0000E+00	  0.0000E+00	  0.0000E+00	  0.0000E+00	  0.0000E+00	  0.0000E+00	  0.0000E+00	  0.0000E+00	  0.0000E+00	  0.0000E+00	  0.0000E+00	  0.0000E+00	  0.0000E+00
  0.0000E+00	  0.0000E+00	  0.0000E+00	  0.0000E+00	  0.0000E+00	  0.0000E+00	  0.0000E+00	  0.0000E+00	  0.0000E+00	  0.0000E+00	  0.0000E+00	  0.0000E+00	  0.0000E+00	  0.0000E+00	  0.0000E+00	  0.0000E+00	  0.0000E+00	  0.0000E+00	  0.0000E+00	  0.0000E+00	  0.0000E+00	  0.0000E+00	  0.0000E+00	  0.0000E+00	  0.0000E+00	  0.0000E+00	  0.0000E+00	  0.0000E+00	  0.0000E+00	  0.0000E+00	  0.0000E+00	  0.0000E+00	  2.4491E-01	  3.2791E-01	  0.0000E+00	  1.0008E-01	  9.9221E-01	  1.2940E+00	  2.3473E-02	  3.2339E-01	  1.8964E-01	  2.0398E+00	  3.7737E+00	  5.4040E+00	  4.5851E+00	  5.0156E+00	  8.2507E+00	  1.3130E+01	  1.2134E+01	  9.6194E+00	  1.6278E+01	  2.1930E+01	  1.3152E+01	  1.0858E+01	  1.8814E+01	  2.6995E+01	  2.3644E+01	  2.2831E+01	  2.0679E+01	  1.4594E+01	  1.4880E+01	  2.2487E+01	  2.4847E+01	  2.7732E+01	  3.3013E+01	  2.7618E+01	  3.2388E+01	  2.8573E+01	  2.4796E+01	  2.2367E+01	  1.5649E+01	  1.2052E+01	  1.8697E+01	  2.0022E+01	  1.7519E+01	  1.0526E+01	  9.1559E+00	  1.4854E+01	  1.7103E+01	  1.5550E+01	  2.4991E+01	  1.1347E+01	  8.0084E+00	  7.8022E+00	  1.4922E+01	  1.8384E+01	  9.8654E+00	  6.2007E+00	  8.0449E+00	  3.0194E+00	  4.8215E+00	  2.8595E+00	  1.0140E+00	  1.5289E+00	  2.5659E+00	  1.9634E+00	  3.3376E+00	  8.8467E-01	  4.6943E-01	  7.2697E-01	  3.2201E-01	  0.0000E+00	  0.0000E+00	  0.0000E+00	  0.0000E+00	  0.0000E+00	  0.0000E+00	  0.0000E+00	  0.0000E+00	  0.0000E+00	  0.0000E+00	  0.0000E+00	  0.0000E+00	  0.0000E+00	  0.0000E+00	  0.0000E+00	  0.0000E+00	  0.0000E+00	  0.0000E+00	  0.0000E+00	  0.0000E+00	  0.0000E+00	  0.0000E+00	  0.0000E+00	  0.0000E+00	  0.0000E+00	  0.0000E+00	  0.0000E+00
  0.0000E+00	  0.0000E+00	  0.0000E+00	  0.0000E+00	  0.0000E+00	  0.0000E+00	  0.0000E+00	  0.0000E+00	  0.0000E+00	  0.0000E+00	  0.0000E+00	  0.0000E+00	  0.0000E+00	  0.0000E+00	  0.0000E+00	  0.0000E+00	  0.0000E+00	  0.0000E+00	  0.0000E+00	  0.0000E+00	  0.0000E+00	  0.0000E+00	  0.0000E+00	  0.0000E+00	  0.0000E+00	  0.0000E+00	  0.0000E+00	  0.0000E+00	  0.0000E+00	  0.0000E+00	  0.0000E+00	  9.1860E-02	  6.7686E-01	  8.2074E-01	  8.0259E-01	  7.7438E-01	  2.2820E+00	  4.3696E+00	  1.7945E+00	  2.2615E+00	  4.0140E+00	  7.6227E+00	  4.7063E+00	  1.2921E+01	  1.8700E+01	  1.4341E+01	  1.4307E+01	  1.5133E+01	  2.0918E+01	  2.1906E+01	  3.2237E+01	  2.9911E+01	  3.2343E+01	  3.0067E+01	  3.1762E+01	  4.3354E+01	  4.2624E+01	  3.6567E+01	  4.1715E+01	  4.0007E+01	  4.4730E+01	  5.0020E+01	  4.7076E+01	  4.8221E+01	  5.8863E+01	  6.0167E+01	  4.4080E+01	  3.3084E+01	  4.4289E+01	  4.1233E+01	  4.3256E+01	  3.6564E+01	  4.2808E+01	  4.0622E+01	  4.7713E+01	  3.0320E+01	  2.7803E+01	  3.9640E+01	  4.5417E+01	  4.1626E+01	  3.3308E+01	  2.4292E+01	  2.1404E+01	  2.5334E+01	  2.5815E+01	  3.4184E+01	  2.6784E+01	  1.8161E+01	  1.4432E+01	  1.2839E+01	  1.5328E+01	  1.0175E+01	  9.9103E+00	  6.9406E+00	  6.4993E+00	  6.4140E+00	  6.3367E+00	  1.1902E+00	  4.4148E-01	  2.6421E+00	  7.7727E-01	  0.0000E+00	  0.0000E+00	  0.0000E+00	  0.0000E+00	  0.0000E+00	  0.0000E+00	  0.0000E+00	  0.0000E+00	  0.0000E+00	  0.0000E+00	  0.0000E+00	  0.0000E+00	  0.0000E+00	  0.0000E+00	  0.0000E+00	  0.0000E+00	  0.0000E+00	  0.0000E+00	  0.0000E+00	  0.0000E+00	  0.0000E+00	  0.0000E+00	  0.0000E+00	  0.0000E+00	  0.0000E+00	  0.0000E+00	  0.0000E+00
  0.0000E+00	  0.0000E+00	  0.0000E+00	  0.0000E+00	  0.0000E+00	  0.0000E+00	  0.0000E+00	  0.0000E+00	  0.0000E+00	  0.0000E+00	  0.0000E+00	  0.0000E+00	  0.0000E+00	  0.0000E+00	  0.0000E+00	  0.0000E+00	  0.0000E+00	  0.0000E+00	  0.0000E+00	  0.0000E+00	  0.0000E+00	  0.0000E+00	  0.0000E+00	  0.0000E+00	  0.0000E+00	  0.0000E+00	  3.2285E-01	  1.5499E-01	  6.2496E-01	  1.5849E+00	  2.5148E+00	  4.1630E+00	  4.6281E+00	  5.8271E+00	  5.6718E+00	  6.4386E+00	  1.0042E+01	  1.0393E+01	  6.6575E+00	  1.2173E+01	  1.3915E+01	  1.1256E+01	  1.7310E+01	  2.5992E+01	  4.0555E+01	  3.3371E+01	  3.2136E+01	  2.9413E+01	  3.5097E+01	  3.8869E+01	  5.2836E+01	  6.1914E+01	  5.9934E+01	  4.4076E+01	  5.5818E+01	  6.2621E+01	  6.7369E+01	  6.4324E+01	  7.0522E+01	  7.1646E+01	  6.9705E+01	  6.3227E+01	  7.2925E+01	  6.1327E+01	  8.4513E+01	  7.3005E+01	  6.6344E+01	  5.7340E+01	  6.1352E+01	  7.1586E+01	  7.6058E+01	  5.5433E+01	  7.0786E+01	  7.2146E+01	  7.4817E+01	  5.9317E+01	  4.5694E+01	  5.4847E+01	  6.6336E+01	  5.7457E+01	  5.1321E+01	  4.4395E+01	  3.9344E+01	  3.9437E+01	  5.2932E+01	  5.5470E+01	  5.1836E+01	  3.7300E+01	  3.5547E+01	  3.9906E+01	  3.8906E+01	  3.8070E+01	  3.3921E+01	  1.8448E+01	  1.4588E+01	  1.4006E+01	  8.5490E+00	  7.9539E+00	  3.1378E+00	  4.7690E+00	  8.5531E-01	  8.6131E-01	  7.4752E-01	  0.0000E+00	  0.0000E+00	  0.0000E+00	  0.0000E+00	  0.0000E+00	  0.0000E+00	  0.0000E+00	  0.0000E+00	  0.0000E+00	  0.0000E+00	  0.0000E+00	  0.0000E+00	  0.0000E+00	  0.0000E+00	  0.0000E+00	  0.0000E+00	  0.0000E+00	  0.0000E+00	  0.0000E+00	  0.0000E+00	  0.0000E+00	  0.0000E+00	  0.0000E+00	  0.0000E+00	  0.0000E+00
  0.0000E+00	  0.0000E+00	  0.0000E+00	  0.0000E+00	  0.0000E+00	  0.0000E+00	  0.0000E+00	  0.0000E+00	  0.0000E+00	  0.0000E+00	  0.0000E+00	  0.0000E+00	  0.0000E+00	  0.0000E+00	  0.0000E+00	  0.0000E+00	  0.0000E+00	  0.0000E+00	  0.0000E+00	  0.0000E+00	  0.0000E+00	  0.0000E+00	  0.0000E+00	  0.0000E+00	  0.0000E+00	  0.0000E+00	  2.1254E+00	  3.1608E+00	  3.6351E+00	  8.8348E+00	  5.1457E+00	  1.0042E+01	  8.7485E+00	  1.8367E+01	  1.7104E+01	  1.4693E+01	  2.7133E+01	  2.5980E+01	  3.1803E+01	  3.9192E+01	  3.4925E+01	  3.7885E+01	  4.2373E+01	  4.8976E+01	  6.4474E+01	  6.6559E+01	  5.4444E+01	  5.3921E+01	  4.8205E+01	  5.3073E+01	  7.5485E+01	  8.9800E+01	  7.2170E+01	  6.2990E+01	  7.5825E+01	  8.8274E+01	  8.0758E+01	  8.7269E+01	  9.3226E+01	  9.6203E+01	  9.1610E+01	  9.0322E+01	  8.6142E+01	  9.1439E+01	  8.9208E+01	  8.2989E+01	  9.0173E+01	  8.0187E+01	  7.9753E+01	  1.0853E+02	  9.4811E+01	  7.7642E+01	  8.3482E+01	  8.4922E+01	  1.0236E+02	  9.2340E+01	  9.2954E+01	  9.3842E+01	  9.7448E+01	  9.3665E+01	  7.9665E+01	  6.5877E+01	  6.9586E+01	  7.8169E+01	  8.1856E+01	  7.0392E+01	  6.2613E+01	  5.9278E+01	  7.2362E+01	  8.7831E+01	  7.7356E+01	  5.5349E+01	  4.9088E+01	  3.1786E+01	  3.5263E+01	  2.7808E+01	  2.4423E+01	  2.1015E+01	  1.8077E+01	  9.8547E+00	  4.4016E+00	  4.4262E+00	  1.4173E+00	  2.4652E-01	  2.9772E-01	  5.0964E-03	  0.0000E+00	  0.0000E+00	  0.0000E+00	  0.0000E+00	  0.0000E+00	  0.0000E+00	  0.0000E+00	  0.0000E+00	  0.0000E+00	  0.0000E+00	  0.0000E+00	  0.0000E+00	  0.0000E+00	  0.0000E+00	  0.0000E+00	  0.0000E+00	  0.0000E+00	  0.0000E+00	  0.0000E+00	  0.0000E+00	  0.0000E+00	  0.0000E+00
  0.0000E+00	  0.0000E+00	  0.0000E+00	  0.0000E+00	  0.0000E+00	  0.0000E+00	  0.0000E+00	  0.0000E+00	  0.0000E+00	  0.0000E+00	  0.0000E+00	  0.0000E+00	  0.0000E+00	  0.0000E+00	  0.0000E+00	  0.0000E+00	  0.0000E+00	  0.0000E+00	  0.0000E+00	  0.0000E+00	  0.0000E+00	  0.0000E+00	  0.0000E+00	  5.2555E-02	  3.7723E-01	  2.0829E+00	  5.5269E+00	  9.5121E+00	  7.3379E+00	  1.5516E+01	  1.7696E+01	  2.6151E+01	  2.3543E+01	  3.2505E+01	  3.4825E+01	  3.8690E+01	  5.5186E+01	  4.7371E+01	  5.9296E+01	  6.3322E+01	  6.9674E+01	  6.4452E+01	  6.9394E+01	  8.5306E+01	  9.0050E+01	  9.6590E+01	  8.1790E+01	  9.0756E+01	  8.3423E+01	  7.4113E+01	  8.6117E+01	  1.1210E+02	  1.1057E+02	  9.7959E+01	  9.2935E+01	  1.0996E+02	  1.0538E+02	  1.1306E+02	  1.2553E+02	  1.0983E+02	  1.0502E+02	  9.9137E+01	  1.1716E+02	  1.1444E+02	  1.0624E+02	  8.6255E+01	  8.5798E+01	  8.5229E+01	  1.0012E+02	  1.0649E+02	  1.1093E+02	  1.0816E+02	  1.0385E+02	  1.0224E+02	  1.1347E+02	  1.1589E+02	  1.2101E+02	  1.2092E+02	  1.0719E+02	  9.1535E+01	  8.1584E+01	  9.5948E+01	  1.1073E+02	  1.2940E+02	  1.3693E+02	  1.2942E+02	  1.1017E+02	  1.1825E+02	  1.0945E+02	  1.1911E+02	  1.2157E+02	  8.9512E+01	  9.5989E+01	  7.0947E+01	  6.1806E+01	  5.9556E+01	  6.1035E+01	  5.0241E+01	  3.5712E+01	  1.8616E+01	  1.3255E+01	  8.6566E+00	  4.5511E+00	  4.2925E+00	  3.5483E+00	  9.3333E-02	  0.0000E+00	  0.0000E+00	  0.0000E+00	  0.0000E+00	  0.0000E+00	  0.0000E+00	  0.0000E+00	  0.0000E+00	  0.0000E+00	  0.0000E+00	  0.0000E+00	  0.0000E+00	  0.0000E+00	  0.0000E+00	  0.0000E+00	  0.0000E+00	  0.0000E+00	  0.0000E+00	  0.0000E+00	  0.0000E+00	  0.0000E+00	  0.0000E+00
  0.0000E+00	  0.0000E+00	  0.0000E+00	  0.0000E+00	  0.0000E+00	  0.0000E+00	  0.0000E+00	  0.0000E+00	  0.0000E+00	  0.0000E+00	  0.0000E+00	  0.0000E+00	  0.0000E+00	  0.0000E+00	  0.0000E+00	  0.0000E+00	  0.0000E+00	  0.0000E+00	  0.0000E+00	  0.0000E+00	  2.1536E-01	  1.0125E-01	  9.1599E-03	  8.9248E-02	  1.4185E+00	  3.6878E+00	  1.0339E+01	  1.3614E+01	  1.2892E+01	  1.9447E+01	  3.8898E+01	  4.3599E+01	  5.9818E+01	  5.8350E+01	  5.5396E+01	  7.1077E+01	  8.1914E+01	  7.9868E+01	  8.8790E+01	  1.1082E+02	  1.1998E+02	  1.0315E+02	  1.2072E+02	  1.1521E+02	  1.2089E+02	  1.2480E+02	  1.3063E+02	  1.3659E+02	  1.0893E+02	  1.0710E+02	  1.1978E+02	  1.2509E+02	  1.2109E+02	  1.1735E+02	  1.0148E+02	  1.2714E+02	  1.3192E+02	  1.2869E+02	  1.3858E+02	  1.2686E+02	  1.1451E+02	  1.0942E+02	  1.2760E+02	  1.4572E+02	  1.3108E+02	  9.8961E+01	  1.0086E+02	  1.1715E+02	  1.2938E+02	  1.2475E+02	  1.4575E+02	  1.3579E+02	  1.2763E+02	  1.3708E+02	  1.4361E+02	  1.3724E+02	  1.4475E+02	  1.3315E+02	  1.1426E+02	  1.0824E+02	  1.1048E+02	  1.2554E+02	  1.5347E+02	  1.4303E+02	  1.3837E+02	  1.4753E+02	  1.4509E+02	  1.4574E+02	  1.2647E+02	  1.2998E+02	  1.5151E+02	  1.4844E+02	  1.2732E+02	  1.1374E+02	  9.6363E+01	  1.0194E+02	  1.0015E+02	  6.5275E+01	  5.3896E+01	  3.1120E+01	  2.6819E+01	  1.6357E+01	  7.3615E+00	  4.4155E+00	  3.7062E+00	  1.7727E+00	  1.3564E-01	  0.0000E+00	  0.0000E+00	  0.0000E+00	  0.0000E+00	  0.0000E+00	  0.0000E+00	  0.0000E+00	  0.0000E+00	  0.0000E+00	  0.0000E+00	  0.0000E+00	  0.0000E+00	  0.0000E+00	  0.0000E+00	  0.0000E+00	  0.0000E+00	  0.0000E+00	  0.0000E+00	  0.0000E+00	  0.0000E+00	  0.0000E+00
  0.0000E+00	  0.0000E+00	  0.0000E+00	  0.0000E+00	  0.0000E+00	  0.0000E+00	  0.0000E+00	  0.0000E+00	  0.0000E+00	  0.0000E+00	  0.0000E+00	  0.0000E+00	  0.0000E+00	  0.0000E+00	  0.0000E+00	  0.0000E+00	  0.0000E+00	  0.0000E+00	  0.0000E+00	  0.0000E+00	  4.9451E-01	  8.4789E-01	  1.2937E+00	  3.8416E-01	  3.4152E+00	  5.2429E+00	  1.7352E+01	  2.9736E+01	  3.8440E+01	  4.4891E+01	  4.9984E+01	  7.6167E+01	  9.3055E+01	  1.0825E+02	  9.9233E+01	  9.8530E+01	  1.0801E+02	  1.0834E+02	  1.3170E+02	  1.5484E+02	  1.6165E+02	  1.6678E+02	  1.7246E+02	  1.5334E+02	  1.4871E+02	  1.5339E+02	  1.6136E+02	  1.5060E+02	  1.3229E+02	  1.2043E+02	  1.2863E+02	  1.2385E+02	  1.2028E+02	  1.3289E+02	  1.2763E+02	  1.2654E+02	  1.3297E+02	  1.3341E+02	  1.4596E+02	  1.4608E+02	  1.4335E+02	  1.3688E+02	  1.2324E+02	  1.3539E+02	  1.1421E+02	  1.0868E+02	  1.3375E+02	  1.3215E+02	  1.4359E+02	  1.3920E+02	  1.3977E+02	  1.4612E+02	  1.3680E+02	  1.4373E+02	  1.3140E+02	  1.1930E+02	  1.2885E+02	  1.4418E+02	  1.4056E+02	  1.3270E+02	  1.2525E+02	  1.3329E+02	  1.5194E+02	  1.6398E+02	  1.4792E+02	  1.6799E+02	  1.8626E+02	  1.7899E+02	  1.6163E+02	  1.5725E+02	  1.7688E+02	  1.8407E+02	  1.5582E+02	  1.4709E+02	  1.4652E+02	  1.4501E+02	  1.1808E+02	  9.0472E+01	  8.5195E+01	  6.9757E+01	  4.8869E+01	  3.7786E+01	  2.9559E+01	  1.8959E+01	  8.5396E+00	  6.5953E+00	  3.0212E+00	  0.0000E+00	  0.0000E+00	  0.0000E+00	  0.0000E+00	  0.0000E+00	  0.0000E+00	  0.0000E+00	  0.0000E+00	  0.0000E+00	  0.0000E+00	  0.0000E+00	  0.0000E+00	  0.0000E+00	  0.0000E+00	  0.0000E+00	  0.0000E+00	  0.0000E+00	  0.0000E+00	  0.0000E+00	  0.0000E+00	  0.0000E+00
  0.0000E+00	  0.0000E+00	  0.0000E+00	  0.0000E+00	  0.0000E+00	  0.0000E+00	  0.0000E+00	  0.0000E+00	  0.0000E+00	  0.0000E+00	  0.0000E+00	  0.0000E+00	  0.0000E+00	  0.0000E+00	  0.0000E+00	  0.0000E+00	  0.0000E+00	  0.0000E+00	  0.0000E+00	  0.0000E+00	  0.0000E+00	  5.8129E-02	  1.3937E+00	  3.3435E+00	  1.0503E+01	  1.5166E+01	  2.2348E+01	  4.1038E+01	  7.0394E+01	  7.5597E+01	  7.3551E+01	  1.0489E+02	  1.3269E+02	  1.4697E+02	  1.4085E+02	  1.4277E+02	  1.4222E+02	  1.5811E+02	  1.5999E+02	  1.6385E+02	  1.7037E+02	  1.9396E+02	  2.1023E+02	  1.9901E+02	  1.6753E+02	  1.4061E+02	  1.7581E+02	  1.7105E+02	  1.6317E+02	  1.5537E+02	  1.5875E+02	  1.1451E+02	  1.3396E+02	  1.4614E+02	  1.3608E+02	  1.3153E+02	  1.3178E+02	  1.4211E+02	  1.6680E+02	  1.6852E+02	  1.4531E+02	  1.5192E+02	  1.4393E+02	  1.3301E+02	  1.0945E+02	  1.3064E+02	  1.4812E+02	  1.3731E+02	  1.6676E+02	  1.6116E+02	  1.3180E+02	  1.4695E+02	  1.7208E+02	  1.6367E+02	  1.5124E+02	  1.5045E+02	  1.4303E+02	  1.5297E+02	  1.6552E+02	  1.5321E+02	  1.3967E+02	  1.3831E+02	  1.6723E+02	  1.7658E+02	  1.7475E+02	  1.8643E+02	  1.7699E+02	  2.0331E+02	  1.8254E+02	  1.8980E+02	  2.0280E+02	  1.9697E+02	  1.7598E+02	  1.7789E+02	  1.6629E+02	  1.9008E+02	  1.7038E+02	  1.3546E+02	  1.1449E+02	  1.1311E+02	  8.4151E+01	  6.0697E+01	  5.1637E+01	  3.3880E+01	  1.5739E+01	  9.0417E+00	  5.7210E+00	  1.6656E+00	  1.1166E-01	  0.0000E+00	  3.2810E-02	  1.3841E-02	  0.0000E+00	  0.0000E+00	  0.0000E+00	  0.0000E+00	  0.0000E+00	  0.0000E+00	  0.0000E+00	  0.0000E+00	  0.0000E+00	  0.0000E+00	  0.0000E+00	  0.0000E+00	  0.0000E+00	  0.0000E+00	  0.0000E+00	  0.0000E+00
  0.0000E+00	  0.0000E+00	  0.0000E+00	  0.0000E+00	  0.0000E+00	  0.0000E+00	  0.0000E+00	  0.0000E+00	  0.0000E+00	  0.0000E+00	  0.0000E+00	  0.0000E+00	  0.0000E+00	  0.0000E+00	  0.0000E+00	  0.0000E+00	  0.0000E+00	  0.0000E+00	  0.0000E+00	  0.0000E+00	  0.0000E+00	  7.0423E-02	  9.3640E-01	  3.9072E+00	  1.3439E+01	  1.8571E+01	  4.0329E+01	  5.8224E+01	  9.2099E+01	  1.1102E+02	  1.3664E+02	  1.2836E+02	  1.5032E+02	  1.6164E+02	  1.5948E+02	  1.4945E+02	  1.7018E+02	  1.7258E+02	  1.5526E+02	  1.8624E+02	  1.8072E+02	  2.1082E+02	  2.3059E+02	  2.1926E+02	  1.7623E+02	  1.6588E+02	  1.7126E+02	  1.7539E+02	  1.7248E+02	  1.6607E+02	  1.7522E+02	  1.3460E+02	  1.3679E+02	  1.5003E+02	  1.4480E+02	  1.4825E+02	  1.5463E+02	  1.5239E+02	  1.6211E+02	  1.6522E+02	  1.5725E+02	  1.4546E+02	  1.3747E+02	  1.1494E+02	  1.3138E+02	  1.4744E+02	  1.5727E+02	  1.3620E+02	  1.6991E+02	  1.6949E+02	  1.4637E+02	  1.5122E+02	  1.8098E+02	  1.7874E+02	  1.6294E+02	  1.5760E+02	  1.6048E+02	  1.8082E+02	  1.5717E+02	  1.4640E+02	  1.2491E+02	  1.4543E+02	  1.7815E+02	  1.8965E+02	  1.8415E+02	  1.7979E+02	  1.8867E+02	  1.9602E+02	  1.6278E+02	  1.9828E+02	  2.0494E+02	  1.9573E+02	  2.0392E+02	  1.8905E+02	  1.8258E+02	  1.8917E+02	  1.9885E+02	  1.8485E+02	  1.4453E+02	  1.3403E+02	  1.2219E+02	  1.0098E+02	  7.6030E+01	  5.5159E+01	  3.3108E+01	  1.1264E+01	  4.5589E+00	  4.4974E+00	  6.6946E-01	  0.0000E+00	  9.8951E-01	  8.4142E-01	  0.0000E+00	  0.0000E+00	  0.0000E+00	  0.0000E+00	  0.0000E+00	  0.0000E+00	  0.0000E+00	  0.0000E+00	  0.0000E+00	  0.0000E+00	  0.0000E+00	  0.0000E+00	  0.0000E+00	  0.0000E+00	  0.0000E+00	  0.0000E+00
  0.0000E+00	  0.0000E+00	  0.0000E+00	  0.0000E+00	  0.0000E+00	  0.0000E+00	  0.0000E+00	  0.0000E+00	  0.0000E+00	  0.0000E+00	  0.0000E+00	  0.0000E+00	  0.0000E+00	  0.0000E+00	  0.0000E+00	  0.0000E+00	  0.0000E+00	  0.0000E+00	  0.0000E+00	  0.0000E+00	  5.6146E-02	  1.3786E+00	  2.7562E+00	  5.1551E+00	  1.2700E+01	  3.1785E+01	  7.4406E+01	  1.1778E+02	  1.5210E+02	  1.4485E+02	  1.5536E+02	  1.7422E+02	  1.5949E+02	  1.7535E+02	  1.6231E+02	  1.6342E+02	  1.7688E+02	  1.8278E+02	  1.7907E+02	  2.0056E+02	  1.9134E+02	  1.9235E+02	  2.0380E+02	  1.9820E+02	  1.9962E+02	  2.0568E+02	  1.9863E+02	  1.8246E+02	  1.8324E+02	  1.9316E+02	  1.8939E+02	  1.5529E+02	  1.7438E+02	  1.9593E+02	  1.5400E+02	  1.5814E+02	  1.5934E+02	  1.7520E+02	  1.8573E+02	  1.9679E+02	  1.8032E+02	  1.4659E+02	  1.4743E+02	  1.4690E+02	  1.5151E+02	  1.6199E+02	  1.7910E+02	  1.4862E+02	  1.5728E+02	  1.6440E+02	  1.7124E+02	  1.9117E+02	  2.1030E+02	  1.9536E+02	  1.8424E+02	  1.6147E+02	  1.4022E+02	  1.4533E+02	  1.3868E+02	  1.6354E+02	  1.6648E+02	  1.9043E+02	  1.9485E+02	  1.9701E+02	  1.9470E+02	  2.1497E+02	  1.9090E+02	  1.9385E+02	  1.8144E+02	  1.7604E+02	  1.8633E+02	  2.0662E+02	  2.1882E+02	  1.8636E+02	  1.8470E+02	  1.7757E+02	  1.9266E+02	  1.8329E+02	  1.6787E+02	  1.7125E+02	  1.6722E+02	  1.2607E+02	  9.4389E+01	  8.3924E+01	  5.7706E+01	  3.4960E+01	  1.5926E+01	  5.6487E+00	  2.7878E+00	  3.4909E-01	  3.2482E+00	  2.9203E+00	  8.7833E-02	  0.0000E+00	  0.0000E+00	  0.0000E+00	  0.0000E+00	  0.0000E+00	  0.0000E+00	  0.0000E+00	  0.0000E+00	  0.0000E+00	  0.0000E+00	  0.0000E+00	  0.0000E+00	  0.0000E+00	  0.0000E+00	  0.0000E+00
  0.0000E+00	  0.0000E+00	  0.0000E+00	  0.0000E+00	  0.0000E+00	  0.0000E+00	  0.0000E+00	  0.0000E+00	  0.0000E+00	  0.0000E+00	  0.0000E+00	  0.0000E+00	  0.0000E+00	  0.0000E+00	  0.0000E+00	  0.0000E+00	  0.0000E+00	  0.0000E+00	  0.0000E+00	  0.0000E+00	  7.7034E-01	  4.5610E+00	  1.0071E+01	  2.2517E+01	  4.1140E+01	  7.4407E+01	  1.1044E+02	  1.5724E+02	  1.6957E+02	  1.6432E+02	  1.9709E+02	  2.1363E+02	  1.9033E+02	  1.7231E+02	  1.6716E+02	  1.6374E+02	  1.6648E+02	  2.0006E+02	  1.9901E+02	  1.9366E+02	  1.9816E+02	  1.7407E+02	  1.9622E+02	  1.9377E+02	  2.2406E+02	  2.1854E+02	  2.1216E+02	  2.0489E+02	  2.2182E+02	  2.1036E+02	  2.0262E+02	  1.8437E+02	  1.8913E+02	  1.9399E+02	  1.9098E+02	  1.9217E+02	  1.9037E+02	  2.0471E+02	  1.9935E+02	  1.9428E+02	  1.9254E+02	  1.7978E+02	  1.7471E+02	  1.8538E+02	  1.8670E+02	  2.0430E+02	  2.0176E+02	  1.7613E+02	  1.8433E+02	  1.9980E+02	  1.9727E+02	  2.3656E+02	  2.2297E+02	  1.9566E+02	  1.9879E+02	  1.8106E+02	  1.6838E+02	  1.4295E+02	  1.7246E+02	  1.7382E+02	  2.0438E+02	  1.9816E+02	  2.0664E+02	  2.0740E+02	  2.1676E+02	  2.2543E+02	  2.0211E+02	  2.1601E+02	  2.1386E+02	  2.0949E+02	  2.0858E+02	  1.7926E+02	  1.8797E+02	  1.8020E+02	  1.7364E+02	  1.6631E+02	  1.8111E+02	  1.9706E+02	  1.7569E+02	  1.8613E+02	  1.9078E+02	  1.6936E+02	  1.2852E+02	  1.1042E+02	  9.3614E+01	  5.5136E+01	  2.6793E+01	  1.0671E+01	  3.9060E+00	  6.9482E-01	  3.1335E+00	  1.7612E+00	  4.5088E-01	  0.0000E+00	  0.0000E+00	  0.0000E+00	  0.0000E+00	  0.0000E+00	  0.0000E+00	  0.0000E+00	  0.0000E+00	  0.0000E+00	  0.0000E+00	  0.0000E+00	  0.0000E+00	  0.0000E+00	  0.0000E+00	  0.0000E+00
  0.0000E+00	  0.0000E+00	  0.0000E+00	  0.0000E+00	  0.0000E+00	  0.0000E+00	  0.0000E+00	  0.0000E+00	  0.0000E+00	  0.0000E+00	  0.0000E+00	  0.0000E+00	  0.0000E+00	  0.0000E+00	  0.0000E+00	  0.0000E+00	  0.0000E+00	  0.0000E+00	  0.0000E+00	  4.6690E-01	  1.4731E+00	  8.9074E+00	  2.2376E+01	  4.1454E+01	  7.0308E+01	  1.0475E+02	  1.2502E+02	  1.4394E+02	  1.7901E+02	  1.7691E+02	  1.6275E+02	  2.1132E+02	  2.0777E+02	  1.9010E+02	  1.8598E+02	  1.7362E+02	  1.9856E+02	  2.1282E+02	  2.1025E+02	  2.1556E+02	  1.9106E+02	  1.7908E+02	  1.6635E+02	  1.9358E+02	  2.1787E+02	  2.1539E+02	  1.8796E+02	  1.7426E+02	  2.0928E+02	  2.2433E+02	  2.3379E+02	  2.4247E+02	  2.3344E+02	  2.4002E+02	  2.3145E+02	  2.3016E+02	  2.0918E+02	  2.1345E+02	  2.1094E+02	  2.0457E+02	  2.0772E+02	  2.0156E+02	  2.0794E+02	  2.2611E+02	  2.1791E+02	  2.1738E+02	  2.0120E+02	  2.1008E+02	  2.3594E+02	  2.1914E+02	  2.3429E+02	  2.3878E+02	  2.2623E+02	  2.2700E+02	  2.2229E+02	  2.0887E+02	  2.1526E+02	  1.6374E+02	  1.6130E+02	  1.8722E+02	  2.2835E+02	  2.0966E+02	  2.1957E+02	  2.2715E+02	  2.5222E+02	  2.5127E+02	  2.0682E+02	  2.0267E+02	  2.0885E+02	  2.1684E+02	  1.9765E+02	  1.7202E+02	  1.6682E+02	  1.9981E+02	  1.8353E+02	  1.8417E+02	  1.8918E+02	  1.9199E+02	  1.8623E+02	  1.9658E+02	  1.9469E+02	  1.9386E+02	  1.5651E+02	  1.3331E+02	  9.4666E+01	  6.7340E+01	  3.9975E+01	  2.5694E+01	  1.2468E+01	  4.3558E+00	  3.3611E+00	  1.0191E+00	  2.0447E-01	  0.0000E+00	  0.0000E+00	  0.0000E+00	  0.0000E+00	  0.0000E+00	  0.0000E+00	  0.0000E+00	  0.0000E+00	  0.0000E+00	  0.0000E+00	  0.0000E+00	  0.0000E+00	  0.0000E+00	  0.0000E+00	  0.0000E+00
  0.0000E+00	  0.0000E+00	  0.0000E+00	  0.0000E+00	  0.0000E+00	  0.0000E+00	  0.0000E+00	  0.0000E+00	  0.0000E+00	  0.0000E+00	  0.0000E+00	  0.0000E+00	  0.0000E+00	  0.0000E+00	  0.0000E+00	  0.0000E+00	  0.0000E+00	  6.4954E-04	  1.1402E-02	  5.7399E-01	  5.3270E+00	  1.9176E+01	  2.8131E+01	  6.5182E+01	  9.7795E+01	  1.3069E+02	  1.5266E+02	  1.6344E+02	  1.6963E+02	  1.4697E+02	  1.4066E+02	  1.7267E+02	  1.9072E+02	  1.8227E+02	  1.8165E+02	  2.0479E+02	  2.1394E+02	  2.3121E+02	  2.2763E+02	  2.3262E+02	  2.2231E+02	  2.1034E+02	  2.0426E+02	  2.1657E+02	  2.2848E+02	  2.1916E+02	  2.2097E+02	  2.2631E+02	  2.4973E+02	  2.7560E+02	  2.4533E+02	  2.8277E+02	  2.9440E+02	  2.7522E+02	  2.8660E+02	  2.9394E+02	  2.5077E+02	  2.4264E+02	  2.3892E+02	  2.3309E+02	  2.5357E+02	  2.3435E+02	  2.3079E+02	  2.4493E+02	  2.3037E+02	  2.2980E+02	  2.2513E+02	  2.4723E+02	  2.6150E+02	  2.5020E+02	  2.6760E+02	  2.8539E+02	  2.7708E+02	  2.6050E+02	  2.3555E+02	  2.4839E+02	  2.4620E+02	  2.3714E+02	  2.1725E+02	  2.3976E+02	  2.4866E+02	  2.5796E+02	  2.4485E+02	  2.4210E+02	  2.6967E+02	  2.5784E+02	  2.3591E+02	  2.4082E+02	  2.5585E+02	  2.3849E+02	  2.1564E+02	  1.7159E+02	  1.8314E+02	  1.8813E+02	  1.6928E+02	  1.6698E+02	  1.8003E+02	  2.0429E+02	  1.9633E+02	  1.8887E+02	  1.7614E+02	  1.7912E+02	  1.5143E+02	  1.5556E+02	  1.0525E+02	  8.0230E+01	  5.0277E+01	  3.5912E+01	  1.6803E+01	  6.7529E+00	  5.1916E+00	  1.2645E+00	  0.0000E+00	  0.0000E+00	  0.0000E+00	  0.0000E+00	  0.0000E+00	  0.0000E+00	  0.0000E+00	  0.0000E+00	  0.0000E+00	  0.0000E+00	  0.0000E+00	  0.0000E+00	  0.0000E+00	  0.0000E+00	  0.0000E+00	  0.0000E+00
  0.0000E+00	  0.0000E+00	  0.0000E+00	  0.0000E+00	  0.0000E+00	  0.0000E+00	  0.0000E+00	  0.0000E+00	  0.0000E+00	  0.0000E+00	  0.0000E+00	  0.0000E+00	  0.0000E+00	  0.0000E+00	  0.0000E+00	  0.0000E+00	  0.0000E+00	  1.3072E-01	  9.7346E-01	  5.0803E-01	  9.5038E+00	  2.7297E+01	  4.6600E+01	  7.3980E+01	  1.0595E+02	  1.5498E+02	  1.9092E+02	  1.7622E+02	  1.5305E+02	  1.5205E+02	  1.3480E+02	  1.5012E+02	  1.6995E+02	  1.6826E+02	  1.7096E+02	  1.9808E+02	  2.3129E+02	  2.3346E+02	  2.5020E+02	  2.7029E+02	  2.4844E+02	  2.3074E+02	  2.2918E+02	  2.3634E+02	  2.4823E+02	  2.4080E+02	  2.6633E+02	  2.6968E+02	  2.7258E+02	  3.0598E+02	  3.0696E+02	  3.1980E+02	  3.2591E+02	  2.9497E+02	  3.0679E+02	  3.1054E+02	  2.9930E+02	  3.0137E+02	  2.5028E+02	  2.7045E+02	  3.0454E+02	  3.0481E+02	  3.0070E+02	  2.9554E+02	  2.8568E+02	  2.6683E+02	  2.7968E+02	  2.8841E+02	  2.9178E+02	  2.8387E+02	  2.9820E+02	  3.0040E+02	  3.1921E+02	  3.3476E+02	  2.9919E+02	  2.7966E+02	  2.7673E+02	  3.1080E+02	  2.9857E+02	  2.9982E+02	  2.8441E+02	  2.6285E+02	  2.5131E+02	  2.4576E+02	  2.8615E+02	  2.7909E+02	  2.8734E+02	  2.7370E+02	  2.4160E+02	  2.3208E+02	  2.3311E+02	  2.0264E+02	  1.6600E+02	  1.6290E+02	  1.5132E+02	  1.6065E+02	  1.8215E+02	  2.0862E+02	  1.9454E+02	  1.8159E+02	  1.5616E+02	  1.6292E+02	  1.6137E+02	  1.5808E+02	  1.2936E+02	  1.0800E+02	  6.2322E+01	  3.9523E+01	  1.4939E+01	  8.7569E+00	  1.7376E+00	  3.6923E-01	  0.0000E+00	  0.0000E+00	  0.0000E+00	  0.0000E+00	  0.0000E+00	  0.0000E+00	  0.0000E+00	  0.0000E+00	  0.0000E+00	  0.0000E+00	  0.0000E+00	  0.0000E+00	  0.0000E+00	  0.0000E+00	  0.0000E+00	  0.0000E+00
  0.0000E+00	  0.0000E+00	  0.0000E+00	  0.0000E+00	  0.0000E+00	  0.0000E+00	  0.0000E+00	  0.0000E+00	  0.0000E+00	  0.0000E+00	  0.0000E+00	  0.0000E+00	  0.0000E+00	  0.0000E+00	  0.0000E+00	  0.0000E+00	  0.0000E+00	  5.8419E-01	  5.1872E-01	  5.3507E+00	  1.3063E+01	  3.3332E+01	  6.1284E+01	  8.8601E+01	  1.1682E+02	  1.7358E+02	  1.8950E+02	  1.8292E+02	  1.5679E+02	  1.4199E+02	  1.4534E+02	  1.3548E+02	  1.4404E+02	  1.4417E+02	  1.6192E+02	  1.9077E+02	  2.0010E+02	  2.0670E+02	  2.4871E+02	  2.5525E+02	  2.4924E+02	  2.3891E+02	  2.5140E+02	  2.5396E+02	  2.5282E+02	  2.3778E+02	  2.4754E+02	  2.5591E+02	  3.2281E+02	  3.6091E+02	  3.4267E+02	  3.3849E+02	  3.7787E+02	  3.5160E+02	  3.3717E+02	  3.3608E+02	  3.3154E+02	  3.4401E+02	  3.1288E+02	  3.4552E+02	  3.6117E+02	  3.6643E+02	  3.8311E+02	  3.6780E+02	  3.6170E+02	  3.7187E+02	  3.6477E+02	  3.6855E+02	  3.3294E+02	  3.3923E+02	  3.5681E+02	  3.5361E+02	  3.5533E+02	  3.6929E+02	  3.4656E+02	  3.4270E+02	  3.5278E+02	  3.6870E+02	  3.7310E+02	  3.1807E+02	  3.0572E+02	  2.8360E+02	  2.7824E+02	  2.9550E+02	  2.7884E+02	  2.6281E+02	  3.2997E+02	  2.7256E+02	  2.5876E+02	  2.7322E+02	  2.8841E+02	  2.3641E+02	  1.7799E+02	  1.5261E+02	  1.5683E+02	  1.7034E+02	  1.9211E+02	  1.8619E+02	  1.4723E+02	  1.5944E+02	  1.6057E+02	  1.7716E+02	  1.6023E+02	  1.5537E+02	  1.4879E+02	  1.1922E+02	  6.8080E+01	  3.9728E+01	  2.1414E+01	  1.7220E+01	  3.2233E+00	  1.5269E+00	  1.5469E+00	  2.4761E-02	  0.0000E+00	  0.0000E+00	  0.0000E+00	  0.0000E+00	  0.0000E+00	  0.0000E+00	  0.0000E+00	  0.0000E+00	  0.0000E+00	  0.0000E+00	  0.0000E+00	  0.0000E+00	  0.0000E+00	  0.0000E+00
  0.0000E+00	  0.0000E+00	  0.0000E+00	  0.0000E+00	  0.0000E+00	  0.0000E+00	  0.0000E+00	  0.0000E+00	  0.0000E+00	  0.0000E+00	  0.0000E+00	  0.0000E+00	  0.0000E+00	  0.0000E+00	  0.0000E+00	  0.0000E+00	  4.0852E-02	  1.5144E+00	  4.7903E+00	  1.0037E+01	  2.5581E+01	  3.7787E+01	  6.4687E+01	  9.9110E+01	  1.2830E+02	  1.6003E+02	  1.8641E+02	  1.9718E+02	  1.6694E+02	  1.4663E+02	  1.4094E+02	  1.3611E+02	  1.4843E+02	  1.5332E+02	  1.4249E+02	  1.9056E+02	  2.2184E+02	  2.1369E+02	  2.3719E+02	  2.3982E+02	  2.5096E+02	  2.5997E+02	  2.4833E+02	  2.5647E+02	  2.5024E+02	  2.5978E+02	  2.5762E+02	  2.7083E+02	  3.0951E+02	  3.3166E+02	  3.4440E+02	  3.5135E+02	  3.8010E+02	  3.8005E+02	  3.8609E+02	  3.5978E+02	  3.3976E+02	  3.5246E+02	  3.6224E+02	  3.8177E+02	  3.9351E+02	  4.2641E+02	  4.5192E+02	  4.3628E+02	  4.0903E+02	  3.9789E+02	  4.2351E+02	  3.7725E+02	  3.8232E+02	  3.6887E+02	  3.8451E+02	  3.7892E+02	  3.7515E+02	  3.5726E+02	  3.9292E+02	  4.1341E+02	  3.9285E+02	  4.0973E+02	  3.6417E+02	  3.6313E+02	  3.3116E+02	  3.0303E+02	  2.8830E+02	  3.0561E+02	  2.8282E+02	  2.8432E+02	  3.2250E+02	  2.9478E+02	  2.9022E+02	  2.9695E+02	  2.5151E+02	  2.0957E+02	  2.0427E+02	  1.9238E+02	  1.6332E+02	  1.6637E+02	  1.8234E+02	  1.7803E+02	  1.4914E+02	  1.3196E+02	  1.4927E+02	  1.7405E+02	  1.7087E+02	  1.5437E+02	  1.5082E+02	  1.4311E+02	  1.0530E+02	  6.2442E+01	  2.4871E+01	  2.1574E+01	  7.3090E+00	  3.9791E+00	  2.2868E+00	  8.1981E-02	  0.0000E+00	  0.0000E+00	  0.0000E+00	  0.0000E+00	  0.0000E+00	  0.0000E+00	  0.0000E+00	  0.0000E+00	  0.0000E+00	  0.0000E+00	  0.0000E+00	  0.0000E+00	  0.0000E+00	  0.0000E+00
  0.0000E+00	  0.0000E+00	  0.0000E+00	  0.0000E+00	  0.0000E+00	  0.0000E+00	  0.0000E+00	  0.0000E+00	  0.0000E+00	  0.0000E+00	  0.0000E+00	  0.0000E+00	  0.0000E+00	  0.0000E+00	  0.0000E+00	  0.0000E+00	  1.5342E-05	  7.0893E-01	  3.9530E+00	  1.2138E+01	  3.2421E+01	  6.6364E+01	  8.7821E+01	  9.7264E+01	  1.2549E+02	  1.3820E+02	  1.4214E+02	  1.5134E+02	  1.6697E+02	  1.5250E+02	  1.7686E+02	  1.6132E+02	  1.4949E+02	  1.6329E+02	  1.5661E+02	  1.8471E+02	  1.8933E+02	  1.9271E+02	  2.2077E+02	  2.0326E+02	  2.4051E+02	  2.6852E+02	  2.5519E+02	  2.7614E+02	  2.4552E+02	  2.4699E+02	  2.7007E+02	  3.0787E+02	  3.1495E+02	  3.4088E+02	  3.6830E+02	  3.3505E+02	  3.5619E+02	  4.1509E+02	  3.8253E+02	  3.7005E+02	  4.0754E+02	  4.2337E+02	  4.0322E+02	  3.9281E+02	  4.0929E+02	  4.6804E+02	  4.6089E+02	  4.7855E+02	  4.6255E+02	  4.2135E+02	  4.3270E+02	  3.9891E+02	  4.4018E+02	  4.4316E+02	  4.3157E+02	  4.1576E+02	  3.9157E+02	  3.8803E+02	  4.0934E+02	  4.4605E+02	  4.4318E+02	  4.0040E+02	  3.6370E+02	  3.9721E+02	  3.5235E+02	  3.0332E+02	  3.1951E+02	  3.2640E+02	  2.8364E+02	  3.0019E+02	  2.8818E+02	  2.8916E+02	  2.8083E+02	  2.7752E+02	  2.4858E+02	  2.3463E+02	  2.2735E+02	  2.2572E+02	  2.0633E+02	  2.0193E+02	  2.1514E+02	  1.8406E+02	  1.4856E+02	  1.6401E+02	  1.7622E+02	  1.8425E+02	  1.7492E+02	  1.7145E+02	  1.6658E+02	  1.3509E+02	  1.1251E+02	  7.6124E+01	  4.0617E+01	  2.4705E+01	  7.8191E+00	  6.5747E+00	  1.1114E+00	  0.0000E+00	  0.0000E+00	  0.0000E+00	  0.0000E+00	  0.0000E+00	  0.0000E+00	  0.0000E+00	  0.0000E+00	  0.0000E+00	  0.0000E+00	  0.0000E+00	  0.0000E+00	  0.0000E+00	  0.0000E+00	  0.0000E+00
  0.0000E+00	  0.0000E+00	  0.0000E+00	  0.0000E+00	  0.0000E+00	  0.0000E+00	  0.0000E+00	  0.0000E+00	  0.0000E+00	  0.0000E+00	  0.0000E+00	  0.0000E+00	  0.0000E+00	  0.0000E+00	  0.0000E+00	  0.0000E+00	  3.2098E-01	  3.8714E+00	  8.6579E+00	  2.2458E+01	  3.3259E+01	  7.4500E+01	  1.2731E+02	  1.2216E+02	  1.4035E+02	  1.3010E+02	  1.2990E+02	  1.3221E+02	  1.3914E+02	  1.6746E+02	  1.8756E+02	  1.9507E+02	  1.7708E+02	  1.8541E+02	  1.6396E+02	  1.7136E+02	  1.7717E+02	  1.8160E+02	  1.9957E+02	  1.8633E+02	  2.5075E+02	  2.8830E+02	  2.7500E+02	  2.8217E+02	  2.6435E+02	  2.6044E+02	  2.8818E+02	  3.0258E+02	  3.1354E+02	  3.3808E+02	  3.5021E+02	  3.5381E+02	  3.8479E+02	  4.4809E+02	  4.1560E+02	  4.0981E+02	  4.4001E+02	  4.5228E+02	  4.3546E+02	  3.9644E+02	  4.1123E+02	  4.6944E+02	  4.6383E+02	  4.5573E+02	  4.5271E+02	  4.5122E+02	  4.1944E+02	  4.3787E+02	  5.0432E+02	  5.1305E+02	  4.9232E+02	  4.7745E+02	  4.3954E+02	  4.2271E+02	  4.2408E+02	  4.6256E+02	  4.5243E+02	  4.2181E+02	  3.8375E+02	  4.0891E+02	  3.6698E+02	  3.4262E+02	  3.2715E+02	  3.2122E+02	  3.1987E+02	  3.3369E+02	  3.3567E+02	  2.9565E+02	  2.4422E+02	  2.3422E+02	  2.3299E+02	  2.2075E+02	  2.2404E+02	  2.2201E+02	  1.9601E+02	  2.1090E+02	  2.5066E+02	  2.1733E+02	  1.6449E+02	  1.7735E+02	  1.6924E+02	  1.6573E+02	  1.7212E+02	  1.8267E+02	  1.9025E+02	  1.5200E+02	  1.1125E+02	  7.2481E+01	  4.3098E+01	  3.2878E+01	  1.3930E+01	  4.7329E+00	  2.2742E+00	  6.2480E-02	  0.0000E+00	  0.0000E+00	  0.0000E+00	  0.0000E+00	  0.0000E+00	  0.0000E+00	  0.0000E+00	  0.0000E+00	  0.0000E+00	  0.0000E+00	  0.0000E+00	  0.0000E+00	  0.0000E+00	  0.0000E+00
  0.0000E+00	  0.0000E+00	  0.0000E+00	  0.0000E+00	  0.0000E+00	  0.0000E+00	  0.0000E+00	  0.0000E+00	  0.0000E+00	  0.0000E+00	  0.0000E+00	  0.0000E+00	  0.0000E+00	  0.0000E+00	  0.0000E+00	  2.4120E-01	  1.2535E+00	  4.9372E+00	  1.3427E+01	  2.1743E+01	  4.5904E+01	  9.0895E+01	  1.3172E+02	  1.2842E+02	  1.3371E+02	  1.4249E+02	  1.4950E+02	  1.2811E+02	  1.3110E+02	  1.4549E+02	  1.5413E+02	  1.9723E+02	  1.8909E+02	  1.8119E+02	  1.6376E+02	  1.7817E+02	  2.0149E+02	  1.8590E+02	  2.1040E+02	  2.1629E+02	  2.3917E+02	  2.6262E+02	  2.8654E+02	  2.7072E+02	  2.7723E+02	  2.8064E+02	  3.0768E+02	  3.0137E+02	  3.1729E+02	  3.2945E+02	  3.4330E+02	  3.9641E+02	  4.4743E+02	  4.1522E+02	  4.3490E+02	  4.4754E+02	  4.4725E+02	  4.6124E+02	  4.8480E+02	  4.3135E+02	  4.1878E+02	  4.4133E+02	  4.8253E+02	  4.8418E+02	  4.7657E+02	  4.7982E+02	  4.2607E+02	  4.3485E+02	  5.2087E+02	  5.2642E+02	  5.2840E+02	  5.0297E+02	  4.5871E+02	  3.9270E+02	  4.0517E+02	  4.4952E+02	  4.4375E+02	  4.2127E+02	  3.9597E+02	  3.8402E+02	  4.0472E+02	  3.6696E+02	  3.3680E+02	  3.3264E+02	  3.3119E+02	  3.3127E+02	  3.1968E+02	  2.7127E+02	  2.3125E+02	  2.2787E+02	  1.9943E+02	  1.9075E+02	  2.2406E+02	  2.4010E+02	  2.2855E+02	  2.1698E+02	  2.2205E+02	  2.2430E+02	  2.0156E+02	  1.8097E+02	  1.5538E+02	  1.6658E+02	  1.8258E+02	  2.1286E+02	  1.9803E+02	  1.6105E+02	  1.2272E+02	  8.2631E+01	  4.8732E+01	  3.2033E+01	  1.0261E+01	  2.5100E+00	  3.0906E+00	  3.8529E-02	  0.0000E+00	  0.0000E+00	  0.0000E+00	  0.0000E+00	  0.0000E+00	  0.0000E+00	  0.0000E+00	  0.0000E+00	  0.0000E+00	  0.0000E+00	  0.0000E+00	  0.0000E+00	  0.0000E+00	  0.0000E+00
  0.0000E+00	  0.0000E+00	  0.0000E+00	  0.0000E+00	  0.0000E+00	  0.0000E+00	  0.0000E+00	  0.0000E+00	  0.0000E+00	  0.0000E+00	  0.0000E+00	  0.0000E+00	  0.0000E+00	  0.0000E+00	  0.0000E+00	  7.6403E-01	  2.0107E+00	  3.5015E+00	  1.4519E+01	  3.1666E+01	  6.3499E+01	  1.1222E+02	  1.2569E+02	  1.4282E+02	  1.3608E+02	  1.4756E+02	  1.3899E+02	  1.4334E+02	  1.4511E+02	  1.3941E+02	  1.4860E+02	  1.6608E+02	  1.7332E+02	  1.7405E+02	  1.7033E+02	  1.7632E+02	  2.0245E+02	  2.0945E+02	  2.3007E+02	  2.3189E+02	  2.4554E+02	  2.9746E+02	  2.9132E+02	  3.0180E+02	  3.1490E+02	  3.1240E+02	  3.3369E+02	  3.3486E+02	  3.3996E+02	  3.4678E+02	  3.3330E+02	  3.8565E+02	  4.2806E+02	  4.1215E+02	  4.2277E+02	  4.1009E+02	  4.1231E+02	  4.5096E+02	  4.5716E+02	  4.2860E+02	  4.2092E+02	  4.5836E+02	  4.6054E+02	  4.8750E+02	  4.7632E+02	  4.7348E+02	  4.4651E+02	  4.4938E+02	  5.0376E+02	  5.2505E+02	  5.2438E+02	  4.7894E+02	  4.4621E+02	  4.0335E+02	  3.9295E+02	  4.1467E+02	  3.7991E+02	  3.7263E+02	  3.8522E+02	  3.7779E+02	  3.8460E+02	  3.7424E+02	  3.5402E+02	  3.3321E+02	  3.3423E+02	  3.0322E+02	  2.8141E+02	  2.5809E+02	  2.4118E+02	  2.3033E+02	  1.9764E+02	  1.9747E+02	  2.0180E+02	  2.1241E+02	  2.5243E+02	  2.3451E+02	  1.9817E+02	  1.7522E+02	  1.6491E+02	  1.4735E+02	  1.6005E+02	  1.7658E+02	  1.7835E+02	  1.8612E+02	  1.7703E+02	  1.7183E+02	  1.4026E+02	  8.5688E+01	  6.0987E+01	  3.3878E+01	  1.1473E+01	  3.7897E+00	  8.3409E-01	  0.0000E+00	  0.0000E+00	  0.0000E+00	  0.0000E+00	  0.0000E+00	  0.0000E+00	  0.0000E+00	  0.0000E+00	  0.0000E+00	  0.0000E+00	  0.0000E+00	  0.0000E+00	  0.0000E+00	  0.0000E+00	  0.0000E+00
  0.0000E+00	  0.0000E+00	  0.0000E+00	  0.0000E+00	  0.0000E+00	  0.0000E+00	  0.0000E+00	  0.0000E+00	  0.0000E+00	  0.0000E+00	  0.0000E+00	  0.0000E+00	  0.0000E+00	  0.0000E+00	  0.0000E+00	  0.0000E+00	  4.3685E-01	  6.1966E+00	  2.4584E+01	  4.6857E+01	  7.7588E+01	  1.1389E+02	  1.3709E+02	  1.5411E+02	  1.4178E+02	  1.4420E+02	  1.5347E+02	  1.6495E+02	  1.7017E+02	  1.5281E+02	  1.3716E+02	  1.4379E+02	  1.6189E+02	  1.7027E+02	  1.9042E+02	  2.1026E+02	  2.1080E+02	  2.0449E+02	  2.2119E+02	  2.2790E+02	  2.5537E+02	  3.0082E+02	  3.1086E+02	  3.4142E+02	  3.3843E+02	  3.1686E+02	  3.1788E+02	  3.3740E+02	  3.3044E+02	  3.2546E+02	  3.4033E+02	  3.5593E+02	  3.7607E+02	  3.6660E+02	  3.7470E+02	  3.9249E+02	  4.2893E+02	  4.3910E+02	  4.4506E+02	  4.3346E+02	  3.9590E+02	  3.9769E+02	  4.3181E+02	  4.5855E+02	  4.6880E+02	  4.5376E+02	  4.2352E+02	  4.1477E+02	  4.6327E+02	  5.0638E+02	  4.8945E+02	  4.6006E+02	  4.4273E+02	  3.8930E+02	  3.9659E+02	  3.8767E+02	  3.7439E+02	  3.8657E+02	  3.6959E+02	  3.5243E+02	  3.4581E+02	  3.6530E+02	  3.3648E+02	  3.0468E+02	  2.9531E+02	  3.1111E+02	  2.8673E+02	  2.4640E+02	  2.5505E+02	  2.3961E+02	  2.2183E+02	  2.3453E+02	  2.2549E+02	  1.9035E+02	  2.0595E+02	  1.8626E+02	  1.6976E+02	  1.4855E+02	  1.5477E+02	  1.4155E+02	  1.4317E+02	  1.3333E+02	  1.5355E+02	  1.5668E+02	  1.3917E+02	  1.6241E+02	  1.4390E+02	  9.5347E+01	  6.2999E+01	  2.8351E+01	  1.7920E+01	  7.8563E+00	  1.3966E+00	  3.7140E-02	  0.0000E+00	  0.0000E+00	  0.0000E+00	  0.0000E+00	  0.0000E+00	  0.0000E+00	  0.0000E+00	  0.0000E+00	  0.0000E+00	  0.0000E+00	  0.0000E+00	  0.0000E+00	  0.0000E+00	  0.0000E+00
  0.0000E+00	  0.0000E+00	  0.0000E+00	  0.0000E+00	  0.0000E+00	  0.0000E+00	  0.0000E+00	  0.0000E+00	  0.0000E+00	  0.0000E+00	  0.0000E+00	  0.0000E+00	  0.0000E+00	  0.0000E+00	  0.0000E+00	  8.7893E-01	  2.9283E+00	  8.5636E+00	  3.4534E+01	  4.3971E+01	  7.6137E+01	  1.1549E+02	  1.3625E+02	  1.5639E+02	  1.4619E+02	  1.3944E+02	  1.6371E+02	  1.6257E+02	  1.6725E+02	  1.4255E+02	  1.3364E+02	  1.4561E+02	  1.5429E+02	  1.5377E+02	  1.9228E+02	  2.2538E+02	  2.1302E+02	  1.9731E+02	  2.0362E+02	  2.1928E+02	  2.4967E+02	  2.3974E+02	  2.6446E+02	  2.9144E+02	  3.1524E+02	  2.9075E+02	  2.9959E+02	  3.0321E+02	  3.1071E+02	  3.3791E+02	  3.3622E+02	  3.6205E+02	  3.8090E+02	  3.6597E+02	  3.5160E+02	  3.4665E+02	  4.3151E+02	  4.1846E+02	  3.9267E+02	  3.9359E+02	  3.8533E+02	  3.8190E+02	  4.3581E+02	  3.9362E+02	  4.0115E+02	  4.0566E+02	  3.6193E+02	  3.8337E+02	  3.9016E+02	  4.4181E+02	  4.3380E+02	  4.1906E+02	  3.7583E+02	  3.4168E+02	  3.3014E+02	  3.5948E+02	  3.9702E+02	  4.0836E+02	  3.5745E+02	  3.3111E+02	  3.2962E+02	  3.3875E+02	  3.0581E+02	  3.0478E+02	  2.7759E+02	  2.9227E+02	  2.5494E+02	  2.3243E+02	  2.5944E+02	  2.4648E+02	  2.3542E+02	  2.3524E+02	  2.0984E+02	  1.9787E+02	  1.8883E+02	  1.9831E+02	  1.8531E+02	  1.5743E+02	  1.6902E+02	  1.2865E+02	  1.1703E+02	  1.4245E+02	  1.5008E+02	  1.5797E+02	  1.5066E+02	  1.3966E+02	  1.2974E+02	  1.1463E+02	  7.1253E+01	  3.3654E+01	  1.3230E+01	  4.5069E+00	  2.5581E+00	  6.4090E-01	  0.0000E+00	  0.0000E+00	  0.0000E+00	  0.0000E+00	  0.0000E+00	  0.0000E+00	  0.0000E+00	  0.0000E+00	  0.0000E+00	  0.0000E+00	  0.0000E+00	  0.0000E+00	  0.0000E+00	  0.0000E+00
  0.0000E+00	  0.0000E+00	  0.0000E+00	  0.0000E+00	  0.0000E+00	  0.0000E+00	  0.0000E+00	  0.0000E+00	  0.0000E+00	  0.0000E+00	  0.0000E+00	  0.0000E+00	  0.0000E+00	  0.0000E+00	  0.0000E+00	  9.5052E-01	  4.7227E+00	  1.1089E+01	  3.5454E+01	  6.4707E+01	  8.3383E+01	  1.1850E+02	  1.3031E+02	  1.2863E+02	  1.2701E+02	  1.4417E+02	  1.6177E+02	  1.4574E+02	  1.5871E+02	  1.4951E+02	  1.4193E+02	  1.5539E+02	  1.8419E+02	  1.8071E+02	  2.0592E+02	  2.0775E+02	  1.9831E+02	  1.9752E+02	  2.0829E+02	  1.9657E+02	  2.3273E+02	  2.2119E+02	  2.4516E+02	  2.6732E+02	  2.8618E+02	  2.8216E+02	  2.7959E+02	  2.7747E+02	  3.1718E+02	  3.4279E+02	  3.2816E+02	  3.2214E+02	  3.4236E+02	  3.4702E+02	  3.1713E+02	  3.6707E+02	  4.0290E+02	  3.8543E+02	  3.5833E+02	  3.4303E+02	  3.7918E+02	  4.0177E+02	  3.9884E+02	  3.9021E+02	  3.9152E+02	  3.9176E+02	  3.4313E+02	  3.4483E+02	  3.4928E+02	  3.8810E+02	  4.4521E+02	  4.0456E+02	  3.6416E+02	  3.2845E+02	  3.0979E+02	  3.4078E+02	  3.6991E+02	  3.6804E+02	  3.6024E+02	  3.4251E+02	  3.0001E+02	  3.0940E+02	  3.2103E+02	  3.3091E+02	  2.9757E+02	  2.6673E+02	  2.6517E+02	  2.3235E+02	  2.4772E+02	  2.7944E+02	  2.4721E+02	  2.2497E+02	  1.9325E+02	  1.6937E+02	  1.7079E+02	  1.8660E+02	  2.0230E+02	  1.7775E+02	  1.5939E+02	  1.2966E+02	  1.2039E+02	  1.3023E+02	  1.2596E+02	  1.4387E+02	  1.4933E+02	  1.4967E+02	  1.2900E+02	  1.2306E+02	  8.0479E+01	  4.1603E+01	  2.2371E+01	  7.3390E+00	  1.3250E+00	  1.1380E+00	  1.8590E-01	  0.0000E+00	  0.0000E+00	  0.0000E+00	  0.0000E+00	  0.0000E+00	  0.0000E+00	  0.0000E+00	  0.0000E+00	  0.0000E+00	  0.0000E+00	  0.0000E+00	  0.0000E+00	  0.0000E+00
  0.0000E+00	  0.0000E+00	  0.0000E+00	  0.0000E+00	  0.0000E+00	  0.0000E+00	  0.0000E+00	  0.0000E+00	  0.0000E+00	  0.0000E+00	  0.0000E+00	  0.0000E+00	  0.0000E+00	  0.0000E+00	  0.0000E+00	  1.9840E+00	  2.8244E+00	  1.0892E+01	  3.1931E+01	  5.7794E+01	  8.8622E+01	  1.1650E+02	  1.3332E+02	  1.3696E+02	  1.3943E+02	  1.5104E+02	  1.5096E+02	  1.3677E+02	  1.3735E+02	  1.5111E+02	  1.4200E+02	  1.6324E+02	  1.8769E+02	  1.7640E+02	  1.9594E+02	  1.6679E+02	  1.6672E+02	  1.6219E+02	  1.9205E+02	  1.6825E+02	  2.0228E+02	  2.0506E+02	  2.1477E+02	  2.6479E+02	  2.7934E+02	  3.1100E+02	  2.8286E+02	  2.7537E+02	  3.0332E+02	  3.3751E+02	  3.6352E+02	  3.2882E+02	  3.0947E+02	  3.3484E+02	  3.1662E+02	  3.6222E+02	  3.5209E+02	  3.4781E+02	  3.2337E+02	  3.1006E+02	  3.3240E+02	  3.7046E+02	  3.7782E+02	  3.7210E+02	  3.5413E+02	  3.6254E+02	  3.6186E+02	  3.5403E+02	  3.7222E+02	  3.6713E+02	  3.9939E+02	  3.5243E+02	  3.2690E+02	  3.2010E+02	  2.9351E+02	  3.2597E+02	  3.5148E+02	  3.4910E+02	  3.4813E+02	  3.4132E+02	  2.7601E+02	  2.6920E+02	  3.0631E+02	  3.1949E+02	  2.8421E+02	  2.5846E+02	  2.6001E+02	  2.4517E+02	  2.6253E+02	  2.6889E+02	  2.3705E+02	  2.2938E+02	  1.8781E+02	  1.7063E+02	  1.6535E+02	  1.8031E+02	  1.7541E+02	  1.7134E+02	  1.5412E+02	  1.3768E+02	  1.3215E+02	  1.2421E+02	  1.0721E+02	  1.2476E+02	  1.6908E+02	  1.8852E+02	  1.6999E+02	  1.2492E+02	  8.1828E+01	  5.4388E+01	  2.7933E+01	  7.7066E+00	  1.6268E+00	  7.3788E-01	  7.2658E-01	  0.0000E+00	  0.0000E+00	  0.0000E+00	  0.0000E+00	  0.0000E+00	  0.0000E+00	  0.0000E+00	  0.0000E+00	  0.0000E+00	  0.0000E+00	  0.0000E+00	  0.0000E+00	  0.0000E+00
  0.0000E+00	  0.0000E+00	  0.0000E+00	  0.0000E+00	  0.0000E+00	  0.0000E+00	  0.0000E+00	  0.0000E+00	  0.0000E+00	  0.0000E+00	  0.0000E+00	  0.0000E+00	  0.0000E+00	  0.0000E+00	  0.0000E+00	  3.5651E-01	  2.6537E+00	  1.5691E+01	  3.4218E+01	  6.0224E+01	  8.3627E+01	  1.1765E+02	  1.3142E+02	  1.4261E+02	  1.5201E+02	  1.3864E+02	  1.3025E+02	  1.3186E+02	  1.5632E+02	  1.5672E+02	  1.5005E+02	  1.5826E+02	  1.8518E+02	  1.6162E+02	  1.8112E+02	  1.6374E+02	  1.7419E+02	  1.7066E+02	  1.8319E+02	  1.6971E+02	  1.8845E+02	  2.0454E+02	  2.3867E+02	  2.4866E+02	  2.6381E+02	  2.8891E+02	  2.6801E+02	  2.7963E+02	  2.7245E+02	  3.0369E+02	  3.2196E+02	  3.1533E+02	  3.2734E+02	  3.0653E+02	  2.8333E+02	  2.9287E+02	  3.3674E+02	  3.1994E+02	  2.9027E+02	  2.9282E+02	  3.1415E+02	  3.3512E+02	  3.5752E+02	  3.4112E+02	  3.3879E+02	  3.2112E+02	  3.3510E+02	  3.1522E+02	  3.3068E+02	  3.3726E+02	  3.5322E+02	  2.8260E+02	  3.0769E+02	  3.2382E+02	  3.0798E+02	  3.3243E+02	  3.4459E+02	  3.3530E+02	  3.3010E+02	  3.0265E+02	  2.7315E+02	  2.8079E+02	  2.9641E+02	  3.0249E+02	  2.8975E+02	  2.7347E+02	  2.7779E+02	  2.7368E+02	  2.8388E+02	  2.4752E+02	  2.1256E+02	  2.0897E+02	  1.8871E+02	  1.9591E+02	  1.7576E+02	  1.8812E+02	  1.7106E+02	  1.7710E+02	  1.7738E+02	  1.5545E+02	  1.2447E+02	  1.1618E+02	  1.0565E+02	  1.4072E+02	  1.6222E+02	  1.5921E+02	  1.5473E+02	  1.3439E+02	  8.5106E+01	  5.3081E+01	  2.7167E+01	  6.7739E+00	  1.8813E+00	  5.9439E-01	  1.0042E-01	  0.0000E+00	  0.0000E+00	  0.0000E+00	  0.0000E+00	  0.0000E+00	  0.0000E+00	  0.0000E+00	  0.0000E+00	  0.0000E+00	  0.0000E+00	  0.0000E+00	  0.0000E+00	  0.0000E+00
  0.0000E+00	  0.0000E+00	  0.0000E+00	  0.0000E+00	  0.0000E+00	  0.0000E+00	  0.0000E+00	  0.0000E+00	  0.0000E+00	  0.0000E+00	  0.0000E+00	  0.0000E+00	  0.0000E+00	  0.0000E+00	  0.0000E+00	  1.5692E+00	  6.2946E+00	  1.8148E+01	  3.4884E+01	  7.3836E+01	  9.4620E+01	  1.2544E+02	  1.3674E+02	  1.3481E+02	  1.4355E+02	  1.2311E+02	  1.1847E+02	  1.1528E+02	  1.3508E+02	  1.3552E+02	  1.5264E+02	  1.4075E+02	  1.4809E+02	  1.5415E+02	  1.7093E+02	  1.6263E+02	  1.7473E+02	  1.7146E+02	  1.9336E+02	  1.8615E+02	  1.8767E+02	  2.0342E+02	  2.3435E+02	  2.5950E+02	  2.8378E+02	  2.8431E+02	  2.6012E+02	  2.7062E+02	  2.9648E+02	  2.8553E+02	  2.8249E+02	  3.0813E+02	  3.1178E+02	  2.9664E+02	  2.7546E+02	  2.7360E+02	  2.8054E+02	  2.8293E+02	  2.7321E+02	  2.9545E+02	  3.0457E+02	  3.1294E+02	  3.1798E+02	  3.0103E+02	  3.1284E+02	  3.4115E+02	  3.2624E+02	  3.1114E+02	  2.9169E+02	  2.9520E+02	  3.0656E+02	  2.7001E+02	  2.7087E+02	  3.1314E+02	  3.5817E+02	  3.4910E+02	  3.2625E+02	  3.2227E+02	  3.2088E+02	  3.2299E+02	  3.0162E+02	  3.3171E+02	  3.4683E+02	  3.0252E+02	  2.9315E+02	  2.8626E+02	  2.8891E+02	  2.6946E+02	  2.6155E+02	  2.3908E+02	  2.2291E+02	  2.0072E+02	  1.7960E+02	  1.6521E+02	  1.6665E+02	  1.6118E+02	  1.4791E+02	  1.6261E+02	  1.5998E+02	  1.4692E+02	  1.2078E+02	  9.6746E+01	  1.1014E+02	  1.2998E+02	  1.4112E+02	  1.3003E+02	  1.2607E+02	  1.3413E+02	  9.3188E+01	  6.7194E+01	  2.7762E+01	  6.7861E+00	  4.0220E+00	  2.1702E+00	  8.4914E-01	  3.7610E-02	  0.0000E+00	  0.0000E+00	  0.0000E+00	  0.0000E+00	  0.0000E+00	  0.0000E+00	  0.0000E+00	  0.0000E+00	  0.0000E+00	  0.0000E+00	  0.0000E+00	  0.0000E+00
  0.0000E+00	  0.0000E+00	  0.0000E+00	  0.0000E+00	  0.0000E+00	  0.0000E+00	  0.0000E+00	  0.0000E+00	  0.0000E+00	  0.0000E+00	  0.0000E+00	  0.0000E+00	  0.0000E+00	  1.0792E-01	  9.7360E-01	  3.1693E+00	  1.1205E+01	  1.4400E+01	  2.5183E+01	  6.2058E+01	  8.6449E+01	  1.1111E+02	  1.1356E+02	  1.3198E+02	  1.2753E+02	  1.1331E+02	  1.1724E+02	  1.0748E+02	  1.3034E+02	  1.3529E+02	  1.4234E+02	  1.2780E+02	  1.4703E+02	  1.4727E+02	  1.5489E+02	  1.6828E+02	  1.9757E+02	  1.8467E+02	  1.7980E+02	  2.0536E+02	  2.2091E+02	  1.9755E+02	  2.1886E+02	  2.4085E+02	  2.6595E+02	  2.7281E+02	  2.6353E+02	  2.6153E+02	  2.4824E+02	  2.6414E+02	  2.8918E+02	  2.9284E+02	  2.8490E+02	  2.6828E+02	  2.8036E+02	  2.5337E+02	  2.3912E+02	  2.3652E+02	  2.4361E+02	  2.7410E+02	  2.9444E+02	  2.8305E+02	  2.7313E+02	  2.7330E+02	  3.3007E+02	  3.1711E+02	  3.2863E+02	  3.2042E+02	  3.0921E+02	  2.9889E+02	  2.9983E+02	  2.5282E+02	  2.7860E+02	  2.9298E+02	  3.2517E+02	  3.3792E+02	  3.4859E+02	  3.4376E+02	  3.1713E+02	  3.1050E+02	  2.9933E+02	  3.3959E+02	  3.6188E+02	  3.2447E+02	  3.3153E+02	  3.0987E+02	  2.9255E+02	  2.5225E+02	  2.7311E+02	  2.4680E+02	  2.0993E+02	  2.0960E+02	  1.9635E+02	  1.7233E+02	  1.8707E+02	  1.6296E+02	  1.5660E+02	  1.3991E+02	  1.4311E+02	  1.5695E+02	  1.2528E+02	  1.1506E+02	  1.1314E+02	  1.1409E+02	  1.1607E+02	  1.2743E+02	  1.5004E+02	  1.4615E+02	  1.0938E+02	  7.9223E+01	  4.7586E+01	  1.3600E+01	  3.9820E+00	  2.3324E-01	  1.1418E+00	  9.9417E-02	  0.0000E+00	  0.0000E+00	  0.0000E+00	  0.0000E+00	  0.0000E+00	  0.0000E+00	  0.0000E+00	  0.0000E+00	  0.0000E+00	  0.0000E+00	  0.0000E+00	  0.0000E+00
  0.0000E+00	  0.0000E+00	  0.0000E+00	  0.0000E+00	  0.0000E+00	  0.0000E+00	  0.0000E+00	  0.0000E+00	  0.0000E+00	  0.0000E+00	  0.0000E+00	  0.0000E+00	  0.0000E+00	  8.1990E-02	  4.6840E-01	  1.9039E+00	  4.2760E+00	  1.3733E+01	  3.0390E+01	  6.3336E+01	  8.5149E+01	  1.1242E+02	  1.2442E+02	  1.5790E+02	  1.5112E+02	  1.2235E+02	  1.1908E+02	  1.1339E+02	  1.1859E+02	  1.4729E+02	  1.5136E+02	  1.3370E+02	  1.2842E+02	  1.4185E+02	  1.7251E+02	  1.9090E+02	  2.0697E+02	  1.9114E+02	  2.1409E+02	  2.2918E+02	  2.1093E+02	  2.1258E+02	  2.4986E+02	  2.4902E+02	  2.4973E+02	  2.5547E+02	  2.8104E+02	  2.5681E+02	  2.1818E+02	  2.4595E+02	  2.7465E+02	  2.8571E+02	  2.7212E+02	  2.9756E+02	  2.8495E+02	  2.5727E+02	  2.3703E+02	  2.2871E+02	  2.5204E+02	  2.6789E+02	  2.6209E+02	  2.8535E+02	  2.6792E+02	  2.8913E+02	  3.0072E+02	  2.9731E+02	  3.2723E+02	  3.1048E+02	  2.9869E+02	  3.0192E+02	  3.1121E+02	  2.7008E+02	  2.8159E+02	  2.9171E+02	  3.0849E+02	  3.3862E+02	  3.3197E+02	  3.2489E+02	  2.9968E+02	  2.7065E+02	  2.7724E+02	  3.0825E+02	  3.0573E+02	  2.8585E+02	  2.8987E+02	  2.5781E+02	  2.3826E+02	  2.1041E+02	  2.3998E+02	  2.1405E+02	  1.7441E+02	  1.7418E+02	  1.8814E+02	  1.8216E+02	  1.8219E+02	  1.9277E+02	  1.6704E+02	  1.4829E+02	  1.2555E+02	  1.3836E+02	  1.2570E+02	  1.2827E+02	  1.2530E+02	  1.2888E+02	  1.5035E+02	  1.3022E+02	  1.4807E+02	  1.4301E+02	  1.0772E+02	  8.6704E+01	  4.8874E+01	  1.7331E+01	  9.7751E+00	  1.8011E+00	  7.2267E-01	  8.2373E-03	  0.0000E+00	  0.0000E+00	  0.0000E+00	  0.0000E+00	  0.0000E+00	  0.0000E+00	  0.0000E+00	  0.0000E+00	  0.0000E+00	  0.0000E+00	  0.0000E+00	  0.0000E+00
  0.0000E+00	  0.0000E+00	  0.0000E+00	  0.0000E+00	  0.0000E+00	  0.0000E+00	  0.0000E+00	  0.0000E+00	  0.0000E+00	  0.0000E+00	  0.0000E+00	  0.0000E+00	  0.0000E+00	  0.0000E+00	  0.0000E+00	  1.4031E+00	  5.9947E+00	  2.0259E+01	  4.2605E+01	  6.6616E+01	  9.8904E+01	  1.2167E+02	  1.2854E+02	  1.5190E+02	  1.3038E+02	  1.1866E+02	  1.2186E+02	  1.1776E+02	  1.3329E+02	  1.3676E+02	  1.3886E+02	  1.3451E+02	  1.3902E+02	  1.5430E+02	  2.0716E+02	  1.9869E+02	  1.8674E+02	  2.0534E+02	  2.2584E+02	  2.2448E+02	  2.2307E+02	  2.0993E+02	  2.5094E+02	  2.4193E+02	  2.5308E+02	  2.4357E+02	  2.5342E+02	  2.4684E+02	  2.5316E+02	  2.4591E+02	  2.7328E+02	  2.8743E+02	  2.6480E+02	  2.8470E+02	  3.1837E+02	  2.5786E+02	  2.3925E+02	  2.3909E+02	  2.4534E+02	  2.5421E+02	  2.5963E+02	  2.7583E+02	  2.6061E+02	  2.6840E+02	  2.6432E+02	  2.5836E+02	  2.6444E+02	  2.4666E+02	  2.5452E+02	  2.6845E+02	  3.1756E+02	  3.1208E+02	  2.9018E+02	  2.8248E+02	  2.9414E+02	  3.4450E+02	  3.1581E+02	  2.7201E+02	  2.7759E+02	  2.3408E+02	  2.2528E+02	  2.5816E+02	  2.8288E+02	  2.7593E+02	  2.6146E+02	  2.3736E+02	  2.3549E+02	  2.0474E+02	  2.1087E+02	  2.0984E+02	  1.8912E+02	  1.8080E+02	  1.8278E+02	  1.8360E+02	  2.1866E+02	  1.8163E+02	  1.7905E+02	  1.7117E+02	  1.3750E+02	  1.3010E+02	  1.1620E+02	  1.2663E+02	  1.4075E+02	  1.2801E+02	  1.5260E+02	  1.5062E+02	  1.4283E+02	  1.4298E+02	  1.1400E+02	  8.8801E+01	  4.6463E+01	  2.4758E+01	  1.3586E+01	  3.9063E+00	  7.9624E-01	  0.0000E+00	  0.0000E+00	  0.0000E+00	  0.0000E+00	  0.0000E+00	  0.0000E+00	  0.0000E+00	  0.0000E+00	  0.0000E+00	  0.0000E+00	  0.0000E+00	  0.0000E+00	  0.0000E+00
  0.0000E+00	  0.0000E+00	  0.0000E+00	  0.0000E+00	  0.0000E+00	  0.0000E+00	  0.0000E+00	  0.0000E+00	  0.0000E+00	  0.0000E+00	  0.0000E+00	  0.0000E+00	  0.0000E+00	  0.0000E+00	  1.0617E+00	  3.7919E+00	  7.5238E+00	  2.1595E+01	  4.8775E+01	  6.8473E+01	  1.0957E+02	  1.4296E+02	  1.2719E+02	  1.4689E+02	  1.3164E+02	  1.1794E+02	  1.2160E+02	  1.3353E+02	  1.6437E+02	  1.5510E+02	  1.3306E+02	  1.3524E+02	  1.3540E+02	  1.5887E+02	  1.9987E+02	  2.1077E+02	  1.8659E+02	  2.0210E+02	  2.1095E+02	  2.2168E+02	  2.2503E+02	  2.3795E+02	  2.6124E+02	  2.5778E+02	  2.3147E+02	  2.2274E+02	  2.2649E+02	  2.2764E+02	  2.4295E+02	  2.2502E+02	  2.3801E+02	  2.5813E+02	  2.5460E+02	  2.7497E+02	  2.9518E+02	  2.8560E+02	  2.6442E+02	  2.4941E+02	  2.6159E+02	  2.4115E+02	  2.5896E+02	  2.8309E+02	  2.8443E+02	  2.6280E+02	  2.2064E+02	  2.2956E+02	  2.4201E+02	  2.3620E+02	  2.4874E+02	  2.5829E+02	  2.8961E+02	  3.0153E+02	  2.9320E+02	  2.6945E+02	  2.6398E+02	  2.7178E+02	  2.6187E+02	  2.4978E+02	  2.3916E+02	  2.1586E+02	  2.2720E+02	  2.6136E+02	  2.6386E+02	  2.7998E+02	  2.5438E+02	  2.3914E+02	  2.0777E+02	  2.0325E+02	  2.3012E+02	  2.0822E+02	  1.8537E+02	  1.8999E+02	  1.9146E+02	  1.8713E+02	  2.0144E+02	  1.8981E+02	  1.6590E+02	  1.6080E+02	  1.6106E+02	  1.4748E+02	  1.3356E+02	  1.3828E+02	  1.3498E+02	  1.5154E+02	  1.4118E+02	  1.6368E+02	  1.5109E+02	  1.2588E+02	  1.2948E+02	  9.6975E+01	  6.1241E+01	  2.0043E+01	  9.5610E+00	  3.0274E+00	  3.9488E-01	  0.0000E+00	  0.0000E+00	  0.0000E+00	  0.0000E+00	  0.0000E+00	  0.0000E+00	  0.0000E+00	  0.0000E+00	  0.0000E+00	  0.0000E+00	  0.0000E+00	  0.0000E+00	  0.0000E+00
  0.0000E+00	  0.0000E+00	  0.0000E+00	  0.0000E+00	  0.0000E+00	  0.0000E+00	  0.0000E+00	  0.0000E+00	  0.0000E+00	  0.0000E+00	  0.0000E+00	  0.0000E+00	  0.0000E+00	  1.3345E-01	  1.2463E+00	  2.4391E+00	  7.7120E+00	  1.5785E+01	  4.1299E+01	  7.9307E+01	  1.3517E+02	  1.6584E+02	  1.4467E+02	  1.4917E+02	  1.3331E+02	  1.2200E+02	  1.2480E+02	  1.3843E+02	  1.3126E+02	  1.5486E+02	  1.4155E+02	  1.3615E+02	  1.5714E+02	  1.7811E+02	  1.9293E+02	  1.7502E+02	  1.6066E+02	  1.7439E+02	  1.8608E+02	  2.0736E+02	  2.2911E+02	  2.4806E+02	  2.7301E+02	  2.6309E+02	  2.3571E+02	  2.4032E+02	  2.2746E+02	  2.3953E+02	  2.1780E+02	  2.1650E+02	  2.0916E+02	  2.5230E+02	  2.7688E+02	  3.1750E+02	  3.0933E+02	  2.7003E+02	  2.5713E+02	  2.4926E+02	  2.3009E+02	  2.5116E+02	  2.5954E+02	  2.6098E+02	  2.6563E+02	  2.3453E+02	  2.0169E+02	  2.2122E+02	  2.4127E+02	  2.2282E+02	  2.3360E+02	  2.5317E+02	  2.5636E+02	  2.5452E+02	  2.5082E+02	  2.2652E+02	  2.2271E+02	  2.3681E+02	  2.3202E+02	  2.7596E+02	  2.5456E+02	  2.2175E+02	  2.4442E+02	  2.4249E+02	  2.5610E+02	  2.7546E+02	  2.6225E+02	  2.6920E+02	  2.3935E+02	  2.3025E+02	  2.6316E+02	  2.1488E+02	  1.9105E+02	  2.1674E+02	  1.8932E+02	  1.8925E+02	  1.8767E+02	  1.6822E+02	  1.4915E+02	  1.6452E+02	  1.5797E+02	  1.6275E+02	  1.5982E+02	  1.4127E+02	  1.4452E+02	  1.5320E+02	  1.4158E+02	  1.3169E+02	  1.4052E+02	  1.2784E+02	  1.2088E+02	  7.9427E+01	  4.4609E+01	  1.7563E+01	  6.8415E+00	  1.9041E+00	  2.9963E-01	  0.0000E+00	  0.0000E+00	  0.0000E+00	  0.0000E+00	  0.0000E+00	  0.0000E+00	  0.0000E+00	  0.0000E+00	  0.0000E+00	  0.0000E+00	  0.0000E+00	  0.0000E+00	  0.0000E+00
  0.0000E+00	  0.0000E+00	  0.0000E+00	  0.0000E+00	  0.0000E+00	  0.0000E+00	  0.0000E+00	  0.0000E+00	  0.0000E+00	  0.0000E+00	  0.0000E+00	  0.0000E+00	  0.0000E+00	  3.0669E-02	  4.6871E-01	  4.7966E+00	  7.9115E+00	  1.9871E+01	  4.4424E+01	  8.2791E+01	  1.2314E+02	  1.4857E+02	  1.2557E+02	  1.3753E+02	  1.5113E+02	  1.4607E+02	  1.3847E+02	  1.3875E+02	  1.3104E+02	  1.2901E+02	  1.3900E+02	  1.4678E+02	  1.7662E+02	  1.9848E+02	  1.7006E+02	  1.7724E+02	  1.6628E+02	  1.7941E+02	  1.7163E+02	  2.2255E+02	  2.2744E+02	  2.5161E+02	  2.7286E+02	  2.5485E+02	  2.5972E+02	  2.4626E+02	  2.4409E+02	  2.2610E+02	  2.2223E+02	  2.1450E+02	  2.2438E+02	  2.4768E+02	  2.9991E+02	  3.1285E+02	  2.8423E+02	  2.7468E+02	  2.5231E+02	  2.3380E+02	  1.9802E+02	  2.1655E+02	  2.3188E+02	  2.1837E+02	  2.1753E+02	  2.1820E+02	  1.9258E+02	  2.0040E+02	  2.1335E+02	  2.3015E+02	  2.4494E+02	  2.4733E+02	  2.3703E+02	  2.3252E+02	  2.1369E+02	  2.0163E+02	  1.9855E+02	  2.1642E+02	  2.1622E+02	  2.6917E+02	  2.5071E+02	  2.5129E+02	  2.8851E+02	  2.9104E+02	  3.0218E+02	  2.8561E+02	  2.5913E+02	  2.4241E+02	  2.2907E+02	  2.1299E+02	  2.1919E+02	  2.1192E+02	  2.2972E+02	  2.3367E+02	  2.1913E+02	  2.1363E+02	  1.9084E+02	  1.8668E+02	  1.6710E+02	  1.7062E+02	  1.5913E+02	  1.5768E+02	  1.7355E+02	  1.5619E+02	  1.5385E+02	  1.4555E+02	  1.2414E+02	  1.2106E+02	  1.2828E+02	  1.2116E+02	  9.9153E+01	  7.4725E+01	  3.9309E+01	  2.0600E+01	  4.8785E+00	  2.2899E+00	  1.4917E-01	  0.0000E+00	  0.0000E+00	  0.0000E+00	  0.0000E+00	  0.0000E+00	  0.0000E+00	  0.0000E+00	  0.0000E+00	  0.0000E+00	  0.0000E+00	  0.0000E+00	  0.0000E+00	  0.0000E+00
  0.0000E+00	  0.0000E+00	  0.0000E+00	  0.0000E+00	  0.0000E+00	  0.0000E+00	  0.0000E+00	  0.0000E+00	  0.0000E+00	  0.0000E+00	  0.0000E+00	  0.0000E+00	  0.0000E+00	  0.0000E+00	  1.2227E+00	  3.0446E+00	  8.5743E+00	  2.7924E+01	  5.4901E+01	  9.2974E+01	  1.4740E+02	  1.4404E+02	  1.4407E+02	  1.5575E+02	  1.4866E+02	  1.2557E+02	  1.2144E+02	  1.1436E+02	  1.1714E+02	  1.3750E+02	  1.5615E+02	  1.4487E+02	  1.4515E+02	  1.6263E+02	  1.6422E+02	  1.8672E+02	  1.6931E+02	  1.7969E+02	  2.0159E+02	  2.3094E+02	  2.2765E+02	  2.4837E+02	  2.4733E+02	  2.6725E+02	  2.8852E+02	  2.5987E+02	  2.7016E+02	  2.5470E+02	  2.4818E+02	  2.2009E+02	  2.2138E+02	  2.4596E+02	  3.0007E+02	  2.8037E+02	  2.6988E+02	  2.5699E+02	  2.5939E+02	  2.3834E+02	  2.0813E+02	  2.0245E+02	  2.3383E+02	  1.9772E+02	  1.8783E+02	  1.7502E+02	  2.0092E+02	  2.0874E+02	  2.2032E+02	  2.1270E+02	  1.9200E+02	  2.2450E+02	  2.1161E+02	  2.1760E+02	  2.1991E+02	  2.2549E+02	  1.9725E+02	  2.1111E+02	  2.5328E+02	  2.7602E+02	  2.6197E+02	  2.5028E+02	  2.7995E+02	  2.8249E+02	  2.8584E+02	  2.8597E+02	  2.6563E+02	  2.5114E+02	  2.3086E+02	  2.0142E+02	  2.0398E+02	  2.4451E+02	  2.4452E+02	  2.2294E+02	  2.0986E+02	  1.8488E+02	  1.6496E+02	  1.8098E+02	  1.6351E+02	  1.5995E+02	  1.3508E+02	  1.3577E+02	  1.6452E+02	  1.5540E+02	  1.6641E+02	  1.5756E+02	  1.3457E+02	  1.2709E+02	  1.2912E+02	  1.0853E+02	  7.6592E+01	  5.6210E+01	  4.5410E+01	  2.5139E+01	  5.2515E+00	  1.2950E+00	  2.4666E-02	  0.0000E+00	  0.0000E+00	  0.0000E+00	  0.0000E+00	  0.0000E+00	  0.0000E+00	  0.0000E+00	  0.0000E+00	  0.0000E+00	  0.0000E+00	  0.0000E+00	  0.0000E+00	  0.0000E+00
  0.0000E+00	  0.0000E+00	  0.0000E+00	  0.0000E+00	  0.0000E+00	  0.0000E+00	  0.0000E+00	  0.0000E+00	  0.0000E+00	  0.0000E+00	  0.0000E+00	  0.0000E+00	  0.0000E+00	  0.0000E+00	  9.3426E-01	  4.9509E+00	  8.0990E+00	  2.3651E+01	  4.4298E+01	  9.3617E+01	  1.3904E+02	  1.2570E+02	  1.4477E+02	  1.6054E+02	  1.3893E+02	  1.1075E+02	  1.1433E+02	  1.1761E+02	  1.3531E+02	  1.6145E+02	  1.8164E+02	  1.6099E+02	  1.4215E+02	  1.4747E+02	  1.5910E+02	  1.8012E+02	  1.8118E+02	  1.9425E+02	  2.0942E+02	  1.9867E+02	  2.0364E+02	  2.2119E+02	  2.1107E+02	  2.5395E+02	  2.7341E+02	  2.5455E+02	  2.6551E+02	  2.5892E+02	  2.3439E+02	  2.1320E+02	  2.0918E+02	  2.2697E+02	  2.5104E+02	  2.6834E+02	  2.3787E+02	  2.5482E+02	  2.5959E+02	  2.4316E+02	  2.1210E+02	  2.2078E+02	  2.2398E+02	  1.9653E+02	  1.8674E+02	  2.1149E+02	  2.2251E+02	  2.0991E+02	  2.0551E+02	  2.0807E+02	  1.8958E+02	  2.1593E+02	  2.1862E+02	  2.1398E+02	  2.3584E+02	  2.3953E+02	  2.0746E+02	  2.2528E+02	  2.5117E+02	  2.5727E+02	  2.7848E+02	  2.8269E+02	  2.9645E+02	  2.6596E+02	  2.7081E+02	  2.6076E+02	  2.7484E+02	  2.4781E+02	  2.1974E+02	  2.0979E+02	  2.2214E+02	  2.4083E+02	  2.4557E+02	  2.2295E+02	  2.1930E+02	  1.6825E+02	  1.5123E+02	  1.6617E+02	  1.3374E+02	  1.5350E+02	  1.2913E+02	  1.1362E+02	  1.3867E+02	  1.3817E+02	  1.4633E+02	  1.4689E+02	  1.4525E+02	  1.3098E+02	  1.3879E+02	  1.0800E+02	  7.6134E+01	  6.0597E+01	  3.7016E+01	  2.3949E+01	  1.0894E+01	  1.3975E+00	  0.0000E+00	  0.0000E+00	  0.0000E+00	  0.0000E+00	  0.0000E+00	  0.0000E+00	  0.0000E+00	  0.0000E+00	  0.0000E+00	  0.0000E+00	  0.0000E+00	  0.0000E+00	  0.0000E+00	  0.0000E+00
  0.0000E+00	  0.0000E+00	  0.0000E+00	  0.0000E+00	  0.0000E+00	  0.0000E+00	  0.0000E+00	  0.0000E+00	  0.0000E+00	  0.0000E+00	  0.0000E+00	  0.0000E+00	  0.0000E+00	  0.0000E+00	  9.6791E-01	  3.6678E+00	  6.2985E+00	  1.8006E+01	  3.8122E+01	  8.8871E+01	  1.2087E+02	  1.0807E+02	  1.2458E+02	  1.4053E+02	  1.2685E+02	  1.0579E+02	  1.1519E+02	  1.3690E+02	  1.5276E+02	  1.5546E+02	  1.4667E+02	  1.5768E+02	  1.5117E+02	  1.7341E+02	  1.6943E+02	  1.8979E+02	  1.9703E+02	  2.0166E+02	  2.2192E+02	  1.9886E+02	  1.8953E+02	  2.0590E+02	  2.0657E+02	  2.3552E+02	  2.2413E+02	  2.3030E+02	  2.6740E+02	  2.5431E+02	  2.3367E+02	  2.1039E+02	  2.3286E+02	  2.0205E+02	  2.4404E+02	  2.5694E+02	  2.4671E+02	  2.3929E+02	  2.2460E+02	  2.3334E+02	  2.1638E+02	  2.1780E+02	  2.2987E+02	  2.2811E+02	  2.2235E+02	  2.2083E+02	  2.3314E+02	  2.1544E+02	  2.3127E+02	  2.2349E+02	  2.2451E+02	  2.2920E+02	  2.2133E+02	  2.2165E+02	  2.5306E+02	  2.5885E+02	  2.4605E+02	  2.3014E+02	  2.4436E+02	  2.2311E+02	  2.5154E+02	  2.4452E+02	  2.2896E+02	  2.4345E+02	  2.2905E+02	  2.1471E+02	  2.4978E+02	  2.3536E+02	  2.3716E+02	  2.2400E+02	  2.0905E+02	  2.1507E+02	  2.4948E+02	  2.4619E+02	  2.1449E+02	  1.6758E+02	  1.5296E+02	  1.5441E+02	  1.6339E+02	  1.5993E+02	  1.2312E+02	  1.1437E+02	  1.2185E+02	  1.3804E+02	  1.5030E+02	  1.4858E+02	  1.6279E+02	  1.7120E+02	  1.3371E+02	  1.1969E+02	  9.8987E+01	  7.6498E+01	  4.5205E+01	  2.9835E+01	  1.3165E+01	  2.1138E+00	  0.0000E+00	  0.0000E+00	  0.0000E+00	  0.0000E+00	  0.0000E+00	  0.0000E+00	  0.0000E+00	  0.0000E+00	  0.0000E+00	  0.0000E+00	  0.0000E+00	  0.0000E+00	  0.0000E+00	  0.0000E+00
  0.0000E+00	  0.0000E+00	  0.0000E+00	  0.0000E+00	  0.0000E+00	  0.0000E+00	  0.0000E+00	  0.0000E+00	  0.0000E+00	  0.0000E+00	  0.0000E+00	  0.0000E+00	  0.0000E+00	  0.0000E+00	  8.3999E-02	  1.6113E+00	  6.1406E+00	  1.6268E+01	  4.4654E+01	  8.4743E+01	  1.1510E+02	  1.2633E+02	  1.3138E+02	  1.5137E+02	  1.3747E+02	  1.2190E+02	  1.2034E+02	  1.2415E+02	  1.4659E+02	  1.4700E+02	  1.4452E+02	  1.5890E+02	  1.7100E+02	  1.8611E+02	  1.9931E+02	  2.0244E+02	  1.9455E+02	  1.9392E+02	  1.9819E+02	  1.7586E+02	  1.9178E+02	  2.0557E+02	  2.2633E+02	  2.1715E+02	  2.0745E+02	  2.2372E+02	  2.4115E+02	  2.2005E+02	  2.1541E+02	  2.0846E+02	  2.1802E+02	  2.3876E+02	  2.3548E+02	  2.2994E+02	  2.3648E+02	  2.2666E+02	  2.1323E+02	  2.1230E+02	  2.0012E+02	  2.2765E+02	  2.4583E+02	  2.6608E+02	  2.3225E+02	  2.0289E+02	  2.1168E+02	  2.1608E+02	  2.2935E+02	  2.2771E+02	  2.1928E+02	  2.3139E+02	  2.1773E+02	  2.3301E+02	  2.3587E+02	  2.7383E+02	  2.5401E+02	  2.4395E+02	  2.4576E+02	  2.4049E+02	  2.2010E+02	  2.2603E+02	  2.0050E+02	  2.0173E+02	  2.3480E+02	  2.4598E+02	  2.6545E+02	  2.4977E+02	  2.3050E+02	  2.2322E+02	  1.9344E+02	  2.0205E+02	  2.1533E+02	  2.2536E+02	  2.1441E+02	  1.6994E+02	  1.6063E+02	  1.5983E+02	  1.6288E+02	  1.5697E+02	  1.1575E+02	  1.1678E+02	  1.2054E+02	  1.1647E+02	  1.4436E+02	  1.6246E+02	  1.6587E+02	  1.6988E+02	  1.3057E+02	  1.2172E+02	  1.1572E+02	  8.4962E+01	  4.7520E+01	  2.1792E+01	  8.9865E+00	  1.2427E+00	  0.0000E+00	  0.0000E+00	  0.0000E+00	  0.0000E+00	  0.0000E+00	  0.0000E+00	  0.0000E+00	  0.0000E+00	  0.0000E+00	  0.0000E+00	  0.0000E+00	  0.0000E+00	  0.0000E+00	  0.0000E+00
  0.0000E+00	  0.0000E+00	  0.0000E+00	  0.0000E+00	  0.0000E+00	  0.0000E+00	  0.0000E+00	  0.0000E+00	  0.0000E+00	  0.0000E+00	  0.0000E+00	  0.0000E+00	  0.0000E+00	  0.0000E+00	  0.0000E+00	  2.0140E+00	  4.4815E+00	  1.6422E+01	  5.3155E+01	  6.8543E+01	  9.7214E+01	  1.4128E+02	  1.5188E+02	  1.4050E+02	  1.2579E+02	  1.2301E+02	  1.2361E+02	  1.2038E+02	  1.4848E+02	  1.1653E+02	  1.2572E+02	  1.5465E+02	  1.6191E+02	  2.0317E+02	  2.1859E+02	  1.9880E+02	  1.8321E+02	  1.6020E+02	  1.8266E+02	  1.8471E+02	  2.1076E+02	  2.2138E+02	  2.2489E+02	  2.0734E+02	  1.7552E+02	  1.9594E+02	  2.1393E+02	  2.0886E+02	  2.1379E+02	  1.9540E+02	  2.2577E+02	  2.2964E+02	  2.4471E+02	  2.7122E+02	  2.7038E+02	  2.2944E+02	  2.0469E+02	  2.0128E+02	  2.0166E+02	  2.1879E+02	  2.4522E+02	  2.4834E+02	  2.2136E+02	  2.0175E+02	  2.1999E+02	  2.3329E+02	  2.3927E+02	  2.2376E+02	  2.1732E+02	  2.1789E+02	  1.8477E+02	  2.0953E+02	  2.2075E+02	  2.3128E+02	  2.1844E+02	  2.1217E+02	  2.2033E+02	  2.0320E+02	  2.0008E+02	  2.0680E+02	  1.9037E+02	  1.9965E+02	  2.1095E+02	  2.5377E+02	  2.8041E+02	  2.5553E+02	  2.1152E+02	  2.0748E+02	  1.9229E+02	  1.9846E+02	  2.1305E+02	  2.0515E+02	  1.8509E+02	  1.7825E+02	  1.8393E+02	  1.7359E+02	  1.4857E+02	  1.3131E+02	  1.3200E+02	  1.2908E+02	  1.4021E+02	  1.2397E+02	  1.3120E+02	  1.4436E+02	  1.4576E+02	  1.4264E+02	  1.2017E+02	  1.1547E+02	  1.0060E+02	  7.4265E+01	  3.1170E+01	  1.1721E+01	  4.4874E+00	  1.1863E+00	  0.0000E+00	  7.1458E-01	  1.2097E-01	  0.0000E+00	  0.0000E+00	  0.0000E+00	  0.0000E+00	  0.0000E+00	  0.0000E+00	  0.0000E+00	  0.0000E+00	  0.0000E+00	  0.0000E+00	  0.0000E+00
  0.0000E+00	  0.0000E+00	  0.0000E+00	  0.0000E+00	  0.0000E+00	  0.0000E+00	  0.0000E+00	  0.0000E+00	  0.0000E+00	  0.0000E+00	  0.0000E+00	  0.0000E+00	  0.0000E+00	  0.0000E+00	  3.1188E-01	  1.7541E+00	  8.7717E+00	  2.7667E+01	  5.9129E+01	  8.5469E+01	  1.0780E+02	  1.2498E+02	  1.4181E+02	  1.1809E+02	  1.1448E+02	  1.1486E+02	  1.2736E+02	  1.2693E+02	  1.2967E+02	  1.3432E+02	  1.3623E+02	  1.4483E+02	  1.6743E+02	  1.9628E+02	  2.1103E+02	  1.9356E+02	  1.7566E+02	  1.8854E+02	  1.8185E+02	  1.8634E+02	  2.1987E+02	  2.2132E+02	  2.1839E+02	  1.9530E+02	  1.7617E+02	  1.9693E+02	  2.2644E+02	  2.0774E+02	  1.8954E+02	  1.8812E+02	  2.1456E+02	  2.2779E+02	  2.1919E+02	  2.3727E+02	  2.2417E+02	  2.1808E+02	  1.7962E+02	  1.9869E+02	  1.8500E+02	  1.9894E+02	  1.9513E+02	  2.2258E+02	  2.1359E+02	  2.0329E+02	  2.2571E+02	  2.5931E+02	  2.4531E+02	  2.4431E+02	  2.4366E+02	  1.9436E+02	  1.8040E+02	  1.9646E+02	  2.0039E+02	  2.1049E+02	  2.2212E+02	  2.1939E+02	  1.9298E+02	  1.8562E+02	  2.0804E+02	  1.9651E+02	  2.0358E+02	  2.0205E+02	  2.1800E+02	  2.3181E+02	  2.4011E+02	  2.2301E+02	  1.7136E+02	  1.6147E+02	  1.7275E+02	  1.9040E+02	  1.9771E+02	  1.6411E+02	  1.7008E+02	  1.6955E+02	  1.8016E+02	  1.6986E+02	  1.4165E+02	  1.5060E+02	  1.4008E+02	  1.3014E+02	  1.2798E+02	  1.3562E+02	  1.4539E+02	  1.4126E+02	  1.3745E+02	  1.2967E+02	  1.3020E+02	  1.2982E+02	  9.5470E+01	  8.2913E+01	  3.2447E+01	  1.0561E+01	  2.7824E+00	  1.5536E+00	  0.0000E+00	  1.3993E-01	  2.3689E-02	  0.0000E+00	  0.0000E+00	  0.0000E+00	  0.0000E+00	  0.0000E+00	  0.0000E+00	  0.0000E+00	  0.0000E+00	  0.0000E+00	  0.0000E+00	  0.0000E+00
  0.0000E+00	  0.0000E+00	  0.0000E+00	  0.0000E+00	  0.0000E+00	  0.0000E+00	  0.0000E+00	  0.0000E+00	  0.0000E+00	  0.0000E+00	  0.0000E+00	  0.0000E+00	  0.0000E+00	  0.0000E+00	  1.6841E-01	  2.8744E+00	  1.3315E+01	  2.8715E+01	  6.9128E+01	  9.5316E+01	  1.0435E+02	  1.1856E+02	  1.3587E+02	  1.1769E+02	  1.3500E+02	  1.2998E+02	  1.1537E+02	  1.2964E+02	  1.2723E+02	  1.4543E+02	  1.4609E+02	  1.5762E+02	  1.7954E+02	  1.6975E+02	  1.5844E+02	  1.4769E+02	  1.6449E+02	  1.8441E+02	  1.8480E+02	  1.9398E+02	  2.2613E+02	  2.3345E+02	  2.3092E+02	  2.0371E+02	  1.9909E+02	  1.8700E+02	  1.9883E+02	  2.0317E+02	  1.9782E+02	  1.7943E+02	  1.6584E+02	  2.0351E+02	  2.2332E+02	  2.0497E+02	  2.2315E+02	  1.9935E+02	  1.6929E+02	  1.7781E+02	  1.8913E+02	  1.8675E+02	  1.8255E+02	  1.9235E+02	  1.7863E+02	  2.0184E+02	  2.2550E+02	  2.2939E+02	  2.3268E+02	  2.2785E+02	  2.1138E+02	  2.0620E+02	  1.9867E+02	  1.8959E+02	  2.0596E+02	  2.1904E+02	  2.1534E+02	  2.1139E+02	  1.9632E+02	  1.7911E+02	  1.9538E+02	  2.0899E+02	  2.2605E+02	  2.3032E+02	  2.4571E+02	  2.5371E+02	  2.0324E+02	  1.9771E+02	  1.8543E+02	  1.6015E+02	  1.7960E+02	  1.7102E+02	  1.6387E+02	  1.5897E+02	  1.8309E+02	  1.6222E+02	  1.5602E+02	  1.4995E+02	  1.6153E+02	  1.7924E+02	  1.5012E+02	  1.2622E+02	  1.2500E+02	  1.2909E+02	  1.4461E+02	  1.3369E+02	  1.3614E+02	  1.3086E+02	  1.4016E+02	  1.2635E+02	  1.0291E+02	  7.3840E+01	  3.5327E+01	  8.9799E+00	  1.6534E+00	  6.8068E-02	  0.0000E+00	  0.0000E+00	  0.0000E+00	  0.0000E+00	  0.0000E+00	  0.0000E+00	  0.0000E+00	  0.0000E+00	  0.0000E+00	  0.0000E+00	  0.0000E+00	  0.0000E+00	  0.0000E+00	  0.0000E+00
  0.0000E+00	  0.0000E+00	  0.0000E+00	  0.0000E+00	  0.0000E+00	  0.0000E+00	  0.0000E+00	  0.0000E+00	  0.0000E+00	  0.0000E+00	  0.0000E+00	  0.0000E+00	  0.0000E+00	  0.0000E+00	  4.3243E-01	  3.5891E+00	  1.4032E+01	  3.4058E+01	  5.6297E+01	  8.8204E+01	  1.0941E+02	  1.3963E+02	  1.6749E+02	  1.5028E+02	  1.2804E+02	  1.1713E+02	  1.3291E+02	  1.4846E+02	  1.6011E+02	  1.5896E+02	  1.5957E+02	  1.6220E+02	  1.5939E+02	  1.6054E+02	  1.5448E+02	  1.4705E+02	  1.6352E+02	  1.5992E+02	  1.9097E+02	  2.0389E+02	  2.1393E+02	  2.2103E+02	  2.1981E+02	  2.0191E+02	  1.9685E+02	  1.8991E+02	  1.6917E+02	  1.6810E+02	  1.9598E+02	  1.7892E+02	  1.6709E+02	  1.3640E+02	  1.8580E+02	  1.9759E+02	  2.2138E+02	  2.0433E+02	  1.7755E+02	  1.6117E+02	  1.7221E+02	  1.7027E+02	  1.8954E+02	  2.0713E+02	  1.8678E+02	  1.8087E+02	  1.9844E+02	  1.8943E+02	  1.9667E+02	  2.2645E+02	  1.8633E+02	  1.6771E+02	  1.8703E+02	  2.1007E+02	  2.0339E+02	  2.2630E+02	  2.1618E+02	  2.2077E+02	  1.9025E+02	  1.8137E+02	  1.9660E+02	  2.0202E+02	  2.2584E+02	  2.4734E+02	  2.5592E+02	  2.3799E+02	  1.7927E+02	  2.0397E+02	  1.8148E+02	  1.5693E+02	  1.6622E+02	  1.6753E+02	  1.6688E+02	  1.4726E+02	  1.6316E+02	  1.4576E+02	  1.5743E+02	  1.7261E+02	  1.6727E+02	  1.6661E+02	  1.5271E+02	  1.4724E+02	  1.2913E+02	  1.2287E+02	  1.4108E+02	  1.3710E+02	  1.3791E+02	  1.2805E+02	  1.3110E+02	  1.3388E+02	  9.7382E+01	  6.0967E+01	  2.9473E+01	  1.1595E+01	  1.8273E+00	  5.8314E-02	  0.0000E+00	  0.0000E+00	  0.0000E+00	  0.0000E+00	  0.0000E+00	  0.0000E+00	  0.0000E+00	  0.0000E+00	  0.0000E+00	  0.0000E+00	  0.0000E+00	  0.0000E+00	  0.0000E+00	  0.0000E+00
  0.0000E+00	  0.0000E+00	  0.0000E+00	  0.0000E+00	  0.0000E+00	  0.0000E+00	  0.0000E+00	  0.0000E+00	  0.0000E+00	  0.0000E+00	  0.0000E+00	  0.0000E+00	  0.0000E+00	  0.0000E+00	  4.6255E-01	  2.5446E+00	  5.8458E+00	  2.1945E+01	  5.8041E+01	  8.7866E+01	  1.2900E+02	  1.5902E+02	  1.6471E+02	  1.5876E+02	  1.3177E+02	  1.1744E+02	  1.2305E+02	  1.4193E+02	  1.6146E+02	  1.7769E+02	  1.7974E+02	  1.4430E+02	  1.3234E+02	  1.5441E+02	  1.5595E+02	  1.4773E+02	  1.6826E+02	  1.9506E+02	  1.7944E+02	  1.7289E+02	  1.8673E+02	  1.9906E+02	  1.9460E+02	  1.9227E+02	  1.8055E+02	  2.0463E+02	  1.7768E+02	  1.7088E+02	  2.1365E+02	  2.1314E+02	  1.8796E+02	  1.6486E+02	  1.6912E+02	  1.9186E+02	  2.1935E+02	  2.3823E+02	  1.9475E+02	  1.7932E+02	  1.5756E+02	  1.7276E+02	  2.0143E+02	  2.1451E+02	  1.9642E+02	  1.7738E+02	  1.7909E+02	  1.6929E+02	  1.8540E+02	  2.0200E+02	  1.8221E+02	  1.7583E+02	  1.5628E+02	  1.8788E+02	  2.0619E+02	  2.0405E+02	  2.1300E+02	  2.1698E+02	  1.7403E+02	  1.7080E+02	  1.7746E+02	  2.0531E+02	  2.3408E+02	  2.5816E+02	  2.8865E+02	  2.6904E+02	  2.2337E+02	  1.8728E+02	  1.9262E+02	  1.6671E+02	  1.6837E+02	  1.7018E+02	  1.5289E+02	  1.5240E+02	  1.4382E+02	  1.5571E+02	  1.7153E+02	  1.7843E+02	  1.8587E+02	  1.6654E+02	  1.6258E+02	  1.5535E+02	  1.6149E+02	  1.5381E+02	  1.4857E+02	  1.5341E+02	  1.2516E+02	  1.3250E+02	  1.5760E+02	  1.4744E+02	  9.2278E+01	  5.0899E+01	  2.1253E+01	  5.6243E+00	  6.2062E-01	  0.0000E+00	  0.0000E+00	  0.0000E+00	  0.0000E+00	  0.0000E+00	  0.0000E+00	  0.0000E+00	  0.0000E+00	  0.0000E+00	  0.0000E+00	  0.0000E+00	  0.0000E+00	  0.0000E+00	  0.0000E+00	  0.0000E+00
  0.0000E+00	  0.0000E+00	  0.0000E+00	  0.0000E+00	  0.0000E+00	  0.0000E+00	  0.0000E+00	  0.0000E+00	  0.0000E+00	  0.0000E+00	  0.0000E+00	  0.0000E+00	  0.0000E+00	  0.0000E+00	  1.7954E-02	  4.2276E-02	  1.0479E+00	  1.1260E+01	  4.7247E+01	  8.6242E+01	  1.2150E+02	  1.4039E+02	  1.4689E+02	  1.4630E+02	  1.4228E+02	  1.2372E+02	  1.2910E+02	  1.5175E+02	  1.6224E+02	  1.5998E+02	  1.6158E+02	  1.5163E+02	  1.3529E+02	  1.3777E+02	  1.5031E+02	  1.6758E+02	  1.8077E+02	  1.8332E+02	  1.8481E+02	  1.6026E+02	  1.5814E+02	  1.8073E+02	  1.7800E+02	  2.1555E+02	  1.9736E+02	  1.7468E+02	  1.6915E+02	  1.9343E+02	  2.2249E+02	  2.0905E+02	  1.9570E+02	  1.8016E+02	  1.8141E+02	  1.9453E+02	  2.0215E+02	  2.3299E+02	  2.0122E+02	  2.0015E+02	  1.7201E+02	  1.8159E+02	  1.9747E+02	  1.6839E+02	  1.7759E+02	  1.6417E+02	  1.6560E+02	  1.6622E+02	  1.6679E+02	  1.7667E+02	  1.8055E+02	  1.8625E+02	  1.7050E+02	  1.8896E+02	  2.0375E+02	  1.9528E+02	  1.9449E+02	  1.8071E+02	  1.4529E+02	  1.4992E+02	  1.7903E+02	  1.7990E+02	  2.2343E+02	  2.2976E+02	  2.6309E+02	  2.6217E+02	  2.5071E+02	  2.0659E+02	  1.7349E+02	  1.6989E+02	  1.7971E+02	  1.6335E+02	  1.4329E+02	  1.4661E+02	  1.3401E+02	  1.5557E+02	  1.9155E+02	  1.9499E+02	  1.9881E+02	  1.7178E+02	  1.6379E+02	  1.7328E+02	  1.4829E+02	  1.4907E+02	  1.6903E+02	  1.5943E+02	  1.3837E+02	  1.4102E+02	  1.5579E+02	  1.4017E+02	  8.8023E+01	  5.1944E+01	  1.8646E+01	  4.8107E+00	  2.4853E-01	  0.0000E+00	  0.0000E+00	  0.0000E+00	  0.0000E+00	  0.0000E+00	  0.0000E+00	  0.0000E+00	  0.0000E+00	  0.0000E+00	  0.0000E+00	  0.0000E+00	  0.0000E+00	  0.0000E+00	  0.0000E+00	  0.0000E+00
  0.0000E+00	  0.0000E+00	  0.0000E+00	  0.0000E+00	  0.0000E+00	  0.0000E+00	  0.0000E+00	  0.0000E+00	  0.0000E+00	  0.0000E+00	  0.0000E+00	  0.0000E+00	  0.0000E+00	  0.0000E+00	  0.0000E+00	  0.0000E+00	  1.3850E+00	  1.1244E+01	  4.2706E+01	  5.8171E+01	  1.0255E+02	  1.3159E+02	  1.2496E+02	  1.3827E+02	  1.4907E+02	  1.4984E+02	  1.4941E+02	  1.6900E+02	  1.6400E+02	  1.7614E+02	  1.7309E+02	  1.4679E+02	  1.3286E+02	  1.3476E+02	  1.3592E+02	  1.7125E+02	  1.9128E+02	  1.7345E+02	  1.8047E+02	  1.5307E+02	  1.6378E+02	  1.7204E+02	  1.8872E+02	  2.1025E+02	  1.8839E+02	  1.6433E+02	  1.8602E+02	  2.1534E+02	  2.1021E+02	  1.9128E+02	  1.9651E+02	  1.8094E+02	  1.7813E+02	  1.9665E+02	  2.0174E+02	  2.1136E+02	  1.9010E+02	  1.7950E+02	  1.7359E+02	  1.7796E+02	  1.8780E+02	  1.8879E+02	  1.5602E+02	  1.6368E+02	  1.4736E+02	  1.5536E+02	  1.7223E+02	  1.6374E+02	  1.7443E+02	  1.7660E+02	  1.8417E+02	  1.8362E+02	  1.7886E+02	  1.7006E+02	  1.9033E+02	  1.6306E+02	  1.4397E+02	  1.4290E+02	  1.6882E+02	  1.7965E+02	  2.0712E+02	  2.0538E+02	  2.2126E+02	  2.1936E+02	  2.1398E+02	  2.0167E+02	  1.8617E+02	  1.6678E+02	  1.7436E+02	  1.7491E+02	  1.4978E+02	  1.8432E+02	  1.7473E+02	  1.7089E+02	  1.8196E+02	  1.9401E+02	  1.8956E+02	  1.7373E+02	  1.6603E+02	  1.5721E+02	  1.3237E+02	  1.4915E+02	  1.6637E+02	  1.5286E+02	  1.5552E+02	  1.6235E+02	  1.5263E+02	  1.2615E+02	  9.7947E+01	  5.1428E+01	  2.2339E+01	  4.5855E+00	  2.0918E-02	  0.0000E+00	  0.0000E+00	  0.0000E+00	  0.0000E+00	  0.0000E+00	  0.0000E+00	  0.0000E+00	  0.0000E+00	  0.0000E+00	  0.0000E+00	  0.0000E+00	  0.0000E+00	  0.0000E+00	  0.0000E+00	  0.0000E+00
  0.0000E+00	  0.0000E+00	  0.0000E+00	  0.0000E+00	  0.0000E+00	  0.0000E+00	  0.0000E+00	  0.0000E+00	  0.0000E+00	  0.0000E+00	  0.0000E+00	  0.0000E+00	  0.0000E+00	  0.0000E+00	  0.0000E+00	  0.0000E+00	  2.5868E+00	  1.1340E+01	  3.1577E+01	  5.9515E+01	  1.1082E+02	  1.6054E+02	  1.4805E+02	  1.4357E+02	  1.3023E+02	  1.5259E+02	  1.5819E+02	  1.6325E+02	  1.5974E+02	  1.6911E+02	  1.5397E+02	  1.3330E+02	  1.4553E+02	  1.6388E+02	  1.6856E+02	  1.8540E+02	  1.9200E+02	  1.7103E+02	  1.6471E+02	  1.5577E+02	  1.6753E+02	  1.9355E+02	  1.8761E+02	  1.8693E+02	  1.8504E+02	  1.6372E+02	  1.7701E+02	  2.0304E+02	  1.9183E+02	  1.8358E+02	  1.6441E+02	  1.5345E+02	  1.5847E+02	  1.8375E+02	  1.7711E+02	  1.8510E+02	  1.7763E+02	  1.6647E+02	  1.7551E+02	  2.1618E+02	  1.9356E+02	  1.9154E+02	  1.8509E+02	  1.9203E+02	  1.8629E+02	  1.7217E+02	  1.6645E+02	  1.6086E+02	  1.4465E+02	  1.3824E+02	  1.6660E+02	  1.6655E+02	  1.7208E+02	  1.6721E+02	  1.6479E+02	  1.5982E+02	  1.3820E+02	  1.3892E+02	  1.5083E+02	  1.7276E+02	  1.9844E+02	  2.0684E+02	  2.0984E+02	  2.1314E+02	  1.8108E+02	  1.8141E+02	  2.0612E+02	  2.0869E+02	  2.0316E+02	  2.0555E+02	  1.8068E+02	  1.7785E+02	  1.7887E+02	  1.7178E+02	  1.8497E+02	  1.8414E+02	  1.9315E+02	  1.6333E+02	  1.5430E+02	  1.4346E+02	  1.3207E+02	  1.2267E+02	  1.5337E+02	  1.7282E+02	  1.5985E+02	  1.5320E+02	  1.4785E+02	  1.2965E+02	  7.7126E+01	  4.5017E+01	  1.7599E+01	  8.3067E+00	  2.2827E-01	  0.0000E+00	  0.0000E+00	  0.0000E+00	  0.0000E+00	  0.0000E+00	  0.0000E+00	  0.0000E+00	  0.0000E+00	  0.0000E+00	  0.0000E+00	  0.0000E+00	  0.0000E+00	  0.0000E+00	  0.0000E+00	  0.0000E+00
  0.0000E+00	  0.0000E+00	  0.0000E+00	  0.0000E+00	  0.0000E+00	  0.0000E+00	  0.0000E+00	  0.0000E+00	  0.0000E+00	  0.0000E+00	  0.0000E+00	  0.0000E+00	  0.0000E+00	  0.0000E+00	  1.5283E-01	  3.5354E-01	  4.4586E+00	  1.6834E+01	  2.3292E+01	  5.8286E+01	  9.9817E+01	  1.4643E+02	  1.4979E+02	  1.3583E+02	  1.4384E+02	  1.4896E+02	  1.6563E+02	  1.5813E+02	  1.5302E+02	  1.6947E+02	  1.5053E+02	  1.5543E+02	  1.5178E+02	  1.7554E+02	  1.5510E+02	  1.6408E+02	  1.8841E+02	  1.5669E+02	  1.6282E+02	  1.5151E+02	  1.7985E+02	  1.9686E+02	  1.8028E+02	  1.7425E+02	  1.8869E+02	  1.8863E+02	  1.8024E+02	  1.8777E+02	  1.9957E+02	  1.8024E+02	  1.5990E+02	  1.6648E+02	  1.6381E+02	  1.7194E+02	  1.9143E+02	  1.7923E+02	  1.6568E+02	  1.5458E+02	  1.6239E+02	  1.8597E+02	  1.8114E+02	  1.8759E+02	  1.9860E+02	  1.9237E+02	  1.8180E+02	  1.7173E+02	  1.8143E+02	  1.4877E+02	  1.3430E+02	  1.3359E+02	  1.5939E+02	  1.8762E+02	  1.7406E+02	  1.6178E+02	  1.5385E+02	  1.5415E+02	  1.4558E+02	  1.3292E+02	  1.5457E+02	  1.7643E+02	  1.9266E+02	  1.8500E+02	  2.0326E+02	  2.2200E+02	  1.9528E+02	  1.8981E+02	  1.9297E+02	  2.0067E+02	  1.7210E+02	  1.8230E+02	  2.0774E+02	  1.7538E+02	  1.7806E+02	  1.6732E+02	  1.6480E+02	  1.6745E+02	  1.7164E+02	  1.3900E+02	  1.3794E+02	  1.3303E+02	  1.4445E+02	  1.4513E+02	  1.4027E+02	  1.4570E+02	  1.4920E+02	  1.4183E+02	  1.5377E+02	  1.3967E+02	  6.4928E+01	  3.3268E+01	  1.1590E+01	  2.2939E+00	  7.5062E-02	  0.0000E+00	  0.0000E+00	  0.0000E+00	  0.0000E+00	  0.0000E+00	  0.0000E+00	  0.0000E+00	  0.0000E+00	  0.0000E+00	  0.0000E+00	  0.0000E+00	  0.0000E+00	  0.0000E+00	  0.0000E+00	  0.0000E+00
  0.0000E+00	  0.0000E+00	  0.0000E+00	  0.0000E+00	  0.0000E+00	  0.0000E+00	  0.0000E+00	  0.0000E+00	  0.0000E+00	  0.0000E+00	  0.0000E+00	  0.0000E+00	  0.0000E+00	  0.0000E+00	  3.5914E-01	  1.4963E+00	  2.8831E+00	  8.7615E+00	  2.6272E+01	  6.4975E+01	  1.0082E+02	  1.3161E+02	  1.4313E+02	  1.4582E+02	  1.4004E+02	  1.4088E+02	  1.6239E+02	  1.5133E+02	  1.3587E+02	  1.6024E+02	  1.6150E+02	  1.4341E+02	  1.4977E+02	  1.7260E+02	  1.4406E+02	  1.4833E+02	  1.7884E+02	  1.6012E+02	  1.6367E+02	  1.7106E+02	  1.8656E+02	  1.7041E+02	  1.6844E+02	  1.7493E+02	  1.8697E+02	  1.7880E+02	  1.9481E+02	  1.9308E+02	  1.9274E+02	  1.6085E+02	  1.7519E+02	  1.7456E+02	  1.5432E+02	  1.4575E+02	  1.3844E+02	  1.5642E+02	  1.7301E+02	  1.6713E+02	  1.5067E+02	  1.5701E+02	  1.7511E+02	  1.7328E+02	  1.7154E+02	  1.6461E+02	  1.6016E+02	  1.7204E+02	  1.6754E+02	  1.6470E+02	  1.4029E+02	  1.5621E+02	  1.7677E+02	  1.7711E+02	  1.8703E+02	  1.5959E+02	  1.5461E+02	  1.4227E+02	  1.4582E+02	  1.4057E+02	  1.6100E+02	  1.8795E+02	  1.9620E+02	  1.9011E+02	  2.0465E+02	  2.0944E+02	  1.9954E+02	  1.6150E+02	  1.7486E+02	  1.9137E+02	  1.5317E+02	  1.3529E+02	  1.6135E+02	  1.6258E+02	  1.6454E+02	  1.5317E+02	  1.6454E+02	  1.7228E+02	  1.5435E+02	  1.4340E+02	  1.4267E+02	  1.5164E+02	  1.5117E+02	  1.5660E+02	  1.4134E+02	  1.4570E+02	  1.6515E+02	  1.6939E+02	  1.6397E+02	  1.3266E+02	  6.9861E+01	  2.8030E+01	  5.7252E+00	  1.4020E+00	  0.0000E+00	  0.0000E+00	  0.0000E+00	  0.0000E+00	  0.0000E+00	  0.0000E+00	  0.0000E+00	  0.0000E+00	  0.0000E+00	  0.0000E+00	  0.0000E+00	  0.0000E+00	  0.0000E+00	  0.0000E+00	  0.0000E+00	  0.0000E+00
  0.0000E+00	  0.0000E+00	  0.0000E+00	  0.0000E+00	  0.0000E+00	  0.0000E+00	  0.0000E+00	  0.0000E+00	  0.0000E+00	  0.0000E+00	  0.0000E+00	  0.0000E+00	  0.0000E+00	  0.0000E+00	  2.2729E-01	  1.5596E-01	  1.3342E+00	  4.3195E+00	  1.6825E+01	  5.7443E+01	  1.1129E+02	  1.2104E+02	  1.3225E+02	  1.5111E+02	  1.4550E+02	  1.4935E+02	  1.7214E+02	  1.7872E+02	  1.5692E+02	  1.6583E+02	  1.7582E+02	  1.6040E+02	  1.4833E+02	  1.6109E+02	  1.4269E+02	  1.5208E+02	  1.9235E+02	  1.8742E+02	  1.6619E+02	  1.5895E+02	  1.8559E+02	  1.7348E+02	  1.6196E+02	  1.7702E+02	  1.7248E+02	  1.5933E+02	  1.8037E+02	  1.8884E+02	  1.8009E+02	  1.6573E+02	  1.5657E+02	  1.7027E+02	  1.5554E+02	  1.4154E+02	  1.1713E+02	  1.3284E+02	  1.5739E+02	  1.6784E+02	  1.3672E+02	  1.3922E+02	  1.6103E+02	  1.5801E+02	  1.5647E+02	  1.6482E+02	  1.5921E+02	  1.7105E+02	  1.6870E+02	  1.6785E+02	  1.6227E+02	  1.5414E+02	  1.7305E+02	  1.6269E+02	  1.4970E+02	  1.4814E+02	  1.6073E+02	  1.5162E+02	  1.4379E+02	  1.4373E+02	  1.7540E+02	  2.0361E+02	  1.9300E+02	  1.5258E+02	  1.6819E+02	  1.8589E+02	  1.8861E+02	  1.8092E+02	  1.8344E+02	  1.8398E+02	  1.5671E+02	  1.3878E+02	  1.4463E+02	  1.7313E+02	  1.7743E+02	  1.7537E+02	  1.6861E+02	  1.5603E+02	  1.5236E+02	  1.5078E+02	  1.5894E+02	  1.4517E+02	  1.4543E+02	  1.6128E+02	  1.5530E+02	  1.6982E+02	  1.6669E+02	  1.6818E+02	  1.3739E+02	  1.1385E+02	  7.1597E+01	  2.6309E+01	  4.4947E+00	  1.5012E+00	  0.0000E+00	  0.0000E+00	  0.0000E+00	  0.0000E+00	  0.0000E+00	  0.0000E+00	  0.0000E+00	  0.0000E+00	  0.0000E+00	  0.0000E+00	  0.0000E+00	  0.0000E+00	  0.0000E+00	  0.0000E+00	  0.0000E+00	  0.0000E+00
  0.0000E+00	  0.0000E+00	  0.0000E+00	  0.0000E+00	  0.0000E+00	  0.0000E+00	  0.0000E+00	  0.0000E+00	  0.0000E+00	  0.0000E+00	  0.0000E+00	  0.0000E+00	  0.0000E+00	  0.0000E+00	  5.1278E-01	  1.8563E-01	  5.1077E-01	  1.6872E+00	  1.0572E+01	  3.7143E+01	  7.2333E+01	  1.0528E+02	  1.3205E+02	  1.5983E+02	  1.4501E+02	  1.4052E+02	  1.5117E+02	  1.4232E+02	  1.5847E+02	  1.7149E+02	  1.5889E+02	  1.6544E+02	  1.4813E+02	  1.4627E+02	  1.5147E+02	  1.5108E+02	  1.6028E+02	  1.7240E+02	  1.7690E+02	  1.7615E+02	  1.8938E+02	  1.6831E+02	  1.6509E+02	  1.8979E+02	  1.6390E+02	  1.5514E+02	  1.5604E+02	  1.6207E+02	  1.9306E+02	  1.7277E+02	  1.5175E+02	  1.7668E+02	  1.4909E+02	  1.3978E+02	  1.1719E+02	  1.2781E+02	  1.5134E+02	  1.5614E+02	  1.3883E+02	  1.2061E+02	  1.4739E+02	  1.5966E+02	  1.4308E+02	  1.3982E+02	  1.5022E+02	  1.5244E+02	  1.5763E+02	  1.6024E+02	  1.6231E+02	  1.5463E+02	  1.6272E+02	  1.4706E+02	  1.3853E+02	  1.3694E+02	  1.5289E+02	  1.5926E+02	  1.5590E+02	  1.4916E+02	  1.6393E+02	  1.7155E+02	  1.7199E+02	  1.8894E+02	  1.7924E+02	  1.7759E+02	  1.8105E+02	  1.6516E+02	  1.8828E+02	  1.6948E+02	  1.5169E+02	  1.6013E+02	  1.6132E+02	  1.7259E+02	  1.7842E+02	  1.5615E+02	  1.5552E+02	  1.5775E+02	  1.5732E+02	  1.4773E+02	  1.1713E+02	  1.2548E+02	  1.4173E+02	  1.5081E+02	  1.7657E+02	  1.8002E+02	  1.8173E+02	  1.8197E+02	  1.4877E+02	  9.6095E+01	  4.2083E+01	  1.5975E+01	  4.6364E+00	  4.7149E-01	  0.0000E+00	  0.0000E+00	  0.0000E+00	  0.0000E+00	  0.0000E+00	  0.0000E+00	  0.0000E+00	  0.0000E+00	  0.0000E+00	  0.0000E+00	  0.0000E+00	  0.0000E+00	  0.0000E+00	  0.0000E+00	  0.0000E+00	  0.0000E+00
  0.0000E+00	  0.0000E+00	  0.0000E+00	  0.0000E+00	  0.0000E+00	  0.0000E+00	  0.0000E+00	  0.0000E+00	  0.0000E+00	  0.0000E+00	  0.0000E+00	  0.0000E+00	  0.0000E+00	  0.0000E+00	  0.0000E+00	  0.0000E+00	  7.2937E-01	  4.0844E+00	  9.3561E+00	  2.2406E+01	  6.1846E+01	  1.1279E+02	  1.4016E+02	  1.6714E+02	  1.6898E+02	  1.6808E+02	  1.4089E+02	  1.5710E+02	  1.6016E+02	  1.7483E+02	  1.4543E+02	  1.5521E+02	  1.6085E+02	  1.6432E+02	  1.7924E+02	  1.6410E+02	  1.4857E+02	  1.8664E+02	  1.7181E+02	  1.6708E+02	  1.8093E+02	  1.6744E+02	  1.7492E+02	  1.6206E+02	  1.5866E+02	  1.4670E+02	  1.3684E+02	  1.6599E+02	  1.8220E+02	  1.5723E+02	  1.4057E+02	  1.3518E+02	  1.2575E+02	  1.2346E+02	  1.0861E+02	  1.1885E+02	  1.3650E+02	  1.3514E+02	  1.3296E+02	  1.2354E+02	  1.4689E+02	  1.4612E+02	  1.5579E+02	  1.3406E+02	  1.2077E+02	  1.4419E+02	  1.4948E+02	  1.4089E+02	  1.2247E+02	  1.1890E+02	  1.3162E+02	  1.4625E+02	  1.4768E+02	  1.3673E+02	  1.6486E+02	  1.5455E+02	  1.6111E+02	  1.5414E+02	  1.5846E+02	  1.3353E+02	  1.4860E+02	  1.6210E+02	  1.4954E+02	  1.4903E+02	  1.4658E+02	  1.7735E+02	  1.8258E+02	  1.8169E+02	  1.9482E+02	  1.7871E+02	  1.7975E+02	  1.6031E+02	  1.6712E+02	  1.5304E+02	  1.5903E+02	  1.7117E+02	  1.4888E+02	  1.2495E+02	  1.1931E+02	  1.2674E+02	  1.2061E+02	  1.3653E+02	  1.6393E+02	  1.8030E+02	  1.8973E+02	  1.7903E+02	  1.3586E+02	  8.0905E+01	  4.8506E+01	  9.0243E+00	  5.5573E-01	  2.0072E-02	  0.0000E+00	  0.0000E+00	  0.0000E+00	  0.0000E+00	  0.0000E+00	  0.0000E+00	  0.0000E+00	  0.0000E+00	  0.0000E+00	  0.0000E+00	  0.0000E+00	  0.0000E+00	  0.0000E+00	  0.0000E+00	  0.0000E+00	  0.0000E+00
  0.0000E+00	  0.0000E+00	  0.0000E+00	  0.0000E+00	  0.0000E+00	  0.0000E+00	  0.0000E+00	  0.0000E+00	  0.0000E+00	  0.0000E+00	  0.0000E+00	  0.0000E+00	  0.0000E+00	  0.0000E+00	  0.0000E+00	  0.0000E+00	  6.2257E-01	  3.7882E+00	  1.0534E+01	  2.0416E+01	  5.2802E+01	  1.0394E+02	  1.4688E+02	  1.7119E+02	  1.7793E+02	  1.6941E+02	  1.5799E+02	  1.7553E+02	  1.8355E+02	  1.6174E+02	  1.4901E+02	  1.4874E+02	  1.5122E+02	  1.4822E+02	  1.3683E+02	  1.3256E+02	  1.5793E+02	  1.8432E+02	  1.5596E+02	  1.5604E+02	  1.6884E+02	  1.6550E+02	  1.6042E+02	  1.6612E+02	  1.6250E+02	  1.3398E+02	  1.4345E+02	  1.6534E+02	  1.6667E+02	  1.4065E+02	  1.4439E+02	  1.3988E+02	  1.2919E+02	  1.1220E+02	  1.1608E+02	  1.1322E+02	  1.2164E+02	  1.4547E+02	  1.4354E+02	  1.5576E+02	  1.5759E+02	  1.4522E+02	  1.4488E+02	  1.4573E+02	  1.2229E+02	  1.3369E+02	  1.3164E+02	  1.1885E+02	  1.0299E+02	  1.2867E+02	  1.4342E+02	  1.5470E+02	  1.7092E+02	  1.6432E+02	  1.5892E+02	  1.3958E+02	  1.4726E+02	  1.4320E+02	  1.3638E+02	  1.4527E+02	  1.3704E+02	  1.5119E+02	  1.3422E+02	  1.4301E+02	  1.5422E+02	  1.4482E+02	  1.5710E+02	  1.7822E+02	  1.9366E+02	  1.7045E+02	  1.7640E+02	  1.4348E+02	  1.5443E+02	  1.4426E+02	  1.4533E+02	  1.3786E+02	  1.3060E+02	  1.1344E+02	  1.3173E+02	  1.4096E+02	  1.4703E+02	  1.5444E+02	  1.4805E+02	  1.8350E+02	  1.8842E+02	  1.7246E+02	  1.1727E+02	  6.2062E+01	  2.4891E+01	  6.1978E+00	  1.3160E-01	  0.0000E+00	  0.0000E+00	  0.0000E+00	  0.0000E+00	  0.0000E+00	  0.0000E+00	  0.0000E+00	  0.0000E+00	  0.0000E+00	  0.0000E+00	  0.0000E+00	  0.0000E+00	  0.0000E+00	  0.0000E+00	  0.0000E+00	  0.0000E+00	  0.0000E+00
  0.0000E+00	  0.0000E+00	  0.0000E+00	  0.0000E+00	  0.0000E+00	  0.0000E+00	  0.0000E+00	  0.0000E+00	  0.0000E+00	  0.0000E+00	  0.0000E+00	  0.0000E+00	  0.0000E+00	  0.0000E+00	  0.0000E+00	  0.0000E+00	  3.2408E-01	  2.6586E+00	  6.1299E+00	  1.9559E+01	  6.2913E+01	  1.0642E+02	  1.4390E+02	  1.6414E+02	  1.6259E+02	  1.7543E+02	  1.7826E+02	  1.8301E+02	  1.6796E+02	  1.6408E+02	  1.4102E+02	  1.3735E+02	  1.5613E+02	  1.5327E+02	  1.3007E+02	  1.3368E+02	  1.4971E+02	  1.3671E+02	  1.2297E+02	  1.4854E+02	  1.6206E+02	  1.5502E+02	  1.6312E+02	  1.5371E+02	  1.6154E+02	  1.3183E+02	  1.2900E+02	  1.3380E+02	  1.4813E+02	  1.4586E+02	  1.3614E+02	  1.4050E+02	  1.2870E+02	  1.2531E+02	  1.2862E+02	  1.1780E+02	  1.2577E+02	  1.6390E+02	  1.6606E+02	  1.4554E+02	  1.5796E+02	  1.5550E+02	  1.5441E+02	  1.3734E+02	  1.2237E+02	  1.1862E+02	  1.2221E+02	  1.1424E+02	  1.2788E+02	  1.4158E+02	  1.5225E+02	  1.6819E+02	  1.7836E+02	  1.6689E+02	  1.5055E+02	  1.2706E+02	  1.2444E+02	  1.3356E+02	  1.2788E+02	  1.3178E+02	  1.2731E+02	  1.2526E+02	  1.3548E+02	  1.3748E+02	  1.3912E+02	  1.3315E+02	  1.4162E+02	  1.4063E+02	  1.5953E+02	  1.5198E+02	  1.7749E+02	  1.6038E+02	  1.4355E+02	  1.4006E+02	  1.2769E+02	  1.4664E+02	  1.4386E+02	  1.2039E+02	  1.4153E+02	  1.4986E+02	  1.7464E+02	  1.7824E+02	  1.5698E+02	  1.5161E+02	  1.6838E+02	  1.3305E+02	  8.1326E+01	  4.8314E+01	  1.5818E+01	  6.6346E+00	  2.5848E-01	  0.0000E+00	  0.0000E+00	  0.0000E+00	  0.0000E+00	  0.0000E+00	  0.0000E+00	  0.0000E+00	  0.0000E+00	  0.0000E+00	  0.0000E+00	  0.0000E+00	  0.0000E+00	  0.0000E+00	  0.0000E+00	  0.0000E+00	  0.0000E+00	  0.0000E+00
  0.0000E+00	  0.0000E+00	  0.0000E+00	  0.0000E+00	  0.0000E+00	  0.0000E+00	  0.0000E+00	  0.0000E+00	  0.0000E+00	  0.0000E+00	  0.0000E+00	  0.0000E+00	  0.0000E+00	  0.0000E+00	  0.0000E+00	  0.0000E+00	  8.4581E-01	  2.4540E+00	  6.2875E+00	  1.7741E+01	  4.7391E+01	  8.4159E+01	  1.3399E+02	  1.5377E+02	  1.6049E+02	  1.9740E+02	  1.8360E+02	  1.6204E+02	  1.3986E+02	  1.3577E+02	  1.1531E+02	  1.2195E+02	  1.4964E+02	  1.7580E+02	  1.5156E+02	  1.5663E+02	  1.4600E+02	  1.3012E+02	  1.2109E+02	  1.3697E+02	  1.5741E+02	  1.3184E+02	  1.1993E+02	  1.3383E+02	  1.2677E+02	  1.1518E+02	  1.3339E+02	  1.3856E+02	  1.2279E+02	  1.2116E+02	  1.3030E+02	  1.4254E+02	  1.4791E+02	  1.3190E+02	  1.0294E+02	  1.1753E+02	  1.2139E+02	  1.5494E+02	  1.6541E+02	  1.3742E+02	  1.4507E+02	  1.4251E+02	  1.3867E+02	  1.3860E+02	  1.2362E+02	  1.2167E+02	  1.2083E+02	  1.1929E+02	  1.4917E+02	  1.3550E+02	  1.4389E+02	  1.4698E+02	  1.4909E+02	  1.3457E+02	  1.1602E+02	  1.0366E+02	  1.0180E+02	  1.2273E+02	  1.2669E+02	  1.1711E+02	  1.3899E+02	  1.3023E+02	  1.2384E+02	  1.2272E+02	  1.3209E+02	  1.3962E+02	  1.5519E+02	  1.3831E+02	  1.3417E+02	  1.4971E+02	  1.5060E+02	  1.6093E+02	  1.4645E+02	  1.2642E+02	  1.3456E+02	  1.4066E+02	  1.4028E+02	  1.4518E+02	  1.6129E+02	  1.5891E+02	  2.0135E+02	  1.9736E+02	  1.8282E+02	  1.6364E+02	  1.5445E+02	  1.1566E+02	  7.3325E+01	  2.7795E+01	  7.4676E+00	  2.3270E+00	  0.0000E+00	  0.0000E+00	  0.0000E+00	  0.0000E+00	  0.0000E+00	  0.0000E+00	  0.0000E+00	  0.0000E+00	  0.0000E+00	  0.0000E+00	  0.0000E+00	  0.0000E+00	  0.0000E+00	  0.0000E+00	  0.0000E+00	  0.0000E+00	  0.0000E+00	  0.0000E+00
  0.0000E+00	  0.0000E+00	  0.0000E+00	  0.0000E+00	  0.0000E+00	  0.0000E+00	  0.0000E+00	  0.0000E+00	  0.0000E+00	  0.0000E+00	  0.0000E+00	  0.0000E+00	  0.0000E+00	  0.0000E+00	  0.0000E+00	  0.0000E+00	  1.4275E-01	  2.6646E-01	  2.6607E+00	  1.5337E+01	  2.8052E+01	  6.1830E+01	  1.2146E+02	  1.7001E+02	  1.9023E+02	  2.0270E+02	  1.7683E+02	  1.4207E+02	  1.3468E+02	  1.2234E+02	  1.0217E+02	  1.2104E+02	  1.4670E+02	  1.6704E+02	  1.7728E+02	  1.7664E+02	  1.3515E+02	  1.3287E+02	  1.2808E+02	  1.1359E+02	  1.2849E+02	  1.2921E+02	  1.0989E+02	  1.1488E+02	  1.2177E+02	  1.2032E+02	  1.3509E+02	  1.2949E+02	  1.2616E+02	  1.2087E+02	  1.1720E+02	  1.3834E+02	  1.4192E+02	  1.1195E+02	  1.0716E+02	  1.0260E+02	  1.0284E+02	  1.3025E+02	  1.3709E+02	  1.2731E+02	  1.2594E+02	  1.4464E+02	  1.4092E+02	  1.3277E+02	  1.3856E+02	  1.2851E+02	  1.0129E+02	  1.0886E+02	  1.3068E+02	  1.4835E+02	  1.3290E+02	  1.2990E+02	  1.2782E+02	  1.1471E+02	  1.0098E+02	  9.2147E+01	  9.9129E+01	  9.8449E+01	  1.1010E+02	  1.2195E+02	  1.4087E+02	  1.2473E+02	  1.3098E+02	  1.4024E+02	  1.2949E+02	  1.2207E+02	  1.3769E+02	  1.3663E+02	  1.1233E+02	  1.4406E+02	  1.4359E+02	  1.4452E+02	  1.3461E+02	  1.3072E+02	  1.2393E+02	  1.2983E+02	  1.6229E+02	  1.6864E+02	  1.7149E+02	  1.7582E+02	  2.0722E+02	  2.3370E+02	  2.1765E+02	  1.8153E+02	  1.5755E+02	  1.0248E+02	  6.6008E+01	  2.5990E+01	  3.5727E+00	  3.4495E-03	  0.0000E+00	  0.0000E+00	  0.0000E+00	  0.0000E+00	  0.0000E+00	  0.0000E+00	  0.0000E+00	  0.0000E+00	  0.0000E+00	  0.0000E+00	  0.0000E+00	  0.0000E+00	  0.0000E+00	  0.0000E+00	  0.0000E+00	  0.0000E+00	  0.0000E+00	  0.0000E+00
  0.0000E+00	  0.0000E+00	  0.0000E+00	  0.0000E+00	  0.0000E+00	  0.0000E+00	  0.0000E+00	  0.0000E+00	  0.0000E+00	  0.0000E+00	  0.0000E+00	  0.0000E+00	  0.0000E+00	  0.0000E+00	  0.0000E+00	  0.0000E+00	  0.0000E+00	  0.0000E+00	  1.2139E+00	  1.2355E+01	  1.7917E+01	  4.6899E+01	  9.4331E+01	  1.6539E+02	  1.9337E+02	  2.1473E+02	  1.8090E+02	  1.8301E+02	  1.6259E+02	  1.3863E+02	  1.2750E+02	  1.4193E+02	  1.6277E+02	  1.7710E+02	  1.6138E+02	  1.2550E+02	  1.2397E+02	  1.1674E+02	  1.2148E+02	  1.1623E+02	  1.3394E+02	  1.2365E+02	  1.1039E+02	  1.0632E+02	  1.1276E+02	  1.1794E+02	  1.2374E+02	  1.3892E+02	  1.4845E+02	  1.3100E+02	  1.2493E+02	  1.4975E+02	  1.4187E+02	  1.0684E+02	  1.0349E+02	  1.1971E+02	  1.2063E+02	  1.0795E+02	  1.1268E+02	  1.1298E+02	  1.1850E+02	  1.1953E+02	  1.0851E+02	  1.2270E+02	  1.2761E+02	  1.0793E+02	  9.5982E+01	  9.2995E+01	  1.1387E+02	  1.1797E+02	  1.2413E+02	  1.1579E+02	  1.1376E+02	  1.0630E+02	  8.7887E+01	  9.2647E+01	  1.0854E+02	  1.0571E+02	  1.2807E+02	  1.4173E+02	  1.4330E+02	  1.5423E+02	  1.3869E+02	  1.3196E+02	  1.2087E+02	  1.0249E+02	  1.2249E+02	  1.1953E+02	  1.0631E+02	  1.2469E+02	  1.3980E+02	  1.5516E+02	  1.3273E+02	  1.2272E+02	  1.2033E+02	  1.3686E+02	  1.6699E+02	  1.6682E+02	  1.7429E+02	  2.0343E+02	  2.3243E+02	  2.2500E+02	  2.2839E+02	  1.9284E+02	  1.3002E+02	  7.3348E+01	  3.8894E+01	  1.6403E+01	  3.0815E+00	  7.1740E-01	  0.0000E+00	  0.0000E+00	  0.0000E+00	  0.0000E+00	  0.0000E+00	  0.0000E+00	  0.0000E+00	  0.0000E+00	  0.0000E+00	  0.0000E+00	  0.0000E+00	  0.0000E+00	  0.0000E+00	  0.0000E+00	  0.0000E+00	  0.0000E+00	  0.0000E+00	  0.0000E+00
  0.0000E+00	  0.0000E+00	  0.0000E+00	  0.0000E+00	  0.0000E+00	  0.0000E+00	  0.0000E+00	  0.0000E+00	  0.0000E+00	  0.0000E+00	  0.0000E+00	  0.0000E+00	  0.0000E+00	  0.0000E+00	  0.0000E+00	  0.0000E+00	  0.0000E+00	  0.0000E+00	  2.6764E-01	  3.5486E+00	  1.5270E+01	  3.9838E+01	  7.6024E+01	  1.3681E+02	  1.8170E+02	  2.0796E+02	  1.9398E+02	  1.9147E+02	  1.5404E+02	  1.4183E+02	  1.4296E+02	  1.5139E+02	  1.5808E+02	  1.6752E+02	  1.4881E+02	  1.2320E+02	  1.2873E+02	  1.1581E+02	  1.2398E+02	  1.2881E+02	  1.5440E+02	  1.5400E+02	  1.1114E+02	  9.7819E+01	  1.0272E+02	  1.0293E+02	  1.3963E+02	  1.5646E+02	  1.6149E+02	  1.3586E+02	  1.3369E+02	  1.5342E+02	  1.3962E+02	  1.2035E+02	  1.0562E+02	  1.0394E+02	  1.2360E+02	  1.0168E+02	  1.1545E+02	  1.1756E+02	  1.0138E+02	  1.1536E+02	  9.4166E+01	  8.2886E+01	  9.7048E+01	  9.0910E+01	  9.5989E+01	  9.0409E+01	  1.0384E+02	  1.1811E+02	  1.1978E+02	  1.2146E+02	  1.0474E+02	  9.6286E+01	  1.0270E+02	  1.0529E+02	  1.1020E+02	  1.1903E+02	  1.2087E+02	  1.2865E+02	  1.3953E+02	  1.4695E+02	  1.2689E+02	  1.2566E+02	  1.0772E+02	  8.8884E+01	  1.0106E+02	  1.0702E+02	  1.1736E+02	  1.0941E+02	  1.2263E+02	  1.3304E+02	  1.2455E+02	  1.2287E+02	  1.3464E+02	  1.4362E+02	  1.3868E+02	  1.6388E+02	  1.7900E+02	  2.1364E+02	  2.2502E+02	  1.9881E+02	  1.9447E+02	  1.6023E+02	  1.3218E+02	  7.1808E+01	  3.2165E+01	  9.9812E+00	  1.3909E+00	  2.8774E-02	  0.0000E+00	  0.0000E+00	  0.0000E+00	  0.0000E+00	  0.0000E+00	  0.0000E+00	  0.0000E+00	  0.0000E+00	  0.0000E+00	  0.0000E+00	  0.0000E+00	  0.0000E+00	  0.0000E+00	  0.0000E+00	  0.0000E+00	  0.0000E+00	  0.0000E+00	  0.0000E+00
  0.0000E+00	  0.0000E+00	  0.0000E+00	  0.0000E+00	  0.0000E+00	  0.0000E+00	  0.0000E+00	  0.0000E+00	  0.0000E+00	  0.0000E+00	  0.0000E+00	  0.0000E+00	  0.0000E+00	  0.0000E+00	  0.0000E+00	  0.0000E+00	  0.0000E+00	  0.0000E+00	  0.0000E+00	  2.0182E+00	  1.0999E+01	  3.6023E+01	  5.9366E+01	  1.1057E+02	  1.6781E+02	  1.7331E+02	  1.9010E+02	  1.8259E+02	  1.6280E+02	  1.4747E+02	  1.5804E+02	  1.6860E+02	  1.7092E+02	  1.6608E+02	  1.3434E+02	  1.2372E+02	  1.1877E+02	  1.1015E+02	  1.1196E+02	  1.2017E+02	  1.3474E+02	  1.4690E+02	  1.0663E+02	  9.8320E+01	  9.8424E+01	  1.2672E+02	  1.4593E+02	  1.5184E+02	  1.5026E+02	  1.4803E+02	  1.1450E+02	  1.3716E+02	  1.2776E+02	  1.2778E+02	  1.2392E+02	  1.1199E+02	  1.1029E+02	  1.1066E+02	  1.0451E+02	  1.0596E+02	  9.9210E+01	  9.6175E+01	  9.9624E+01	  9.0756E+01	  9.0637E+01	  7.8662E+01	  1.0501E+02	  8.9671E+01	  8.9764E+01	  1.0607E+02	  1.1260E+02	  1.0762E+02	  8.5999E+01	  7.6491E+01	  8.4988E+01	  9.7593E+01	  1.2526E+02	  1.2567E+02	  1.3099E+02	  1.2722E+02	  1.2192E+02	  1.5322E+02	  1.3541E+02	  1.0820E+02	  9.5838E+01	  1.0358E+02	  1.1050E+02	  1.2173E+02	  1.4329E+02	  1.4709E+02	  1.4110E+02	  1.0789E+02	  9.9211E+01	  1.2195E+02	  1.2398E+02	  1.2516E+02	  1.2657E+02	  1.7160E+02	  1.6723E+02	  1.9152E+02	  2.1922E+02	  1.8289E+02	  1.4533E+02	  1.2987E+02	  8.7782E+01	  6.1251E+01	  3.1185E+01	  5.2997E+00	  9.8089E-01	  0.0000E+00	  0.0000E+00	  0.0000E+00	  0.0000E+00	  0.0000E+00	  0.0000E+00	  0.0000E+00	  0.0000E+00	  0.0000E+00	  0.0000E+00	  0.0000E+00	  0.0000E+00	  0.0000E+00	  0.0000E+00	  0.0000E+00	  0.0000E+00	  0.0000E+00	  0.0000E+00	  0.0000E+00
  0.0000E+00	  0.0000E+00	  0.0000E+00	  0.0000E+00	  0.0000E+00	  0.0000E+00	  0.0000E+00	  0.0000E+00	  0.0000E+00	  0.0000E+00	  0.0000E+00	  0.0000E+00	  0.0000E+00	  0.0000E+00	  0.0000E+00	  0.0000E+00	  0.0000E+00	  0.0000E+00	  0.0000E+00	  1.2002E+00	  5.4381E+00	  2.0086E+01	  4.5271E+01	  9.3480E+01	  1.4613E+02	  1.5512E+02	  1.7306E+02	  1.6307E+02	  1.5641E+02	  1.5308E+02	  1.6052E+02	  1.6454E+02	  1.8798E+02	  1.5506E+02	  1.2216E+02	  1.1742E+02	  1.0951E+02	  9.8414E+01	  1.1036E+02	  1.0806E+02	  1.1350E+02	  1.2966E+02	  1.2913E+02	  1.0989E+02	  9.9673E+01	  1.1173E+02	  1.3710E+02	  1.2595E+02	  1.2037E+02	  1.1202E+02	  8.3758E+01	  1.0095E+02	  1.1920E+02	  1.2024E+02	  1.2330E+02	  9.9702E+01	  9.4100E+01	  8.1760E+01	  8.4819E+01	  7.5817E+01	  7.4579E+01	  7.6106E+01	  8.4277E+01	  8.6290E+01	  9.3664E+01	  1.0094E+02	  1.1155E+02	  1.0910E+02	  8.4245E+01	  8.5915E+01	  1.0318E+02	  9.2174E+01	  7.3036E+01	  9.2372E+01	  9.9300E+01	  9.9829E+01	  1.2045E+02	  1.2868E+02	  1.3459E+02	  1.3468E+02	  1.1749E+02	  1.2630E+02	  1.2473E+02	  1.0627E+02	  9.8215E+01	  8.5489E+01	  1.2066E+02	  1.2806E+02	  1.5061E+02	  1.6682E+02	  1.6153E+02	  1.2030E+02	  1.1402E+02	  1.2545E+02	  1.2417E+02	  1.3308E+02	  1.3273E+02	  1.5317E+02	  1.5155E+02	  1.5603E+02	  1.6419E+02	  1.4608E+02	  1.1203E+02	  8.8750E+01	  5.8267E+01	  3.6773E+01	  1.2513E+01	  1.7662E+00	  1.3974E-01	  0.0000E+00	  0.0000E+00	  0.0000E+00	  0.0000E+00	  0.0000E+00	  0.0000E+00	  0.0000E+00	  0.0000E+00	  0.0000E+00	  0.0000E+00	  0.0000E+00	  0.0000E+00	  0.0000E+00	  0.0000E+00	  0.0000E+00	  0.0000E+00	  0.0000E+00	  0.0000E+00	  0.0000E+00
  0.0000E+00	  0.0000E+00	  0.0000E+00	  0.0000E+00	  0.0000E+00	  0.0000E+00	  0.0000E+00	  0.0000E+00	  0.0000E+00	  0.0000E+00	  0.0000E+00	  0.0000E+00	  0.0000E+00	  0.0000E+00	  0.0000E+00	  0.0000E+00	  0.0000E+00	  0.0000E+00	  0.0000E+00	  3.8625E-01	  1.8366E+00	  9.9926E+00	  2.8999E+01	  5.0394E+01	  1.0089E+02	  1.3740E+02	  1.5614E+02	  1.6668E+02	  1.5149E+02	  1.5923E+02	  1.3979E+02	  1.4108E+02	  1.4836E+02	  1.3643E+02	  1.2764E+02	  1.1713E+02	  1.3751E+02	  1.2336E+02	  1.0816E+02	  1.0258E+02	  1.0094E+02	  1.2164E+02	  1.3284E+02	  1.4107E+02	  1.1037E+02	  1.2686E+02	  9.9878E+01	  9.8554E+01	  9.3900E+01	  1.0166E+02	  9.8992E+01	  1.0575E+02	  1.0301E+02	  1.1727E+02	  1.2133E+02	  9.5284E+01	  9.5139E+01	  8.8287E+01	  8.7420E+01	  7.1158E+01	  6.5085E+01	  7.8836E+01	  8.2257E+01	  9.3359E+01	  9.7210E+01	  1.0666E+02	  9.5303E+01	  1.0982E+02	  1.0558E+02	  1.0133E+02	  1.2826E+02	  1.1842E+02	  9.1168E+01	  1.0036E+02	  1.1522E+02	  1.0202E+02	  1.0979E+02	  1.1194E+02	  1.1927E+02	  1.2338E+02	  1.1146E+02	  1.1944E+02	  1.3994E+02	  1.2564E+02	  1.0328E+02	  9.3634E+01	  1.0502E+02	  1.4658E+02	  1.6214E+02	  1.7064E+02	  1.4642E+02	  1.4412E+02	  1.5516E+02	  1.6525E+02	  1.5170E+02	  1.3872E+02	  1.5243E+02	  1.7108E+02	  1.7797E+02	  1.5874E+02	  1.3505E+02	  1.2262E+02	  1.0189E+02	  7.4339E+01	  4.3342E+01	  2.0115E+01	  3.5480E+00	  1.2458E-01	  0.0000E+00	  0.0000E+00	  0.0000E+00	  0.0000E+00	  0.0000E+00	  0.0000E+00	  0.0000E+00	  0.0000E+00	  0.0000E+00	  0.0000E+00	  0.0000E+00	  0.0000E+00	  0.0000E+00	  0.0000E+00	  0.0000E+00	  0.0000E+00	  0.0000E+00	  0.0000E+00	  0.0000E+00	  0.0000E+00
  0.0000E+00	  0.0000E+00	  0.0000E+00	  0.0000E+00	  0.0000E+00	  0.0000E+00	  0.0000E+00	  0.0000E+00	  0.0000E+00	  0.0000E+00	  0.0000E+00	  0.0000E+00	  0.0000E+00	  0.0000E+00	  0.0000E+00	  0.0000E+00	  0.0000E+00	  0.0000E+00	  1.5428E-01	  1.9489E+00	  2.3774E+00	  4.3482E+00	  1.0842E+01	  2.8519E+01	  7.2940E+01	  1.1177E+02	  1.4477E+02	  1.7043E+02	  1.5895E+02	  1.5531E+02	  1.3442E+02	  1.2396E+02	  1.2188E+02	  1.1074E+02	  1.1286E+02	  1.1486E+02	  1.1749E+02	  1.1807E+02	  1.1192E+02	  1.1404E+02	  1.0779E+02	  1.2565E+02	  1.2955E+02	  1.3547E+02	  1.2612E+02	  1.1638E+02	  9.6172E+01	  9.5396E+01	  9.7119E+01	  8.9989E+01	  8.5141E+01	  7.3784E+01	  9.2876E+01	  1.1583E+02	  1.3774E+02	  1.0627E+02	  9.8492E+01	  8.8923E+01	  8.5481E+01	  7.5197E+01	  9.2014E+01	  7.6647E+01	  9.1414E+01	  1.0081E+02	  8.9277E+01	  1.1222E+02	  1.0163E+02	  1.1132E+02	  1.1340E+02	  1.1372E+02	  1.0474E+02	  1.0587E+02	  1.1314E+02	  1.1556E+02	  1.1192E+02	  1.0312E+02	  9.4518E+01	  1.1654E+02	  1.0736E+02	  9.3584E+01	  1.0505E+02	  1.1403E+02	  1.3346E+02	  1.2530E+02	  1.1417E+02	  9.7761E+01	  1.1564E+02	  1.1432E+02	  1.5443E+02	  1.5328E+02	  1.5248E+02	  1.7486E+02	  1.9540E+02	  1.8239E+02	  1.7111E+02	  1.7069E+02	  1.9239E+02	  2.0186E+02	  1.8637E+02	  1.5787E+02	  1.1730E+02	  8.5807E+01	  8.4091E+01	  5.3004E+01	  2.4481E+01	  9.8239E+00	  3.7066E+00	  1.9952E-01	  0.0000E+00	  0.0000E+00	  0.0000E+00	  0.0000E+00	  0.0000E+00	  0.0000E+00	  0.0000E+00	  0.0000E+00	  0.0000E+00	  0.0000E+00	  0.0000E+00	  0.0000E+00	  0.0000E+00	  0.0000E+00	  0.0000E+00	  0.0000E+00	  0.0000E+00	  0.0000E+00	  0.0000E+00	  0.0000E+00
  0.0000E+00	  0.0000E+00	  0.0000E+00	  0.0000E+00	  0.0000E+00	  0.0000E+00	  0.0000E+00	  0.0000E+00	  0.0000E+00	  0.0000E+00	  0.0000E+00	  0.0000E+00	  0.0000E+00	  0.0000E+00	  0.0000E+00	  0.0000E+00	  0.0000E+00	  0.0000E+00	  4.0701E-03	  3.6088E-01	  1.0113E+00	  2.2928E+00	  7.1292E+00	  1.7718E+01	  4.7786E+01	  9.0535E+01	  1.2112E+02	  1.4807E+02	  1.3621E+02	  1.3065E+02	  1.3256E+02	  1.4312E+02	  1.3308E+02	  1.2340E+02	  1.3842E+02	  1.5534E+02	  1.4789E+02	  1.3149E+02	  1.2858E+02	  1.1082E+02	  1.0879E+02	  1.2746E+02	  1.2872E+02	  1.1342E+02	  1.0176E+02	  1.0473E+02	  1.1294E+02	  1.0404E+02	  9.8852E+01	  1.0015E+02	  9.5937E+01	  9.6579E+01	  1.0068E+02	  1.0340E+02	  1.2359E+02	  1.1453E+02	  1.0815E+02	  8.9235E+01	  8.0955E+01	  8.6753E+01	  1.0646E+02	  9.1961E+01	  9.4937E+01	  1.0907E+02	  1.0179E+02	  1.0474E+02	  1.2306E+02	  1.1166E+02	  1.0592E+02	  1.1972E+02	  9.8638E+01	  9.1621E+01	  1.0554E+02	  1.0514E+02	  9.4710E+01	  9.1020E+01	  1.0558E+02	  1.0716E+02	  9.7643E+01	  8.9430E+01	  7.9307E+01	  1.0028E+02	  1.2309E+02	  1.0751E+02	  1.1320E+02	  1.0477E+02	  1.1153E+02	  1.0789E+02	  1.2482E+02	  1.3396E+02	  1.3719E+02	  1.6523E+02	  1.8937E+02	  1.8633E+02	  1.9680E+02	  1.9796E+02	  2.0231E+02	  2.0866E+02	  1.8258E+02	  1.1643E+02	  9.4097E+01	  7.0335E+01	  4.9067E+01	  3.1965E+01	  1.4512E+01	  3.9435E+00	  1.3382E+00	  9.8325E-04	  0.0000E+00	  0.0000E+00	  0.0000E+00	  0.0000E+00	  0.0000E+00	  0.0000E+00	  0.0000E+00	  0.0000E+00	  0.0000E+00	  0.0000E+00	  0.0000E+00	  0.0000E+00	  0.0000E+00	  0.0000E+00	  0.0000E+00	  0.0000E+00	  0.0000E+00	  0.0000E+00	  0.0000E+00	  0.0000E+00
  0.0000E+00	  0.0000E+00	  0.0000E+00	  0.0000E+00	  0.0000E+00	  0.0000E+00	  0.0000E+00	  0.0000E+00	  0.0000E+00	  0.0000E+00	  0.0000E+00	  0.0000E+00	  0.0000E+00	  0.0000E+00	  0.0000E+00	  0.0000E+00	  0.0000E+00	  0.0000E+00	  0.0000E+00	  0.0000E+00	  0.0000E+00	  1.6387E-03	  2.2912E+00	  1.0193E+01	  3.6794E+01	  6.1456E+01	  8.9616E+01	  1.0954E+02	  1.4368E+02	  1.4790E+02	  1.6626E+02	  1.7236E+02	  1.5981E+02	  1.4877E+02	  1.3518E+02	  1.4125E+02	  1.4576E+02	  1.4198E+02	  1.4469E+02	  1.3269E+02	  1.2861E+02	  1.2967E+02	  1.2039E+02	  1.0306E+02	  1.0372E+02	  1.0384E+02	  1.1699E+02	  1.2165E+02	  9.9306E+01	  9.3809E+01	  1.0727E+02	  1.1836E+02	  1.1397E+02	  1.0174E+02	  1.0887E+02	  9.9737E+01	  1.0214E+02	  7.7890E+01	  7.5944E+01	  9.6035E+01	  1.1572E+02	  1.0061E+02	  1.0584E+02	  1.0593E+02	  1.0234E+02	  1.0933E+02	  9.5784E+01	  1.1755E+02	  1.1227E+02	  1.3155E+02	  1.1496E+02	  9.6099E+01	  9.6648E+01	  1.0056E+02	  9.7697E+01	  1.0279E+02	  1.2890E+02	  1.0360E+02	  9.5810E+01	  1.0072E+02	  9.1643E+01	  9.5302E+01	  1.0471E+02	  8.8433E+01	  1.0245E+02	  9.1820E+01	  9.6365E+01	  9.9990E+01	  9.4748E+01	  1.2754E+02	  1.4866E+02	  1.5841E+02	  1.6842E+02	  1.7266E+02	  2.0279E+02	  2.2005E+02	  1.9486E+02	  1.7273E+02	  1.4668E+02	  9.4463E+01	  7.4151E+01	  4.6527E+01	  2.6924E+01	  1.3427E+01	  8.3119E+00	  1.5422E+00	  0.0000E+00	  0.0000E+00	  0.0000E+00	  0.0000E+00	  0.0000E+00	  0.0000E+00	  0.0000E+00	  0.0000E+00	  0.0000E+00	  0.0000E+00	  0.0000E+00	  0.0000E+00	  0.0000E+00	  0.0000E+00	  0.0000E+00	  0.0000E+00	  0.0000E+00	  0.0000E+00	  0.0000E+00	  0.0000E+00	  0.0000E+00	  0.0000E+00
  0.0000E+00	  0.0000E+00	  0.0000E+00	  0.0000E+00	  0.0000E+00	  0.0000E+00	  0.0000E+00	  0.0000E+00	  0.0000E+00	  0.0000E+00	  0.0000E+00	  0.0000E+00	  0.0000E+00	  0.0000E+00	  0.0000E+00	  0.0000E+00	  0.0000E+00	  0.0000E+00	  0.0000E+00	  0.0000E+00	  0.0000E+00	  0.0000E+00	  4.7673E-01	  2.4894E+00	  1.9253E+01	  4.6146E+01	  5.9802E+01	  8.3987E+01	  1.2283E+02	  1.5107E+02	  1.9382E+02	  2.0578E+02	  1.7889E+02	  1.8396E+02	  1.4170E+02	  1.1885E+02	  1.2375E+02	  1.3824E+02	  1.6054E+02	  1.4436E+02	  1.3278E+02	  1.1902E+02	  1.1703E+02	  1.0521E+02	  9.6763E+01	  9.7347E+01	  1.1317E+02	  1.0330E+02	  1.0959E+02	  1.0457E+02	  9.7409E+01	  1.0665E+02	  1.0478E+02	  9.5125E+01	  9.8876E+01	  1.0513E+02	  8.8381E+01	  7.2793E+01	  7.9067E+01	  9.1017E+01	  8.5478E+01	  7.2452E+01	  8.6283E+01	  8.4054E+01	  8.9639E+01	  1.0157E+02	  8.8540E+01	  9.0524E+01	  1.3244E+02	  1.2856E+02	  1.0782E+02	  9.0798E+01	  9.7371E+01	  1.0480E+02	  9.7792E+01	  8.8961E+01	  1.1383E+02	  1.0677E+02	  1.0147E+02	  1.1441E+02	  1.0827E+02	  1.0251E+02	  1.0086E+02	  8.6343E+01	  1.0403E+02	  1.0340E+02	  1.0274E+02	  1.0002E+02	  1.0583E+02	  1.2002E+02	  1.5629E+02	  1.5739E+02	  1.4864E+02	  1.5401E+02	  1.7785E+02	  1.9836E+02	  1.6314E+02	  1.3392E+02	  1.1127E+02	  7.1593E+01	  3.5662E+01	  1.9601E+01	  1.1932E+01	  9.6064E+00	  3.3388E+00	  6.4540E-01	  0.0000E+00	  0.0000E+00	  0.0000E+00	  0.0000E+00	  0.0000E+00	  0.0000E+00	  0.0000E+00	  0.0000E+00	  0.0000E+00	  0.0000E+00	  0.0000E+00	  0.0000E+00	  0.0000E+00	  0.0000E+00	  0.0000E+00	  0.0000E+00	  0.0000E+00	  0.0000E+00	  0.0000E+00	  0.0000E+00	  0.0000E+00	  0.0000E+00
  0.0000E+00	  0.0000E+00	  0.0000E+00	  0.0000E+00	  0.0000E+00	  0.0000E+00	  0.0000E+00	  0.0000E+00	  0.0000E+00	  0.0000E+00	  0.0000E+00	  0.0000E+00	  0.0000E+00	  0.0000E+00	  0.0000E+00	  0.0000E+00	  0.0000E+00	  0.0000E+00	  0.0000E+00	  0.0000E+00	  0.0000E+00	  0.0000E+00	  0.0000E+00	  1.9173E-01	  3.5298E+00	  9.3688E+00	  2.9273E+01	  5.6076E+01	  7.1002E+01	  9.3466E+01	  1.5368E+02	  1.7869E+02	  1.7735E+02	  1.7901E+02	  1.6053E+02	  1.3857E+02	  1.2414E+02	  1.4324E+02	  1.6014E+02	  1.5516E+02	  1.4881E+02	  1.1572E+02	  1.0941E+02	  9.8190E+01	  9.7907E+01	  1.0793E+02	  1.1354E+02	  1.1146E+02	  9.7263E+01	  1.0489E+02	  1.1160E+02	  9.5004E+01	  1.0199E+02	  1.0387E+02	  8.8497E+01	  1.0719E+02	  8.8805E+01	  9.3283E+01	  9.9709E+01	  9.7280E+01	  8.2903E+01	  8.1101E+01	  7.5590E+01	  7.3019E+01	  6.7892E+01	  9.5413E+01	  9.2406E+01	  9.9562E+01	  1.1150E+02	  1.0008E+02	  9.9097E+01	  9.6748E+01	  1.0736E+02	  1.1692E+02	  1.0699E+02	  8.5933E+01	  9.0457E+01	  1.0216E+02	  1.0455E+02	  1.2190E+02	  9.0819E+01	  9.4215E+01	  9.9280E+01	  1.0194E+02	  1.2073E+02	  1.2061E+02	  1.1545E+02	  1.1271E+02	  1.1998E+02	  1.4992E+02	  1.5827E+02	  1.7800E+02	  1.6570E+02	  1.2771E+02	  1.1508E+02	  1.2973E+02	  1.2263E+02	  8.7379E+01	  6.5501E+01	  3.9230E+01	  1.2321E+01	  7.7681E+00	  1.8016E+00	  1.8571E+00	  3.4922E-01	  1.2150E-01	  0.0000E+00	  0.0000E+00	  0.0000E+00	  0.0000E+00	  0.0000E+00	  0.0000E+00	  0.0000E+00	  0.0000E+00	  0.0000E+00	  0.0000E+00	  0.0000E+00	  0.0000E+00	  0.0000E+00	  0.0000E+00	  0.0000E+00	  0.0000E+00	  0.0000E+00	  0.0000E+00	  0.0000E+00	  0.0000E+00	  0.0000E+00	  0.0000E+00
  0.0000E+00	  0.0000E+00	  0.0000E+00	  0.0000E+00	  0.0000E+00	  0.0000E+00	  0.0000E+00	  0.0000E+00	  0.0000E+00	  0.0000E+00	  0.0000E+00	  0.0000E+00	  0.0000E+00	  0.0000E+00	  0.0000E+00	  0.0000E+00	  0.0000E+00	  0.0000E+00	  0.0000E+00	  0.0000E+00	  0.0000E+00	  0.0000E+00	  0.0000E+00	  1.3856E-02	  8.3196E-01	  1.2448E+00	  1.0374E+01	  2.8015E+01	  3.8168E+01	  5.2758E+01	  9.8249E+01	  1.1814E+02	  1.4498E+02	  1.3809E+02	  1.3675E+02	  1.3966E+02	  1.3383E+02	  1.6291E+02	  1.3647E+02	  1.4548E+02	  1.5027E+02	  1.2279E+02	  1.0445E+02	  9.4033E+01	  9.6502E+01	  1.1073E+02	  1.1221E+02	  1.3126E+02	  1.2903E+02	  1.1481E+02	  1.0572E+02	  9.5191E+01	  8.7650E+01	  8.8108E+01	  8.7908E+01	  1.0296E+02	  9.7090E+01	  1.1014E+02	  1.2664E+02	  9.8166E+01	  9.3524E+01	  7.7968E+01	  7.8591E+01	  9.1764E+01	  7.9451E+01	  1.0063E+02	  1.0830E+02	  8.9062E+01	  8.2025E+01	  8.3419E+01	  8.9198E+01	  9.6173E+01	  1.1971E+02	  1.2833E+02	  9.5470E+01	  7.0555E+01	  7.8684E+01	  1.0202E+02	  9.8141E+01	  1.3009E+02	  1.1967E+02	  1.2620E+02	  1.0352E+02	  9.6089E+01	  1.3811E+02	  1.3143E+02	  1.2706E+02	  1.1758E+02	  1.2613E+02	  1.3708E+02	  1.6031E+02	  1.5407E+02	  1.3769E+02	  1.3883E+02	  1.0366E+02	  9.1045E+01	  5.9400E+01	  4.1750E+01	  3.0946E+01	  2.0106E+01	  5.3152E+00	  2.3297E+00	  6.5773E-02	  0.0000E+00	  0.0000E+00	  0.0000E+00	  0.0000E+00	  0.0000E+00	  0.0000E+00	  0.0000E+00	  0.0000E+00	  0.0000E+00	  0.0000E+00	  0.0000E+00	  0.0000E+00	  0.0000E+00	  0.0000E+00	  0.0000E+00	  0.0000E+00	  0.0000E+00	  0.0000E+00	  0.0000E+00	  0.0000E+00	  0.0000E+00	  0.0000E+00	  0.0000E+00	  0.0000E+00	  0.0000E+00
  0.0000E+00	  0.0000E+00	  0.0000E+00	  0.0000E+00	  0.0000E+00	  0.0000E+00	  0.0000E+00	  0.0000E+00	  0.0000E+00	  0.0000E+00	  0.0000E+00	  0.0000E+00	  0.0000E+00	  0.0000E+00	  0.0000E+00	  0.0000E+00	  0.0000E+00	  0.0000E+00	  0.0000E+00	  0.0000E+00	  0.0000E+00	  0.0000E+00	  0.0000E+00	  4.3084E-03	  2.7145E-01	  4.3884E-01	  1.0996E+00	  7.8484E+00	  1.1008E+01	  2.9342E+01	  5.1406E+01	  7.4726E+01	  9.8773E+01	  1.0650E+02	  1.0588E+02	  1.2032E+02	  1.3268E+02	  1.2507E+02	  1.2371E+02	  1.2766E+02	  1.2955E+02	  1.2718E+02	  1.0576E+02	  8.5752E+01	  1.0384E+02	  1.0736E+02	  1.1095E+02	  1.2223E+02	  1.2054E+02	  1.3613E+02	  1.2081E+02	  1.1635E+02	  1.0732E+02	  1.1703E+02	  1.1127E+02	  1.0539E+02	  1.0482E+02	  1.1237E+02	  1.1594E+02	  1.0135E+02	  8.5717E+01	  7.5996E+01	  6.9289E+01	  8.1930E+01	  1.0046E+02	  1.1880E+02	  1.1297E+02	  9.1103E+01	  7.9706E+01	  9.6436E+01	  1.0103E+02	  1.0132E+02	  1.1958E+02	  1.1227E+02	  1.0581E+02	  8.2028E+01	  8.5383E+01	  1.0596E+02	  1.2059E+02	  1.2623E+02	  1.3581E+02	  1.4824E+02	  1.0674E+02	  1.0826E+02	  1.4276E+02	  1.6187E+02	  1.4062E+02	  1.3005E+02	  1.3459E+02	  1.3206E+02	  1.1897E+02	  1.1115E+02	  9.2217E+01	  8.4011E+01	  6.3800E+01	  5.2619E+01	  3.3686E+01	  1.6606E+01	  8.0671E+00	  4.1162E+00	  1.5067E+00	  2.6405E-01	  0.0000E+00	  0.0000E+00	  0.0000E+00	  0.0000E+00	  0.0000E+00	  0.0000E+00	  0.0000E+00	  0.0000E+00	  0.0000E+00	  0.0000E+00	  0.0000E+00	  0.0000E+00	  0.0000E+00	  0.0000E+00	  0.0000E+00	  0.0000E+00	  0.0000E+00	  0.0000E+00	  0.0000E+00	  0.0000E+00	  0.0000E+00	  0.0000E+00	  0.0000E+00	  0.0000E+00	  0.0000E+00	  0.0000E+00
  0.0000E+00	  0.0000E+00	  0.0000E+00	  0.0000E+00	  0.0000E+00	  0.0000E+00	  0.0000E+00	  0.0000E+00	  0.0000E+00	  0.0000E+00	  0.0000E+00	  0.0000E+00	  0.0000E+00	  0.0000E+00	  0.0000E+00	  0.0000E+00	  0.0000E+00	  0.0000E+00	  0.0000E+00	  0.0000E+00	  0.0000E+00	  0.0000E+00	  0.0000E+00	  0.0000E+00	  0.0000E+00	  0.0000E+00	  5.3922E-01	  1.7082E+00	  4.2952E+00	  1.1959E+01	  1.8710E+01	  2.3041E+01	  3.3662E+01	  5.3349E+01	  7.2615E+01	  9.9510E+01	  1.0284E+02	  9.2308E+01	  9.9670E+01	  1.2466E+02	  1.2570E+02	  1.1359E+02	  1.2046E+02	  1.1775E+02	  1.2905E+02	  9.6808E+01	  1.0213E+02	  1.0647E+02	  1.2391E+02	  1.3926E+02	  1.5948E+02	  1.4026E+02	  1.2401E+02	  1.0253E+02	  9.5810E+01	  1.0358E+02	  1.2149E+02	  1.1491E+02	  1.0162E+02	  8.9919E+01	  8.9601E+01	  8.9758E+01	  7.9514E+01	  7.7566E+01	  9.4261E+01	  1.0671E+02	  1.2985E+02	  1.1100E+02	  9.3713E+01	  9.9404E+01	  1.1167E+02	  1.1201E+02	  1.1142E+02	  1.0134E+02	  1.0696E+02	  1.0705E+02	  1.1965E+02	  1.1236E+02	  1.3013E+02	  1.3817E+02	  1.4099E+02	  1.2498E+02	  9.5891E+01	  1.1273E+02	  1.0915E+02	  1.4238E+02	  1.3443E+02	  1.1337E+02	  1.0133E+02	  9.4758E+01	  8.4158E+01	  8.4400E+01	  6.3845E+01	  3.6740E+01	  3.6485E+01	  2.5857E+01	  1.4802E+01	  8.4898E+00	  3.4998E+00	  9.4282E-01	  1.1115E+00	  4.4970E-01	  0.0000E+00	  0.0000E+00	  0.0000E+00	  0.0000E+00	  0.0000E+00	  0.0000E+00	  0.0000E+00	  0.0000E+00	  0.0000E+00	  0.0000E+00	  0.0000E+00	  0.0000E+00	  0.0000E+00	  0.0000E+00	  0.0000E+00	  0.0000E+00	  0.0000E+00	  0.0000E+00	  0.0000E+00	  0.0000E+00	  0.0000E+00	  0.0000E+00	  0.0000E+00	  0.0000E+00	  0.0000E+00	  0.0000E+00
  0.0000E+00	  0.0000E+00	  0.0000E+00	  0.0000E+00	  0.0000E+00	  0.0000E+00	  0.0000E+00	  0.0000E+00	  0.0000E+00	  0.0000E+00	  0.0000E+00	  0.0000E+00	  0.0000E+00	  0.0000E+00	  0.0000E+00	  0.0000E+00	  0.0000E+00	  0.0000E+00	  0.0000E+00	  0.0000E+00	  0.0000E+00	  0.0000E+00	  0.0000E+00	  0.0000E+00	  0.0000E+00	  0.0000E+00	  0.0000E+00	  3.0956E-01	  2.2330E+00	  2.0782E+00	  7.5415E+00	  6.9936E+00	  1.0903E+01	  1.9866E+01	  3.8527E+01	  6.7812E+01	  6.6009E+01	  5.4968E+01	  7.6956E+01	  8.5211E+01	  9.0764E+01	  9.5311E+01	  1.0169E+02	  1.2389E+02	  1.3772E+02	  1.2043E+02	  1.1336E+02	  1.2392E+02	  1.2820E+02	  1.5670E+02	  1.6041E+02	  1.3252E+02	  9.6780E+01	  8.2641E+01	  8.7856E+01	  9.3512E+01	  1.0234E+02	  1.1585E+02	  1.1745E+02	  1.4384E+02	  1.2365E+02	  1.0144E+02	  9.1782E+01	  1.2404E+02	  1.2619E+02	  9.6668E+01	  1.1250E+02	  1.0218E+02	  1.1733E+02	  1.1211E+02	  1.0451E+02	  9.1514E+01	  1.0811E+02	  1.1341E+02	  1.1071E+02	  1.0952E+02	  1.2241E+02	  1.1103E+02	  1.2254E+02	  1.2707E+02	  1.3147E+02	  1.0605E+02	  8.9814E+01	  9.5804E+01	  9.0321E+01	  1.0543E+02	  1.0315E+02	  9.5465E+01	  8.4647E+01	  6.5531E+01	  5.2024E+01	  5.0583E+01	  2.8663E+01	  1.6936E+01	  1.6436E+01	  1.0359E+01	  5.3188E+00	  3.9693E+00	  5.2749E-01	  1.2123E-01	  3.8428E-01	  0.0000E+00	  0.0000E+00	  0.0000E+00	  0.0000E+00	  0.0000E+00	  0.0000E+00	  0.0000E+00	  0.0000E+00	  0.0000E+00	  0.0000E+00	  0.0000E+00	  0.0000E+00	  0.0000E+00	  0.0000E+00	  0.0000E+00	  0.0000E+00	  0.0000E+00	  0.0000E+00	  0.0000E+00	  0.0000E+00	  0.0000E+00	  0.0000E+00	  0.0000E+00	  0.0000E+00	  0.0000E+00	  0.0000E+00	  0.0000E+00
  0.0000E+00	  0.0000E+00	  0.0000E+00	  0.0000E+00	  0.0000E+00	  0.0000E+00	  0.0000E+00	  0.0000E+00	  0.0000E+00	  0.0000E+00	  0.0000E+00	  0.0000E+00	  0.0000E+00	  0.0000E+00	  0.0000E+00	  0.0000E+00	  0.0000E+00	  0.0000E+00	  0.0000E+00	  0.0000E+00	  0.0000E+00	  0.0000E+00	  0.0000E+00	  0.0000E+00	  0.0000E+00	  0.0000E+00	  0.0000E+00	  0.0000E+00	  1.0891E-01	  1.5395E-01	  3.9177E-01	  2.0010E+00	  1.8650E+00	  5.8708E+00	  1.5369E+01	  3.1823E+01	  3.1152E+01	  3.9262E+01	  5.6897E+01	  5.8113E+01	  6.0258E+01	  6.7611E+01	  6.2332E+01	  7.9905E+01	  1.2672E+02	  1.2476E+02	  1.2460E+02	  1.0760E+02	  1.3727E+02	  1.3407E+02	  1.2905E+02	  8.6309E+01	  8.3580E+01	  7.1383E+01	  8.9146E+01	  9.0188E+01	  9.8621E+01	  1.2499E+02	  1.1468E+02	  1.3695E+02	  1.2668E+02	  9.1759E+01	  9.5738E+01	  1.0802E+02	  1.0225E+02	  8.5086E+01	  8.4620E+01	  9.9320E+01	  1.3058E+02	  1.2392E+02	  1.0555E+02	  1.0031E+02	  1.0811E+02	  1.1237E+02	  1.2616E+02	  1.3437E+02	  1.0956E+02	  8.6054E+01	  9.6508E+01	  1.0005E+02	  8.2779E+01	  9.1414E+01	  7.8839E+01	  5.9274E+01	  6.5132E+01	  6.4685E+01	  5.7606E+01	  4.5949E+01	  3.7951E+01	  3.2712E+01	  1.3006E+01	  8.2481E+00	  3.4424E+00	  1.5219E+00	  2.3423E+00	  1.3678E+00	  3.9087E-01	  2.7186E-01	  0.0000E+00	  0.0000E+00	  0.0000E+00	  0.0000E+00	  0.0000E+00	  0.0000E+00	  0.0000E+00	  0.0000E+00	  0.0000E+00	  0.0000E+00	  0.0000E+00	  0.0000E+00	  0.0000E+00	  0.0000E+00	  0.0000E+00	  0.0000E+00	  0.0000E+00	  0.0000E+00	  0.0000E+00	  0.0000E+00	  0.0000E+00	  0.0000E+00	  0.0000E+00	  0.0000E+00	  0.0000E+00	  0.0000E+00	  0.0000E+00	  0.0000E+00	  0.0000E+00	  0.0000E+00
  0.0000E+00	  0.0000E+00	  0.0000E+00	  0.0000E+00	  0.0000E+00	  0.0000E+00	  0.0000E+00	  0.0000E+00	  0.0000E+00	  0.0000E+00	  0.0000E+00	  0.0000E+00	  0.0000E+00	  0.0000E+00	  0.0000E+00	  0.0000E+00	  0.0000E+00	  0.0000E+00	  0.0000E+00	  0.0000E+00	  0.0000E+00	  0.0000E+00	  0.0000E+00	  0.0000E+00	  0.0000E+00	  0.0000E+00	  0.0000E+00	  0.0000E+00	  0.0000E+00	  0.0000E+00	  0.0000E+00	  2.5617E-02	  1.1441E+00	  2.8822E+00	  7.9191E+00	  1.3347E+01	  1.2137E+01	  2.2328E+01	  2.2287E+01	  2.3133E+01	  3.5428E+01	  3.8875E+01	  2.8336E+01	  2.8828E+01	  5.4905E+01	  7.5758E+01	  8.5381E+01	  7.6385E+01	  8.1792E+01	  8.4277E+01	  7.2932E+01	  5.5014E+01	  4.7285E+01	  5.1621E+01	  5.7241E+01	  7.6455E+01	  7.5590E+01	  1.1759E+02	  1.1732E+02	  8.6955E+01	  9.0699E+01	  8.1306E+01	  7.0860E+01	  7.0658E+01	  6.3738E+01	  5.5350E+01	  5.0327E+01	  6.3497E+01	  8.4041E+01	  9.5968E+01	  8.9826E+01	  9.3389E+01	  9.1048E+01	  8.6940E+01	  1.1266E+02	  9.2246E+01	  7.0203E+01	  5.0931E+01	  6.3884E+01	  5.8338E+01	  4.9400E+01	  5.1643E+01	  4.2014E+01	  3.0661E+01	  3.2186E+01	  2.7801E+01	  2.2750E+01	  1.7529E+01	  1.4793E+01	  6.6124E+00	  2.1316E+00	  5.8376E-01	  1.2917E-01	  0.0000E+00	  0.0000E+00	  0.0000E+00	  0.0000E+00	  0.0000E+00	  0.0000E+00	  0.0000E+00	  0.0000E+00	  0.0000E+00	  0.0000E+00	  0.0000E+00	  0.0000E+00	  0.0000E+00	  0.0000E+00	  0.0000E+00	  0.0000E+00	  0.0000E+00	  0.0000E+00	  0.0000E+00	  0.0000E+00	  0.0000E+00	  0.0000E+00	  0.0000E+00	  0.0000E+00	  0.0000E+00	  0.0000E+00	  0.0000E+00	  0.0000E+00	  0.0000E+00	  0.0000E+00	  0.0000E+00	  0.0000E+00	  0.0000E+00	  0.0000E+00	  0.0000E+00
  0.0000E+00	  0.0000E+00	  0.0000E+00	  0.0000E+00	  0.0000E+00	  0.0000E+00	  0.0000E+00	  0.0000E+00	  0.0000E+00	  0.0000E+00	  0.0000E+00	  0.0000E+00	  0.0000E+00	  0.0000E+00	  0.0000E+00	  0.0000E+00	  0.0000E+00	  0.0000E+00	  0.0000E+00	  0.0000E+00	  0.0000E+00	  0.0000E+00	  0.0000E+00	  0.0000E+00	  0.0000E+00	  0.0000E+00	  0.0000E+00	  0.0000E+00	  0.0000E+00	  0.0000E+00	  0.0000E+00	  0.0000E+00	  4.7361E-01	  2.9712E+00	  1.5123E+00	  1.2309E+00	  2.0853E+00	  4.4461E+00	  6.2462E+00	  4.7957E+00	  9.0750E+00	  1.4776E+01	  1.7100E+01	  1.6118E+01	  2.3391E+01	  4.0290E+01	  3.1525E+01	  2.4043E+01	  3.2025E+01	  3.6546E+01	  2.7994E+01	  3.0405E+01	  2.9100E+01	  4.0824E+01	  4.3383E+01	  5.7184E+01	  6.4454E+01	  7.4706E+01	  6.0954E+01	  5.0347E+01	  4.7257E+01	  5.3036E+01	  5.0299E+01	  4.2530E+01	  4.0792E+01	  3.8996E+01	  3.8073E+01	  3.2770E+01	  3.2044E+01	  5.1766E+01	  5.3746E+01	  5.4190E+01	  4.1141E+01	  6.0477E+01	  6.9363E+01	  4.2149E+01	  3.0579E+01	  2.4904E+01	  2.5606E+01	  2.6276E+01	  2.0190E+01	  1.9415E+01	  1.9631E+01	  1.6525E+01	  1.4387E+01	  8.9320E+00	  5.7307E+00	  3.2809E+00	  1.5403E+00	  5.4974E-01	  0.0000E+00	  0.0000E+00	  0.0000E+00	  0.0000E+00	  0.0000E+00	  0.0000E+00	  0.0000E+00	  0.0000E+00	  0.0000E+00	  0.0000E+00	  0.0000E+00	  0.0000E+00	  0.0000E+00	  0.0000E+00	  0.0000E+00	  0.0000E+00	  0.0000E+00	  0.0000E+00	  0.0000E+00	  0.0000E+00	  0.0000E+00	  0.0000E+00	  0.0000E+00	  0.0000E+00	  0.0000E+00	  0.0000E+00	  0.0000E+00	  0.0000E+00	  0.0000E+00	  0.0000E+00	  0.0000E+00	  0.0000E+00	  0.0000E+00	  0.0000E+00	  0.0000E+00	  0.0000E+00	  0.0000E+00	  0.0000E+00
  0.0000E+00	  0.0000E+00	  0.0000E+00	  0.0000E+00	  0.0000E+00	  0.0000E+00	  0.0000E+00	  0.0000E+00	  0.0000E+00	  0.0000E+00	  0.0000E+00	  0.0000E+00	  0.0000E+00	  0.0000E+00	  0.0000E+00	  0.0000E+00	  0.0000E+00	  0.0000E+00	  0.0000E+00	  0.0000E+00	  0.0000E+00	  0.0000E+00	  0.0000E+00	  0.0000E+00	  0.0000E+00	  0.0000E+00	  0.0000E+00	  0.0000E+00	  0.0000E+00	  0.0000E+00	  0.0000E+00	  0.0000E+00	  4.5605E-02	  7.4834E-01	  1.3521E-01	  0.0000E+00	  2.7710E-02	  1.0747E-01	  1.7426E+00	  3.1214E+00	  4.4052E+00	  5.6158E+00	  7.3906E+00	  8.9781E+00	  6.4500E+00	  1.1395E+01	  7.5998E+00	  4.6122E+00	  1.1211E+01	  1.1756E+01	  1.1258E+01	  9.5977E+00	  9.7047E+00	  1.2159E+01	  2.2782E+01	  3.0519E+01	  3.6814E+01	  3.1038E+01	  2.8239E+01	  2.5492E+01	  2.2940E+01	  2.7617E+01	  3.2879E+01	  2.1003E+01	  2.4561E+01	  1.9919E+01	  1.3874E+01	  1.4299E+01	  1.3181E+01	  1.1564E+01	  1.7812E+01	  2.7739E+01	  2.8133E+01	  2.5375E+01	  2.5329E+01	  1.4665E+01	  9.6770E+00	  1.1078E+01	  9.6581E+00	  1.2069E+01	  7.4952E+00	  8.2452E+00	  2.5174E+00	  1.0467E+00	  1.6258E+00	  1.9708E+00	  1.1701E+00	  2.1698E+00	  1.9301E+00	  7.2202E-02	  0.0000E+00	  0.0000E+00	  0.0000E+00	  0.0000E+00	  0.0000E+00	  0.0000E+00	  0.0000E+00	  0.0000E+00	  0.0000E+00	  0.0000E+00	  0.0000E+00	  0.0000E+00	  0.0000E+00	  0.0000E+00	  0.0000E+00	  0.0000E+00	  0.0000E+00	  0.0000E+00	  0.0000E+00	  0.0000E+00	  0.0000E+00	  0.0000E+00	  0.0000E+00	  0.0000E+00	  0.0000E+00	  0.0000E+00	  0.0000E+00	  0.0000E+00	  0.0000E+00	  0.0000E+00	  0.0000E+00	  0.0000E+00	  0.0000E+00	  0.0000E+00	  0.0000E+00	  0.0000E+00	  0.0000E+00	  0.0000E+00
  0.0000E+00	  0.0000E+00	  0.0000E+00	  0.0000E+00	  0.0000E+00	  0.0000E+00	  0.0000E+00	  0.0000E+00	  0.0000E+00	  0.0000E+00	  0.0000E+00	  0.0000E+00	  0.0000E+00	  0.0000E+00	  0.0000E+00	  0.0000E+00	  0.0000E+00	  0.0000E+00	  0.0000E+00	  0.0000E+00	  0.0000E+00	  0.0000E+00	  0.0000E+00	  0.0000E+00	  0.0000E+00	  0.0000E+00	  0.0000E+00	  0.0000E+00	  0.0000E+00	  0.0000E+00	  0.0000E+00	  0.0000E+00	  0.0000E+00	  0.0000E+00	  0.0000E+00	  0.0000E+00	  0.0000E+00	  0.0000E+00	  5.6416E-01	  6.4971E-01	  2.3943E-01	  1.2943E+00	  2.4716E-01	  2.7203E-01	  1.0733E+00	  1.4612E+00	  7.5909E-01	  1.7168E+00	  2.0262E+00	  2.4837E+00	  5.8419E+00	  6.3807E+00	  3.5588E+00	  2.7952E+00	  3.6876E+00	  9.0502E+00	  9.5293E+00	  1.0619E+01	  6.7144E+00	  4.5988E+00	  5.0337E+00	  5.4642E+00	  9.0386E+00	  6.4406E+00	  1.0352E+01	  9.7067E+00	  6.5553E+00	  2.7762E+00	  1.5224E+00	  2.1715E+00	  3.7204E+00	  9.5509E+00	  1.1059E+01	  5.6151E+00	  6.5351E+00	  3.7222E+00	  1.7964E+00	  1.8240E+00	  4.4747E+00	  1.4483E+00	  9.0774E-01	  1.8782E+00	  8.0612E-03	  9.9989E-04	  7.5489E-01	  1.5963E-01	  9.2352E-02	  8.5382E-01	  5.9459E-01	  4.9702E-02	  0.0000E+00	  0.0000E+00	  0.0000E+00	  0.0000E+00	  0.0000E+00	  0.0000E+00	  0.0000E+00	  0.0000E+00	  0.0000E+00	  0.0000E+00	  0.0000E+00	  0.0000E+00	  0.0000E+00	  0.0000E+00	  0.0000E+00	  0.0000E+00	  0.0000E+00	  0.0000E+00	  0.0000E+00	  0.0000E+00	  0.0000E+00	  0.0000E+00	  0.0000E+00	  0.0000E+00	  0.0000E+00	  0.0000E+00	  0.0000E+00	  0.0000E+00	  0.0000E+00	  0.0000E+00	  0.0000E+00	  0.0000E+00	  0.0000E+00	  0.0000E+00	  0.0000E+00	  0.0000E+00	  0.0000E+00	  0.0000E+00
  0.0000E+00	  0.0000E+00	  0.0000E+00	  0.0000E+00	  0.0000E+00	  0.0000E+00	  0.0000E+00	  0.0000E+00	  0.0000E+00	  0.0000E+00	  0.0000E+00	  0.0000E+00	  0.0000E+00	  0.0000E+00	  0.0000E+00	  0.0000E+00	  0.0000E+00	  0.0000E+00	  0.0000E+00	  0.0000E+00	  0.0000E+00	  0.0000E+00	  0.0000E+00	  0.0000E+00	  0.0000E+00	  0.0000E+00	  0.0000E+00	  0.0000E+00	  0.0000E+00	  0.0000E+00	  0.0000E+00	  0.0000E+00	  0.0000E+00	  0.0000E+00	  0.0000E+00	  0.0000E+00	  0.0000E+00	  0.0000E+00	  0.0000E+00	  0.0000E+00	  0.0000E+00	  0.0000E+00	  0.0000E+00	  0.0000E+00	  1.8871E-01	  2.4479E-01	  1.2699E-01	  1.0514E+00	  4.2541E-02	  0.0000E+00	  2.3666E-01	  2.2202E+00	  2.7629E-02	  2.1041E-01	  7.4994E-02	  1.4332E+00	  1.0001E+00	  2.3921E+00	  3.5160E+00	  8.5362E-01	  2.4178E+00	  1.5759E+00	  1.6978E+00	  2.5289E+00	  4.7681E+00	  4.8720E+00	  2.0744E+00	  1.2215E+00	  3.9857E-01	  0.0000E+00	  6.3019E-01	  4.0844E+00	  1.2665E+00	  8.0695E-01	  3.5233E-01	  8.2003E-02	  6.7745E-03	  4.5343E-03	  5.6089E-02	  2.8048E-02	  0.0000E+00	  0.0000E+00	  0.0000E+00	  0.0000E+00	  0.0000E+00	  0.0000E+00	  0.0000E+00	  0.0000E+00	  0.0000E+00	  0.0000E+00	  0.0000E+00	  0.0000E+00	  0.0000E+00	  0.0000E+00	  0.0000E+00	  0.0000E+00	  0.0000E+00	  0.0000E+00	  0.0000E+00	  0.0000E+00	  0.0000E+00	  0.0000E+00	  0.0000E+00	  0.0000E+00	  0.0000E+00	  0.0000E+00	  0.0000E+00	  0.0000E+00	  0.0000E+00	  0.0000E+00	  0.0000E+00	  0.0000E+00	  0.0000E+00	  0.0000E+00	  0.0000E+00	  0.0000E+00	  0.0000E+00	  0.0000E+00	  0.0000E+00	  0.0000E+00	  0.0000E+00	  0.0000E+00	  0.0000E+00	  0.0000E+00	  0.0000E+00	  0.0000E+00	  0.0000E+00	  0.0000E+00
  0.0000E+00	  0.0000E+00	  0.0000E+00	  0.0000E+00	  0.0000E+00	  0.0000E+00	  0.0000E+00	  0.0000E+00	  0.0000E+00	  0.0000E+00	  0.0000E+00	  0.0000E+00	  0.0000E+00	  0.0000E+00	  0.0000E+00	  0.0000E+00	  0.0000E+00	  0.0000E+00	  0.0000E+00	  0.0000E+00	  0.0000E+00	  0.0000E+00	  0.0000E+00	  0.0000E+00	  0.0000E+00	  0.0000E+00	  0.0000E+00	  0.0000E+00	  0.0000E+00	  0.0000E+00	  0.0000E+00	  0.0000E+00	  0.0000E+00	  0.0000E+00	  0.0000E+00	  0.0000E+00	  0.0000E+00	  0.0000E+00	  0.0000E+00	  0.0000E+00	  0.0000E+00	  0.0000E+00	  0.0000E+00	  0.0000E+00	  0.0000E+00	  0.0000E+00	  0.0000E+00	  0.0000E+00	  0.0000E+00	  0.0000E+00	  0.0000E+00	  0.0000E+00	  0.0000E+00	  0.0000E+00	  0.0000E+00	  0.0000E+00	  0.0000E+00	  2.2749E-02	  1.5276E-01	  3.1820E-01	  7.7476E-01	  5.8919E-01	  0.0000E+00	  0.0000E+00	  1.0863E+00	  3.4095E+00	  1.4213E-01	  0.0000E+00	  0.0000E+00	  0.0000E+00	  2.1480E-01	  1.1910E+00	  9.0243E-01	  9.6211E-01	  0.0000E+00	  0.0000E+00	  4.0244E-01	  5.8911E-01	  0.0000E+00	  0.0000E+00	  0.0000E+00	  0.0000E+00	  0.0000E+00	  0.0000E+00	  0.0000E+00	  0.0000E+00	  0.0000E+00	  0.0000E+00	  0.0000E+00	  0.0000E+00	  0.0000E+00	  0.0000E+00	  0.0000E+00	  0.0000E+00	  0.0000E+00	  0.0000E+00	  0.0000E+00	  0.0000E+00	  0.0000E+00	  0.0000E+00	  0.0000E+00	  0.0000E+00	  0.0000E+00	  0.0000E+00	  0.0000E+00	  0.0000E+00	  0.0000E+00	  0.0000E+00	  0.0000E+00	  0.0000E+00	  0.0000E+00	  0.0000E+00	  0.0000E+00	  0.0000E+00	  0.0000E+00	  0.0000E+00	  0.0000E+00	  0.0000E+00	  0.0000E+00	  0.0000E+00	  0.0000E+00	  0.0000E+00	  0.0000E+00	  0.0000E+00	  0.0000E+00	  0.0000E+00	  0.0000E+00	  0.0000E+00
  0.0000E+00	  0.0000E+00	  0.0000E+00	  0.0000E+00	  0.0000E+00	  0.0000E+00	  0.0000E+00	  0.0000E+00	  0.0000E+00	  0.0000E+00	  0.0000E+00	  0.0000E+00	  0.0000E+00	  0.0000E+00	  0.0000E+00	  0.0000E+00	  0.0000E+00	  0.0000E+00	  0.0000E+00	  0.0000E+00	  0.0000E+00	  0.0000E+00	  0.0000E+00	  0.0000E+00	  0.0000E+00	  0.0000E+00	  0.0000E+00	  0.0000E+00	  0.0000E+00	  0.0000E+00	  0.0000E+00	  0.0000E+00	  0.0000E+00	  0.0000E+00	  0.0000E+00	  0.0000E+00	  0.0000E+00	  0.0000E+00	  0.0000E+00	  0.0000E+00	  0.0000E+00	  0.0000E+00	  0.0000E+00	  0.0000E+00	  0.0000E+00	  0.0000E+00	  0.0000E+00	  0.0000E+00	  0.0000E+00	  0.0000E+00	  0.0000E+00	  0.0000E+00	  0.0000E+00	  0.0000E+00	  0.0000E+00	  0.0000E+00	  0.0000E+00	  0.0000E+00	  0.0000E+00	  0.0000E+00	  0.0000E+00	  0.0000E+00	  0.0000E+00	  0.0000E+00	  6.5886E-03	  2.3506E-01	  3.4668E-02	  0.0000E+00	  0.0000E+00	  0.0000E+00	  0.0000E+00	  0.0000E+00	  0.0000E+00	  0.0000E+00	  0.0000E+00	  0.0000E+00	  0.0000E+00	  0.0000E+00	  0.0000E+00	  0.0000E+00	  0.0000E+00	  0.0000E+00	  0.0000E+00	  0.0000E+00	  0.0000E+00	  0.0000E+00	  0.0000E+00	  0.0000E+00	  0.0000E+00	  0.0000E+00	  0.0000E+00	  0.0000E+00	  0.0000E+00	  0.0000E+00	  0.0000E+00	  0.0000E+00	  0.0000E+00	  0.0000E+00	  0.0000E+00	  0.0000E+00	  0.0000E+00	  0.0000E+00	  0.0000E+00	  0.0000E+00	  0.0000E+00	  0.0000E+00	  0.0000E+00	  0.0000E+00	  0.0000E+00	  0.0000E+00	  0.0000E+00	  0.0000E+00	  0.0000E+00	  0.0000E+00	  0.0000E+00	  0.0000E+00	  0.0000E+00	  0.0000E+00	  0.0000E+00	  0.0000E+00	  0.0000E+00	  0.0000E+00	  0.0000E+00	  0.0000E+00	  0.0000E+00	  0.0000E+00	  0.0000E+00	  0.0000E+00
  0.0000E+00	  0.0000E+00	  0.0000E+00	  0.0000E+00	  0.0000E+00	  0.0000E+00	  0.0000E+00	  0.0000E+00	  0.0000E+00	  0.0000E+00	  0.0000E+00	  0.0000E+00	  0.0000E+00	  0.0000E+00	  0.0000E+00	  0.0000E+00	  0.0000E+00	  0.0000E+00	  0.0000E+00	  0.0000E+00	  0.0000E+00	  0.0000E+00	  0.0000E+00	  0.0000E+00	  0.0000E+00	  0.0000E+00	  0.0000E+00	  0.0000E+00	  0.0000E+00	  0.0000E+00	  0.0000E+00	  0.0000E+00	  0.0000E+00	  0.0000E+00	  0.0000E+00	  0.0000E+00	  0.0000E+00	  0.0000E+00	  0.0000E+00	  0.0000E+00	  0.0000E+00	  0.0000E+00	  0.0000E+00	  0.0000E+00	  0.0000E+00	  0.0000E+00	  0.0000E+00	  0.0000E+00	  0.0000E+00	  0.0000E+00	  0.0000E+00	  0.0000E+00	  0.0000E+00	  0.0000E+00	  0.0000E+00	  0.0000E+00	  0.0000E+00	  0.0000E+00	  0.0000E+00	  0.0000E+00	  0.0000E+00	  0.0000E+00	  0.0000E+00	  0.0000E+00	  0.0000E+00	  0.0000E+00	  0.0000E+00	  0.0000E+00	  0.0000E+00	  0.0000E+00	  0.0000E+00	  0.0000E+00	  0.0000E+00	  0.0000E+00	  0.0000E+00	  0.0000E+00	  0.0000E+00	  0.0000E+00	  0.0000E+00	  0.0000E+00	  0.0000E+00	  0.0000E+00	  0.0000E+00	  0.0000E+00	  0.0000E+00	  0.0000E+00	  0.0000E+00	  0.0000E+00	  0.0000E+00	  0.0000E+00	  0.0000E+00	  0.0000E+00	  0.0000E+00	  0.0000E+00	  0.0000E+00	  0.0000E+00	  0.0000E+00	  0.0000E+00	  0.0000E+00	  0.0000E+00	  0.0000E+00	  0.0000E+00	  0.0000E+00	  0.0000E+00	  0.0000E+00	  0.0000E+00	  0.0000E+00	  0.0000E+00	  0.0000E+00	  0.0000E+00	  0.0000E+00	  0.0000E+00	  0.0000E+00	  0.0000E+00	  0.0000E+00	  0.0000E+00	  0.0000E+00	  0.0000E+00	  0.0000E+00	  0.0000E+00	  0.0000E+00	  0.0000E+00	  0.0000E+00	  0.0000E+00	  0.0000E+00	  0.0000E+00	  0.0000E+00	  0.0000E+00
  0.0000E+00	  0.0000E+00	  0.0000E+00	  0.0000E+00	  0.0000E+00	  0.0000E+00	  0.0000E+00	  0.0000E+00	  0.0000E+00	  0.0000E+00	  0.0000E+00	  0.0000E+00	  0.0000E+00	  0.0000E+00	  0.0000E+00	  0.0000E+00	  0.0000E+00	  0.0000E+00	  0.0000E+00	  0.0000E+00	  0.0000E+00	  0.0000E+00	  0.0000E+00	  0.0000E+00	  0.0000E+00	  0.0000E+00	  0.0000E+00	  0.0000E+00	  0.0000E+00	  0.0000E+00	  0.0000E+00	  0.0000E+00	  0.0000E+00	  0.0000E+00	  0.0000E+00	  0.0000E+00	  0.0000E+00	  0.0000E+00	  0.0000E+00	  0.0000E+00	  0.0000E+00	  0.0000E+00	  0.0000E+00	  0.0000E+00	  0.0000E+00	  0.0000E+00	  0.0000E+00	  0.0000E+00	  0.0000E+00	  0.0000E+00	  0.0000E+00	  0.0000E+00	  0.0000E+00	  0.0000E+00	  0.0000E+00	  0.0000E+00	  0.0000E+00	  0.0000E+00	  0.0000E+00	  0.0000E+00	  0.0000E+00	  0.0000E+00	  0.0000E+00	  0.0000E+00	  0.0000E+00	  0.0000E+00	  0.0000E+00	  0.0000E+00	  0.0000E+00	  0.0000E+00	  0.0000E+00	  0.0000E+00	  0.0000E+00	  0.0000E+00	  0.0000E+00	  0.0000E+00	  0.0000E+00	  0.0000E+00	  0.0000E+00	  0.0000E+00	  0.0000E+00	  0.0000E+00	  0.0000E+00	  0.0000E+00	  0.0000E+00	  0.0000E+00	  0.0000E+00	  0.0000E+00	  0.0000E+00	  0.0000E+00	  0.0000E+00	  0.0000E+00	  0.0000E+00	  0.0000E+00	  0.0000E+00	  0.0000E+00	  0.0000E+00	  0.0000E+00	  0.0000E+00	  0.0000E+00	  0.0000E+00	  0.0000E+00	  0.0000E+00	  0.0000E+00	  0.0000E+00	  0.0000E+00	  0.0000E+00	  0.0000E+00	  0.0000E+00	  0.0000E+00	  0.0000E+00	  0.0000E+00	  0.0000E+00	  0.0000E+00	  0.0000E+00	  0.0000E+00	  0.0000E+00	  0.0000E+00	  0.0000E+00	  0.0000E+00	  0.0000E+00	  0.0000E+00	  0.0000E+00	  0.0000E+00	  0.0000E+00	  0.0000E+00	  0.0000E+00	  0.0000E+00
  0.0000E+00	  0.0000E+00	  0.0000E+00	  0.0000E+00	  0.0000E+00	  0.0000E+00	  0.0000E+00	  0.0000E+00	  0.0000E+00	  0.0000E+00	  0.0000E+00	  0.0000E+00	  0.0000E+00	  0.0000E+00	  0.0000E+00	  0.0000E+00	  0.0000E+00	  0.0000E+00	  0.0000E+00	  0.0000E+00	  0.0000E+00	  0.0000E+00	  0.0000E+00	  0.0000E+00	  0.0000E+00	  0.0000E+00	  0.0000E+00	  0.0000E+00	  0.0000E+00	  0.0000E+00	  0.0000E+00	  0.0000E+00	  0.0000E+00	  0.0000E+00	  0.0000E+00	  0.0000E+00	  0.0000E+00	  0.0000E+00	  0.0000E+00	  0.0000E+00	  0.0000E+00	  0.0000E+00	  0.0000E+00	  0.0000E+00	  0.0000E+00	  0.0000E+00	  0.0000E+00	  0.0000E+00	  0.0000E+00	  0.0000E+00	  0.0000E+00	  0.0000E+00	  0.0000E+00	  0.0000E+00	  0.0000E+00	  0.0000E+00	  0.0000E+00	  0.0000E+00	  0.0000E+00	  0.0000E+00	  0.0000E+00	  0.0000E+00	  0.0000E+00	  0.0000E+00	  0.0000E+00	  0.0000E+00	  0.0000E+00	  0.0000E+00	  0.0000E+00	  0.0000E+00	  0.0000E+00	  0.0000E+00	  0.0000E+00	  0.0000E+00	  0.0000E+00	  0.0000E+00	  0.0000E+00	  0.0000E+00	  0.0000E+00	  0.0000E+00	  0.0000E+00	  0.0000E+00	  0.0000E+00	  0.0000E+00	  0.0000E+00	  0.0000E+00	  0.0000E+00	  0.0000E+00	  0.0000E+00	  0.0000E+00	  0.0000E+00	  0.0000E+00	  0.0000E+00	  0.0000E+00	  0.0000E+00	  0.0000E+00	  0.0000E+00	  0.0000E+00	  0.0000E+00	  0.0000E+00	  0.0000E+00	  0.0000E+00	  0.0000E+00	  0.0000E+00	  0.0000E+00	  0.0000E+00	  0.0000E+00	  0.0000E+00	  0.0000E+00	  0.0000E+00	  0.0000E+00	  0.0000E+00	  0.0000E+00	  0.0000E+00	  0.0000E+00	  0.0000E+00	  0.0000E+00	  0.0000E+00	  0.0000E+00	  0.0000E+00	  0.0000E+00	  0.0000E+00	  0.0000E+00	  0.0000E+00	  0.0000E+00	  0.0000E+00	  0.0000E+00	  0.0000E+00
  0.0000E+00	  0.0000E+00	  0.0000E+00	  0.0000E+00	  0.0000E+00	  0.0000E+00	  0.0000E+00	  0.0000E+00	  0.0000E+00	  0.0000E+00	  0.0000E+00	  0.0000E+00	  0.0000E+00	  0.0000E+00	  0.0000E+00	  0.0000E+00	  0.0000E+00	  0.0000E+00	  0.0000E+00	  0.0000E+00	  0.0000E+00	  0.0000E+00	  0.0000E+00	  0.0000E+00	  0.0000E+00	  0.0000E+00	  0.0000E+00	  0.0000E+00	  0.0000E+00	  0.0000E+00	  0.0000E+00	  0.0000E+00	  0.0000E+00	  0.0000E+00	  0.0000E+00	  0.0000E+00	  0.0000E+00	  0.0000E+00	  0.0000E+00	  0.0000E+00	  0.0000E+00	  0.0000E+00	  0.0000E+00	  0.0000E+00	  0.0000E+00	  0.0000E+00	  0.0000E+00	  0.0000E+00	  0.0000E+00	  0.0000E+00	  0.0000E+00	  0.0000E+00	  0.0000E+00	  0.0000E+00	  0.0000E+00	  0.0000E+00	  0.0000E+00	  0.0000E+00	  0.0000E+00	  0.0000E+00	  0.0000E+00	  0.0000E+00	  0.0000E+00	  0.0000E+00	  0.0000E+00	  0.0000E+00	  0.0000E+00	  0.0000E+00	  0.0000E+00	  0.0000E+00	  0.0000E+00	  0.0000E+00	  0.0000E+00	  0.0000E+00	  0.0000E+00	  0.0000E+00	  0.0000E+00	  0.0000E+00	  0.0000E+00	  0.0000E+00	  0.0000E+00	  0.0000E+00	  0.0000E+00	  0.0000E+00	  0.0000E+00	  0.0000E+00	  0.0000E+00	  0.0000E+00	  0.0000E+00	  0.0000E+00	  0.0000E+00	  0.0000E+00	  0.0000E+00	  0.0000E+00	  0.0000E+00	  0.0000E+00	  0.0000E+00	  0.0000E+00	  0.0000E+00	  0.0000E+00	  0.0000E+00	  0.0000E+00	  0.0000E+00	  0.0000E+00	  0.0000E+00	  0.0000E+00	  0.0000E+00	  0.0000E+00	  0.0000E+00	  0.0000E+00	  0.0000E+00	  0.0000E+00	  0.0000E+00	  0.0000E+00	  0.0000E+00	  0.0000E+00	  0.0000E+00	  0.0000E+00	  0.0000E+00	  0.0000E+00	  0.0000E+00	  0.0000E+00	  0.0000E+00	  0.0000E+00	  0.0000E+00	  0.0000E+00	  0.0000E+00	  0.0000E+00
  0.0000E+00	  0.0000E+00	  0.0000E+00	  0.0000E+00	  0.0000E+00	  0.0000E+00	  0.0000E+00	  0.0000E+00	  0.0000E+00	  0.0000E+00	  0.0000E+00	  0.0000E+00	  0.0000E+00	  0.0000E+00	  0.0000E+00	  0.0000E+00	  0.0000E+00	  0.0000E+00	  0.0000E+00	  0.0000E+00	  0.0000E+00	  0.0000E+00	  0.0000E+00	  0.0000E+00	  0.0000E+00	  0.0000E+00	  0.0000E+00	  0.0000E+00	  0.0000E+00	  0.0000E+00	  0.0000E+00	  0.0000E+00	  0.0000E+00	  0.0000E+00	  0.0000E+00	  0.0000E+00	  0.0000E+00	  0.0000E+00	  0.0000E+00	  0.0000E+00	  0.0000E+00	  0.0000E+00	  0.0000E+00	  0.0000E+00	  0.0000E+00	  0.0000E+00	  0.0000E+00	  0.0000E+00	  0.0000E+00	  0.0000E+00	  0.0000E+00	  0.0000E+00	  0.0000E+00	  0.0000E+00	  0.0000E+00	  0.0000E+00	  0.0000E+00	  0.0000E+00	  0.0000E+00	  0.0000E+00	  0.0000E+00	  0.0000E+00	  0.0000E+00	  0.0000E+00	  0.0000E+00	  0.0000E+00	  0.0000E+00	  0.0000E+00	  0.0000E+00	  0.0000E+00	  0.0000E+00	  0.0000E+00	  0.0000E+00	  0.0000E+00	  0.0000E+00	  0.0000E+00	  0.0000E+00	  0.0000E+00	  0.0000E+00	  0.0000E+00	  0.0000E+00	  0.0000E+00	  0.0000E+00	  0.0000E+00	  0.0000E+00	  0.0000E+00	  0.0000E+00	  0.0000E+00	  0.0000E+00	  0.0000E+00	  0.0000E+00	  0.0000E+00	  0.0000E+00	  0.0000E+00	  0.0000E+00	  0.0000E+00	  0.0000E+00	  0.0000E+00	  0.0000E+00	  0.0000E+00	  0.0000E+00	  0.0000E+00	  0.0000E+00	  0.0000E+00	  0.0000E+00	  0.0000E+00	  0.0000E+00	  0.0000E+00	  0.0000E+00	  0.0000E+00	  0.0000E+00	  0.0000E+00	  0.0000E+00	  0.0000E+00	  0.0000E+00	  0.0000E+00	  0.0000E+00	  0.0000E+00	  0.0000E+00	  0.0000E+00	  0.0000E+00	  0.0000E+00	  0.0000E+00	  0.0000E+00	  0.0000E+00	  0.0000E+00	  0.0000E+00	  0.0000E+00
  0.0000E+00	  0.0000E+00	  0.0000E+00	  0.0000E+00	  0.0000E+00	  0.0000E+00	  0.0000E+00	  0.0000E+00	  0.0000E+00	  0.0000E+00	  0.0000E+00	  0.0000E+00	  0.0000E+00	  0.0000E+00	  0.0000E+00	  0.0000E+00	  0.0000E+00	  0.0000E+00	  0.0000E+00	  0.0000E+00	  0.0000E+00	  0.0000E+00	  0.0000E+00	  0.0000E+00	  0.0000E+00	  0.0000E+00	  0.0000E+00	  0.0000E+00	  0.0000E+00	  0.0000E+00	  0.0000E+00	  0.0000E+00	  0.0000E+00	  0.0000E+00	  0.0000E+00	  0.0000E+00	  0.0000E+00	  0.0000E+00	  0.0000E+00	  0.0000E+00	  0.0000E+00	  0.0000E+00	  0.0000E+00	  0.0000E+00	  0.0000E+00	  0.0000E+00	  0.0000E+00	  0.0000E+00	  0.0000E+00	  0.0000E+00	  0.0000E+00	  0.0000E+00	  0.0000E+00	  0.0000E+00	  0.0000E+00	  0.0000E+00	  0.0000E+00	  0.0000E+00	  0.0000E+00	  0.0000E+00	  0.0000E+00	  0.0000E+00	  0.0000E+00	  0.0000E+00	  0.0000E+00	  0.0000E+00	  0.0000E+00	  0.0000E+00	  0.0000E+00	  0.0000E+00	  0.0000E+00	  0.0000E+00	  0.0000E+00	  0.0000E+00	  0.0000E+00	  0.0000E+00	  0.0000E+00	  0.0000E+00	  0.0000E+00	  0.0000E+00	  0.0000E+00	  0.0000E+00	  0.0000E+00	  0.0000E+00	  0.0000E+00	  0.0000E+00	  0.0000E+00	  0.0000E+00	  0.0000E+00	  0.0000E+00	  0.0000E+00	  0.0000E+00	  0.0000E+00	  0.0000E+00	  0.0000E+00	  0.0000E+00	  0.0000E+00	  0.0000E+00	  0.0000E+00	  0.0000E+00	  0.0000E+00	  0.0000E+00	  0.0000E+00	  0.0000E+00	  0.0000E+00	  0.0000E+00	  0.0000E+00	  0.0000E+00	  0.0000E+00	  0.0000E+00	  0.0000E+00	  0.0000E+00	  0.0000E+00	  0.0000E+00	  0.0000E+00	  0.0000E+00	  0.0000E+00	  0.0000E+00	  0.0000E+00	  0.0000E+00	  0.0000E+00	  0.0000E+00	  0.0000E+00	  0.0000E+00	  0.0000E+00	  0.0000E+00	  0.0000E+00	  0.0000E+00
  0.0000E+00	  0.0000E+00	  0.0000E+00	  0.0000E+00	  0.0000E+00	  0.0000E+00	  0.0000E+00	  0.0000E+00	  0.0000E+00	  0.0000E+00	  0.0000E+00	  0.0000E+00	  0.0000E+00	  0.0000E+00	  0.0000E+00	  0.0000E+00	  0.0000E+00	  0.0000E+00	  0.0000E+00	  0.0000E+00	  0.0000E+00	  0.0000E+00	  0.0000E+00	  0.0000E+00	  0.0000E+00	  0.0000E+00	  0.0000E+00	  0.0000E+00	  0.0000E+00	  0.0000E+00	  0.0000E+00	  0.0000E+00	  0.0000E+00	  0.0000E+00	  0.0000E+00	  0.0000E+00	  0.0000E+00	  0.0000E+00	  0.0000E+00	  0.0000E+00	  0.0000E+00	  0.0000E+00	  0.0000E+00	  0.0000E+00	  0.0000E+00	  0.0000E+00	  0.0000E+00	  0.0000E+00	  0.0000E+00	  0.0000E+00	  0.0000E+00	  0.0000E+00	  0.0000E+00	  0.0000E+00	  0.0000E+00	  0.0000E+00	  0.0000E+00	  0.0000E+00	  0.0000E+00	  0.0000E+00	  0.0000E+00	  0.0000E+00	  0.0000E+00	  0.0000E+00	  0.0000E+00	  0.0000E+00	  0.0000E+00	  0.0000E+00	  0.0000E+00	  0.0000E+00	  0.0000E+00	  0.0000E+00	  0.0000E+00	  0.0000E+00	  0.0000E+00	  0.0000E+00	  0.0000E+00	  0.0000E+00	  0.0000E+00	  0.0000E+00	  0.0000E+00	  0.0000E+00	  0.0000E+00	  0.0000E+00	  0.0000E+00	  0.0000E+00	  0.0000E+00	  0.0000E+00	  0.0000E+00	  0.0000E+00	  0.0000E+00	  0.0000E+00	  0.0000E+00	  0.0000E+00	  0.0000E+00	  0.0000E+00	  0.0000E+00	  0.0000E+00	  0.0000E+00	  0.0000E+00	  0.0000E+00	  0.0000E+00	  0.0000E+00	  0.0000E+00	  0.0000E+00	  0.0000E+00	  0.0000E+00	  0.0000E+00	  0.0000E+00	  0.0000E+00	  0.0000E+00	  0.0000E+00	  0.0000E+00	  0.0000E+00	  0.0000E+00	  0.0000E+00	  0.0000E+00	  0.0000E+00	  0.0000E+00	  0.0000E+00	  0.0000E+00	  0.0000E+00	  0.0000E+00	  0.0000E+00	  0.0000E+00	  0.0000E+00	  0.0000E+00	  0.0000E+00
  0.0000E+00	  0.0000E+00	  0.0000E+00	  0.0000E+00	  0.0000E+00	  0.0000E+00	  0.0000E+00	  0.0000E+00	  0.0000E+00	  0.0000E+00	  0.0000E+00	  0.0000E+00	  0.0000E+00	  0.0000E+00	  0.0000E+00	  0.0000E+00	  0.0000E+00	  0.0000E+00	  0.0000E+00	  0.0000E+00	  0.0000E+00	  0.0000E+00	  0.0000E+00	  0.0000E+00	  0.0000E+00	  0.0000E+00	  0.0000E+00	  0.0000E+00	  0.0000E+00	  0.0000E+00	  0.0000E+00	  0.0000E+00	  0.0000E+00	  0.0000E+00	  0.0000E+00	  0.0000E+00	  0.0000E+00	  0.0000E+00	  0.0000E+00	  0.0000E+00	  0.0000E+00	  0.0000E+00	  0.0000E+00	  0.0000E+00	  0.0000E+00	  0.0000E+00	  0.0000E+00	  0.0000E+00	  0.0000E+00	  0.0000E+00	  0.0000E+00	  0.0000E+00	  0.0000E+00	  0.0000E+00	  0.0000E+00	  0.0000E+00	  0.0000E+00	  0.0000E+00	  0.0000E+00	  0.0000E+00	  0.0000E+00	  0.0000E+00	  0.0000E+00	  0.0000E+00	  0.0000E+00	  0.0000E+00	  0.0000E+00	  0.0000E+00	  0.0000E+00	  0.0000E+00	  0.0000E+00	  0.0000E+00	  0.0000E+00	  0.0000E+00	  0.0000E+00	  0.0000E+00	  0.0000E+00	  0.0000E+00	  0.0000E+00	  0.0000E+00	  0.0000E+00	  0.0000E+00	  0.0000E+00	  0.0000E+00	  0.0000E+00	  0.0000E+00	  0.0000E+00	  0.0000E+00	  0.0000E+00	  0.0000E+00	  0.0000E+00	  0.0000E+00	  0.0000E+00	  0.0000E+00	  0.0000E+00	  0.0000E+00	  0.0000E+00	  0.0000E+00	  0.0000E+00	  0.0000E+00	  0.0000E+00	  0.0000E+00	  0.0000E+00	  0.0000E+00	  0.0000E+00	  0.0000E+00	  0.0000E+00	  0.0000E+00	  0.0000E+00	  0.0000E+00	  0.0000E+00	  0.0000E+00	  0.0000E+00	  0.0000E+00	  0.0000E+00	  0.0000E+00	  0.0000E+00	  0.0000E+00	  0.0000E+00	  0.0000E+00	  0.0000E+00	  0.0000E+00	  0.0000E+00	  0.0000E+00	  0.0000E+00	  0.0000E+00	  0.0000E+00	  0.0000E+00
  0.0000E+00	  0.0000E+00	  0.0000E+00	  0.0000E+00	  0.0000E+00	  0.0000E+00	  0.0000E+00	  0.0000E+00	  0.0000E+00	  0.0000E+00	  0.0000E+00	  0.0000E+00	  0.0000E+00	  0.0000E+00	  0.0000E+00	  0.0000E+00	  0.0000E+00	  0.0000E+00	  0.0000E+00	  0.0000E+00	  0.0000E+00	  0.0000E+00	  0.0000E+00	  0.0000E+00	  0.0000E+00	  0.0000E+00	  0.0000E+00	  0.0000E+00	  0.0000E+00	  0.0000E+00	  0.0000E+00	  0.0000E+00	  0.0000E+00	  0.0000E+00	  0.0000E+00	  0.0000E+00	  0.0000E+00	  0.0000E+00	  0.0000E+00	  0.0000E+00	  0.0000E+00	  0.0000E+00	  0.0000E+00	  0.0000E+00	  0.0000E+00	  0.0000E+00	  0.0000E+00	  0.0000E+00	  0.0000E+00	  0.0000E+00	  0.0000E+00	  0.0000E+00	  0.0000E+00	  0.0000E+00	  0.0000E+00	  0.0000E+00	  0.0000E+00	  0.0000E+00	  0.0000E+00	  0.0000E+00	  0.0000E+00	  0.0000E+00	  0.0000E+00	  0.0000E+00	  0.0000E+00	  0.0000E+00	  0.0000E+00	  0.0000E+00	  0.0000E+00	  0.0000E+00	  0.0000E+00	  0.0000E+00	  0.0000E+00	  0.0000E+00	  0.0000E+00	  0.0000E+00	  0.0000E+00	  0.0000E+00	  0.0000E+00	  0.0000E+00	  0.0000E+00	  0.0000E+00	  0.0000E+00	  0.0000E+00	  0.0000E+00	  0.0000E+00	  0.0000E+00	  0.0000E+00	  0.0000E+00	  0.0000E+00	  0.0000E+00	  0.0000E+00	  0.0000E+00	  0.0000E+00	  0.0000E+00	  0.0000E+00	  0.0000E+00	  0.0000E+00	  0.0000E+00	  0.0000E+00	  0.0000E+00	  0.0000E+00	  0.0000E+00	  0.0000E+00	  0.0000E+00	  0.0000E+00	  0.0000E+00	  0.0000E+00	  0.0000E+00	  0.0000E+00	  0.0000E+00	  0.0000E+00	  0.0000E+00	  0.0000E+00	  0.0000E+00	  0.0000E+00	  0.0000E+00	  0.0000E+00	  0.0000E+00	  0.0000E+00	  0.0000E+00	  0.0000E+00	  0.0000E+00	  0.0000E+00	  0.0000E+00	  0.0000E+00	  0.0000E+00	  0.0000E+00
  0.0000E+00	  0.0000E+00	  0.0000E+00	  0.0000E+00	  0.0000E+00	  0.0000E+00	  0.0000E+00	  0.0000E+00	  0.0000E+00	  0.0000E+00	  0.0000E+00	  0.0000E+00	  0.0000E+00	  0.0000E+00	  0.0000E+00	  0.0000E+00	  0.0000E+00	  0.0000E+00	  0.0000E+00	  0.0000E+00	  0.0000E+00	  0.0000E+00	  0.0000E+00	  0.0000E+00	  0.0000E+00	  0.0000E+00	  0.0000E+00	  0.0000E+00	  0.0000E+00	  0.0000E+00	  0.0000E+00	  0.0000E+00	  0.0000E+00	  0.0000E+00	  0.0000E+00	  0.0000E+00	  0.0000E+00	  0.0000E+00	  0.0000E+00	  0.0000E+00	  0.0000E+00	  0.0000E+00	  0.0000E+00	  0.0000E+00	  0.0000E+00	  0.0000E+00	  0.0000E+00	  0.0000E+00	  0.0000E+00	  0.0000E+00	  0.0000E+00	  0.0000E+00	  0.0000E+00	  0.0000E+00	  0.0000E+00	  0.0000E+00	  0.0000E+00	  0.0000E+00	  0.0000E+00	  0.0000E+00	  0.0000E+00	  0.0000E+00	  0.0000E+00	  0.0000E+00	  0.0000E+00	  0.0000E+00	  0.0000E+00	  0.0000E+00	  0.0000E+00	  0.0000E+00	  0.0000E+00	  0.0000E+00	  0.0000E+00	  0.0000E+00	  0.0000E+00	  0.0000E+00	  0.0000E+00	  0.0000E+00	  0.0000E+00	  0.0000E+00	  0.0000E+00	  0.0000E+00	  0.0000E+00	  0.0000E+00	  0.0000E+00	  0.0000E+00	  0.0000E+00	  0.0000E+00	  0.0000E+00	  0.0000E+00	  0.0000E+00	  0.0000E+00	  0.0000E+00	  0.0000E+00	  0.0000E+00	  0.0000E+00	  0.0000E+00	  0.0000E+00	  0.0000E+00	  0.0000E+00	  0.0000E+00	  0.0000E+00	  0.0000E+00	  0.0000E+00	  0.0000E+00	  0.0000E+00	  0.0000E+00	  0.0000E+00	  0.0000E+00	  0.0000E+00	  0.0000E+00	  0.0000E+00	  0.0000E+00	  0.0000E+00	  0.0000E+00	  0.0000E+00	  0.0000E+00	  0.0000E+00	  0.0000E+00	  0.0000E+00	  0.0000E+00	  0.0000E+00	  0.0000E+00	  0.0000E+00	  0.0000E+00	  0.0000E+00	  0.0000E+00	  0.0000E+00
  0.0000E+00	  0.0000E+00	  0.0000E+00	  0.0000E+00	  0.0000E+00	  0.0000E+00	  0.0000E+00	  0.0000E+00	  0.0000E+00	  0.0000E+00	  0.0000E+00	  0.0000E+00	  0.0000E+00	  0.0000E+00	  0.0000E+00	  0.0000E+00	  0.0000E+00	  0.0000E+00	  0.0000E+00	  0.0000E+00	  0.0000E+00	  0.0000E+00	  0.0000E+00	  0.0000E+00	  0.0000E+00	  0.0000E+00	  0.0000E+00	  0.0000E+00	  0.0000E+00	  0.0000E+00	  0.0000E+00	  0.0000E+00	  0.0000E+00	  0.0000E+00	  0.0000E+00	  0.0000E+00	  0.0000E+00	  0.0000E+00	  0.0000E+00	  0.0000E+00	  0.0000E+00	  0.0000E+00	  0.0000E+00	  0.0000E+00	  0.0000E+00	  0.0000E+00	  0.0000E+00	  0.0000E+00	  0.0000E+00	  0.0000E+00	  0.0000E+00	  0.0000E+00	  0.0000E+00	  0.0000E+00	  0.0000E+00	  0.0000E+00	  0.0000E+00	  0.0000E+00	  0.0000E+00	  0.0000E+00	  0.0000E+00	  0.0000E+00	  0.0000E+00	  0.0000E+00	  0.0000E+00	  0.0000E+00	  0.0000E+00	  0.0000E+00	  0.0000E+00	  0.0000E+00	  0.0000E+00	  0.0000E+00	  0.0000E+00	  0.0000E+00	  0.0000E+00	  0.0000E+00	  0.0000E+00	  0.0000E+00	  0.0000E+00	  0.0000E+00	  0.0000E+00	  0.0000E+00	  0.0000E+00	  0.0000E+00	  0.0000E+00	  0.0000E+00	  0.0000E+00	  0.0000E+00	  0.0000E+00	  0.0000E+00	  0.0000E+00	  0.0000E+00	  0.0000E+00	  0.0000E+00	  0.0000E+00	  0.0000E+00	  0.0000E+00	  0.0000E+00	  0.0000E+00	  0.0000E+00	  0.0000E+00	  0.0000E+00	  0.0000E+00	  0.0000E+00	  0.0000E+00	  0.0000E+00	  0.0000E+00	  0.0000E+00	  0.0000E+00	  0.0000E+00	  0.0000E+00	  0.0000E+00	  0.0000E+00	  0.0000E+00	  0.0000E+00	  0.0000E+00	  0.0000E+00	  0.0000E+00	  0.0000E+00	  0.0000E+00	  0.0000E+00	  0.0000E+00	  0.0000E+00	  0.0000E+00	  0.0000E+00	  0.0000E+00	  0.0000E+00	  0.0000E+00
  0.0000E+00	  0.0000E+00	  0.0000E+00	  0.0000E+00	  0.0000E+00	  0.0000E+00	  0.0000E+00	  0.0000E+00	  0.0000E+00	  0.0000E+00	  0.0000E+00	  0.0000E+00	  0.0000E+00	  0.0000E+00	  0.0000E+00	  0.0000E+00	  0.0000E+00	  0.0000E+00	  0.0000E+00	  0.0000E+00	  0.0000E+00	  0.0000E+00	  0.0000E+00	  0.0000E+00	  0.0000E+00	  0.0000E+00	  0.0000E+00	  0.0000E+00	  0.0000E+00	  0.0000E+00	  0.0000E+00	  0.0000E+00	  0.0000E+00	  0.0000E+00	  0.0000E+00	  0.0000E+00	  0.0000E+00	  0.0000E+00	  0.0000E+00	  0.0000E+00	  0.0000E+00	  0.0000E+00	  0.0000E+00	  0.0000E+00	  0.0000E+00	  0.0000E+00	  0.0000E+00	  0.0000E+00	  0.0000E+00	  0.0000E+00	  0.0000E+00	  0.0000E+00	  0.0000E+00	  0.0000E+00	  0.0000E+00	  0.0000E+00	  0.0000E+00	  0.0000E+00	  0.0000E+00	  0.0000E+00	  0.0000E+00	  0.0000E+00	  0.0000E+00	  0.0000E+00	  0.0000E+00	  0.0000E+00	  0.0000E+00	  0.0000E+00	  0.0000E+00	  0.0000E+00	  0.0000E+00	  0.0000E+00	  0.0000E+00	  0.0000E+00	  0.0000E+00	  0.0000E+00	  0.0000E+00	  0.0000E+00	  0.0000E+00	  0.0000E+00	  0.0000E+00	  0.0000E+00	  0.0000E+00	  0.0000E+00	  0.0000E+00	  0.0000E+00	  0.0000E+00	  0.0000E+00	  0.0000E+00	  0.0000E+00	  0.0000E+00	  0.0000E+00	  0.0000E+00	  0.0000E+00	  0.0000E+00	  0.0000E+00	  0.0000E+00	  0.0000E+00	  0.0000E+00	  0.0000E+00	  0.0000E+00	  0.0000E+00	  0.0000E+00	  0.0000E+00	  0.0000E+00	  0.0000E+00	  0.0000E+00	  0.0000E+00	  0.0000E+00	  0.0000E+00	  0.0000E+00	  0.0000E+00	  0.0000E+00	  0.0000E+00	  0.0000E+00	  0.0000E+00	  0.0000E+00	  0.0000E+00	  0.0000E+00	  0.0000E+00	  0.0000E+00	  0.0000E+00	  0.0000E+00	  0.0000E+00	  0.0000E+00	  0.0000E+00	  0.0000E+00	  0.0000E+00
  0.0000E+00	  0.0000E+00	  0.0000E+00	  0.0000E+00	  0.0000E+00	  0.0000E+00	  0.0000E+00	  0.0000E+00	  0.0000E+00	  0.0000E+00	  0.0000E+00	  0.0000E+00	  0.0000E+00	  0.0000E+00	  0.0000E+00	  0.0000E+00	  0.0000E+00	  0.0000E+00	  0.0000E+00	  0.0000E+00	  0.0000E+00	  0.0000E+00	  0.0000E+00	  0.0000E+00	  0.0000E+00	  0.0000E+00	  0.0000E+00	  0.0000E+00	  0.0000E+00	  0.0000E+00	  0.0000E+00	  0.0000E+00	  0.0000E+00	  0.0000E+00	  0.0000E+00	  0.0000E+00	  0.0000E+00	  0.0000E+00	  0.0000E+00	  0.0000E+00	  0.0000E+00	  0.0000E+00	  0.0000E+00	  0.0000E+00	  0.0000E+00	  0.0000E+00	  0.0000E+00	  0.0000E+00	  0.0000E+00	  0.0000E+00	  0.0000E+00	  0.0000E+00	  0.0000E+00	  0.0000E+00	  0.0000E+00	  0.0000E+00	  0.0000E+00	  0.0000E+00	  0.0000E+00	  0.0000E+00	  0.0000E+00	  0.0000E+00	  0.0000E+00	  0.0000E+00	  0.0000E+00	  0.0000E+00	  0.0000E+00	  0.0000E+00	  0.0000E+00	  0.0000E+00	  0.0000E+00	  0.0000E+00	  0.0000E+00	  0.0000E+00	  0.0000E+00	  0.0000E+00	  0.0000E+00	  0.0000E+00	  0.0000E+00	  0.0000E+00	  0.0000E+00	  0.0000E+00	  0.0000E+00	  0.0000E+00	  0.0000E+00	  0.0000E+00	  0.0000E+00	  0.0000E+00	  0.0000E+00	  0.0000E+00	  0.0000E+00	  0.0000E+00	  0.0000E+00	  0.0000E+00	  0.0000E+00	  0.0000E+00	  0.0000E+00	  0.0000E+00	  0.0000E+00	  0.0000E+00	  0.0000E+00	  0.0000E+00	  0.0000E+00	  0.0000E+00	  0.0000E+00	  0.0000E+00	  0.0000E+00	  0.0000E+00	  0.0000E+00	  0.0000E+00	  0.0000E+00	  0.0000E+00	  0.0000E+00	  0.0000E+00	  0.0000E+00	  0.0000E+00	  0.0000E+00	  0.0000E+00	  0.0000E+00	  0.0000E+00	  0.0000E+00	  0.0000E+00	  0.0000E+00	  0.0000E+00	  0.0000E+00	  0.0000E+00	  0.0000E+00	  0.0000E+00
  0.0000E+00	  0.0000E+00	  0.0000E+00	  0.0000E+00	  0.0000E+00	  0.0000E+00	  0.0000E+00	  0.0000E+00	  0.0000E+00	  0.0000E+00	  0.0000E+00	  0.0000E+00	  0.0000E+00	  0.0000E+00	  0.0000E+00	  0.0000E+00	  0.0000E+00	  0.0000E+00	  0.0000E+00	  0.0000E+00	  0.0000E+00	  0.0000E+00	  0.0000E+00	  0.0000E+00	  0.0000E+00	  0.0000E+00	  0.0000E+00	  0.0000E+00	  0.0000E+00	  0.0000E+00	  0.0000E+00	  0.0000E+00	  0.0000E+00	  0.0000E+00	  0.0000E+00	  0.0000E+00	  0.0000E+00	  0.0000E+00	  0.0000E+00	  0.0000E+00	  0.0000E+00	  0.0000E+00	  0.0000E+00	  0.0000E+00	  0.0000E+00	  0.0000E+00	  0.0000E+00	  0.0000E+00	  0.0000E+00	  0.0000E+00	  0.0000E+00	  0.0000E+00	  0.0000E+00	  0.0000E+00	  0.0000E+00	  0.0000E+00	  0.0000E+00	  0.0000E+00	  0.0000E+00	  0.0000E+00	  0.0000E+00	  0.0000E+00	  0.0000E+00	  0.0000E+00	  0.0000E+00	  0.0000E+00	  0.0000E+00	  0.0000E+00	  0.0000E+00	  0.0000E+00	  0.0000E+00	  0.0000E+00	  0.0000E+00	  0.0000E+00	  0.0000E+00	  0.0000E+00	  0.0000E+00	  0.0000E+00	  0.0000E+00	  0.0000E+00	  0.0000E+00	  0.0000E+00	  0.0000E+00	  0.0000E+00	  0.0000E+00	  0.0000E+00	  0.0000E+00	  0.0000E+00	  0.0000E+00	  0.0000E+00	  0.0000E+00	  0.0000E+00	  0.0000E+00	  0.0000E+00	  0.0000E+00	  0.0000E+00	  0.0000E+00	  0.0000E+00	  0.0000E+00	  0.0000E+00	  0.0000E+00	  0.0000E+00	  0.0000E+00	  0.0000E+00	  0.0000E+00	  0.0000E+00	  0.0000E+00	  0.0000E+00	  0.0000E+00	  0.0000E+00	  0.0000E+00	  0.0000E+00	  0.0000E+00	  0.0000E+00	  0.0000E+00	  0.0000E+00	  0.0000E+00	  0.0000E+00	  0.0000E+00	  0.0000E+00	  0.0000E+00	  0.0000E+00	  0.0000E+00	  0.0000E+00	  0.0000E+00	  0.0000E+00	  0.0000E+00	  0.0000E+00
  0.0000E+00	  0.0000E+00	  0.0000E+00	  0.0000E+00	  0.0000E+00	  0.0000E+00	  0.0000E+00	  0.0000E+00	  0.0000E+00	  0.0000E+00	  0.0000E+00	  0.0000E+00	  0.0000E+00	  0.0000E+00	  0.0000E+00	  0.0000E+00	  0.0000E+00	  0.0000E+00	  0.0000E+00	  0.0000E+00	  0.0000E+00	  0.0000E+00	  0.0000E+00	  0.0000E+00	  0.0000E+00	  0.0000E+00	  0.0000E+00	  0.0000E+00	  0.0000E+00	  0.0000E+00	  0.0000E+00	  0.0000E+00	  0.0000E+00	  0.0000E+00	  0.0000E+00	  0.0000E+00	  0.0000E+00	  0.0000E+00	  0.0000E+00	  0.0000E+00	  0.0000E+00	  0.0000E+00	  0.0000E+00	  0.0000E+00	  0.0000E+00	  0.0000E+00	  0.0000E+00	  0.0000E+00	  0.0000E+00	  0.0000E+00	  0.0000E+00	  0.0000E+00	  0.0000E+00	  0.0000E+00	  0.0000E+00	  0.0000E+00	  0.0000E+00	  0.0000E+00	  0.0000E+00	  0.0000E+00	  0.0000E+00	  0.0000E+00	  0.0000E+00	  0.0000E+00	  0.0000E+00	  0.0000E+00	  0.0000E+00	  0.0000E+00	  0.0000E+00	  0.0000E+00	  0.0000E+00	  0.0000E+00	  0.0000E+00	  0.0000E+00	  0.0000E+00	  0.0000E+00	  0.0000E+00	  0.0000E+00	  0.0000E+00	  0.0000E+00	  0.0000E+00	  0.0000E+00	  0.0000E+00	  0.0000E+00	  0.0000E+00	  0.0000E+00	  0.0000E+00	  0.0000E+00	  0.0000E+00	  0.0000E+00	  0.0000E+00	  0.0000E+00	  0.0000E+00	  0.0000E+00	  0.0000E+00	  0.0000E+00	  0.0000E+00	  0.0000E+00	  0.0000E+00	  0.0000E+00	  0.0000E+00	  0.0000E+00	  0.0000E+00	  0.0000E+00	  0.0000E+00	  0.0000E+00	  0.0000E+00	  0.0000E+00	  0.0000E+00	  0.0000E+00	  0.0000E+00	  0.0000E+00	  0.0000E+00	  0.0000E+00	  0.0000E+00	  0.0000E+00	  0.0000E+00	  0.0000E+00	  0.0000E+00	  0.0000E+00	  0.0000E+00	  0.0000E+00	  0.0000E+00	  0.0000E+00	  0.0000E+00	  0.0000E+00	  0.0000E+00	  0.0000E+00
  0.0000E+00	  0.0000E+00	  0.0000E+00	  0.0000E+00	  0.0000E+00	  0.0000E+00	  0.0000E+00	  0.0000E+00	  0.0000E+00	  0.0000E+00	  0.0000E+00	  0.0000E+00	  0.0000E+00	  0.0000E+00	  0.0000E+00	  0.0000E+00	  0.0000E+00	  0.0000E+00	  0.0000E+00	  0.0000E+00	  0.0000E+00	  0.0000E+00	  0.0000E+00	  0.0000E+00	  0.0000E+00	  0.0000E+00	  0.0000E+00	  0.0000E+00	  0.0000E+00	  0.0000E+00	  0.0000E+00	  0.0000E+00	  0.0000E+00	  0.0000E+00	  0.0000E+00	  0.0000E+00	  0.0000E+00	  0.0000E+00	  0.0000E+00	  0.0000E+00	  0.0000E+00	  0.0000E+00	  0.0000E+00	  0.0000E+00	  0.0000E+00	  0.0000E+00	  0.0000E+00	  0.0000E+00	  0.0000E+00	  0.0000E+00	  0.0000E+00	  0.0000E+00	  0.0000E+00	  0.0000E+00	  0.0000E+00	  0.0000E+00	  0.0000E+00	  0.0000E+00	  0.0000E+00	  0.0000E+00	  0.0000E+00	  0.0000E+00	  0.0000E+00	  0.0000E+00	  0.0000E+00	  0.0000E+00	  0.0000E+00	  0.0000E+00	  0.0000E+00	  0.0000E+00	  0.0000E+00	  0.0000E+00	  0.0000E+00	  0.0000E+00	  0.0000E+00	  0.0000E+00	  0.0000E+00	  0.0000E+00	  0.0000E+00	  0.0000E+00	  0.0000E+00	  0.0000E+00	  0.0000E+00	  0.0000E+00	  0.0000E+00	  0.0000E+00	  0.0000E+00	  0.0000E+00	  0.0000E+00	  0.0000E+00	  0.0000E+00	  0.0000E+00	  0.0000E+00	  0.0000E+00	  0.0000E+00	  0.0000E+00	  0.0000E+00	  0.0000E+00	  0.0000E+00	  0.0000E+00	  0.0000E+00	  0.0000E+00	  0.0000E+00	  0.0000E+00	  0.0000E+00	  0.0000E+00	  0.0000E+00	  0.0000E+00	  0.0000E+00	  0.0000E+00	  0.0000E+00	  0.0000E+00	  0.0000E+00	  0.0000E+00	  0.0000E+00	  0.0000E+00	  0.0000E+00	  0.0000E+00	  0.0000E+00	  0.0000E+00	  0.0000E+00	  0.0000E+00	  0.0000E+00	  0.0000E+00	  0.0000E+00	  0.0000E+00	  0.0000E+00	  0.0000E+00
  0.0000E+00	  0.0000E+00	  0.0000E+00	  0.0000E+00	  0.0000E+00	  0.0000E+00	  0.0000E+00	  0.0000E+00	  0.0000E+00	  0.0000E+00	  0.0000E+00	  0.0000E+00	  0.0000E+00	  0.0000E+00	  0.0000E+00	  0.0000E+00	  0.0000E+00	  0.0000E+00	  0.0000E+00	  0.0000E+00	  0.0000E+00	  0.0000E+00	  0.0000E+00	  0.0000E+00	  0.0000E+00	  0.0000E+00	  0.0000E+00	  0.0000E+00	  0.0000E+00	  0.0000E+00	  0.0000E+00	  0.0000E+00	  0.0000E+00	  0.0000E+00	  0.0000E+00	  0.0000E+00	  0.0000E+00	  0.0000E+00	  0.0000E+00	  0.0000E+00	  0.0000E+00	  0.0000E+00	  0.0000E+00	  0.0000E+00	  0.0000E+00	  0.0000E+00	  0.0000E+00	  0.0000E+00	  0.0000E+00	  0.0000E+00	  0.0000E+00	  0.0000E+00	  0.0000E+00	  0.0000E+00	  0.0000E+00	  0.0000E+00	  0.0000E+00	  0.0000E+00	  0.0000E+00	  0.0000E+00	  0.0000E+00	  0.0000E+00	  0.0000E+00	  0.0000E+00	  0.0000E+00	  0.0000E+00	  0.0000E+00	  0.0000E+00	  0.0000E+00	  0.0000E+00	  0.0000E+00	  0.0000E+00	  0.0000E+00	  0.0000E+00	  0.0000E+00	  0.0000E+00	  0.0000E+00	  0.0000E+00	  0.0000E+00	  0.0000E+00	  0.0000E+00	  0.0000E+00	  0.0000E+00	  0.0000E+00	  0.0000E+00	  0.0000E+00	  0.0000E+00	  0.0000E+00	  0.0000E+00	  0.0000E+00	  0.0000E+00	  0.0000E+00	  0.0000E+00	  0.0000E+00	  0.0000E+00	  0.0000E+00	  0.0000E+00	  0.0000E+00	  0.0000E+00	  0.0000E+00	  0.0000E+00	  0.0000E+00	  0.0000E+00	  0.0000E+00	  0.0000E+00	  0.0000E+00	  0.0000E+00	  0.0000E+00	  0.0000E+00	  0.0000E+00	  0.0000E+00	  0.0000E+00	  0.0000E+00	  0.0000E+00	  0.0000E+00	  0.0000E+00	  0.0000E+00	  0.0000E+00	  0.0000E+00	  0.0000E+00	  0.0000E+00	  0.0000E+00	  0.0000E+00	  0.0000E+00	  0.0000E+00	  0.0000E+00	  0.0000E+00	  0.0000E+00
  0.0000E+00	  0.0000E+00	  0.0000E+00	  0.0000E+00	  0.0000E+00	  0.0000E+00	  0.0000E+00	  0.0000E+00	  0.0000E+00	  0.0000E+00	  0.0000E+00	  0.0000E+00	  0.0000E+00	  0.0000E+00	  0.0000E+00	  0.0000E+00	  0.0000E+00	  0.0000E+00	  0.0000E+00	  0.0000E+00	  0.0000E+00	  0.0000E+00	  0.0000E+00	  0.0000E+00	  0.0000E+00	  0.0000E+00	  0.0000E+00	  0.0000E+00	  0.0000E+00	  0.0000E+00	  0.0000E+00	  0.0000E+00	  0.0000E+00	  0.0000E+00	  0.0000E+00	  0.0000E+00	  0.0000E+00	  0.0000E+00	  0.0000E+00	  0.0000E+00	  0.0000E+00	  0.0000E+00	  0.0000E+00	  0.0000E+00	  0.0000E+00	  0.0000E+00	  0.0000E+00	  0.0000E+00	  0.0000E+00	  0.0000E+00	  0.0000E+00	  0.0000E+00	  0.0000E+00	  0.0000E+00	  0.0000E+00	  0.0000E+00	  0.0000E+00	  0.0000E+00	  0.0000E+00	  0.0000E+00	  0.0000E+00	  0.0000E+00	  0.0000E+00	  0.0000E+00	  0.0000E+00	  0.0000E+00	  0.0000E+00	  0.0000E+00	  0.0000E+00	  0.0000E+00	  0.0000E+00	  0.0000E+00	  0.0000E+00	  0.0000E+00	  0.0000E+00	  0.0000E+00	  0.0000E+00	  0.0000E+00	  0.0000E+00	  0.0000E+00	  0.0000E+00	  0.0000E+00	  0.0000E+00	  0.0000E+00	  0.0000E+00	  0.0000E+00	  0.0000E+00	  0.0000E+00	  0.0000E+00	  0.0000E+00	  0.0000E+00	  0.0000E+00	  0.0000E+00	  0.0000E+00	  0.0000E+00	  0.0000E+00	  0.0000E+00	  0.0000E+00	  0.0000E+00	  0.0000E+00	  0.0000E+00	  0.0000E+00	  0.0000E+00	  0.0000E+00	  0.0000E+00	  0.0000E+00	  0.0000E+00	  0.0000E+00	  0.0000E+00	  0.0000E+00	  0.0000E+00	  0.0000E+00	  0.0000E+00	  0.0000E+00	  0.0000E+00	  0.0000E+00	  0.0000E+00	  0.0000E+00	  0.0000E+00	  0.0000E+00	  0.0000E+00	  0.0000E+00	  0.0000E+00	  0.0000E+00	  0.0000E+00	  0.0000E+00	  0.0000E+00	  0.0000E+00
  0.0000E+00	  0.0000E+00	  0.0000E+00	  0.0000E+00	  0.0000E+00	  0.0000E+00	  0.0000E+00	  0.0000E+00	  0.0000E+00	  0.0000E+00	  0.0000E+00	  0.0000E+00	  0.0000E+00	  0.0000E+00	  0.0000E+00	  0.0000E+00	  0.0000E+00	  0.0000E+00	  0.0000E+00	  0.0000E+00	  0.0000E+00	  0.0000E+00	  0.0000E+00	  0.0000E+00	  0.0000E+00	  0.0000E+00	  0.0000E+00	  0.0000E+00	  0.0000E+00	  0.0000E+00	  0.0000E+00	  0.0000E+00	  0.0000E+00	  0.0000E+00	  0.0000E+00	  0.0000E+00	  0.0000E+00	  0.0000E+00	  0.0000E+00	  0.0000E+00	  0.0000E+00	  0.0000E+00	  0.0000E+00	  0.0000E+00	  0.0000E+00	  0.0000E+00	  0.0000E+00	  0.0000E+00	  0.0000E+00	  0.0000E+00	  0.0000E+00	  0.0000E+00	  0.0000E+00	  0.0000E+00	  0.0000E+00	  0.0000E+00	  0.0000E+00	  0.0000E+00	  0.0000E+00	  0.0000E+00	  0.0000E+00	  0.0000E+00	  0.0000E+00	  0.0000E+00	  0.0000E+00	  0.0000E+00	  0.0000E+00	  0.0000E+00	  0.0000E+00	  0.0000E+00	  0.0000E+00	  0.0000E+00	  0.0000E+00	  0.0000E+00	  0.0000E+00	  0.0000E+00	  0.0000E+00	  0.0000E+00	  0.0000E+00	  0.0000E+00	  0.0000E+00	  0.0000E+00	  0.0000E+00	  0.0000E+00	  0.0000E+00	  0.0000E+00	  0.0000E+00	  0.0000E+00	  0.0000E+00	  0.0000E+00	  0.0000E+00	  0.0000E+00	  0.0000E+00	  0.0000E+00	  0.0000E+00	  0.0000E+00	  0.0000E+00	  0.0000E+00	  0.0000E+00	  0.0000E+00	  0.0000E+00	  0.0000E+00	  0.0000E+00	  0.0000E+00	  0.0000E+00	  0.0000E+00	  0.0000E+00	  0.0000E+00	  0.0000E+00	  0.0000E+00	  0.0000E+00	  0.0000E+00	  0.0000E+00	  0.0000E+00	  0.0000E+00	  0.0000E+00	  0.0000E+00	  0.0000E+00	  0.0000E+00	  0.0000E+00	  0.0000E+00	  0.0000E+00	  0.0000E+00	  0.0000E+00	  0.0000E+00	  0.0000E+00	  0.0000E+00	  0.0000E+00
