Image analysis histogram listing

File : C:\Users\Jason Fucik\OneDrive - California Institute of Technology\zrepo\UVEX\20250326B_UVEX_FULLSYS_DESIGN_SIM.zmx
Title: UVEX Full System
Date : 8/26/2026
Configuration 3 of 3

Consider changing the field type to object height for improved accuracy. See Help Files for more details.
Field Width                    : 1e-06 degrees
Image Width                    : 0.128 Millimeters
Number of pixels               : 128 x 128
Total Weight of Rays Attempted :   1.000825E+06
Total Weight of Rays Passed    :   8.394130E+05
Total Rays Launched            : 1000825
Percent Efficiency             :   83.87 %
Total flux in watts            : 8.387E-01
Units                          : Watts/Millimeters squared

  0.0000E+00	  0.0000E+00	  0.0000E+00	  0.0000E+00	  0.0000E+00	  0.0000E+00	  0.0000E+00	  0.0000E+00	  0.0000E+00	  0.0000E+00	  0.0000E+00	  0.0000E+00	  0.0000E+00	  0.0000E+00	  0.0000E+00	  0.0000E+00	  0.0000E+00	  0.0000E+00	  0.0000E+00	  0.0000E+00	  0.0000E+00	  0.0000E+00	  0.0000E+00	  0.0000E+00	  0.0000E+00	  0.0000E+00	  0.0000E+00	  0.0000E+00	  0.0000E+00	  0.0000E+00	  0.0000E+00	  0.0000E+00	  0.0000E+00	  0.0000E+00	  0.0000E+00	  0.0000E+00	  0.0000E+00	  0.0000E+00	  0.0000E+00	  0.0000E+00	  0.0000E+00	  0.0000E+00	  0.0000E+00	  0.0000E+00	  0.0000E+00	  0.0000E+00	  0.0000E+00	  0.0000E+00	  0.0000E+00	  0.0000E+00	  0.0000E+00	  0.0000E+00	  0.0000E+00	  0.0000E+00	  0.0000E+00	  0.0000E+00	  0.0000E+00	  0.0000E+00	  0.0000E+00	  0.0000E+00	  0.0000E+00	  0.0000E+00	  0.0000E+00	  0.0000E+00	  0.0000E+00	  0.0000E+00	  0.0000E+00	  0.0000E+00	  0.0000E+00	  0.0000E+00	  0.0000E+00	  0.0000E+00	  0.0000E+00	  0.0000E+00	  0.0000E+00	  0.0000E+00	  0.0000E+00	  0.0000E+00	  0.0000E+00	  0.0000E+00	  0.0000E+00	  0.0000E+00	  0.0000E+00	  0.0000E+00	  0.0000E+00	  0.0000E+00	  0.0000E+00	  0.0000E+00	  0.0000E+00	  0.0000E+00	  0.0000E+00	  0.0000E+00	  0.0000E+00	  0.0000E+00	  0.0000E+00	  0.0000E+00	  0.0000E+00	  0.0000E+00	  0.0000E+00	  0.0000E+00	  0.0000E+00	  0.0000E+00	  0.0000E+00	  0.0000E+00	  0.0000E+00	  0.0000E+00	  0.0000E+00	  0.0000E+00	  0.0000E+00	  0.0000E+00	  0.0000E+00	  0.0000E+00	  0.0000E+00	  0.0000E+00	  0.0000E+00	  0.0000E+00	  0.0000E+00	  0.0000E+00	  0.0000E+00	  0.0000E+00	  0.0000E+00	  0.0000E+00	  0.0000E+00	  0.0000E+00	  0.0000E+00	  0.0000E+00	  0.0000E+00	  0.0000E+00
  0.0000E+00	  0.0000E+00	  0.0000E+00	  0.0000E+00	  0.0000E+00	  0.0000E+00	  0.0000E+00	  0.0000E+00	  0.0000E+00	  0.0000E+00	  0.0000E+00	  0.0000E+00	  0.0000E+00	  0.0000E+00	  0.0000E+00	  0.0000E+00	  0.0000E+00	  0.0000E+00	  0.0000E+00	  0.0000E+00	  0.0000E+00	  0.0000E+00	  0.0000E+00	  0.0000E+00	  0.0000E+00	  0.0000E+00	  0.0000E+00	  0.0000E+00	  0.0000E+00	  0.0000E+00	  0.0000E+00	  0.0000E+00	  0.0000E+00	  0.0000E+00	  0.0000E+00	  0.0000E+00	  0.0000E+00	  0.0000E+00	  0.0000E+00	  0.0000E+00	  0.0000E+00	  0.0000E+00	  0.0000E+00	  0.0000E+00	  0.0000E+00	  0.0000E+00	  0.0000E+00	  0.0000E+00	  0.0000E+00	  0.0000E+00	  0.0000E+00	  0.0000E+00	  0.0000E+00	  0.0000E+00	  0.0000E+00	  0.0000E+00	  0.0000E+00	  0.0000E+00	  0.0000E+00	  0.0000E+00	  0.0000E+00	  0.0000E+00	  0.0000E+00	  0.0000E+00	  0.0000E+00	  0.0000E+00	  0.0000E+00	  0.0000E+00	  0.0000E+00	  0.0000E+00	  0.0000E+00	  0.0000E+00	  0.0000E+00	  0.0000E+00	  0.0000E+00	  0.0000E+00	  0.0000E+00	  0.0000E+00	  0.0000E+00	  0.0000E+00	  0.0000E+00	  0.0000E+00	  0.0000E+00	  0.0000E+00	  0.0000E+00	  0.0000E+00	  0.0000E+00	  0.0000E+00	  0.0000E+00	  0.0000E+00	  0.0000E+00	  0.0000E+00	  0.0000E+00	  0.0000E+00	  0.0000E+00	  0.0000E+00	  0.0000E+00	  0.0000E+00	  0.0000E+00	  0.0000E+00	  0.0000E+00	  0.0000E+00	  0.0000E+00	  0.0000E+00	  0.0000E+00	  0.0000E+00	  0.0000E+00	  0.0000E+00	  0.0000E+00	  0.0000E+00	  0.0000E+00	  0.0000E+00	  0.0000E+00	  0.0000E+00	  0.0000E+00	  0.0000E+00	  0.0000E+00	  0.0000E+00	  0.0000E+00	  0.0000E+00	  0.0000E+00	  0.0000E+00	  0.0000E+00	  0.0000E+00	  0.0000E+00	  0.0000E+00	  0.0000E+00	  0.0000E+00
  0.0000E+00	  0.0000E+00	  0.0000E+00	  0.0000E+00	  0.0000E+00	  0.0000E+00	  0.0000E+00	  0.0000E+00	  0.0000E+00	  0.0000E+00	  0.0000E+00	  0.0000E+00	  0.0000E+00	  0.0000E+00	  0.0000E+00	  0.0000E+00	  0.0000E+00	  0.0000E+00	  0.0000E+00	  0.0000E+00	  0.0000E+00	  0.0000E+00	  0.0000E+00	  0.0000E+00	  0.0000E+00	  0.0000E+00	  0.0000E+00	  0.0000E+00	  0.0000E+00	  0.0000E+00	  0.0000E+00	  0.0000E+00	  0.0000E+00	  0.0000E+00	  0.0000E+00	  0.0000E+00	  0.0000E+00	  0.0000E+00	  0.0000E+00	  0.0000E+00	  0.0000E+00	  0.0000E+00	  0.0000E+00	  0.0000E+00	  0.0000E+00	  0.0000E+00	  0.0000E+00	  0.0000E+00	  0.0000E+00	  0.0000E+00	  0.0000E+00	  0.0000E+00	  0.0000E+00	  0.0000E+00	  0.0000E+00	  0.0000E+00	  0.0000E+00	  0.0000E+00	  0.0000E+00	  0.0000E+00	  0.0000E+00	  0.0000E+00	  0.0000E+00	  0.0000E+00	  0.0000E+00	  0.0000E+00	  0.0000E+00	  0.0000E+00	  0.0000E+00	  0.0000E+00	  0.0000E+00	  0.0000E+00	  0.0000E+00	  0.0000E+00	  0.0000E+00	  0.0000E+00	  0.0000E+00	  0.0000E+00	  0.0000E+00	  0.0000E+00	  0.0000E+00	  0.0000E+00	  0.0000E+00	  0.0000E+00	  0.0000E+00	  0.0000E+00	  0.0000E+00	  0.0000E+00	  0.0000E+00	  0.0000E+00	  0.0000E+00	  0.0000E+00	  0.0000E+00	  0.0000E+00	  0.0000E+00	  0.0000E+00	  0.0000E+00	  0.0000E+00	  0.0000E+00	  0.0000E+00	  0.0000E+00	  0.0000E+00	  0.0000E+00	  0.0000E+00	  0.0000E+00	  0.0000E+00	  0.0000E+00	  0.0000E+00	  0.0000E+00	  0.0000E+00	  0.0000E+00	  0.0000E+00	  0.0000E+00	  0.0000E+00	  0.0000E+00	  0.0000E+00	  0.0000E+00	  0.0000E+00	  0.0000E+00	  0.0000E+00	  0.0000E+00	  0.0000E+00	  0.0000E+00	  0.0000E+00	  0.0000E+00	  0.0000E+00	  0.0000E+00	  0.0000E+00
  0.0000E+00	  0.0000E+00	  0.0000E+00	  0.0000E+00	  0.0000E+00	  0.0000E+00	  0.0000E+00	  0.0000E+00	  0.0000E+00	  0.0000E+00	  0.0000E+00	  0.0000E+00	  0.0000E+00	  0.0000E+00	  0.0000E+00	  0.0000E+00	  0.0000E+00	  0.0000E+00	  0.0000E+00	  0.0000E+00	  0.0000E+00	  0.0000E+00	  0.0000E+00	  0.0000E+00	  0.0000E+00	  0.0000E+00	  0.0000E+00	  0.0000E+00	  0.0000E+00	  0.0000E+00	  0.0000E+00	  0.0000E+00	  0.0000E+00	  0.0000E+00	  0.0000E+00	  0.0000E+00	  0.0000E+00	  0.0000E+00	  0.0000E+00	  0.0000E+00	  0.0000E+00	  0.0000E+00	  0.0000E+00	  0.0000E+00	  0.0000E+00	  0.0000E+00	  0.0000E+00	  0.0000E+00	  0.0000E+00	  0.0000E+00	  0.0000E+00	  0.0000E+00	  0.0000E+00	  0.0000E+00	  0.0000E+00	  0.0000E+00	  0.0000E+00	  0.0000E+00	  0.0000E+00	  0.0000E+00	  0.0000E+00	  0.0000E+00	  0.0000E+00	  0.0000E+00	  0.0000E+00	  0.0000E+00	  0.0000E+00	  0.0000E+00	  0.0000E+00	  0.0000E+00	  0.0000E+00	  0.0000E+00	  0.0000E+00	  0.0000E+00	  0.0000E+00	  0.0000E+00	  0.0000E+00	  0.0000E+00	  0.0000E+00	  0.0000E+00	  0.0000E+00	  0.0000E+00	  0.0000E+00	  0.0000E+00	  0.0000E+00	  0.0000E+00	  0.0000E+00	  0.0000E+00	  0.0000E+00	  0.0000E+00	  0.0000E+00	  0.0000E+00	  0.0000E+00	  0.0000E+00	  0.0000E+00	  0.0000E+00	  0.0000E+00	  0.0000E+00	  0.0000E+00	  0.0000E+00	  0.0000E+00	  0.0000E+00	  0.0000E+00	  0.0000E+00	  0.0000E+00	  0.0000E+00	  0.0000E+00	  0.0000E+00	  0.0000E+00	  0.0000E+00	  0.0000E+00	  0.0000E+00	  0.0000E+00	  0.0000E+00	  0.0000E+00	  0.0000E+00	  0.0000E+00	  0.0000E+00	  0.0000E+00	  0.0000E+00	  0.0000E+00	  0.0000E+00	  0.0000E+00	  0.0000E+00	  0.0000E+00	  0.0000E+00	  0.0000E+00	  0.0000E+00
  0.0000E+00	  0.0000E+00	  0.0000E+00	  0.0000E+00	  0.0000E+00	  0.0000E+00	  0.0000E+00	  0.0000E+00	  0.0000E+00	  0.0000E+00	  0.0000E+00	  0.0000E+00	  0.0000E+00	  0.0000E+00	  0.0000E+00	  0.0000E+00	  0.0000E+00	  0.0000E+00	  0.0000E+00	  0.0000E+00	  0.0000E+00	  0.0000E+00	  0.0000E+00	  0.0000E+00	  0.0000E+00	  0.0000E+00	  0.0000E+00	  0.0000E+00	  0.0000E+00	  0.0000E+00	  0.0000E+00	  0.0000E+00	  0.0000E+00	  0.0000E+00	  0.0000E+00	  0.0000E+00	  0.0000E+00	  0.0000E+00	  0.0000E+00	  0.0000E+00	  0.0000E+00	  0.0000E+00	  0.0000E+00	  0.0000E+00	  0.0000E+00	  0.0000E+00	  0.0000E+00	  0.0000E+00	  0.0000E+00	  0.0000E+00	  0.0000E+00	  0.0000E+00	  0.0000E+00	  0.0000E+00	  0.0000E+00	  0.0000E+00	  0.0000E+00	  0.0000E+00	  0.0000E+00	  0.0000E+00	  0.0000E+00	  0.0000E+00	  0.0000E+00	  0.0000E+00	  0.0000E+00	  0.0000E+00	  0.0000E+00	  0.0000E+00	  0.0000E+00	  0.0000E+00	  0.0000E+00	  0.0000E+00	  0.0000E+00	  0.0000E+00	  0.0000E+00	  0.0000E+00	  0.0000E+00	  0.0000E+00	  0.0000E+00	  0.0000E+00	  0.0000E+00	  0.0000E+00	  0.0000E+00	  0.0000E+00	  0.0000E+00	  0.0000E+00	  0.0000E+00	  0.0000E+00	  0.0000E+00	  0.0000E+00	  0.0000E+00	  0.0000E+00	  0.0000E+00	  0.0000E+00	  0.0000E+00	  0.0000E+00	  0.0000E+00	  0.0000E+00	  0.0000E+00	  0.0000E+00	  0.0000E+00	  0.0000E+00	  0.0000E+00	  0.0000E+00	  0.0000E+00	  0.0000E+00	  0.0000E+00	  0.0000E+00	  0.0000E+00	  0.0000E+00	  0.0000E+00	  0.0000E+00	  0.0000E+00	  0.0000E+00	  0.0000E+00	  0.0000E+00	  0.0000E+00	  0.0000E+00	  0.0000E+00	  0.0000E+00	  0.0000E+00	  0.0000E+00	  0.0000E+00	  0.0000E+00	  0.0000E+00	  0.0000E+00	  0.0000E+00	  0.0000E+00
  0.0000E+00	  0.0000E+00	  0.0000E+00	  0.0000E+00	  0.0000E+00	  0.0000E+00	  0.0000E+00	  0.0000E+00	  0.0000E+00	  0.0000E+00	  0.0000E+00	  0.0000E+00	  0.0000E+00	  0.0000E+00	  0.0000E+00	  0.0000E+00	  0.0000E+00	  0.0000E+00	  0.0000E+00	  0.0000E+00	  0.0000E+00	  0.0000E+00	  0.0000E+00	  0.0000E+00	  0.0000E+00	  0.0000E+00	  0.0000E+00	  0.0000E+00	  0.0000E+00	  0.0000E+00	  0.0000E+00	  0.0000E+00	  0.0000E+00	  0.0000E+00	  0.0000E+00	  0.0000E+00	  0.0000E+00	  0.0000E+00	  0.0000E+00	  0.0000E+00	  0.0000E+00	  0.0000E+00	  0.0000E+00	  0.0000E+00	  0.0000E+00	  0.0000E+00	  0.0000E+00	  0.0000E+00	  0.0000E+00	  0.0000E+00	  0.0000E+00	  0.0000E+00	  0.0000E+00	  0.0000E+00	  0.0000E+00	  0.0000E+00	  0.0000E+00	  0.0000E+00	  0.0000E+00	  0.0000E+00	  0.0000E+00	  0.0000E+00	  0.0000E+00	  0.0000E+00	  0.0000E+00	  0.0000E+00	  0.0000E+00	  0.0000E+00	  0.0000E+00	  0.0000E+00	  0.0000E+00	  0.0000E+00	  0.0000E+00	  0.0000E+00	  0.0000E+00	  0.0000E+00	  0.0000E+00	  0.0000E+00	  0.0000E+00	  0.0000E+00	  0.0000E+00	  0.0000E+00	  0.0000E+00	  0.0000E+00	  0.0000E+00	  0.0000E+00	  0.0000E+00	  0.0000E+00	  0.0000E+00	  0.0000E+00	  0.0000E+00	  0.0000E+00	  0.0000E+00	  0.0000E+00	  0.0000E+00	  0.0000E+00	  0.0000E+00	  0.0000E+00	  0.0000E+00	  0.0000E+00	  0.0000E+00	  0.0000E+00	  0.0000E+00	  0.0000E+00	  0.0000E+00	  0.0000E+00	  0.0000E+00	  0.0000E+00	  0.0000E+00	  0.0000E+00	  0.0000E+00	  0.0000E+00	  0.0000E+00	  0.0000E+00	  0.0000E+00	  0.0000E+00	  0.0000E+00	  0.0000E+00	  0.0000E+00	  0.0000E+00	  0.0000E+00	  0.0000E+00	  0.0000E+00	  0.0000E+00	  0.0000E+00	  0.0000E+00	  0.0000E+00	  0.0000E+00
  0.0000E+00	  0.0000E+00	  0.0000E+00	  0.0000E+00	  0.0000E+00	  0.0000E+00	  0.0000E+00	  0.0000E+00	  0.0000E+00	  0.0000E+00	  0.0000E+00	  0.0000E+00	  0.0000E+00	  0.0000E+00	  0.0000E+00	  0.0000E+00	  0.0000E+00	  0.0000E+00	  0.0000E+00	  0.0000E+00	  0.0000E+00	  0.0000E+00	  0.0000E+00	  0.0000E+00	  0.0000E+00	  0.0000E+00	  0.0000E+00	  0.0000E+00	  0.0000E+00	  0.0000E+00	  0.0000E+00	  0.0000E+00	  0.0000E+00	  0.0000E+00	  0.0000E+00	  0.0000E+00	  0.0000E+00	  0.0000E+00	  0.0000E+00	  0.0000E+00	  0.0000E+00	  0.0000E+00	  0.0000E+00	  0.0000E+00	  0.0000E+00	  0.0000E+00	  0.0000E+00	  0.0000E+00	  0.0000E+00	  0.0000E+00	  0.0000E+00	  0.0000E+00	  0.0000E+00	  0.0000E+00	  0.0000E+00	  0.0000E+00	  0.0000E+00	  0.0000E+00	  0.0000E+00	  0.0000E+00	  0.0000E+00	  0.0000E+00	  0.0000E+00	  0.0000E+00	  0.0000E+00	  0.0000E+00	  0.0000E+00	  0.0000E+00	  0.0000E+00	  0.0000E+00	  0.0000E+00	  0.0000E+00	  0.0000E+00	  0.0000E+00	  0.0000E+00	  0.0000E+00	  0.0000E+00	  0.0000E+00	  0.0000E+00	  0.0000E+00	  0.0000E+00	  0.0000E+00	  0.0000E+00	  0.0000E+00	  0.0000E+00	  0.0000E+00	  0.0000E+00	  0.0000E+00	  0.0000E+00	  0.0000E+00	  0.0000E+00	  0.0000E+00	  0.0000E+00	  0.0000E+00	  0.0000E+00	  0.0000E+00	  0.0000E+00	  0.0000E+00	  0.0000E+00	  0.0000E+00	  0.0000E+00	  0.0000E+00	  0.0000E+00	  0.0000E+00	  0.0000E+00	  0.0000E+00	  0.0000E+00	  0.0000E+00	  0.0000E+00	  0.0000E+00	  0.0000E+00	  0.0000E+00	  0.0000E+00	  0.0000E+00	  0.0000E+00	  0.0000E+00	  0.0000E+00	  0.0000E+00	  0.0000E+00	  0.0000E+00	  0.0000E+00	  0.0000E+00	  0.0000E+00	  0.0000E+00	  0.0000E+00	  0.0000E+00	  0.0000E+00	  0.0000E+00
  0.0000E+00	  0.0000E+00	  0.0000E+00	  0.0000E+00	  0.0000E+00	  0.0000E+00	  0.0000E+00	  0.0000E+00	  0.0000E+00	  0.0000E+00	  0.0000E+00	  0.0000E+00	  0.0000E+00	  0.0000E+00	  0.0000E+00	  0.0000E+00	  0.0000E+00	  0.0000E+00	  0.0000E+00	  0.0000E+00	  0.0000E+00	  0.0000E+00	  0.0000E+00	  0.0000E+00	  0.0000E+00	  0.0000E+00	  0.0000E+00	  0.0000E+00	  0.0000E+00	  0.0000E+00	  0.0000E+00	  0.0000E+00	  0.0000E+00	  0.0000E+00	  0.0000E+00	  0.0000E+00	  0.0000E+00	  0.0000E+00	  0.0000E+00	  0.0000E+00	  0.0000E+00	  0.0000E+00	  0.0000E+00	  0.0000E+00	  0.0000E+00	  0.0000E+00	  0.0000E+00	  0.0000E+00	  0.0000E+00	  0.0000E+00	  0.0000E+00	  0.0000E+00	  0.0000E+00	  0.0000E+00	  0.0000E+00	  0.0000E+00	  0.0000E+00	  0.0000E+00	  0.0000E+00	  0.0000E+00	  0.0000E+00	  0.0000E+00	  0.0000E+00	  0.0000E+00	  0.0000E+00	  0.0000E+00	  0.0000E+00	  0.0000E+00	  0.0000E+00	  0.0000E+00	  0.0000E+00	  0.0000E+00	  0.0000E+00	  0.0000E+00	  0.0000E+00	  0.0000E+00	  0.0000E+00	  0.0000E+00	  0.0000E+00	  0.0000E+00	  0.0000E+00	  0.0000E+00	  0.0000E+00	  0.0000E+00	  0.0000E+00	  0.0000E+00	  0.0000E+00	  0.0000E+00	  0.0000E+00	  0.0000E+00	  0.0000E+00	  0.0000E+00	  0.0000E+00	  0.0000E+00	  0.0000E+00	  0.0000E+00	  0.0000E+00	  0.0000E+00	  0.0000E+00	  0.0000E+00	  0.0000E+00	  0.0000E+00	  0.0000E+00	  0.0000E+00	  0.0000E+00	  0.0000E+00	  0.0000E+00	  0.0000E+00	  0.0000E+00	  0.0000E+00	  0.0000E+00	  0.0000E+00	  0.0000E+00	  0.0000E+00	  0.0000E+00	  0.0000E+00	  0.0000E+00	  0.0000E+00	  0.0000E+00	  0.0000E+00	  0.0000E+00	  0.0000E+00	  0.0000E+00	  0.0000E+00	  0.0000E+00	  0.0000E+00	  0.0000E+00	  0.0000E+00
  0.0000E+00	  0.0000E+00	  0.0000E+00	  0.0000E+00	  0.0000E+00	  0.0000E+00	  0.0000E+00	  0.0000E+00	  0.0000E+00	  0.0000E+00	  0.0000E+00	  0.0000E+00	  0.0000E+00	  0.0000E+00	  0.0000E+00	  0.0000E+00	  0.0000E+00	  0.0000E+00	  0.0000E+00	  0.0000E+00	  0.0000E+00	  0.0000E+00	  0.0000E+00	  0.0000E+00	  0.0000E+00	  0.0000E+00	  0.0000E+00	  0.0000E+00	  0.0000E+00	  0.0000E+00	  0.0000E+00	  0.0000E+00	  0.0000E+00	  0.0000E+00	  0.0000E+00	  0.0000E+00	  0.0000E+00	  0.0000E+00	  0.0000E+00	  0.0000E+00	  0.0000E+00	  0.0000E+00	  0.0000E+00	  0.0000E+00	  0.0000E+00	  0.0000E+00	  0.0000E+00	  0.0000E+00	  0.0000E+00	  0.0000E+00	  0.0000E+00	  0.0000E+00	  0.0000E+00	  0.0000E+00	  0.0000E+00	  0.0000E+00	  0.0000E+00	  0.0000E+00	  0.0000E+00	  0.0000E+00	  0.0000E+00	  0.0000E+00	  0.0000E+00	  0.0000E+00	  0.0000E+00	  0.0000E+00	  0.0000E+00	  0.0000E+00	  0.0000E+00	  0.0000E+00	  0.0000E+00	  0.0000E+00	  0.0000E+00	  0.0000E+00	  0.0000E+00	  0.0000E+00	  0.0000E+00	  0.0000E+00	  0.0000E+00	  0.0000E+00	  0.0000E+00	  0.0000E+00	  0.0000E+00	  0.0000E+00	  0.0000E+00	  0.0000E+00	  0.0000E+00	  0.0000E+00	  0.0000E+00	  0.0000E+00	  0.0000E+00	  0.0000E+00	  0.0000E+00	  0.0000E+00	  0.0000E+00	  0.0000E+00	  0.0000E+00	  0.0000E+00	  0.0000E+00	  0.0000E+00	  0.0000E+00	  0.0000E+00	  0.0000E+00	  0.0000E+00	  0.0000E+00	  0.0000E+00	  0.0000E+00	  0.0000E+00	  0.0000E+00	  0.0000E+00	  0.0000E+00	  0.0000E+00	  0.0000E+00	  0.0000E+00	  0.0000E+00	  0.0000E+00	  0.0000E+00	  0.0000E+00	  0.0000E+00	  0.0000E+00	  0.0000E+00	  0.0000E+00	  0.0000E+00	  0.0000E+00	  0.0000E+00	  0.0000E+00	  0.0000E+00	  0.0000E+00
  0.0000E+00	  0.0000E+00	  0.0000E+00	  0.0000E+00	  0.0000E+00	  0.0000E+00	  0.0000E+00	  0.0000E+00	  0.0000E+00	  0.0000E+00	  0.0000E+00	  0.0000E+00	  0.0000E+00	  0.0000E+00	  0.0000E+00	  0.0000E+00	  0.0000E+00	  0.0000E+00	  0.0000E+00	  0.0000E+00	  0.0000E+00	  0.0000E+00	  0.0000E+00	  0.0000E+00	  0.0000E+00	  0.0000E+00	  0.0000E+00	  0.0000E+00	  0.0000E+00	  0.0000E+00	  0.0000E+00	  0.0000E+00	  0.0000E+00	  0.0000E+00	  0.0000E+00	  0.0000E+00	  0.0000E+00	  0.0000E+00	  0.0000E+00	  0.0000E+00	  0.0000E+00	  0.0000E+00	  0.0000E+00	  0.0000E+00	  0.0000E+00	  0.0000E+00	  0.0000E+00	  0.0000E+00	  0.0000E+00	  0.0000E+00	  0.0000E+00	  0.0000E+00	  0.0000E+00	  0.0000E+00	  0.0000E+00	  0.0000E+00	  0.0000E+00	  0.0000E+00	  0.0000E+00	  0.0000E+00	  0.0000E+00	  0.0000E+00	  0.0000E+00	  0.0000E+00	  0.0000E+00	  0.0000E+00	  0.0000E+00	  0.0000E+00	  0.0000E+00	  0.0000E+00	  0.0000E+00	  0.0000E+00	  0.0000E+00	  0.0000E+00	  0.0000E+00	  0.0000E+00	  0.0000E+00	  0.0000E+00	  0.0000E+00	  0.0000E+00	  0.0000E+00	  0.0000E+00	  0.0000E+00	  0.0000E+00	  0.0000E+00	  0.0000E+00	  0.0000E+00	  0.0000E+00	  0.0000E+00	  0.0000E+00	  0.0000E+00	  0.0000E+00	  0.0000E+00	  0.0000E+00	  0.0000E+00	  0.0000E+00	  0.0000E+00	  0.0000E+00	  0.0000E+00	  0.0000E+00	  0.0000E+00	  0.0000E+00	  0.0000E+00	  0.0000E+00	  0.0000E+00	  0.0000E+00	  0.0000E+00	  0.0000E+00	  0.0000E+00	  0.0000E+00	  0.0000E+00	  0.0000E+00	  0.0000E+00	  0.0000E+00	  0.0000E+00	  0.0000E+00	  0.0000E+00	  0.0000E+00	  0.0000E+00	  0.0000E+00	  0.0000E+00	  0.0000E+00	  0.0000E+00	  0.0000E+00	  0.0000E+00	  0.0000E+00	  0.0000E+00	  0.0000E+00
  0.0000E+00	  0.0000E+00	  0.0000E+00	  0.0000E+00	  0.0000E+00	  0.0000E+00	  0.0000E+00	  0.0000E+00	  0.0000E+00	  0.0000E+00	  0.0000E+00	  0.0000E+00	  0.0000E+00	  0.0000E+00	  0.0000E+00	  0.0000E+00	  0.0000E+00	  0.0000E+00	  0.0000E+00	  0.0000E+00	  0.0000E+00	  0.0000E+00	  0.0000E+00	  0.0000E+00	  0.0000E+00	  0.0000E+00	  0.0000E+00	  0.0000E+00	  0.0000E+00	  0.0000E+00	  0.0000E+00	  0.0000E+00	  0.0000E+00	  0.0000E+00	  0.0000E+00	  0.0000E+00	  0.0000E+00	  0.0000E+00	  0.0000E+00	  0.0000E+00	  0.0000E+00	  0.0000E+00	  0.0000E+00	  0.0000E+00	  0.0000E+00	  0.0000E+00	  0.0000E+00	  0.0000E+00	  0.0000E+00	  0.0000E+00	  0.0000E+00	  0.0000E+00	  0.0000E+00	  0.0000E+00	  0.0000E+00	  0.0000E+00	  0.0000E+00	  0.0000E+00	  0.0000E+00	  0.0000E+00	  0.0000E+00	  0.0000E+00	  0.0000E+00	  0.0000E+00	  0.0000E+00	  0.0000E+00	  0.0000E+00	  0.0000E+00	  0.0000E+00	  0.0000E+00	  0.0000E+00	  0.0000E+00	  0.0000E+00	  0.0000E+00	  0.0000E+00	  0.0000E+00	  0.0000E+00	  0.0000E+00	  0.0000E+00	  0.0000E+00	  0.0000E+00	  0.0000E+00	  0.0000E+00	  0.0000E+00	  0.0000E+00	  0.0000E+00	  0.0000E+00	  0.0000E+00	  0.0000E+00	  0.0000E+00	  0.0000E+00	  0.0000E+00	  0.0000E+00	  0.0000E+00	  0.0000E+00	  0.0000E+00	  0.0000E+00	  0.0000E+00	  0.0000E+00	  0.0000E+00	  0.0000E+00	  0.0000E+00	  0.0000E+00	  0.0000E+00	  0.0000E+00	  0.0000E+00	  0.0000E+00	  0.0000E+00	  0.0000E+00	  0.0000E+00	  0.0000E+00	  0.0000E+00	  0.0000E+00	  0.0000E+00	  0.0000E+00	  0.0000E+00	  0.0000E+00	  0.0000E+00	  0.0000E+00	  0.0000E+00	  0.0000E+00	  0.0000E+00	  0.0000E+00	  0.0000E+00	  0.0000E+00	  0.0000E+00	  0.0000E+00	  0.0000E+00
  0.0000E+00	  0.0000E+00	  0.0000E+00	  0.0000E+00	  0.0000E+00	  0.0000E+00	  0.0000E+00	  0.0000E+00	  0.0000E+00	  0.0000E+00	  0.0000E+00	  0.0000E+00	  0.0000E+00	  0.0000E+00	  0.0000E+00	  0.0000E+00	  0.0000E+00	  0.0000E+00	  0.0000E+00	  0.0000E+00	  0.0000E+00	  0.0000E+00	  0.0000E+00	  0.0000E+00	  0.0000E+00	  0.0000E+00	  0.0000E+00	  0.0000E+00	  0.0000E+00	  0.0000E+00	  0.0000E+00	  0.0000E+00	  0.0000E+00	  0.0000E+00	  0.0000E+00	  0.0000E+00	  0.0000E+00	  0.0000E+00	  0.0000E+00	  0.0000E+00	  0.0000E+00	  0.0000E+00	  0.0000E+00	  0.0000E+00	  0.0000E+00	  0.0000E+00	  0.0000E+00	  0.0000E+00	  0.0000E+00	  0.0000E+00	  0.0000E+00	  0.0000E+00	  0.0000E+00	  0.0000E+00	  0.0000E+00	  0.0000E+00	  0.0000E+00	  0.0000E+00	  0.0000E+00	  0.0000E+00	  0.0000E+00	  0.0000E+00	  0.0000E+00	  0.0000E+00	  0.0000E+00	  0.0000E+00	  0.0000E+00	  0.0000E+00	  0.0000E+00	  0.0000E+00	  0.0000E+00	  0.0000E+00	  0.0000E+00	  0.0000E+00	  0.0000E+00	  0.0000E+00	  0.0000E+00	  0.0000E+00	  0.0000E+00	  0.0000E+00	  0.0000E+00	  0.0000E+00	  0.0000E+00	  0.0000E+00	  0.0000E+00	  0.0000E+00	  0.0000E+00	  0.0000E+00	  0.0000E+00	  0.0000E+00	  0.0000E+00	  0.0000E+00	  0.0000E+00	  0.0000E+00	  0.0000E+00	  0.0000E+00	  0.0000E+00	  0.0000E+00	  0.0000E+00	  0.0000E+00	  0.0000E+00	  0.0000E+00	  0.0000E+00	  0.0000E+00	  0.0000E+00	  0.0000E+00	  0.0000E+00	  0.0000E+00	  0.0000E+00	  0.0000E+00	  0.0000E+00	  0.0000E+00	  0.0000E+00	  0.0000E+00	  0.0000E+00	  0.0000E+00	  0.0000E+00	  0.0000E+00	  0.0000E+00	  0.0000E+00	  0.0000E+00	  0.0000E+00	  0.0000E+00	  0.0000E+00	  0.0000E+00	  0.0000E+00	  0.0000E+00	  0.0000E+00
  0.0000E+00	  0.0000E+00	  0.0000E+00	  0.0000E+00	  0.0000E+00	  0.0000E+00	  0.0000E+00	  0.0000E+00	  0.0000E+00	  0.0000E+00	  0.0000E+00	  0.0000E+00	  0.0000E+00	  0.0000E+00	  0.0000E+00	  0.0000E+00	  0.0000E+00	  0.0000E+00	  0.0000E+00	  0.0000E+00	  0.0000E+00	  0.0000E+00	  0.0000E+00	  0.0000E+00	  0.0000E+00	  0.0000E+00	  0.0000E+00	  0.0000E+00	  0.0000E+00	  0.0000E+00	  0.0000E+00	  0.0000E+00	  0.0000E+00	  0.0000E+00	  0.0000E+00	  0.0000E+00	  0.0000E+00	  0.0000E+00	  0.0000E+00	  0.0000E+00	  0.0000E+00	  0.0000E+00	  0.0000E+00	  0.0000E+00	  0.0000E+00	  0.0000E+00	  0.0000E+00	  0.0000E+00	  0.0000E+00	  0.0000E+00	  0.0000E+00	  0.0000E+00	  0.0000E+00	  0.0000E+00	  0.0000E+00	  0.0000E+00	  0.0000E+00	  0.0000E+00	  0.0000E+00	  0.0000E+00	  0.0000E+00	  0.0000E+00	  0.0000E+00	  0.0000E+00	  0.0000E+00	  0.0000E+00	  0.0000E+00	  0.0000E+00	  0.0000E+00	  0.0000E+00	  0.0000E+00	  0.0000E+00	  0.0000E+00	  0.0000E+00	  0.0000E+00	  0.0000E+00	  0.0000E+00	  0.0000E+00	  0.0000E+00	  0.0000E+00	  0.0000E+00	  0.0000E+00	  0.0000E+00	  0.0000E+00	  0.0000E+00	  0.0000E+00	  0.0000E+00	  0.0000E+00	  0.0000E+00	  0.0000E+00	  0.0000E+00	  0.0000E+00	  0.0000E+00	  0.0000E+00	  0.0000E+00	  0.0000E+00	  0.0000E+00	  0.0000E+00	  0.0000E+00	  0.0000E+00	  0.0000E+00	  0.0000E+00	  0.0000E+00	  0.0000E+00	  0.0000E+00	  0.0000E+00	  0.0000E+00	  0.0000E+00	  0.0000E+00	  0.0000E+00	  0.0000E+00	  0.0000E+00	  0.0000E+00	  0.0000E+00	  0.0000E+00	  0.0000E+00	  0.0000E+00	  0.0000E+00	  0.0000E+00	  0.0000E+00	  0.0000E+00	  0.0000E+00	  0.0000E+00	  0.0000E+00	  0.0000E+00	  0.0000E+00	  0.0000E+00	  0.0000E+00
  0.0000E+00	  0.0000E+00	  0.0000E+00	  0.0000E+00	  0.0000E+00	  0.0000E+00	  0.0000E+00	  0.0000E+00	  0.0000E+00	  0.0000E+00	  0.0000E+00	  0.0000E+00	  0.0000E+00	  0.0000E+00	  0.0000E+00	  0.0000E+00	  0.0000E+00	  0.0000E+00	  0.0000E+00	  0.0000E+00	  0.0000E+00	  0.0000E+00	  0.0000E+00	  0.0000E+00	  0.0000E+00	  0.0000E+00	  0.0000E+00	  0.0000E+00	  0.0000E+00	  0.0000E+00	  0.0000E+00	  0.0000E+00	  0.0000E+00	  0.0000E+00	  0.0000E+00	  0.0000E+00	  0.0000E+00	  0.0000E+00	  0.0000E+00	  0.0000E+00	  0.0000E+00	  0.0000E+00	  0.0000E+00	  0.0000E+00	  0.0000E+00	  0.0000E+00	  0.0000E+00	  0.0000E+00	  0.0000E+00	  0.0000E+00	  0.0000E+00	  0.0000E+00	  0.0000E+00	  0.0000E+00	  0.0000E+00	  0.0000E+00	  0.0000E+00	  0.0000E+00	  0.0000E+00	  0.0000E+00	  0.0000E+00	  0.0000E+00	  0.0000E+00	  0.0000E+00	  0.0000E+00	  0.0000E+00	  0.0000E+00	  0.0000E+00	  0.0000E+00	  0.0000E+00	  0.0000E+00	  0.0000E+00	  0.0000E+00	  0.0000E+00	  0.0000E+00	  0.0000E+00	  0.0000E+00	  0.0000E+00	  0.0000E+00	  0.0000E+00	  0.0000E+00	  0.0000E+00	  0.0000E+00	  0.0000E+00	  0.0000E+00	  0.0000E+00	  0.0000E+00	  0.0000E+00	  0.0000E+00	  0.0000E+00	  0.0000E+00	  0.0000E+00	  0.0000E+00	  0.0000E+00	  0.0000E+00	  0.0000E+00	  0.0000E+00	  0.0000E+00	  0.0000E+00	  0.0000E+00	  0.0000E+00	  0.0000E+00	  0.0000E+00	  0.0000E+00	  0.0000E+00	  0.0000E+00	  0.0000E+00	  0.0000E+00	  0.0000E+00	  0.0000E+00	  0.0000E+00	  0.0000E+00	  0.0000E+00	  0.0000E+00	  0.0000E+00	  0.0000E+00	  0.0000E+00	  0.0000E+00	  0.0000E+00	  0.0000E+00	  0.0000E+00	  0.0000E+00	  0.0000E+00	  0.0000E+00	  0.0000E+00	  0.0000E+00	  0.0000E+00	  0.0000E+00
  0.0000E+00	  0.0000E+00	  0.0000E+00	  0.0000E+00	  0.0000E+00	  0.0000E+00	  0.0000E+00	  0.0000E+00	  0.0000E+00	  0.0000E+00	  0.0000E+00	  0.0000E+00	  0.0000E+00	  0.0000E+00	  0.0000E+00	  0.0000E+00	  0.0000E+00	  0.0000E+00	  0.0000E+00	  0.0000E+00	  0.0000E+00	  0.0000E+00	  0.0000E+00	  0.0000E+00	  0.0000E+00	  0.0000E+00	  0.0000E+00	  0.0000E+00	  0.0000E+00	  0.0000E+00	  0.0000E+00	  0.0000E+00	  0.0000E+00	  0.0000E+00	  0.0000E+00	  0.0000E+00	  0.0000E+00	  0.0000E+00	  0.0000E+00	  0.0000E+00	  0.0000E+00	  0.0000E+00	  0.0000E+00	  0.0000E+00	  0.0000E+00	  0.0000E+00	  0.0000E+00	  0.0000E+00	  0.0000E+00	  0.0000E+00	  0.0000E+00	  0.0000E+00	  0.0000E+00	  0.0000E+00	  0.0000E+00	  0.0000E+00	  0.0000E+00	  0.0000E+00	  0.0000E+00	  0.0000E+00	  0.0000E+00	  0.0000E+00	  0.0000E+00	  0.0000E+00	  0.0000E+00	  0.0000E+00	  0.0000E+00	  0.0000E+00	  0.0000E+00	  0.0000E+00	  0.0000E+00	  0.0000E+00	  0.0000E+00	  0.0000E+00	  0.0000E+00	  0.0000E+00	  0.0000E+00	  0.0000E+00	  0.0000E+00	  0.0000E+00	  0.0000E+00	  0.0000E+00	  0.0000E+00	  0.0000E+00	  0.0000E+00	  0.0000E+00	  0.0000E+00	  0.0000E+00	  0.0000E+00	  0.0000E+00	  0.0000E+00	  0.0000E+00	  0.0000E+00	  0.0000E+00	  0.0000E+00	  0.0000E+00	  0.0000E+00	  0.0000E+00	  0.0000E+00	  0.0000E+00	  0.0000E+00	  0.0000E+00	  0.0000E+00	  0.0000E+00	  0.0000E+00	  0.0000E+00	  0.0000E+00	  0.0000E+00	  0.0000E+00	  0.0000E+00	  0.0000E+00	  0.0000E+00	  0.0000E+00	  0.0000E+00	  0.0000E+00	  0.0000E+00	  0.0000E+00	  0.0000E+00	  0.0000E+00	  0.0000E+00	  0.0000E+00	  0.0000E+00	  0.0000E+00	  0.0000E+00	  0.0000E+00	  0.0000E+00	  0.0000E+00	  0.0000E+00
  0.0000E+00	  0.0000E+00	  0.0000E+00	  0.0000E+00	  0.0000E+00	  0.0000E+00	  0.0000E+00	  0.0000E+00	  0.0000E+00	  0.0000E+00	  0.0000E+00	  0.0000E+00	  0.0000E+00	  0.0000E+00	  0.0000E+00	  0.0000E+00	  0.0000E+00	  0.0000E+00	  0.0000E+00	  0.0000E+00	  0.0000E+00	  0.0000E+00	  0.0000E+00	  0.0000E+00	  0.0000E+00	  0.0000E+00	  0.0000E+00	  0.0000E+00	  0.0000E+00	  0.0000E+00	  0.0000E+00	  0.0000E+00	  0.0000E+00	  0.0000E+00	  0.0000E+00	  0.0000E+00	  0.0000E+00	  0.0000E+00	  0.0000E+00	  0.0000E+00	  0.0000E+00	  0.0000E+00	  0.0000E+00	  0.0000E+00	  0.0000E+00	  0.0000E+00	  0.0000E+00	  0.0000E+00	  0.0000E+00	  0.0000E+00	  0.0000E+00	  0.0000E+00	  0.0000E+00	  0.0000E+00	  0.0000E+00	  0.0000E+00	  0.0000E+00	  0.0000E+00	  0.0000E+00	  0.0000E+00	  0.0000E+00	  0.0000E+00	  0.0000E+00	  0.0000E+00	  0.0000E+00	  0.0000E+00	  0.0000E+00	  0.0000E+00	  0.0000E+00	  0.0000E+00	  0.0000E+00	  0.0000E+00	  0.0000E+00	  0.0000E+00	  0.0000E+00	  0.0000E+00	  0.0000E+00	  0.0000E+00	  0.0000E+00	  0.0000E+00	  0.0000E+00	  0.0000E+00	  0.0000E+00	  0.0000E+00	  0.0000E+00	  0.0000E+00	  0.0000E+00	  0.0000E+00	  0.0000E+00	  0.0000E+00	  0.0000E+00	  0.0000E+00	  0.0000E+00	  0.0000E+00	  0.0000E+00	  0.0000E+00	  0.0000E+00	  0.0000E+00	  0.0000E+00	  0.0000E+00	  0.0000E+00	  0.0000E+00	  0.0000E+00	  0.0000E+00	  0.0000E+00	  0.0000E+00	  0.0000E+00	  0.0000E+00	  0.0000E+00	  0.0000E+00	  0.0000E+00	  0.0000E+00	  0.0000E+00	  0.0000E+00	  0.0000E+00	  0.0000E+00	  0.0000E+00	  0.0000E+00	  0.0000E+00	  0.0000E+00	  0.0000E+00	  0.0000E+00	  0.0000E+00	  0.0000E+00	  0.0000E+00	  0.0000E+00	  0.0000E+00	  0.0000E+00
  0.0000E+00	  0.0000E+00	  0.0000E+00	  0.0000E+00	  0.0000E+00	  0.0000E+00	  0.0000E+00	  0.0000E+00	  0.0000E+00	  0.0000E+00	  0.0000E+00	  0.0000E+00	  0.0000E+00	  0.0000E+00	  0.0000E+00	  0.0000E+00	  0.0000E+00	  0.0000E+00	  0.0000E+00	  0.0000E+00	  0.0000E+00	  0.0000E+00	  0.0000E+00	  0.0000E+00	  0.0000E+00	  0.0000E+00	  0.0000E+00	  0.0000E+00	  0.0000E+00	  0.0000E+00	  0.0000E+00	  0.0000E+00	  0.0000E+00	  0.0000E+00	  0.0000E+00	  0.0000E+00	  0.0000E+00	  0.0000E+00	  0.0000E+00	  0.0000E+00	  0.0000E+00	  0.0000E+00	  0.0000E+00	  0.0000E+00	  0.0000E+00	  0.0000E+00	  0.0000E+00	  0.0000E+00	  0.0000E+00	  0.0000E+00	  0.0000E+00	  0.0000E+00	  0.0000E+00	  0.0000E+00	  0.0000E+00	  0.0000E+00	  0.0000E+00	  0.0000E+00	  0.0000E+00	  0.0000E+00	  0.0000E+00	  0.0000E+00	  0.0000E+00	  0.0000E+00	  0.0000E+00	  0.0000E+00	  0.0000E+00	  0.0000E+00	  0.0000E+00	  0.0000E+00	  0.0000E+00	  0.0000E+00	  0.0000E+00	  0.0000E+00	  0.0000E+00	  0.0000E+00	  0.0000E+00	  0.0000E+00	  0.0000E+00	  0.0000E+00	  0.0000E+00	  0.0000E+00	  0.0000E+00	  0.0000E+00	  0.0000E+00	  0.0000E+00	  0.0000E+00	  0.0000E+00	  0.0000E+00	  0.0000E+00	  0.0000E+00	  0.0000E+00	  0.0000E+00	  0.0000E+00	  0.0000E+00	  0.0000E+00	  0.0000E+00	  0.0000E+00	  0.0000E+00	  0.0000E+00	  0.0000E+00	  0.0000E+00	  0.0000E+00	  0.0000E+00	  0.0000E+00	  0.0000E+00	  0.0000E+00	  0.0000E+00	  0.0000E+00	  0.0000E+00	  0.0000E+00	  0.0000E+00	  0.0000E+00	  0.0000E+00	  0.0000E+00	  0.0000E+00	  0.0000E+00	  0.0000E+00	  0.0000E+00	  0.0000E+00	  0.0000E+00	  0.0000E+00	  0.0000E+00	  0.0000E+00	  0.0000E+00	  0.0000E+00	  0.0000E+00	  0.0000E+00
  0.0000E+00	  0.0000E+00	  0.0000E+00	  0.0000E+00	  0.0000E+00	  0.0000E+00	  0.0000E+00	  0.0000E+00	  0.0000E+00	  0.0000E+00	  0.0000E+00	  0.0000E+00	  0.0000E+00	  0.0000E+00	  0.0000E+00	  0.0000E+00	  0.0000E+00	  0.0000E+00	  0.0000E+00	  0.0000E+00	  0.0000E+00	  0.0000E+00	  0.0000E+00	  0.0000E+00	  0.0000E+00	  0.0000E+00	  0.0000E+00	  0.0000E+00	  0.0000E+00	  0.0000E+00	  0.0000E+00	  0.0000E+00	  0.0000E+00	  0.0000E+00	  0.0000E+00	  0.0000E+00	  0.0000E+00	  0.0000E+00	  0.0000E+00	  0.0000E+00	  0.0000E+00	  0.0000E+00	  0.0000E+00	  0.0000E+00	  0.0000E+00	  0.0000E+00	  0.0000E+00	  0.0000E+00	  0.0000E+00	  0.0000E+00	  0.0000E+00	  0.0000E+00	  0.0000E+00	  0.0000E+00	  0.0000E+00	  0.0000E+00	  0.0000E+00	  0.0000E+00	  0.0000E+00	  0.0000E+00	  0.0000E+00	  0.0000E+00	  0.0000E+00	  0.0000E+00	  0.0000E+00	  0.0000E+00	  0.0000E+00	  0.0000E+00	  0.0000E+00	  0.0000E+00	  0.0000E+00	  0.0000E+00	  0.0000E+00	  0.0000E+00	  0.0000E+00	  0.0000E+00	  0.0000E+00	  0.0000E+00	  0.0000E+00	  0.0000E+00	  0.0000E+00	  0.0000E+00	  0.0000E+00	  0.0000E+00	  0.0000E+00	  0.0000E+00	  0.0000E+00	  0.0000E+00	  0.0000E+00	  0.0000E+00	  0.0000E+00	  0.0000E+00	  0.0000E+00	  0.0000E+00	  0.0000E+00	  0.0000E+00	  0.0000E+00	  0.0000E+00	  0.0000E+00	  0.0000E+00	  0.0000E+00	  0.0000E+00	  0.0000E+00	  0.0000E+00	  0.0000E+00	  0.0000E+00	  0.0000E+00	  0.0000E+00	  0.0000E+00	  0.0000E+00	  0.0000E+00	  0.0000E+00	  0.0000E+00	  0.0000E+00	  0.0000E+00	  0.0000E+00	  0.0000E+00	  0.0000E+00	  0.0000E+00	  0.0000E+00	  0.0000E+00	  0.0000E+00	  0.0000E+00	  0.0000E+00	  0.0000E+00	  0.0000E+00	  0.0000E+00	  0.0000E+00
  0.0000E+00	  0.0000E+00	  0.0000E+00	  0.0000E+00	  0.0000E+00	  0.0000E+00	  0.0000E+00	  0.0000E+00	  0.0000E+00	  0.0000E+00	  0.0000E+00	  0.0000E+00	  0.0000E+00	  0.0000E+00	  0.0000E+00	  0.0000E+00	  0.0000E+00	  0.0000E+00	  0.0000E+00	  0.0000E+00	  0.0000E+00	  0.0000E+00	  0.0000E+00	  0.0000E+00	  0.0000E+00	  0.0000E+00	  0.0000E+00	  0.0000E+00	  0.0000E+00	  0.0000E+00	  0.0000E+00	  0.0000E+00	  0.0000E+00	  0.0000E+00	  0.0000E+00	  0.0000E+00	  0.0000E+00	  0.0000E+00	  0.0000E+00	  0.0000E+00	  0.0000E+00	  0.0000E+00	  0.0000E+00	  0.0000E+00	  0.0000E+00	  0.0000E+00	  0.0000E+00	  0.0000E+00	  0.0000E+00	  0.0000E+00	  0.0000E+00	  0.0000E+00	  0.0000E+00	  0.0000E+00	  0.0000E+00	  0.0000E+00	  0.0000E+00	  0.0000E+00	  0.0000E+00	  0.0000E+00	  0.0000E+00	  0.0000E+00	  0.0000E+00	  0.0000E+00	  0.0000E+00	  0.0000E+00	  0.0000E+00	  0.0000E+00	  0.0000E+00	  0.0000E+00	  0.0000E+00	  0.0000E+00	  0.0000E+00	  0.0000E+00	  0.0000E+00	  0.0000E+00	  0.0000E+00	  0.0000E+00	  0.0000E+00	  0.0000E+00	  0.0000E+00	  0.0000E+00	  0.0000E+00	  0.0000E+00	  0.0000E+00	  0.0000E+00	  0.0000E+00	  0.0000E+00	  0.0000E+00	  0.0000E+00	  0.0000E+00	  0.0000E+00	  0.0000E+00	  0.0000E+00	  0.0000E+00	  0.0000E+00	  0.0000E+00	  0.0000E+00	  0.0000E+00	  0.0000E+00	  0.0000E+00	  0.0000E+00	  0.0000E+00	  0.0000E+00	  0.0000E+00	  0.0000E+00	  0.0000E+00	  0.0000E+00	  0.0000E+00	  0.0000E+00	  0.0000E+00	  0.0000E+00	  0.0000E+00	  0.0000E+00	  0.0000E+00	  0.0000E+00	  0.0000E+00	  0.0000E+00	  0.0000E+00	  0.0000E+00	  0.0000E+00	  0.0000E+00	  0.0000E+00	  0.0000E+00	  0.0000E+00	  0.0000E+00	  0.0000E+00	  0.0000E+00
  0.0000E+00	  0.0000E+00	  0.0000E+00	  0.0000E+00	  0.0000E+00	  0.0000E+00	  0.0000E+00	  0.0000E+00	  0.0000E+00	  0.0000E+00	  0.0000E+00	  0.0000E+00	  0.0000E+00	  0.0000E+00	  0.0000E+00	  0.0000E+00	  0.0000E+00	  0.0000E+00	  0.0000E+00	  0.0000E+00	  0.0000E+00	  0.0000E+00	  0.0000E+00	  0.0000E+00	  0.0000E+00	  0.0000E+00	  0.0000E+00	  0.0000E+00	  0.0000E+00	  0.0000E+00	  0.0000E+00	  0.0000E+00	  0.0000E+00	  0.0000E+00	  0.0000E+00	  0.0000E+00	  0.0000E+00	  0.0000E+00	  0.0000E+00	  0.0000E+00	  0.0000E+00	  0.0000E+00	  0.0000E+00	  0.0000E+00	  0.0000E+00	  0.0000E+00	  0.0000E+00	  0.0000E+00	  0.0000E+00	  0.0000E+00	  0.0000E+00	  0.0000E+00	  0.0000E+00	  0.0000E+00	  0.0000E+00	  0.0000E+00	  0.0000E+00	  0.0000E+00	  0.0000E+00	  0.0000E+00	  0.0000E+00	  0.0000E+00	  0.0000E+00	  0.0000E+00	  0.0000E+00	  0.0000E+00	  0.0000E+00	  0.0000E+00	  0.0000E+00	  0.0000E+00	  0.0000E+00	  0.0000E+00	  0.0000E+00	  0.0000E+00	  0.0000E+00	  0.0000E+00	  0.0000E+00	  0.0000E+00	  0.0000E+00	  0.0000E+00	  0.0000E+00	  0.0000E+00	  0.0000E+00	  0.0000E+00	  0.0000E+00	  0.0000E+00	  0.0000E+00	  0.0000E+00	  0.0000E+00	  0.0000E+00	  0.0000E+00	  0.0000E+00	  0.0000E+00	  0.0000E+00	  0.0000E+00	  0.0000E+00	  0.0000E+00	  0.0000E+00	  0.0000E+00	  0.0000E+00	  0.0000E+00	  0.0000E+00	  0.0000E+00	  0.0000E+00	  0.0000E+00	  0.0000E+00	  0.0000E+00	  0.0000E+00	  0.0000E+00	  0.0000E+00	  0.0000E+00	  0.0000E+00	  0.0000E+00	  0.0000E+00	  0.0000E+00	  0.0000E+00	  0.0000E+00	  0.0000E+00	  0.0000E+00	  0.0000E+00	  0.0000E+00	  0.0000E+00	  0.0000E+00	  0.0000E+00	  0.0000E+00	  0.0000E+00	  0.0000E+00	  0.0000E+00
  0.0000E+00	  0.0000E+00	  0.0000E+00	  0.0000E+00	  0.0000E+00	  0.0000E+00	  0.0000E+00	  0.0000E+00	  0.0000E+00	  0.0000E+00	  0.0000E+00	  0.0000E+00	  0.0000E+00	  0.0000E+00	  0.0000E+00	  0.0000E+00	  0.0000E+00	  0.0000E+00	  0.0000E+00	  0.0000E+00	  0.0000E+00	  0.0000E+00	  0.0000E+00	  0.0000E+00	  0.0000E+00	  0.0000E+00	  0.0000E+00	  0.0000E+00	  0.0000E+00	  0.0000E+00	  0.0000E+00	  0.0000E+00	  0.0000E+00	  0.0000E+00	  0.0000E+00	  0.0000E+00	  0.0000E+00	  0.0000E+00	  0.0000E+00	  0.0000E+00	  0.0000E+00	  0.0000E+00	  0.0000E+00	  0.0000E+00	  0.0000E+00	  0.0000E+00	  0.0000E+00	  0.0000E+00	  0.0000E+00	  0.0000E+00	  0.0000E+00	  0.0000E+00	  0.0000E+00	  0.0000E+00	  0.0000E+00	  0.0000E+00	  0.0000E+00	  0.0000E+00	  0.0000E+00	  0.0000E+00	  0.0000E+00	  0.0000E+00	  0.0000E+00	  0.0000E+00	  0.0000E+00	  0.0000E+00	  0.0000E+00	  0.0000E+00	  0.0000E+00	  0.0000E+00	  0.0000E+00	  0.0000E+00	  0.0000E+00	  0.0000E+00	  0.0000E+00	  0.0000E+00	  0.0000E+00	  0.0000E+00	  0.0000E+00	  0.0000E+00	  0.0000E+00	  0.0000E+00	  0.0000E+00	  0.0000E+00	  0.0000E+00	  0.0000E+00	  0.0000E+00	  0.0000E+00	  0.0000E+00	  0.0000E+00	  0.0000E+00	  0.0000E+00	  0.0000E+00	  0.0000E+00	  0.0000E+00	  0.0000E+00	  0.0000E+00	  0.0000E+00	  0.0000E+00	  0.0000E+00	  0.0000E+00	  0.0000E+00	  0.0000E+00	  0.0000E+00	  0.0000E+00	  0.0000E+00	  0.0000E+00	  0.0000E+00	  0.0000E+00	  0.0000E+00	  0.0000E+00	  0.0000E+00	  0.0000E+00	  0.0000E+00	  0.0000E+00	  0.0000E+00	  0.0000E+00	  0.0000E+00	  0.0000E+00	  0.0000E+00	  0.0000E+00	  0.0000E+00	  0.0000E+00	  0.0000E+00	  0.0000E+00	  0.0000E+00	  0.0000E+00	  0.0000E+00
  0.0000E+00	  0.0000E+00	  0.0000E+00	  0.0000E+00	  0.0000E+00	  0.0000E+00	  0.0000E+00	  0.0000E+00	  0.0000E+00	  0.0000E+00	  0.0000E+00	  0.0000E+00	  0.0000E+00	  0.0000E+00	  0.0000E+00	  0.0000E+00	  0.0000E+00	  0.0000E+00	  0.0000E+00	  0.0000E+00	  0.0000E+00	  0.0000E+00	  0.0000E+00	  0.0000E+00	  0.0000E+00	  0.0000E+00	  0.0000E+00	  0.0000E+00	  0.0000E+00	  0.0000E+00	  0.0000E+00	  0.0000E+00	  0.0000E+00	  0.0000E+00	  0.0000E+00	  0.0000E+00	  0.0000E+00	  0.0000E+00	  0.0000E+00	  0.0000E+00	  0.0000E+00	  0.0000E+00	  0.0000E+00	  0.0000E+00	  0.0000E+00	  0.0000E+00	  0.0000E+00	  0.0000E+00	  0.0000E+00	  0.0000E+00	  0.0000E+00	  0.0000E+00	  0.0000E+00	  0.0000E+00	  0.0000E+00	  0.0000E+00	  0.0000E+00	  0.0000E+00	  0.0000E+00	  0.0000E+00	  0.0000E+00	  0.0000E+00	  0.0000E+00	  0.0000E+00	  0.0000E+00	  0.0000E+00	  0.0000E+00	  0.0000E+00	  0.0000E+00	  0.0000E+00	  0.0000E+00	  0.0000E+00	  0.0000E+00	  0.0000E+00	  0.0000E+00	  0.0000E+00	  0.0000E+00	  0.0000E+00	  0.0000E+00	  0.0000E+00	  0.0000E+00	  0.0000E+00	  0.0000E+00	  0.0000E+00	  0.0000E+00	  0.0000E+00	  0.0000E+00	  0.0000E+00	  0.0000E+00	  0.0000E+00	  0.0000E+00	  0.0000E+00	  0.0000E+00	  0.0000E+00	  0.0000E+00	  0.0000E+00	  0.0000E+00	  0.0000E+00	  0.0000E+00	  0.0000E+00	  0.0000E+00	  0.0000E+00	  0.0000E+00	  0.0000E+00	  0.0000E+00	  0.0000E+00	  0.0000E+00	  0.0000E+00	  0.0000E+00	  0.0000E+00	  0.0000E+00	  0.0000E+00	  0.0000E+00	  0.0000E+00	  0.0000E+00	  0.0000E+00	  0.0000E+00	  0.0000E+00	  0.0000E+00	  0.0000E+00	  0.0000E+00	  0.0000E+00	  0.0000E+00	  0.0000E+00	  0.0000E+00	  0.0000E+00	  0.0000E+00	  0.0000E+00
  0.0000E+00	  0.0000E+00	  0.0000E+00	  0.0000E+00	  0.0000E+00	  0.0000E+00	  0.0000E+00	  0.0000E+00	  0.0000E+00	  0.0000E+00	  0.0000E+00	  0.0000E+00	  0.0000E+00	  0.0000E+00	  0.0000E+00	  0.0000E+00	  0.0000E+00	  0.0000E+00	  0.0000E+00	  0.0000E+00	  0.0000E+00	  0.0000E+00	  0.0000E+00	  0.0000E+00	  0.0000E+00	  0.0000E+00	  0.0000E+00	  0.0000E+00	  0.0000E+00	  0.0000E+00	  0.0000E+00	  0.0000E+00	  0.0000E+00	  0.0000E+00	  0.0000E+00	  0.0000E+00	  0.0000E+00	  0.0000E+00	  0.0000E+00	  0.0000E+00	  0.0000E+00	  0.0000E+00	  0.0000E+00	  0.0000E+00	  0.0000E+00	  0.0000E+00	  0.0000E+00	  0.0000E+00	  0.0000E+00	  0.0000E+00	  0.0000E+00	  0.0000E+00	  0.0000E+00	  0.0000E+00	  0.0000E+00	  0.0000E+00	  0.0000E+00	  0.0000E+00	  0.0000E+00	  0.0000E+00	  0.0000E+00	  0.0000E+00	  0.0000E+00	  0.0000E+00	  0.0000E+00	  0.0000E+00	  0.0000E+00	  0.0000E+00	  0.0000E+00	  0.0000E+00	  0.0000E+00	  0.0000E+00	  0.0000E+00	  0.0000E+00	  0.0000E+00	  0.0000E+00	  0.0000E+00	  0.0000E+00	  0.0000E+00	  0.0000E+00	  0.0000E+00	  0.0000E+00	  0.0000E+00	  0.0000E+00	  0.0000E+00	  0.0000E+00	  0.0000E+00	  0.0000E+00	  0.0000E+00	  0.0000E+00	  0.0000E+00	  0.0000E+00	  0.0000E+00	  0.0000E+00	  0.0000E+00	  0.0000E+00	  0.0000E+00	  0.0000E+00	  0.0000E+00	  0.0000E+00	  0.0000E+00	  0.0000E+00	  0.0000E+00	  0.0000E+00	  0.0000E+00	  0.0000E+00	  0.0000E+00	  0.0000E+00	  0.0000E+00	  0.0000E+00	  0.0000E+00	  0.0000E+00	  0.0000E+00	  0.0000E+00	  0.0000E+00	  0.0000E+00	  0.0000E+00	  0.0000E+00	  0.0000E+00	  0.0000E+00	  0.0000E+00	  0.0000E+00	  0.0000E+00	  0.0000E+00	  0.0000E+00	  0.0000E+00	  0.0000E+00	  0.0000E+00
  0.0000E+00	  0.0000E+00	  0.0000E+00	  0.0000E+00	  0.0000E+00	  0.0000E+00	  0.0000E+00	  0.0000E+00	  0.0000E+00	  0.0000E+00	  0.0000E+00	  0.0000E+00	  0.0000E+00	  0.0000E+00	  0.0000E+00	  0.0000E+00	  0.0000E+00	  0.0000E+00	  0.0000E+00	  0.0000E+00	  0.0000E+00	  0.0000E+00	  0.0000E+00	  0.0000E+00	  0.0000E+00	  0.0000E+00	  0.0000E+00	  0.0000E+00	  0.0000E+00	  0.0000E+00	  0.0000E+00	  0.0000E+00	  0.0000E+00	  0.0000E+00	  0.0000E+00	  0.0000E+00	  0.0000E+00	  0.0000E+00	  0.0000E+00	  0.0000E+00	  0.0000E+00	  0.0000E+00	  0.0000E+00	  0.0000E+00	  0.0000E+00	  0.0000E+00	  0.0000E+00	  0.0000E+00	  0.0000E+00	  0.0000E+00	  0.0000E+00	  0.0000E+00	  0.0000E+00	  0.0000E+00	  0.0000E+00	  0.0000E+00	  0.0000E+00	  0.0000E+00	  0.0000E+00	  0.0000E+00	  0.0000E+00	  0.0000E+00	  0.0000E+00	  0.0000E+00	  0.0000E+00	  0.0000E+00	  0.0000E+00	  0.0000E+00	  0.0000E+00	  0.0000E+00	  0.0000E+00	  0.0000E+00	  0.0000E+00	  0.0000E+00	  0.0000E+00	  0.0000E+00	  0.0000E+00	  0.0000E+00	  0.0000E+00	  0.0000E+00	  0.0000E+00	  0.0000E+00	  0.0000E+00	  0.0000E+00	  0.0000E+00	  0.0000E+00	  0.0000E+00	  0.0000E+00	  0.0000E+00	  0.0000E+00	  0.0000E+00	  0.0000E+00	  0.0000E+00	  0.0000E+00	  0.0000E+00	  0.0000E+00	  0.0000E+00	  0.0000E+00	  0.0000E+00	  0.0000E+00	  0.0000E+00	  0.0000E+00	  0.0000E+00	  0.0000E+00	  0.0000E+00	  0.0000E+00	  0.0000E+00	  0.0000E+00	  0.0000E+00	  0.0000E+00	  0.0000E+00	  0.0000E+00	  0.0000E+00	  0.0000E+00	  0.0000E+00	  0.0000E+00	  0.0000E+00	  0.0000E+00	  0.0000E+00	  0.0000E+00	  0.0000E+00	  0.0000E+00	  0.0000E+00	  0.0000E+00	  0.0000E+00	  0.0000E+00	  0.0000E+00	  0.0000E+00
  0.0000E+00	  0.0000E+00	  0.0000E+00	  0.0000E+00	  0.0000E+00	  0.0000E+00	  0.0000E+00	  0.0000E+00	  0.0000E+00	  0.0000E+00	  0.0000E+00	  0.0000E+00	  0.0000E+00	  0.0000E+00	  0.0000E+00	  0.0000E+00	  0.0000E+00	  0.0000E+00	  0.0000E+00	  0.0000E+00	  0.0000E+00	  0.0000E+00	  0.0000E+00	  0.0000E+00	  0.0000E+00	  0.0000E+00	  0.0000E+00	  0.0000E+00	  0.0000E+00	  0.0000E+00	  0.0000E+00	  0.0000E+00	  0.0000E+00	  0.0000E+00	  0.0000E+00	  0.0000E+00	  0.0000E+00	  0.0000E+00	  0.0000E+00	  0.0000E+00	  0.0000E+00	  0.0000E+00	  0.0000E+00	  0.0000E+00	  0.0000E+00	  0.0000E+00	  0.0000E+00	  0.0000E+00	  0.0000E+00	  0.0000E+00	  0.0000E+00	  0.0000E+00	  0.0000E+00	  0.0000E+00	  0.0000E+00	  0.0000E+00	  0.0000E+00	  0.0000E+00	  0.0000E+00	  0.0000E+00	  0.0000E+00	  0.0000E+00	  0.0000E+00	  0.0000E+00	  0.0000E+00	  0.0000E+00	  0.0000E+00	  0.0000E+00	  0.0000E+00	  0.0000E+00	  0.0000E+00	  0.0000E+00	  0.0000E+00	  0.0000E+00	  0.0000E+00	  0.0000E+00	  0.0000E+00	  0.0000E+00	  0.0000E+00	  0.0000E+00	  0.0000E+00	  0.0000E+00	  0.0000E+00	  0.0000E+00	  0.0000E+00	  0.0000E+00	  0.0000E+00	  0.0000E+00	  0.0000E+00	  0.0000E+00	  0.0000E+00	  0.0000E+00	  0.0000E+00	  0.0000E+00	  0.0000E+00	  0.0000E+00	  0.0000E+00	  0.0000E+00	  0.0000E+00	  0.0000E+00	  0.0000E+00	  0.0000E+00	  0.0000E+00	  0.0000E+00	  0.0000E+00	  0.0000E+00	  0.0000E+00	  0.0000E+00	  0.0000E+00	  0.0000E+00	  0.0000E+00	  0.0000E+00	  0.0000E+00	  0.0000E+00	  0.0000E+00	  0.0000E+00	  0.0000E+00	  0.0000E+00	  0.0000E+00	  0.0000E+00	  0.0000E+00	  0.0000E+00	  0.0000E+00	  0.0000E+00	  0.0000E+00	  0.0000E+00	  0.0000E+00	  0.0000E+00
  0.0000E+00	  0.0000E+00	  0.0000E+00	  0.0000E+00	  0.0000E+00	  0.0000E+00	  0.0000E+00	  0.0000E+00	  0.0000E+00	  0.0000E+00	  0.0000E+00	  0.0000E+00	  0.0000E+00	  0.0000E+00	  0.0000E+00	  0.0000E+00	  0.0000E+00	  0.0000E+00	  0.0000E+00	  0.0000E+00	  0.0000E+00	  0.0000E+00	  0.0000E+00	  0.0000E+00	  0.0000E+00	  0.0000E+00	  0.0000E+00	  0.0000E+00	  0.0000E+00	  0.0000E+00	  0.0000E+00	  0.0000E+00	  0.0000E+00	  0.0000E+00	  0.0000E+00	  0.0000E+00	  0.0000E+00	  0.0000E+00	  0.0000E+00	  0.0000E+00	  0.0000E+00	  0.0000E+00	  0.0000E+00	  0.0000E+00	  0.0000E+00	  0.0000E+00	  0.0000E+00	  0.0000E+00	  0.0000E+00	  0.0000E+00	  0.0000E+00	  0.0000E+00	  0.0000E+00	  0.0000E+00	  0.0000E+00	  0.0000E+00	  0.0000E+00	  0.0000E+00	  0.0000E+00	  0.0000E+00	  0.0000E+00	  0.0000E+00	  0.0000E+00	  0.0000E+00	  0.0000E+00	  0.0000E+00	  0.0000E+00	  0.0000E+00	  0.0000E+00	  0.0000E+00	  0.0000E+00	  0.0000E+00	  0.0000E+00	  0.0000E+00	  0.0000E+00	  0.0000E+00	  0.0000E+00	  0.0000E+00	  0.0000E+00	  0.0000E+00	  0.0000E+00	  0.0000E+00	  0.0000E+00	  0.0000E+00	  0.0000E+00	  0.0000E+00	  0.0000E+00	  0.0000E+00	  0.0000E+00	  0.0000E+00	  0.0000E+00	  0.0000E+00	  0.0000E+00	  0.0000E+00	  0.0000E+00	  0.0000E+00	  0.0000E+00	  0.0000E+00	  0.0000E+00	  0.0000E+00	  0.0000E+00	  0.0000E+00	  0.0000E+00	  0.0000E+00	  0.0000E+00	  0.0000E+00	  0.0000E+00	  0.0000E+00	  0.0000E+00	  0.0000E+00	  0.0000E+00	  0.0000E+00	  0.0000E+00	  0.0000E+00	  0.0000E+00	  0.0000E+00	  0.0000E+00	  0.0000E+00	  0.0000E+00	  0.0000E+00	  0.0000E+00	  0.0000E+00	  0.0000E+00	  0.0000E+00	  0.0000E+00	  0.0000E+00	  0.0000E+00	  0.0000E+00
  0.0000E+00	  0.0000E+00	  0.0000E+00	  0.0000E+00	  0.0000E+00	  0.0000E+00	  0.0000E+00	  0.0000E+00	  0.0000E+00	  0.0000E+00	  0.0000E+00	  0.0000E+00	  0.0000E+00	  0.0000E+00	  0.0000E+00	  0.0000E+00	  0.0000E+00	  0.0000E+00	  0.0000E+00	  0.0000E+00	  0.0000E+00	  0.0000E+00	  0.0000E+00	  0.0000E+00	  0.0000E+00	  0.0000E+00	  0.0000E+00	  0.0000E+00	  0.0000E+00	  0.0000E+00	  0.0000E+00	  0.0000E+00	  0.0000E+00	  0.0000E+00	  0.0000E+00	  0.0000E+00	  0.0000E+00	  0.0000E+00	  0.0000E+00	  0.0000E+00	  0.0000E+00	  0.0000E+00	  0.0000E+00	  0.0000E+00	  0.0000E+00	  0.0000E+00	  0.0000E+00	  0.0000E+00	  0.0000E+00	  0.0000E+00	  0.0000E+00	  0.0000E+00	  0.0000E+00	  0.0000E+00	  0.0000E+00	  0.0000E+00	  0.0000E+00	  0.0000E+00	  0.0000E+00	  0.0000E+00	  0.0000E+00	  0.0000E+00	  0.0000E+00	  0.0000E+00	  0.0000E+00	  0.0000E+00	  0.0000E+00	  0.0000E+00	  0.0000E+00	  0.0000E+00	  0.0000E+00	  0.0000E+00	  0.0000E+00	  0.0000E+00	  0.0000E+00	  0.0000E+00	  0.0000E+00	  0.0000E+00	  0.0000E+00	  0.0000E+00	  0.0000E+00	  0.0000E+00	  0.0000E+00	  0.0000E+00	  0.0000E+00	  0.0000E+00	  0.0000E+00	  0.0000E+00	  0.0000E+00	  0.0000E+00	  0.0000E+00	  0.0000E+00	  0.0000E+00	  0.0000E+00	  0.0000E+00	  0.0000E+00	  0.0000E+00	  0.0000E+00	  0.0000E+00	  0.0000E+00	  0.0000E+00	  0.0000E+00	  0.0000E+00	  0.0000E+00	  0.0000E+00	  0.0000E+00	  0.0000E+00	  0.0000E+00	  0.0000E+00	  0.0000E+00	  0.0000E+00	  0.0000E+00	  0.0000E+00	  0.0000E+00	  0.0000E+00	  0.0000E+00	  0.0000E+00	  0.0000E+00	  0.0000E+00	  0.0000E+00	  0.0000E+00	  0.0000E+00	  0.0000E+00	  0.0000E+00	  0.0000E+00	  0.0000E+00	  0.0000E+00	  0.0000E+00
  0.0000E+00	  0.0000E+00	  0.0000E+00	  0.0000E+00	  0.0000E+00	  0.0000E+00	  0.0000E+00	  0.0000E+00	  0.0000E+00	  0.0000E+00	  0.0000E+00	  0.0000E+00	  0.0000E+00	  0.0000E+00	  0.0000E+00	  0.0000E+00	  0.0000E+00	  0.0000E+00	  0.0000E+00	  0.0000E+00	  0.0000E+00	  0.0000E+00	  0.0000E+00	  0.0000E+00	  0.0000E+00	  0.0000E+00	  0.0000E+00	  0.0000E+00	  0.0000E+00	  0.0000E+00	  0.0000E+00	  0.0000E+00	  0.0000E+00	  0.0000E+00	  0.0000E+00	  0.0000E+00	  0.0000E+00	  0.0000E+00	  0.0000E+00	  0.0000E+00	  0.0000E+00	  0.0000E+00	  0.0000E+00	  0.0000E+00	  0.0000E+00	  0.0000E+00	  0.0000E+00	  0.0000E+00	  0.0000E+00	  0.0000E+00	  0.0000E+00	  0.0000E+00	  0.0000E+00	  0.0000E+00	  0.0000E+00	  0.0000E+00	  0.0000E+00	  0.0000E+00	  0.0000E+00	  0.0000E+00	  0.0000E+00	  0.0000E+00	  0.0000E+00	  0.0000E+00	  0.0000E+00	  0.0000E+00	  0.0000E+00	  0.0000E+00	  0.0000E+00	  0.0000E+00	  0.0000E+00	  0.0000E+00	  0.0000E+00	  0.0000E+00	  0.0000E+00	  0.0000E+00	  0.0000E+00	  0.0000E+00	  0.0000E+00	  0.0000E+00	  0.0000E+00	  0.0000E+00	  0.0000E+00	  0.0000E+00	  0.0000E+00	  0.0000E+00	  0.0000E+00	  0.0000E+00	  0.0000E+00	  0.0000E+00	  0.0000E+00	  0.0000E+00	  0.0000E+00	  0.0000E+00	  0.0000E+00	  0.0000E+00	  0.0000E+00	  0.0000E+00	  0.0000E+00	  0.0000E+00	  0.0000E+00	  0.0000E+00	  0.0000E+00	  0.0000E+00	  0.0000E+00	  0.0000E+00	  0.0000E+00	  0.0000E+00	  0.0000E+00	  0.0000E+00	  0.0000E+00	  0.0000E+00	  0.0000E+00	  0.0000E+00	  0.0000E+00	  0.0000E+00	  0.0000E+00	  0.0000E+00	  0.0000E+00	  0.0000E+00	  0.0000E+00	  0.0000E+00	  0.0000E+00	  0.0000E+00	  0.0000E+00	  0.0000E+00	  0.0000E+00	  0.0000E+00
  0.0000E+00	  0.0000E+00	  0.0000E+00	  0.0000E+00	  0.0000E+00	  0.0000E+00	  0.0000E+00	  0.0000E+00	  0.0000E+00	  0.0000E+00	  0.0000E+00	  0.0000E+00	  0.0000E+00	  0.0000E+00	  0.0000E+00	  0.0000E+00	  0.0000E+00	  0.0000E+00	  0.0000E+00	  0.0000E+00	  0.0000E+00	  0.0000E+00	  0.0000E+00	  0.0000E+00	  0.0000E+00	  0.0000E+00	  0.0000E+00	  0.0000E+00	  0.0000E+00	  0.0000E+00	  0.0000E+00	  0.0000E+00	  0.0000E+00	  0.0000E+00	  0.0000E+00	  0.0000E+00	  0.0000E+00	  0.0000E+00	  0.0000E+00	  0.0000E+00	  0.0000E+00	  0.0000E+00	  0.0000E+00	  0.0000E+00	  0.0000E+00	  0.0000E+00	  0.0000E+00	  0.0000E+00	  0.0000E+00	  0.0000E+00	  0.0000E+00	  0.0000E+00	  0.0000E+00	  0.0000E+00	  0.0000E+00	  0.0000E+00	  0.0000E+00	  0.0000E+00	  0.0000E+00	  0.0000E+00	  0.0000E+00	  0.0000E+00	  0.0000E+00	  0.0000E+00	  0.0000E+00	  0.0000E+00	  0.0000E+00	  0.0000E+00	  0.0000E+00	  0.0000E+00	  0.0000E+00	  0.0000E+00	  0.0000E+00	  0.0000E+00	  0.0000E+00	  0.0000E+00	  0.0000E+00	  0.0000E+00	  0.0000E+00	  0.0000E+00	  0.0000E+00	  0.0000E+00	  0.0000E+00	  0.0000E+00	  8.9692E-02	  4.8109E-01	  1.4777E-02	  3.7666E-02	  1.2151E-01	  2.3944E-01	  0.0000E+00	  0.0000E+00	  0.0000E+00	  0.0000E+00	  0.0000E+00	  0.0000E+00	  0.0000E+00	  0.0000E+00	  0.0000E+00	  0.0000E+00	  0.0000E+00	  0.0000E+00	  0.0000E+00	  0.0000E+00	  0.0000E+00	  0.0000E+00	  0.0000E+00	  0.0000E+00	  0.0000E+00	  0.0000E+00	  0.0000E+00	  0.0000E+00	  0.0000E+00	  0.0000E+00	  0.0000E+00	  0.0000E+00	  0.0000E+00	  0.0000E+00	  0.0000E+00	  0.0000E+00	  0.0000E+00	  0.0000E+00	  0.0000E+00	  0.0000E+00	  0.0000E+00	  0.0000E+00	  0.0000E+00	  0.0000E+00
  0.0000E+00	  0.0000E+00	  0.0000E+00	  0.0000E+00	  0.0000E+00	  0.0000E+00	  0.0000E+00	  0.0000E+00	  0.0000E+00	  0.0000E+00	  0.0000E+00	  0.0000E+00	  0.0000E+00	  0.0000E+00	  0.0000E+00	  0.0000E+00	  0.0000E+00	  0.0000E+00	  0.0000E+00	  0.0000E+00	  0.0000E+00	  0.0000E+00	  0.0000E+00	  0.0000E+00	  0.0000E+00	  0.0000E+00	  0.0000E+00	  0.0000E+00	  0.0000E+00	  0.0000E+00	  0.0000E+00	  0.0000E+00	  0.0000E+00	  0.0000E+00	  0.0000E+00	  0.0000E+00	  0.0000E+00	  0.0000E+00	  0.0000E+00	  0.0000E+00	  0.0000E+00	  0.0000E+00	  0.0000E+00	  0.0000E+00	  0.0000E+00	  0.0000E+00	  0.0000E+00	  0.0000E+00	  0.0000E+00	  0.0000E+00	  0.0000E+00	  0.0000E+00	  0.0000E+00	  0.0000E+00	  0.0000E+00	  0.0000E+00	  0.0000E+00	  0.0000E+00	  0.0000E+00	  0.0000E+00	  0.0000E+00	  0.0000E+00	  0.0000E+00	  0.0000E+00	  0.0000E+00	  0.0000E+00	  0.0000E+00	  0.0000E+00	  0.0000E+00	  0.0000E+00	  0.0000E+00	  0.0000E+00	  0.0000E+00	  0.0000E+00	  0.0000E+00	  0.0000E+00	  0.0000E+00	  0.0000E+00	  0.0000E+00	  0.0000E+00	  0.0000E+00	  0.0000E+00	  0.0000E+00	  8.3149E-02	  5.2762E-01	  3.6216E-01	  9.0513E-01	  6.8457E-01	  2.1484E-01	  4.2338E-01	  0.0000E+00	  0.0000E+00	  0.0000E+00	  0.0000E+00	  0.0000E+00	  0.0000E+00	  0.0000E+00	  0.0000E+00	  0.0000E+00	  0.0000E+00	  0.0000E+00	  0.0000E+00	  0.0000E+00	  0.0000E+00	  0.0000E+00	  0.0000E+00	  0.0000E+00	  0.0000E+00	  0.0000E+00	  0.0000E+00	  0.0000E+00	  0.0000E+00	  0.0000E+00	  0.0000E+00	  0.0000E+00	  0.0000E+00	  0.0000E+00	  0.0000E+00	  0.0000E+00	  0.0000E+00	  0.0000E+00	  0.0000E+00	  0.0000E+00	  0.0000E+00	  0.0000E+00	  0.0000E+00	  0.0000E+00	  0.0000E+00
  0.0000E+00	  0.0000E+00	  0.0000E+00	  0.0000E+00	  0.0000E+00	  0.0000E+00	  0.0000E+00	  0.0000E+00	  0.0000E+00	  0.0000E+00	  0.0000E+00	  0.0000E+00	  0.0000E+00	  0.0000E+00	  0.0000E+00	  0.0000E+00	  0.0000E+00	  0.0000E+00	  0.0000E+00	  0.0000E+00	  0.0000E+00	  0.0000E+00	  0.0000E+00	  0.0000E+00	  0.0000E+00	  0.0000E+00	  0.0000E+00	  0.0000E+00	  0.0000E+00	  0.0000E+00	  0.0000E+00	  0.0000E+00	  0.0000E+00	  0.0000E+00	  0.0000E+00	  0.0000E+00	  0.0000E+00	  0.0000E+00	  0.0000E+00	  0.0000E+00	  0.0000E+00	  0.0000E+00	  0.0000E+00	  0.0000E+00	  0.0000E+00	  0.0000E+00	  0.0000E+00	  0.0000E+00	  0.0000E+00	  0.0000E+00	  0.0000E+00	  0.0000E+00	  0.0000E+00	  0.0000E+00	  0.0000E+00	  0.0000E+00	  0.0000E+00	  0.0000E+00	  0.0000E+00	  0.0000E+00	  0.0000E+00	  0.0000E+00	  0.0000E+00	  0.0000E+00	  0.0000E+00	  0.0000E+00	  0.0000E+00	  0.0000E+00	  0.0000E+00	  0.0000E+00	  0.0000E+00	  0.0000E+00	  0.0000E+00	  0.0000E+00	  0.0000E+00	  3.8159E-01	  4.4102E-02	  0.0000E+00	  0.0000E+00	  0.0000E+00	  0.0000E+00	  0.0000E+00	  0.0000E+00	  1.2681E-01	  1.2865E+00	  1.0313E+00	  1.5198E+00	  2.6384E-03	  0.0000E+00	  0.0000E+00	  0.0000E+00	  0.0000E+00	  0.0000E+00	  0.0000E+00	  0.0000E+00	  0.0000E+00	  0.0000E+00	  0.0000E+00	  0.0000E+00	  0.0000E+00	  0.0000E+00	  0.0000E+00	  0.0000E+00	  0.0000E+00	  0.0000E+00	  0.0000E+00	  0.0000E+00	  0.0000E+00	  0.0000E+00	  0.0000E+00	  0.0000E+00	  0.0000E+00	  0.0000E+00	  0.0000E+00	  0.0000E+00	  0.0000E+00	  0.0000E+00	  0.0000E+00	  0.0000E+00	  0.0000E+00	  0.0000E+00	  0.0000E+00	  0.0000E+00	  0.0000E+00	  0.0000E+00	  0.0000E+00	  0.0000E+00	  0.0000E+00
  0.0000E+00	  0.0000E+00	  0.0000E+00	  0.0000E+00	  0.0000E+00	  0.0000E+00	  0.0000E+00	  0.0000E+00	  0.0000E+00	  0.0000E+00	  0.0000E+00	  0.0000E+00	  0.0000E+00	  0.0000E+00	  0.0000E+00	  0.0000E+00	  0.0000E+00	  0.0000E+00	  0.0000E+00	  0.0000E+00	  0.0000E+00	  0.0000E+00	  0.0000E+00	  0.0000E+00	  0.0000E+00	  0.0000E+00	  0.0000E+00	  0.0000E+00	  0.0000E+00	  0.0000E+00	  0.0000E+00	  0.0000E+00	  0.0000E+00	  0.0000E+00	  0.0000E+00	  0.0000E+00	  0.0000E+00	  0.0000E+00	  0.0000E+00	  0.0000E+00	  0.0000E+00	  0.0000E+00	  0.0000E+00	  0.0000E+00	  0.0000E+00	  0.0000E+00	  0.0000E+00	  0.0000E+00	  0.0000E+00	  0.0000E+00	  0.0000E+00	  0.0000E+00	  0.0000E+00	  0.0000E+00	  0.0000E+00	  0.0000E+00	  0.0000E+00	  0.0000E+00	  0.0000E+00	  0.0000E+00	  0.0000E+00	  0.0000E+00	  0.0000E+00	  0.0000E+00	  0.0000E+00	  0.0000E+00	  0.0000E+00	  0.0000E+00	  0.0000E+00	  0.0000E+00	  0.0000E+00	  4.1726E-01	  9.6241E-01	  3.2531E-01	  0.0000E+00	  5.1407E-01	  3.6269E-01	  1.9997E-01	  5.6703E-02	  0.0000E+00	  0.0000E+00	  0.0000E+00	  0.0000E+00	  8.9505E-01	  4.2202E+00	  4.1093E+00	  7.7235E-01	  2.2239E-02	  1.5369E-03	  1.9025E-01	  0.0000E+00	  0.0000E+00	  0.0000E+00	  0.0000E+00	  0.0000E+00	  0.0000E+00	  0.0000E+00	  0.0000E+00	  0.0000E+00	  0.0000E+00	  0.0000E+00	  0.0000E+00	  0.0000E+00	  0.0000E+00	  0.0000E+00	  0.0000E+00	  0.0000E+00	  0.0000E+00	  0.0000E+00	  0.0000E+00	  0.0000E+00	  0.0000E+00	  0.0000E+00	  0.0000E+00	  0.0000E+00	  0.0000E+00	  0.0000E+00	  0.0000E+00	  0.0000E+00	  0.0000E+00	  0.0000E+00	  0.0000E+00	  0.0000E+00	  0.0000E+00	  0.0000E+00	  0.0000E+00	  0.0000E+00	  0.0000E+00
  0.0000E+00	  0.0000E+00	  0.0000E+00	  0.0000E+00	  0.0000E+00	  0.0000E+00	  0.0000E+00	  0.0000E+00	  0.0000E+00	  0.0000E+00	  0.0000E+00	  0.0000E+00	  0.0000E+00	  0.0000E+00	  0.0000E+00	  0.0000E+00	  0.0000E+00	  0.0000E+00	  0.0000E+00	  0.0000E+00	  0.0000E+00	  0.0000E+00	  0.0000E+00	  0.0000E+00	  0.0000E+00	  0.0000E+00	  0.0000E+00	  0.0000E+00	  0.0000E+00	  0.0000E+00	  0.0000E+00	  0.0000E+00	  0.0000E+00	  0.0000E+00	  0.0000E+00	  0.0000E+00	  0.0000E+00	  0.0000E+00	  0.0000E+00	  0.0000E+00	  0.0000E+00	  0.0000E+00	  0.0000E+00	  0.0000E+00	  0.0000E+00	  0.0000E+00	  0.0000E+00	  0.0000E+00	  0.0000E+00	  0.0000E+00	  0.0000E+00	  0.0000E+00	  0.0000E+00	  0.0000E+00	  0.0000E+00	  0.0000E+00	  0.0000E+00	  0.0000E+00	  0.0000E+00	  0.0000E+00	  0.0000E+00	  0.0000E+00	  0.0000E+00	  0.0000E+00	  0.0000E+00	  0.0000E+00	  0.0000E+00	  0.0000E+00	  1.7971E-01	  3.4782E-02	  0.0000E+00	  1.2912E+00	  3.6420E+00	  1.3381E+00	  1.7390E-01	  1.1847E-01	  2.6407E+00	  4.4553E+00	  7.5214E-01	  1.6237E-01	  2.8078E+00	  1.2299E+00	  7.8941E-01	  4.7993E+00	  3.7116E+00	  1.6020E+00	  2.2774E+00	  3.4237E+00	  2.2028E+00	  1.0674E+00	  5.6774E-01	  4.3988E-01	  2.2438E-01	  0.0000E+00	  0.0000E+00	  0.0000E+00	  0.0000E+00	  0.0000E+00	  0.0000E+00	  0.0000E+00	  0.0000E+00	  0.0000E+00	  0.0000E+00	  0.0000E+00	  0.0000E+00	  0.0000E+00	  0.0000E+00	  0.0000E+00	  0.0000E+00	  0.0000E+00	  0.0000E+00	  0.0000E+00	  0.0000E+00	  0.0000E+00	  0.0000E+00	  0.0000E+00	  0.0000E+00	  0.0000E+00	  0.0000E+00	  0.0000E+00	  0.0000E+00	  0.0000E+00	  0.0000E+00	  0.0000E+00	  0.0000E+00	  0.0000E+00	  0.0000E+00	  0.0000E+00
  0.0000E+00	  0.0000E+00	  0.0000E+00	  0.0000E+00	  0.0000E+00	  0.0000E+00	  0.0000E+00	  0.0000E+00	  0.0000E+00	  0.0000E+00	  0.0000E+00	  0.0000E+00	  0.0000E+00	  0.0000E+00	  0.0000E+00	  0.0000E+00	  0.0000E+00	  0.0000E+00	  0.0000E+00	  0.0000E+00	  0.0000E+00	  0.0000E+00	  0.0000E+00	  0.0000E+00	  0.0000E+00	  0.0000E+00	  0.0000E+00	  0.0000E+00	  0.0000E+00	  0.0000E+00	  0.0000E+00	  0.0000E+00	  0.0000E+00	  0.0000E+00	  0.0000E+00	  0.0000E+00	  0.0000E+00	  0.0000E+00	  0.0000E+00	  0.0000E+00	  0.0000E+00	  0.0000E+00	  0.0000E+00	  0.0000E+00	  0.0000E+00	  0.0000E+00	  0.0000E+00	  0.0000E+00	  0.0000E+00	  0.0000E+00	  0.0000E+00	  0.0000E+00	  0.0000E+00	  0.0000E+00	  0.0000E+00	  0.0000E+00	  0.0000E+00	  0.0000E+00	  0.0000E+00	  0.0000E+00	  0.0000E+00	  0.0000E+00	  0.0000E+00	  0.0000E+00	  0.0000E+00	  0.0000E+00	  0.0000E+00	  0.0000E+00	  6.6191E-01	  2.5898E-01	  3.1531E-02	  1.0785E+00	  2.6106E+00	  3.8843E+00	  1.1202E+00	  1.2671E+00	  6.6404E+00	  1.3450E+01	  8.5224E+00	  5.3304E+00	  9.5400E+00	  1.0390E+01	  6.2643E+00	  1.9047E+01	  1.8341E+01	  1.3068E+01	  1.3739E+01	  1.0899E+01	  7.6900E+00	  3.3408E+00	  1.9195E+00	  2.0133E+00	  8.6129E-01	  7.9373E-01	  3.6089E-01	  0.0000E+00	  0.0000E+00	  0.0000E+00	  0.0000E+00	  0.0000E+00	  0.0000E+00	  0.0000E+00	  0.0000E+00	  0.0000E+00	  0.0000E+00	  0.0000E+00	  0.0000E+00	  0.0000E+00	  0.0000E+00	  0.0000E+00	  0.0000E+00	  0.0000E+00	  0.0000E+00	  0.0000E+00	  0.0000E+00	  0.0000E+00	  0.0000E+00	  0.0000E+00	  0.0000E+00	  0.0000E+00	  0.0000E+00	  0.0000E+00	  0.0000E+00	  0.0000E+00	  0.0000E+00	  0.0000E+00	  0.0000E+00	  0.0000E+00
  0.0000E+00	  0.0000E+00	  0.0000E+00	  0.0000E+00	  0.0000E+00	  0.0000E+00	  0.0000E+00	  0.0000E+00	  0.0000E+00	  0.0000E+00	  0.0000E+00	  0.0000E+00	  0.0000E+00	  0.0000E+00	  0.0000E+00	  0.0000E+00	  0.0000E+00	  0.0000E+00	  0.0000E+00	  0.0000E+00	  0.0000E+00	  0.0000E+00	  0.0000E+00	  0.0000E+00	  0.0000E+00	  0.0000E+00	  0.0000E+00	  0.0000E+00	  0.0000E+00	  0.0000E+00	  0.0000E+00	  0.0000E+00	  0.0000E+00	  0.0000E+00	  0.0000E+00	  0.0000E+00	  0.0000E+00	  0.0000E+00	  0.0000E+00	  0.0000E+00	  0.0000E+00	  0.0000E+00	  0.0000E+00	  0.0000E+00	  0.0000E+00	  0.0000E+00	  0.0000E+00	  0.0000E+00	  0.0000E+00	  0.0000E+00	  0.0000E+00	  0.0000E+00	  0.0000E+00	  0.0000E+00	  0.0000E+00	  0.0000E+00	  0.0000E+00	  0.0000E+00	  0.0000E+00	  0.0000E+00	  0.0000E+00	  0.0000E+00	  0.0000E+00	  0.0000E+00	  0.0000E+00	  2.7635E-01	  1.0718E+00	  1.1070E+00	  1.3983E+00	  3.2798E+00	  2.6728E+00	  2.5662E+00	  4.1169E+00	  7.8257E+00	  6.5376E+00	  1.2729E+01	  2.0322E+01	  2.1045E+01	  1.4880E+01	  1.1562E+01	  1.2535E+01	  2.0412E+01	  2.9242E+01	  4.1194E+01	  3.9575E+01	  3.0027E+01	  2.8538E+01	  3.7434E+01	  3.2477E+01	  2.0392E+01	  9.9055E+00	  1.0393E+01	  6.4144E+00	  6.6350E+00	  2.6836E+00	  3.2618E-01	  0.0000E+00	  0.0000E+00	  0.0000E+00	  0.0000E+00	  0.0000E+00	  0.0000E+00	  0.0000E+00	  0.0000E+00	  0.0000E+00	  0.0000E+00	  0.0000E+00	  0.0000E+00	  0.0000E+00	  0.0000E+00	  0.0000E+00	  0.0000E+00	  0.0000E+00	  0.0000E+00	  0.0000E+00	  0.0000E+00	  0.0000E+00	  0.0000E+00	  0.0000E+00	  0.0000E+00	  0.0000E+00	  0.0000E+00	  0.0000E+00	  0.0000E+00	  0.0000E+00	  0.0000E+00	  0.0000E+00	  0.0000E+00
  0.0000E+00	  0.0000E+00	  0.0000E+00	  0.0000E+00	  0.0000E+00	  0.0000E+00	  0.0000E+00	  0.0000E+00	  0.0000E+00	  0.0000E+00	  0.0000E+00	  0.0000E+00	  0.0000E+00	  0.0000E+00	  0.0000E+00	  0.0000E+00	  0.0000E+00	  0.0000E+00	  0.0000E+00	  0.0000E+00	  0.0000E+00	  0.0000E+00	  0.0000E+00	  0.0000E+00	  0.0000E+00	  0.0000E+00	  0.0000E+00	  0.0000E+00	  0.0000E+00	  0.0000E+00	  0.0000E+00	  0.0000E+00	  0.0000E+00	  0.0000E+00	  0.0000E+00	  0.0000E+00	  0.0000E+00	  0.0000E+00	  0.0000E+00	  0.0000E+00	  0.0000E+00	  0.0000E+00	  0.0000E+00	  0.0000E+00	  0.0000E+00	  0.0000E+00	  0.0000E+00	  0.0000E+00	  0.0000E+00	  0.0000E+00	  0.0000E+00	  0.0000E+00	  0.0000E+00	  0.0000E+00	  0.0000E+00	  0.0000E+00	  0.0000E+00	  0.0000E+00	  0.0000E+00	  0.0000E+00	  0.0000E+00	  0.0000E+00	  0.0000E+00	  0.0000E+00	  0.0000E+00	  2.3797E-01	  3.6120E+00	  4.3495E+00	  4.3598E+00	  9.7480E+00	  1.3705E+01	  1.5087E+01	  1.4994E+01	  2.3038E+01	  2.3287E+01	  3.7451E+01	  4.1253E+01	  2.6491E+01	  3.5952E+01	  3.5756E+01	  3.0826E+01	  4.4916E+01	  6.2135E+01	  8.8877E+01	  7.6287E+01	  6.7631E+01	  5.5812E+01	  6.2033E+01	  7.8119E+01	  5.5494E+01	  3.4729E+01	  2.8733E+01	  2.6713E+01	  1.7894E+01	  9.8992E+00	  3.2636E+00	  3.2679E-02	  0.0000E+00	  0.0000E+00	  6.8115E-02	  2.4391E-02	  0.0000E+00	  0.0000E+00	  0.0000E+00	  0.0000E+00	  0.0000E+00	  0.0000E+00	  0.0000E+00	  0.0000E+00	  0.0000E+00	  0.0000E+00	  0.0000E+00	  0.0000E+00	  0.0000E+00	  0.0000E+00	  0.0000E+00	  0.0000E+00	  0.0000E+00	  0.0000E+00	  0.0000E+00	  0.0000E+00	  0.0000E+00	  0.0000E+00	  0.0000E+00	  0.0000E+00	  0.0000E+00	  0.0000E+00	  0.0000E+00
  0.0000E+00	  0.0000E+00	  0.0000E+00	  0.0000E+00	  0.0000E+00	  0.0000E+00	  0.0000E+00	  0.0000E+00	  0.0000E+00	  0.0000E+00	  0.0000E+00	  0.0000E+00	  0.0000E+00	  0.0000E+00	  0.0000E+00	  0.0000E+00	  0.0000E+00	  0.0000E+00	  0.0000E+00	  0.0000E+00	  0.0000E+00	  0.0000E+00	  0.0000E+00	  0.0000E+00	  0.0000E+00	  0.0000E+00	  0.0000E+00	  0.0000E+00	  0.0000E+00	  0.0000E+00	  0.0000E+00	  0.0000E+00	  0.0000E+00	  0.0000E+00	  0.0000E+00	  0.0000E+00	  0.0000E+00	  0.0000E+00	  0.0000E+00	  0.0000E+00	  0.0000E+00	  0.0000E+00	  0.0000E+00	  0.0000E+00	  0.0000E+00	  0.0000E+00	  0.0000E+00	  0.0000E+00	  0.0000E+00	  0.0000E+00	  0.0000E+00	  0.0000E+00	  0.0000E+00	  0.0000E+00	  0.0000E+00	  0.0000E+00	  0.0000E+00	  0.0000E+00	  0.0000E+00	  0.0000E+00	  0.0000E+00	  0.0000E+00	  0.0000E+00	  0.0000E+00	  1.5011E-01	  1.0799E+00	  5.4038E+00	  9.4729E+00	  1.6591E+01	  2.6372E+01	  2.4024E+01	  2.7498E+01	  3.8083E+01	  4.9495E+01	  6.3233E+01	  6.7957E+01	  6.1313E+01	  5.7338E+01	  7.9713E+01	  7.9586E+01	  8.3394E+01	  8.3351E+01	  1.0765E+02	  1.5094E+02	  1.3337E+02	  1.1640E+02	  1.2258E+02	  1.0900E+02	  1.1129E+02	  1.0127E+02	  8.5663E+01	  7.6865E+01	  6.7578E+01	  4.2303E+01	  1.9287E+01	  7.1100E+00	  2.4448E+00	  1.3558E+00	  0.0000E+00	  6.6761E-01	  2.3906E-01	  0.0000E+00	  0.0000E+00	  0.0000E+00	  0.0000E+00	  0.0000E+00	  0.0000E+00	  0.0000E+00	  0.0000E+00	  0.0000E+00	  0.0000E+00	  0.0000E+00	  0.0000E+00	  0.0000E+00	  0.0000E+00	  0.0000E+00	  0.0000E+00	  0.0000E+00	  0.0000E+00	  0.0000E+00	  0.0000E+00	  0.0000E+00	  0.0000E+00	  0.0000E+00	  0.0000E+00	  0.0000E+00	  0.0000E+00	  0.0000E+00
  0.0000E+00	  0.0000E+00	  0.0000E+00	  0.0000E+00	  0.0000E+00	  0.0000E+00	  0.0000E+00	  0.0000E+00	  0.0000E+00	  0.0000E+00	  0.0000E+00	  0.0000E+00	  0.0000E+00	  0.0000E+00	  0.0000E+00	  0.0000E+00	  0.0000E+00	  0.0000E+00	  0.0000E+00	  0.0000E+00	  0.0000E+00	  0.0000E+00	  0.0000E+00	  0.0000E+00	  0.0000E+00	  0.0000E+00	  0.0000E+00	  0.0000E+00	  0.0000E+00	  0.0000E+00	  0.0000E+00	  0.0000E+00	  0.0000E+00	  0.0000E+00	  0.0000E+00	  0.0000E+00	  0.0000E+00	  0.0000E+00	  0.0000E+00	  0.0000E+00	  0.0000E+00	  0.0000E+00	  0.0000E+00	  0.0000E+00	  0.0000E+00	  0.0000E+00	  0.0000E+00	  0.0000E+00	  0.0000E+00	  0.0000E+00	  0.0000E+00	  0.0000E+00	  0.0000E+00	  0.0000E+00	  0.0000E+00	  0.0000E+00	  0.0000E+00	  0.0000E+00	  0.0000E+00	  1.7340E-01	  7.7151E-01	  1.5714E-02	  5.5716E-02	  8.5617E-01	  1.9770E+00	  3.4983E+00	  7.5136E+00	  1.7602E+01	  2.5211E+01	  3.6396E+01	  3.9953E+01	  4.5448E+01	  5.4660E+01	  7.2224E+01	  8.9861E+01	  9.1112E+01	  9.3491E+01	  1.0108E+02	  1.1342E+02	  1.1256E+02	  1.3637E+02	  1.3779E+02	  1.4264E+02	  1.7303E+02	  1.7442E+02	  1.7332E+02	  1.5877E+02	  1.4176E+02	  1.6208E+02	  1.6183E+02	  1.6579E+02	  1.5637E+02	  1.1464E+02	  7.3381E+01	  4.4388E+01	  2.2143E+01	  7.7329E+00	  3.0220E+00	  1.6888E-02	  3.0805E-01	  3.2318E-01	  1.3103E-01	  2.3319E-01	  0.0000E+00	  0.0000E+00	  0.0000E+00	  0.0000E+00	  0.0000E+00	  0.0000E+00	  0.0000E+00	  0.0000E+00	  0.0000E+00	  0.0000E+00	  0.0000E+00	  0.0000E+00	  0.0000E+00	  0.0000E+00	  0.0000E+00	  0.0000E+00	  0.0000E+00	  0.0000E+00	  0.0000E+00	  0.0000E+00	  0.0000E+00	  0.0000E+00	  0.0000E+00	  0.0000E+00	  0.0000E+00
  0.0000E+00	  0.0000E+00	  0.0000E+00	  0.0000E+00	  0.0000E+00	  0.0000E+00	  0.0000E+00	  0.0000E+00	  0.0000E+00	  0.0000E+00	  0.0000E+00	  0.0000E+00	  0.0000E+00	  0.0000E+00	  0.0000E+00	  0.0000E+00	  0.0000E+00	  0.0000E+00	  0.0000E+00	  0.0000E+00	  0.0000E+00	  0.0000E+00	  0.0000E+00	  0.0000E+00	  0.0000E+00	  0.0000E+00	  0.0000E+00	  0.0000E+00	  0.0000E+00	  0.0000E+00	  0.0000E+00	  0.0000E+00	  0.0000E+00	  0.0000E+00	  0.0000E+00	  0.0000E+00	  0.0000E+00	  0.0000E+00	  0.0000E+00	  0.0000E+00	  0.0000E+00	  0.0000E+00	  0.0000E+00	  0.0000E+00	  0.0000E+00	  0.0000E+00	  0.0000E+00	  0.0000E+00	  0.0000E+00	  0.0000E+00	  0.0000E+00	  0.0000E+00	  0.0000E+00	  0.0000E+00	  0.0000E+00	  0.0000E+00	  0.0000E+00	  0.0000E+00	  0.0000E+00	  1.4326E-01	  1.7888E+00	  1.5651E-01	  2.7392E+00	  5.0697E+00	  4.4486E+00	  8.7404E+00	  1.4454E+01	  2.8524E+01	  4.9908E+01	  6.7282E+01	  5.4846E+01	  7.2721E+01	  8.2012E+01	  1.1196E+02	  1.2915E+02	  1.5672E+02	  1.4448E+02	  1.4154E+02	  1.4420E+02	  1.6534E+02	  1.8596E+02	  1.8180E+02	  1.8675E+02	  2.0366E+02	  2.1358E+02	  1.9363E+02	  2.0597E+02	  2.0101E+02	  2.0762E+02	  1.9777E+02	  2.2277E+02	  1.9451E+02	  1.5953E+02	  1.3255E+02	  8.0672E+01	  4.4533E+01	  1.0900E+01	  7.5134E+00	  4.4526E+00	  1.1185E+00	  3.8982E-01	  1.1137E+00	  5.6172E-01	  0.0000E+00	  0.0000E+00	  0.0000E+00	  0.0000E+00	  0.0000E+00	  0.0000E+00	  0.0000E+00	  0.0000E+00	  0.0000E+00	  0.0000E+00	  0.0000E+00	  0.0000E+00	  0.0000E+00	  0.0000E+00	  0.0000E+00	  0.0000E+00	  0.0000E+00	  0.0000E+00	  0.0000E+00	  0.0000E+00	  0.0000E+00	  0.0000E+00	  0.0000E+00	  0.0000E+00	  0.0000E+00
  0.0000E+00	  0.0000E+00	  0.0000E+00	  0.0000E+00	  0.0000E+00	  0.0000E+00	  0.0000E+00	  0.0000E+00	  0.0000E+00	  0.0000E+00	  0.0000E+00	  0.0000E+00	  0.0000E+00	  0.0000E+00	  0.0000E+00	  0.0000E+00	  0.0000E+00	  0.0000E+00	  0.0000E+00	  0.0000E+00	  0.0000E+00	  0.0000E+00	  0.0000E+00	  0.0000E+00	  0.0000E+00	  0.0000E+00	  0.0000E+00	  0.0000E+00	  0.0000E+00	  0.0000E+00	  0.0000E+00	  0.0000E+00	  0.0000E+00	  0.0000E+00	  0.0000E+00	  0.0000E+00	  0.0000E+00	  0.0000E+00	  0.0000E+00	  0.0000E+00	  0.0000E+00	  0.0000E+00	  0.0000E+00	  0.0000E+00	  0.0000E+00	  0.0000E+00	  0.0000E+00	  0.0000E+00	  0.0000E+00	  0.0000E+00	  0.0000E+00	  0.0000E+00	  0.0000E+00	  0.0000E+00	  0.0000E+00	  0.0000E+00	  0.0000E+00	  0.0000E+00	  0.0000E+00	  0.0000E+00	  1.1939E+00	  4.7001E+00	  7.6750E+00	  7.6231E+00	  1.3945E+01	  2.9716E+01	  2.9702E+01	  3.6396E+01	  8.2236E+01	  1.0621E+02	  9.0935E+01	  1.1111E+02	  1.2122E+02	  1.3212E+02	  1.6214E+02	  1.8444E+02	  1.7528E+02	  1.8032E+02	  1.7383E+02	  1.9304E+02	  2.0736E+02	  2.1937E+02	  2.4753E+02	  2.4637E+02	  2.3382E+02	  2.3310E+02	  2.3819E+02	  2.3247E+02	  2.4800E+02	  2.2425E+02	  2.3469E+02	  2.1642E+02	  1.8868E+02	  1.5284E+02	  1.0434E+02	  5.6689E+01	  2.2608E+01	  1.8985E+01	  8.6631E+00	  3.4305E+00	  2.6276E+00	  2.5520E+00	  1.4498E-01	  0.0000E+00	  0.0000E+00	  0.0000E+00	  0.0000E+00	  0.0000E+00	  0.0000E+00	  0.0000E+00	  0.0000E+00	  0.0000E+00	  0.0000E+00	  0.0000E+00	  0.0000E+00	  0.0000E+00	  0.0000E+00	  0.0000E+00	  0.0000E+00	  0.0000E+00	  0.0000E+00	  0.0000E+00	  0.0000E+00	  0.0000E+00	  0.0000E+00	  0.0000E+00	  0.0000E+00	  0.0000E+00
  0.0000E+00	  0.0000E+00	  0.0000E+00	  0.0000E+00	  0.0000E+00	  0.0000E+00	  0.0000E+00	  0.0000E+00	  0.0000E+00	  0.0000E+00	  0.0000E+00	  0.0000E+00	  0.0000E+00	  0.0000E+00	  0.0000E+00	  0.0000E+00	  0.0000E+00	  0.0000E+00	  0.0000E+00	  0.0000E+00	  0.0000E+00	  0.0000E+00	  0.0000E+00	  0.0000E+00	  0.0000E+00	  0.0000E+00	  0.0000E+00	  0.0000E+00	  0.0000E+00	  0.0000E+00	  0.0000E+00	  0.0000E+00	  0.0000E+00	  0.0000E+00	  0.0000E+00	  0.0000E+00	  0.0000E+00	  0.0000E+00	  0.0000E+00	  0.0000E+00	  0.0000E+00	  0.0000E+00	  0.0000E+00	  0.0000E+00	  0.0000E+00	  0.0000E+00	  0.0000E+00	  0.0000E+00	  0.0000E+00	  0.0000E+00	  0.0000E+00	  0.0000E+00	  0.0000E+00	  0.0000E+00	  0.0000E+00	  0.0000E+00	  0.0000E+00	  3.8326E-01	  2.3504E+00	  5.4642E-01	  5.4411E+00	  1.4814E+01	  1.7811E+01	  2.6484E+01	  3.7084E+01	  4.5633E+01	  5.0715E+01	  6.9482E+01	  1.0410E+02	  1.0787E+02	  1.2807E+02	  1.4291E+02	  1.3181E+02	  1.6699E+02	  1.8432E+02	  2.0579E+02	  1.9737E+02	  1.8652E+02	  2.0347E+02	  1.9734E+02	  2.0260E+02	  2.2320E+02	  2.7906E+02	  2.5254E+02	  2.2542E+02	  2.3866E+02	  2.3545E+02	  2.6051E+02	  2.6692E+02	  2.6048E+02	  2.6897E+02	  2.4653E+02	  2.4162E+02	  1.8226E+02	  1.3648E+02	  9.6975E+01	  5.5002E+01	  2.6099E+01	  1.2379E+01	  5.0463E+00	  3.5967E+00	  2.7688E+00	  4.7659E-02	  0.0000E+00	  0.0000E+00	  0.0000E+00	  0.0000E+00	  0.0000E+00	  0.0000E+00	  0.0000E+00	  0.0000E+00	  0.0000E+00	  0.0000E+00	  0.0000E+00	  0.0000E+00	  0.0000E+00	  0.0000E+00	  0.0000E+00	  0.0000E+00	  0.0000E+00	  0.0000E+00	  0.0000E+00	  0.0000E+00	  0.0000E+00	  0.0000E+00	  0.0000E+00	  0.0000E+00	  0.0000E+00
  0.0000E+00	  0.0000E+00	  0.0000E+00	  0.0000E+00	  0.0000E+00	  0.0000E+00	  0.0000E+00	  0.0000E+00	  0.0000E+00	  0.0000E+00	  0.0000E+00	  0.0000E+00	  0.0000E+00	  0.0000E+00	  0.0000E+00	  0.0000E+00	  0.0000E+00	  0.0000E+00	  0.0000E+00	  0.0000E+00	  0.0000E+00	  0.0000E+00	  0.0000E+00	  0.0000E+00	  0.0000E+00	  0.0000E+00	  0.0000E+00	  0.0000E+00	  0.0000E+00	  0.0000E+00	  0.0000E+00	  0.0000E+00	  0.0000E+00	  0.0000E+00	  0.0000E+00	  0.0000E+00	  0.0000E+00	  0.0000E+00	  0.0000E+00	  0.0000E+00	  0.0000E+00	  0.0000E+00	  0.0000E+00	  0.0000E+00	  0.0000E+00	  0.0000E+00	  0.0000E+00	  0.0000E+00	  0.0000E+00	  0.0000E+00	  0.0000E+00	  0.0000E+00	  0.0000E+00	  0.0000E+00	  0.0000E+00	  0.0000E+00	  8.4074E-02	  9.5893E-01	  3.5487E+00	  4.2724E+00	  1.0201E+01	  2.4675E+01	  2.8615E+01	  5.0201E+01	  5.1521E+01	  6.3105E+01	  8.8064E+01	  1.0442E+02	  1.1670E+02	  1.3374E+02	  1.5723E+02	  1.6209E+02	  1.5126E+02	  1.8912E+02	  2.0529E+02	  2.3975E+02	  2.2936E+02	  1.9676E+02	  1.9098E+02	  1.9515E+02	  2.2268E+02	  2.2692E+02	  2.8212E+02	  2.5252E+02	  2.3203E+02	  2.4015E+02	  2.5584E+02	  2.7222E+02	  2.6944E+02	  2.9984E+02	  2.6563E+02	  2.4711E+02	  2.5735E+02	  2.4491E+02	  1.8088E+02	  1.4013E+02	  8.3314E+01	  5.0389E+01	  2.0174E+01	  1.0593E+01	  3.8304E+00	  1.4979E+00	  1.2474E+00	  2.1019E-01	  0.0000E+00	  0.0000E+00	  0.0000E+00	  0.0000E+00	  0.0000E+00	  0.0000E+00	  0.0000E+00	  0.0000E+00	  0.0000E+00	  0.0000E+00	  0.0000E+00	  0.0000E+00	  0.0000E+00	  0.0000E+00	  0.0000E+00	  0.0000E+00	  0.0000E+00	  0.0000E+00	  0.0000E+00	  0.0000E+00	  0.0000E+00	  0.0000E+00	  0.0000E+00	  0.0000E+00
  0.0000E+00	  0.0000E+00	  0.0000E+00	  0.0000E+00	  0.0000E+00	  0.0000E+00	  0.0000E+00	  0.0000E+00	  0.0000E+00	  0.0000E+00	  0.0000E+00	  0.0000E+00	  0.0000E+00	  0.0000E+00	  0.0000E+00	  0.0000E+00	  0.0000E+00	  0.0000E+00	  0.0000E+00	  0.0000E+00	  0.0000E+00	  0.0000E+00	  0.0000E+00	  0.0000E+00	  0.0000E+00	  0.0000E+00	  0.0000E+00	  0.0000E+00	  0.0000E+00	  0.0000E+00	  0.0000E+00	  0.0000E+00	  0.0000E+00	  0.0000E+00	  0.0000E+00	  0.0000E+00	  0.0000E+00	  0.0000E+00	  0.0000E+00	  0.0000E+00	  0.0000E+00	  0.0000E+00	  0.0000E+00	  0.0000E+00	  0.0000E+00	  0.0000E+00	  0.0000E+00	  0.0000E+00	  0.0000E+00	  0.0000E+00	  0.0000E+00	  0.0000E+00	  3.6997E-02	  2.5043E-01	  1.4042E-01	  1.1614E+00	  2.4406E+00	  3.7393E+00	  6.6914E+00	  1.9673E+01	  2.7313E+01	  4.4969E+01	  5.9999E+01	  7.3689E+01	  8.7263E+01	  8.9616E+01	  1.0708E+02	  1.1135E+02	  1.1753E+02	  1.4003E+02	  1.7729E+02	  1.7819E+02	  1.7951E+02	  1.8436E+02	  2.1279E+02	  2.6337E+02	  2.6014E+02	  2.4935E+02	  2.1401E+02	  2.0846E+02	  2.0916E+02	  2.2856E+02	  2.6172E+02	  2.7065E+02	  2.5839E+02	  2.5858E+02	  2.6209E+02	  2.7287E+02	  2.5563E+02	  2.5217E+02	  2.4867E+02	  2.6278E+02	  2.9046E+02	  2.7751E+02	  2.2270E+02	  1.7552E+02	  1.3863E+02	  8.1200E+01	  3.4394E+01	  1.2019E+01	  3.6839E+00	  2.4470E+00	  5.2471E-01	  1.3211E-01	  0.0000E+00	  0.0000E+00	  0.0000E+00	  0.0000E+00	  0.0000E+00	  0.0000E+00	  0.0000E+00	  0.0000E+00	  0.0000E+00	  0.0000E+00	  0.0000E+00	  0.0000E+00	  0.0000E+00	  0.0000E+00	  0.0000E+00	  0.0000E+00	  0.0000E+00	  0.0000E+00	  0.0000E+00	  0.0000E+00	  0.0000E+00	  0.0000E+00	  0.0000E+00	  0.0000E+00
  0.0000E+00	  0.0000E+00	  0.0000E+00	  0.0000E+00	  0.0000E+00	  0.0000E+00	  0.0000E+00	  0.0000E+00	  0.0000E+00	  0.0000E+00	  0.0000E+00	  0.0000E+00	  0.0000E+00	  0.0000E+00	  0.0000E+00	  0.0000E+00	  0.0000E+00	  0.0000E+00	  0.0000E+00	  0.0000E+00	  0.0000E+00	  0.0000E+00	  0.0000E+00	  0.0000E+00	  0.0000E+00	  0.0000E+00	  0.0000E+00	  0.0000E+00	  0.0000E+00	  0.0000E+00	  0.0000E+00	  0.0000E+00	  0.0000E+00	  0.0000E+00	  0.0000E+00	  0.0000E+00	  0.0000E+00	  0.0000E+00	  0.0000E+00	  0.0000E+00	  0.0000E+00	  0.0000E+00	  0.0000E+00	  0.0000E+00	  0.0000E+00	  0.0000E+00	  0.0000E+00	  0.0000E+00	  3.7340E-01	  4.9802E-01	  7.0965E-02	  1.4741E-01	  1.2259E-01	  2.4373E+00	  2.6203E+00	  6.4315E+00	  1.2251E+01	  1.6812E+01	  1.7355E+01	  3.8310E+01	  6.8049E+01	  8.0411E+01	  9.9287E+01	  9.7411E+01	  1.2615E+02	  1.3211E+02	  1.4205E+02	  1.2773E+02	  1.6252E+02	  2.0112E+02	  2.2251E+02	  1.9736E+02	  1.8661E+02	  2.2354E+02	  2.4369E+02	  2.4091E+02	  2.5848E+02	  2.6642E+02	  2.3595E+02	  2.2917E+02	  2.1437E+02	  2.8363E+02	  2.8402E+02	  2.8248E+02	  2.6974E+02	  2.8697E+02	  2.7879E+02	  2.9312E+02	  2.4935E+02	  2.2851E+02	  2.2565E+02	  2.5395E+02	  2.6921E+02	  2.7103E+02	  2.2244E+02	  1.8971E+02	  1.5716E+02	  9.7228E+01	  6.0633E+01	  2.3538E+01	  1.1032E+01	  5.6746E+00	  5.4884E-01	  0.0000E+00	  0.0000E+00	  0.0000E+00	  0.0000E+00	  0.0000E+00	  0.0000E+00	  0.0000E+00	  0.0000E+00	  0.0000E+00	  0.0000E+00	  0.0000E+00	  0.0000E+00	  0.0000E+00	  0.0000E+00	  0.0000E+00	  0.0000E+00	  0.0000E+00	  0.0000E+00	  0.0000E+00	  0.0000E+00	  0.0000E+00	  0.0000E+00	  0.0000E+00	  0.0000E+00	  0.0000E+00
  0.0000E+00	  0.0000E+00	  0.0000E+00	  0.0000E+00	  0.0000E+00	  0.0000E+00	  0.0000E+00	  0.0000E+00	  0.0000E+00	  0.0000E+00	  0.0000E+00	  0.0000E+00	  0.0000E+00	  0.0000E+00	  0.0000E+00	  0.0000E+00	  0.0000E+00	  0.0000E+00	  0.0000E+00	  0.0000E+00	  0.0000E+00	  0.0000E+00	  0.0000E+00	  0.0000E+00	  0.0000E+00	  0.0000E+00	  0.0000E+00	  0.0000E+00	  0.0000E+00	  0.0000E+00	  0.0000E+00	  0.0000E+00	  0.0000E+00	  0.0000E+00	  0.0000E+00	  0.0000E+00	  0.0000E+00	  0.0000E+00	  0.0000E+00	  0.0000E+00	  0.0000E+00	  0.0000E+00	  0.0000E+00	  0.0000E+00	  0.0000E+00	  0.0000E+00	  2.3402E-01	  7.5645E-01	  1.4997E+00	  2.1243E+00	  1.0819E+00	  4.3872E+00	  3.7229E+00	  8.9855E+00	  5.8721E+00	  1.1611E+01	  2.8067E+01	  4.2456E+01	  4.4437E+01	  6.7100E+01	  8.9205E+01	  1.1335E+02	  1.2758E+02	  1.3223E+02	  1.5255E+02	  1.8938E+02	  1.6988E+02	  1.8309E+02	  2.0031E+02	  2.3812E+02	  2.6218E+02	  2.1926E+02	  2.2977E+02	  2.3168E+02	  2.3656E+02	  2.6915E+02	  2.8811E+02	  2.9619E+02	  2.8935E+02	  2.7019E+02	  2.6582E+02	  2.9165E+02	  3.2396E+02	  3.1342E+02	  2.9927E+02	  2.8326E+02	  2.9946E+02	  2.7291E+02	  2.4840E+02	  2.4477E+02	  2.1297E+02	  2.2182E+02	  2.5327E+02	  2.2860E+02	  2.1381E+02	  2.1027E+02	  1.5683E+02	  1.1438E+02	  7.8499E+01	  3.7492E+01	  1.7836E+01	  4.4630E+00	  1.2078E-01	  0.0000E+00	  0.0000E+00	  0.0000E+00	  0.0000E+00	  0.0000E+00	  0.0000E+00	  0.0000E+00	  0.0000E+00	  0.0000E+00	  0.0000E+00	  0.0000E+00	  0.0000E+00	  0.0000E+00	  0.0000E+00	  0.0000E+00	  0.0000E+00	  0.0000E+00	  0.0000E+00	  0.0000E+00	  0.0000E+00	  0.0000E+00	  0.0000E+00	  0.0000E+00	  0.0000E+00	  0.0000E+00
  0.0000E+00	  0.0000E+00	  0.0000E+00	  0.0000E+00	  0.0000E+00	  0.0000E+00	  0.0000E+00	  0.0000E+00	  0.0000E+00	  0.0000E+00	  0.0000E+00	  0.0000E+00	  0.0000E+00	  0.0000E+00	  0.0000E+00	  0.0000E+00	  0.0000E+00	  0.0000E+00	  0.0000E+00	  0.0000E+00	  0.0000E+00	  0.0000E+00	  0.0000E+00	  0.0000E+00	  0.0000E+00	  0.0000E+00	  0.0000E+00	  0.0000E+00	  0.0000E+00	  0.0000E+00	  0.0000E+00	  0.0000E+00	  0.0000E+00	  0.0000E+00	  0.0000E+00	  0.0000E+00	  0.0000E+00	  0.0000E+00	  0.0000E+00	  0.0000E+00	  0.0000E+00	  0.0000E+00	  1.2287E-01	  6.3500E-01	  6.4508E-01	  4.2083E-01	  8.2304E-01	  1.9522E+00	  1.8045E+00	  3.1552E+00	  5.2239E+00	  6.2192E+00	  1.3378E+01	  1.8728E+01	  1.8604E+01	  3.4181E+01	  5.1195E+01	  7.5835E+01	  9.4913E+01	  1.0529E+02	  1.4271E+02	  1.5041E+02	  1.4785E+02	  1.4777E+02	  1.6713E+02	  1.9788E+02	  2.0885E+02	  2.0429E+02	  2.1836E+02	  2.5808E+02	  2.5953E+02	  2.4833E+02	  2.6895E+02	  2.6137E+02	  2.5920E+02	  2.8322E+02	  2.9814E+02	  3.1690E+02	  3.2024E+02	  2.9897E+02	  3.2292E+02	  3.0436E+02	  2.9288E+02	  2.8507E+02	  2.9842E+02	  2.7772E+02	  2.7132E+02	  2.3399E+02	  2.3929E+02	  2.3259E+02	  2.0793E+02	  2.0984E+02	  2.0116E+02	  2.1201E+02	  2.0905E+02	  1.7142E+02	  1.7447E+02	  1.4010E+02	  8.7835E+01	  4.4315E+01	  1.2755E+01	  1.8115E+00	  0.0000E+00	  0.0000E+00	  0.0000E+00	  0.0000E+00	  0.0000E+00	  0.0000E+00	  0.0000E+00	  0.0000E+00	  0.0000E+00	  0.0000E+00	  0.0000E+00	  0.0000E+00	  0.0000E+00	  0.0000E+00	  0.0000E+00	  0.0000E+00	  0.0000E+00	  0.0000E+00	  0.0000E+00	  0.0000E+00	  0.0000E+00	  0.0000E+00	  0.0000E+00	  0.0000E+00	  0.0000E+00	  0.0000E+00
  0.0000E+00	  0.0000E+00	  0.0000E+00	  0.0000E+00	  0.0000E+00	  0.0000E+00	  0.0000E+00	  0.0000E+00	  0.0000E+00	  0.0000E+00	  0.0000E+00	  0.0000E+00	  0.0000E+00	  0.0000E+00	  0.0000E+00	  0.0000E+00	  0.0000E+00	  0.0000E+00	  0.0000E+00	  0.0000E+00	  0.0000E+00	  0.0000E+00	  0.0000E+00	  0.0000E+00	  0.0000E+00	  0.0000E+00	  0.0000E+00	  0.0000E+00	  0.0000E+00	  0.0000E+00	  0.0000E+00	  0.0000E+00	  0.0000E+00	  0.0000E+00	  0.0000E+00	  0.0000E+00	  0.0000E+00	  0.0000E+00	  0.0000E+00	  0.0000E+00	  1.6616E-01	  2.3241E-01	  9.9057E-01	  2.3417E+00	  2.1172E+00	  3.6410E+00	  4.9587E+00	  6.4055E+00	  7.5763E+00	  1.4098E+01	  1.5057E+01	  1.6702E+01	  3.7674E+01	  6.7870E+01	  6.4946E+01	  6.7407E+01	  7.2758E+01	  1.0288E+02	  1.3740E+02	  1.5807E+02	  1.8802E+02	  1.7995E+02	  1.9684E+02	  1.7942E+02	  1.9208E+02	  2.0847E+02	  2.3757E+02	  2.2405E+02	  2.5851E+02	  2.7337E+02	  2.6205E+02	  2.5087E+02	  2.5695E+02	  2.8515E+02	  2.8544E+02	  2.8645E+02	  3.0172E+02	  3.3121E+02	  3.4108E+02	  3.3839E+02	  3.0094E+02	  3.1878E+02	  3.0116E+02	  3.0486E+02	  2.9820E+02	  2.6411E+02	  2.5983E+02	  2.5600E+02	  2.4429E+02	  2.6803E+02	  2.5391E+02	  2.2095E+02	  2.0045E+02	  2.0442E+02	  1.7209E+02	  1.6172E+02	  1.7469E+02	  1.4290E+02	  7.0975E+01	  4.2766E+01	  1.2704E+01	  3.3239E+00	  7.5975E-02	  0.0000E+00	  0.0000E+00	  0.0000E+00	  0.0000E+00	  0.0000E+00	  0.0000E+00	  0.0000E+00	  0.0000E+00	  0.0000E+00	  0.0000E+00	  0.0000E+00	  0.0000E+00	  0.0000E+00	  0.0000E+00	  0.0000E+00	  0.0000E+00	  0.0000E+00	  0.0000E+00	  0.0000E+00	  0.0000E+00	  0.0000E+00	  0.0000E+00	  0.0000E+00	  0.0000E+00	  0.0000E+00
  0.0000E+00	  0.0000E+00	  0.0000E+00	  0.0000E+00	  0.0000E+00	  0.0000E+00	  0.0000E+00	  0.0000E+00	  0.0000E+00	  0.0000E+00	  0.0000E+00	  0.0000E+00	  0.0000E+00	  0.0000E+00	  0.0000E+00	  0.0000E+00	  0.0000E+00	  0.0000E+00	  0.0000E+00	  0.0000E+00	  0.0000E+00	  0.0000E+00	  0.0000E+00	  0.0000E+00	  0.0000E+00	  0.0000E+00	  0.0000E+00	  0.0000E+00	  0.0000E+00	  0.0000E+00	  0.0000E+00	  0.0000E+00	  0.0000E+00	  0.0000E+00	  0.0000E+00	  0.0000E+00	  0.0000E+00	  0.0000E+00	  0.0000E+00	  0.0000E+00	  3.2135E-01	  6.7008E-01	  3.3975E-01	  3.0540E+00	  4.8832E+00	  8.9039E+00	  8.2699E+00	  1.3744E+01	  1.6332E+01	  3.9747E+01	  4.9382E+01	  4.7767E+01	  8.2140E+01	  1.0867E+02	  9.8825E+01	  1.1098E+02	  1.1840E+02	  1.4111E+02	  1.7626E+02	  1.8087E+02	  2.1876E+02	  2.3030E+02	  2.5776E+02	  2.3440E+02	  2.2309E+02	  2.7091E+02	  2.5070E+02	  2.6605E+02	  2.6999E+02	  2.9343E+02	  2.9673E+02	  3.0654E+02	  3.0714E+02	  3.2347E+02	  3.2799E+02	  3.4075E+02	  3.2785E+02	  3.6011E+02	  3.5031E+02	  3.4449E+02	  3.3400E+02	  3.1690E+02	  3.0098E+02	  3.3978E+02	  3.0489E+02	  2.7372E+02	  2.5274E+02	  2.7933E+02	  2.5692E+02	  2.8789E+02	  2.8222E+02	  2.2589E+02	  2.0416E+02	  1.7109E+02	  1.5882E+02	  1.4627E+02	  1.5858E+02	  1.3729E+02	  7.1807E+01	  4.3367E+01	  1.2979E+01	  7.4005E+00	  9.6670E-01	  0.0000E+00	  0.0000E+00	  0.0000E+00	  0.0000E+00	  0.0000E+00	  0.0000E+00	  0.0000E+00	  0.0000E+00	  0.0000E+00	  0.0000E+00	  0.0000E+00	  0.0000E+00	  0.0000E+00	  0.0000E+00	  0.0000E+00	  0.0000E+00	  0.0000E+00	  0.0000E+00	  0.0000E+00	  0.0000E+00	  0.0000E+00	  0.0000E+00	  0.0000E+00	  0.0000E+00	  0.0000E+00
  0.0000E+00	  0.0000E+00	  0.0000E+00	  0.0000E+00	  0.0000E+00	  0.0000E+00	  0.0000E+00	  0.0000E+00	  0.0000E+00	  0.0000E+00	  0.0000E+00	  0.0000E+00	  0.0000E+00	  0.0000E+00	  0.0000E+00	  0.0000E+00	  0.0000E+00	  0.0000E+00	  0.0000E+00	  0.0000E+00	  0.0000E+00	  0.0000E+00	  0.0000E+00	  0.0000E+00	  0.0000E+00	  0.0000E+00	  0.0000E+00	  0.0000E+00	  0.0000E+00	  0.0000E+00	  0.0000E+00	  0.0000E+00	  0.0000E+00	  0.0000E+00	  4.4251E-01	  3.4586E-01	  0.0000E+00	  0.0000E+00	  0.0000E+00	  0.0000E+00	  1.7599E-01	  1.3399E+00	  4.0771E+00	  8.6092E+00	  9.3664E+00	  1.7415E+01	  2.8569E+01	  3.3462E+01	  3.4271E+01	  6.5088E+01	  7.3989E+01	  8.6160E+01	  1.2868E+02	  1.5795E+02	  1.5938E+02	  1.4436E+02	  1.6443E+02	  2.0325E+02	  2.2051E+02	  2.1451E+02	  2.3693E+02	  2.5651E+02	  2.9994E+02	  3.0054E+02	  3.0581E+02	  2.9747E+02	  3.1851E+02	  3.2363E+02	  3.5063E+02	  3.5842E+02	  3.3921E+02	  3.4541E+02	  3.4033E+02	  3.4834E+02	  3.4112E+02	  3.7061E+02	  3.8298E+02	  3.8444E+02	  3.5900E+02	  3.4578E+02	  3.4459E+02	  3.2022E+02	  2.9590E+02	  2.9776E+02	  2.9416E+02	  2.9138E+02	  2.8326E+02	  2.7796E+02	  2.6664E+02	  2.8307E+02	  2.9067E+02	  2.1170E+02	  1.9760E+02	  1.9190E+02	  1.6632E+02	  1.4441E+02	  1.2915E+02	  1.2735E+02	  9.8329E+01	  4.8131E+01	  1.7504E+01	  6.4513E+00	  1.4247E+00	  1.9537E-01	  0.0000E+00	  0.0000E+00	  0.0000E+00	  0.0000E+00	  0.0000E+00	  0.0000E+00	  0.0000E+00	  0.0000E+00	  0.0000E+00	  0.0000E+00	  0.0000E+00	  0.0000E+00	  0.0000E+00	  0.0000E+00	  0.0000E+00	  0.0000E+00	  0.0000E+00	  0.0000E+00	  0.0000E+00	  0.0000E+00	  0.0000E+00	  0.0000E+00	  0.0000E+00	  0.0000E+00
  0.0000E+00	  0.0000E+00	  0.0000E+00	  0.0000E+00	  0.0000E+00	  0.0000E+00	  0.0000E+00	  0.0000E+00	  0.0000E+00	  0.0000E+00	  0.0000E+00	  0.0000E+00	  0.0000E+00	  0.0000E+00	  0.0000E+00	  0.0000E+00	  0.0000E+00	  0.0000E+00	  0.0000E+00	  0.0000E+00	  0.0000E+00	  0.0000E+00	  0.0000E+00	  0.0000E+00	  0.0000E+00	  0.0000E+00	  0.0000E+00	  0.0000E+00	  0.0000E+00	  0.0000E+00	  0.0000E+00	  0.0000E+00	  0.0000E+00	  0.0000E+00	  9.6760E-01	  2.2984E+00	  9.2717E-01	  0.0000E+00	  4.5270E-02	  6.8318E-01	  1.9796E+00	  6.3121E+00	  1.5985E+01	  2.1305E+01	  2.2147E+01	  3.2198E+01	  4.4859E+01	  6.7611E+01	  8.4707E+01	  9.0949E+01	  1.0701E+02	  1.0997E+02	  1.7630E+02	  1.8921E+02	  2.0565E+02	  1.9116E+02	  1.8889E+02	  2.3779E+02	  2.4915E+02	  2.5725E+02	  2.7124E+02	  2.9876E+02	  3.3146E+02	  3.4340E+02	  3.8557E+02	  3.8327E+02	  3.6576E+02	  3.5258E+02	  3.6024E+02	  4.1870E+02	  3.9846E+02	  4.1879E+02	  3.8617E+02	  4.1048E+02	  4.1346E+02	  4.1923E+02	  4.1634E+02	  3.5491E+02	  3.8919E+02	  3.7334E+02	  3.5933E+02	  3.3862E+02	  2.9672E+02	  2.6449E+02	  2.7611E+02	  2.6872E+02	  3.0433E+02	  3.0978E+02	  2.9424E+02	  2.6722E+02	  2.5601E+02	  2.2498E+02	  1.8804E+02	  1.8229E+02	  2.0097E+02	  1.7981E+02	  1.7585E+02	  1.2928E+02	  1.1636E+02	  5.5513E+01	  1.6872E+01	  3.0264E+00	  6.2308E-01	  9.3483E-02	  0.0000E+00	  0.0000E+00	  0.0000E+00	  0.0000E+00	  0.0000E+00	  0.0000E+00	  0.0000E+00	  0.0000E+00	  0.0000E+00	  0.0000E+00	  0.0000E+00	  0.0000E+00	  0.0000E+00	  0.0000E+00	  0.0000E+00	  0.0000E+00	  0.0000E+00	  0.0000E+00	  0.0000E+00	  0.0000E+00	  0.0000E+00	  0.0000E+00	  0.0000E+00	  0.0000E+00
  0.0000E+00	  0.0000E+00	  0.0000E+00	  0.0000E+00	  0.0000E+00	  0.0000E+00	  0.0000E+00	  0.0000E+00	  0.0000E+00	  0.0000E+00	  0.0000E+00	  0.0000E+00	  0.0000E+00	  0.0000E+00	  0.0000E+00	  0.0000E+00	  0.0000E+00	  0.0000E+00	  0.0000E+00	  0.0000E+00	  0.0000E+00	  0.0000E+00	  0.0000E+00	  0.0000E+00	  0.0000E+00	  0.0000E+00	  0.0000E+00	  0.0000E+00	  0.0000E+00	  0.0000E+00	  0.0000E+00	  0.0000E+00	  0.0000E+00	  0.0000E+00	  7.7040E-01	  1.9874E+00	  3.4069E+00	  2.5839E+00	  2.6873E+00	  7.7472E+00	  1.5489E+01	  1.6458E+01	  3.1847E+01	  4.4147E+01	  4.9128E+01	  6.9566E+01	  1.0315E+02	  1.1147E+02	  1.2399E+02	  1.2921E+02	  1.3750E+02	  1.5746E+02	  2.2419E+02	  2.3693E+02	  2.3932E+02	  2.3337E+02	  2.2420E+02	  2.5936E+02	  2.9815E+02	  3.1139E+02	  3.3948E+02	  3.4953E+02	  3.7261E+02	  3.9313E+02	  4.2746E+02	  3.9530E+02	  4.2092E+02	  4.1616E+02	  4.0711E+02	  4.3902E+02	  4.5946E+02	  4.3519E+02	  4.1378E+02	  4.5075E+02	  4.5489E+02	  4.3292E+02	  4.1432E+02	  3.8217E+02	  4.0325E+02	  3.8561E+02	  3.7129E+02	  3.2234E+02	  2.9286E+02	  2.8775E+02	  2.6293E+02	  2.5704E+02	  2.6904E+02	  2.5454E+02	  2.6641E+02	  2.3026E+02	  2.3948E+02	  2.5175E+02	  2.1376E+02	  2.0275E+02	  2.2457E+02	  2.2067E+02	  1.8486E+02	  1.5188E+02	  1.1187E+02	  4.6912E+01	  2.2442E+01	  4.0768E+00	  1.8497E-02	  0.0000E+00	  0.0000E+00	  0.0000E+00	  0.0000E+00	  0.0000E+00	  0.0000E+00	  0.0000E+00	  0.0000E+00	  0.0000E+00	  0.0000E+00	  0.0000E+00	  0.0000E+00	  0.0000E+00	  0.0000E+00	  0.0000E+00	  0.0000E+00	  0.0000E+00	  0.0000E+00	  0.0000E+00	  0.0000E+00	  0.0000E+00	  0.0000E+00	  0.0000E+00	  0.0000E+00	  0.0000E+00
  0.0000E+00	  0.0000E+00	  0.0000E+00	  0.0000E+00	  0.0000E+00	  0.0000E+00	  0.0000E+00	  0.0000E+00	  0.0000E+00	  0.0000E+00	  0.0000E+00	  0.0000E+00	  0.0000E+00	  0.0000E+00	  0.0000E+00	  0.0000E+00	  0.0000E+00	  0.0000E+00	  0.0000E+00	  0.0000E+00	  0.0000E+00	  0.0000E+00	  0.0000E+00	  0.0000E+00	  0.0000E+00	  0.0000E+00	  0.0000E+00	  0.0000E+00	  0.0000E+00	  0.0000E+00	  0.0000E+00	  3.3698E-02	  2.1826E-01	  1.1750E-01	  8.8098E-01	  1.3406E+00	  6.8281E+00	  9.3781E+00	  1.5458E+01	  2.3535E+01	  3.1479E+01	  3.8245E+01	  5.6725E+01	  8.2599E+01	  9.2501E+01	  1.2654E+02	  1.7137E+02	  1.7080E+02	  1.7550E+02	  1.8202E+02	  1.9009E+02	  2.3346E+02	  2.8914E+02	  3.0453E+02	  3.3390E+02	  2.9615E+02	  3.0060E+02	  3.3377E+02	  3.4851E+02	  3.4694E+02	  3.6232E+02	  3.7599E+02	  4.1165E+02	  4.4440E+02	  4.5695E+02	  4.4392E+02	  4.9799E+02	  5.0121E+02	  4.3348E+02	  4.5593E+02	  4.6478E+02	  3.9893E+02	  4.2086E+02	  4.4378E+02	  4.6630E+02	  4.3967E+02	  4.2310E+02	  4.2218E+02	  3.9889E+02	  4.0715E+02	  3.3524E+02	  2.7495E+02	  2.8330E+02	  2.6676E+02	  2.5102E+02	  2.5526E+02	  2.6076E+02	  2.5279E+02	  2.1981E+02	  2.0610E+02	  2.0659E+02	  2.1692E+02	  2.0821E+02	  1.9480E+02	  2.3649E+02	  2.5980E+02	  2.0566E+02	  1.7474E+02	  9.1156E+01	  4.1728E+01	  1.3971E+01	  2.1321E+00	  6.4696E-02	  0.0000E+00	  0.0000E+00	  0.0000E+00	  0.0000E+00	  0.0000E+00	  0.0000E+00	  0.0000E+00	  0.0000E+00	  0.0000E+00	  0.0000E+00	  0.0000E+00	  0.0000E+00	  0.0000E+00	  0.0000E+00	  0.0000E+00	  0.0000E+00	  0.0000E+00	  0.0000E+00	  0.0000E+00	  0.0000E+00	  0.0000E+00	  0.0000E+00	  0.0000E+00	  0.0000E+00	  0.0000E+00
  0.0000E+00	  0.0000E+00	  0.0000E+00	  0.0000E+00	  0.0000E+00	  0.0000E+00	  0.0000E+00	  0.0000E+00	  0.0000E+00	  0.0000E+00	  0.0000E+00	  0.0000E+00	  0.0000E+00	  0.0000E+00	  0.0000E+00	  0.0000E+00	  0.0000E+00	  0.0000E+00	  0.0000E+00	  0.0000E+00	  0.0000E+00	  0.0000E+00	  0.0000E+00	  0.0000E+00	  0.0000E+00	  0.0000E+00	  0.0000E+00	  0.0000E+00	  0.0000E+00	  0.0000E+00	  0.0000E+00	  9.9935E-02	  6.4728E-01	  4.5988E-01	  3.8523E+00	  5.3797E+00	  1.2697E+01	  1.4894E+01	  2.6934E+01	  3.4973E+01	  6.5746E+01	  8.8861E+01	  1.1362E+02	  1.2625E+02	  1.6266E+02	  2.0223E+02	  2.2121E+02	  2.2315E+02	  2.2238E+02	  2.1812E+02	  2.4554E+02	  2.9930E+02	  3.4378E+02	  3.6581E+02	  3.9588E+02	  3.9665E+02	  4.0487E+02	  4.1878E+02	  4.5256E+02	  4.4876E+02	  4.8304E+02	  4.5367E+02	  4.6453E+02	  4.6413E+02	  4.8129E+02	  5.1745E+02	  5.0820E+02	  5.2412E+02	  4.8336E+02	  4.9637E+02	  4.5800E+02	  4.0268E+02	  3.9033E+02	  3.8362E+02	  4.0277E+02	  4.0486E+02	  3.9517E+02	  3.9251E+02	  3.5870E+02	  3.6062E+02	  3.4102E+02	  2.8615E+02	  2.8061E+02	  2.6767E+02	  2.5543E+02	  2.3751E+02	  2.2350E+02	  2.4022E+02	  2.2702E+02	  2.0705E+02	  2.1204E+02	  2.2016E+02	  1.9222E+02	  2.0066E+02	  2.1384E+02	  2.2870E+02	  1.9871E+02	  1.9556E+02	  1.2065E+02	  6.1489E+01	  3.0447E+01	  5.5512E+00	  2.0626E+00	  2.6768E-01	  0.0000E+00	  0.0000E+00	  0.0000E+00	  0.0000E+00	  0.0000E+00	  0.0000E+00	  0.0000E+00	  0.0000E+00	  0.0000E+00	  0.0000E+00	  0.0000E+00	  0.0000E+00	  0.0000E+00	  0.0000E+00	  0.0000E+00	  0.0000E+00	  0.0000E+00	  0.0000E+00	  0.0000E+00	  0.0000E+00	  0.0000E+00	  0.0000E+00	  0.0000E+00	  0.0000E+00
  0.0000E+00	  0.0000E+00	  0.0000E+00	  0.0000E+00	  0.0000E+00	  0.0000E+00	  0.0000E+00	  0.0000E+00	  0.0000E+00	  0.0000E+00	  0.0000E+00	  0.0000E+00	  0.0000E+00	  0.0000E+00	  0.0000E+00	  0.0000E+00	  0.0000E+00	  0.0000E+00	  0.0000E+00	  0.0000E+00	  0.0000E+00	  0.0000E+00	  0.0000E+00	  0.0000E+00	  0.0000E+00	  0.0000E+00	  0.0000E+00	  0.0000E+00	  0.0000E+00	  0.0000E+00	  0.0000E+00	  0.0000E+00	  4.0441E-02	  2.4503E+00	  7.7902E+00	  1.5403E+01	  2.9612E+01	  3.2477E+01	  4.6315E+01	  6.9827E+01	  1.2131E+02	  1.2829E+02	  1.7759E+02	  2.0180E+02	  2.2157E+02	  2.5424E+02	  2.6734E+02	  2.9280E+02	  2.8698E+02	  2.7143E+02	  3.1308E+02	  3.3736E+02	  4.0511E+02	  4.2892E+02	  4.4803E+02	  4.8175E+02	  5.2527E+02	  5.3397E+02	  5.3916E+02	  5.5211E+02	  5.2203E+02	  5.1846E+02	  5.1062E+02	  4.9626E+02	  4.7658E+02	  4.7194E+02	  4.9892E+02	  5.4476E+02	  5.2818E+02	  4.5907E+02	  4.0410E+02	  3.6806E+02	  3.8488E+02	  3.6652E+02	  3.6044E+02	  3.6180E+02	  3.3143E+02	  3.3830E+02	  3.2048E+02	  3.2388E+02	  3.4016E+02	  3.2778E+02	  2.9352E+02	  2.6304E+02	  2.4279E+02	  2.2178E+02	  2.3744E+02	  2.2143E+02	  2.1199E+02	  2.1440E+02	  2.2048E+02	  2.1458E+02	  1.9416E+02	  2.0390E+02	  2.1988E+02	  2.1849E+02	  2.1589E+02	  1.8656E+02	  1.1939E+02	  6.2835E+01	  2.6064E+01	  8.2102E+00	  2.8544E+00	  6.8039E-01	  0.0000E+00	  0.0000E+00	  0.0000E+00	  0.0000E+00	  0.0000E+00	  0.0000E+00	  0.0000E+00	  0.0000E+00	  0.0000E+00	  0.0000E+00	  0.0000E+00	  0.0000E+00	  0.0000E+00	  0.0000E+00	  0.0000E+00	  0.0000E+00	  0.0000E+00	  0.0000E+00	  0.0000E+00	  0.0000E+00	  0.0000E+00	  0.0000E+00	  0.0000E+00	  0.0000E+00
  0.0000E+00	  0.0000E+00	  0.0000E+00	  0.0000E+00	  0.0000E+00	  0.0000E+00	  0.0000E+00	  0.0000E+00	  0.0000E+00	  0.0000E+00	  0.0000E+00	  0.0000E+00	  0.0000E+00	  0.0000E+00	  0.0000E+00	  0.0000E+00	  0.0000E+00	  0.0000E+00	  0.0000E+00	  0.0000E+00	  0.0000E+00	  0.0000E+00	  0.0000E+00	  0.0000E+00	  0.0000E+00	  0.0000E+00	  0.0000E+00	  1.3702E-01	  4.4755E-01	  6.4336E-02	  2.1417E-01	  1.6366E-01	  9.4779E-01	  7.7676E+00	  2.3898E+01	  3.8799E+01	  5.5202E+01	  7.0777E+01	  9.5101E+01	  1.2128E+02	  1.6407E+02	  2.1392E+02	  2.4889E+02	  2.5795E+02	  2.3975E+02	  2.7083E+02	  2.9477E+02	  3.2887E+02	  3.3893E+02	  3.4361E+02	  3.8405E+02	  4.0132E+02	  4.4942E+02	  4.4472E+02	  4.8970E+02	  5.1904E+02	  5.2643E+02	  5.4701E+02	  5.4637E+02	  6.2113E+02	  5.8035E+02	  5.6525E+02	  5.2040E+02	  4.8192E+02	  4.8373E+02	  4.4195E+02	  4.4175E+02	  5.3594E+02	  5.1998E+02	  4.4374E+02	  3.9776E+02	  3.9182E+02	  3.8886E+02	  3.4317E+02	  3.1376E+02	  3.1453E+02	  2.9000E+02	  3.2549E+02	  3.0483E+02	  2.8179E+02	  3.0132E+02	  2.8916E+02	  2.7219E+02	  2.6765E+02	  2.3459E+02	  2.5053E+02	  2.3677E+02	  2.2623E+02	  2.3322E+02	  2.2787E+02	  2.1952E+02	  2.1268E+02	  1.8063E+02	  1.9191E+02	  1.8401E+02	  1.8282E+02	  1.7649E+02	  1.7243E+02	  1.2877E+02	  7.3291E+01	  2.6549E+01	  1.0958E+01	  6.7033E+00	  6.4330E-01	  0.0000E+00	  0.0000E+00	  0.0000E+00	  0.0000E+00	  0.0000E+00	  0.0000E+00	  0.0000E+00	  0.0000E+00	  0.0000E+00	  0.0000E+00	  0.0000E+00	  0.0000E+00	  0.0000E+00	  0.0000E+00	  0.0000E+00	  0.0000E+00	  0.0000E+00	  0.0000E+00	  0.0000E+00	  0.0000E+00	  0.0000E+00	  0.0000E+00	  0.0000E+00	  0.0000E+00
  0.0000E+00	  0.0000E+00	  0.0000E+00	  0.0000E+00	  0.0000E+00	  0.0000E+00	  0.0000E+00	  0.0000E+00	  0.0000E+00	  0.0000E+00	  0.0000E+00	  0.0000E+00	  0.0000E+00	  0.0000E+00	  0.0000E+00	  0.0000E+00	  0.0000E+00	  0.0000E+00	  0.0000E+00	  0.0000E+00	  0.0000E+00	  0.0000E+00	  0.0000E+00	  0.0000E+00	  0.0000E+00	  1.0159E-01	  7.3464E-01	  1.1140E+00	  9.8489E-01	  1.0823E+00	  3.0561E+00	  3.4749E+00	  4.8318E+00	  1.9619E+01	  5.0254E+01	  7.5428E+01	  1.0648E+02	  1.2296E+02	  1.4742E+02	  1.8641E+02	  2.2379E+02	  2.5580E+02	  2.8673E+02	  2.9183E+02	  2.7202E+02	  2.6646E+02	  2.9483E+02	  3.2999E+02	  3.9618E+02	  4.4524E+02	  4.9049E+02	  4.7913E+02	  5.0646E+02	  4.7994E+02	  5.2000E+02	  5.2737E+02	  5.1259E+02	  5.2557E+02	  5.6236E+02	  5.9789E+02	  5.7081E+02	  5.2326E+02	  4.6951E+02	  4.6462E+02	  4.3555E+02	  4.1768E+02	  3.9527E+02	  4.1148E+02	  4.3888E+02	  4.3135E+02	  3.9810E+02	  3.7870E+02	  3.5306E+02	  3.2169E+02	  2.8724E+02	  3.0700E+02	  2.9231E+02	  2.8395E+02	  2.7692E+02	  2.8697E+02	  2.7963E+02	  2.7546E+02	  2.7124E+02	  2.7132E+02	  2.4851E+02	  2.4208E+02	  2.6434E+02	  2.3021E+02	  2.4591E+02	  2.5811E+02	  2.3795E+02	  1.9719E+02	  1.5291E+02	  1.5937E+02	  1.7407E+02	  1.6551E+02	  1.5329E+02	  1.5481E+02	  1.0817E+02	  5.8671E+01	  2.8545E+01	  1.0805E+01	  4.5757E+00	  8.8232E-01	  0.0000E+00	  0.0000E+00	  0.0000E+00	  0.0000E+00	  0.0000E+00	  0.0000E+00	  0.0000E+00	  0.0000E+00	  0.0000E+00	  0.0000E+00	  0.0000E+00	  0.0000E+00	  0.0000E+00	  0.0000E+00	  0.0000E+00	  0.0000E+00	  0.0000E+00	  0.0000E+00	  0.0000E+00	  0.0000E+00	  0.0000E+00	  0.0000E+00	  0.0000E+00	  0.0000E+00
  0.0000E+00	  0.0000E+00	  0.0000E+00	  0.0000E+00	  0.0000E+00	  0.0000E+00	  0.0000E+00	  0.0000E+00	  0.0000E+00	  0.0000E+00	  0.0000E+00	  0.0000E+00	  0.0000E+00	  0.0000E+00	  0.0000E+00	  0.0000E+00	  0.0000E+00	  0.0000E+00	  0.0000E+00	  0.0000E+00	  0.0000E+00	  0.0000E+00	  0.0000E+00	  0.0000E+00	  0.0000E+00	  4.9670E-02	  1.2400E+00	  3.7208E+00	  3.4337E+00	  4.7766E+00	  6.1313E+00	  1.2674E+01	  2.3523E+01	  5.1691E+01	  8.4448E+01	  1.1764E+02	  1.6028E+02	  1.6606E+02	  1.9944E+02	  2.1887E+02	  2.4891E+02	  2.9991E+02	  3.2807E+02	  3.2489E+02	  3.3017E+02	  3.2763E+02	  3.4908E+02	  3.4924E+02	  4.1516E+02	  5.0983E+02	  5.2170E+02	  5.1617E+02	  5.4564E+02	  5.5792E+02	  5.1358E+02	  4.9656E+02	  5.2019E+02	  4.9900E+02	  5.6515E+02	  5.7392E+02	  5.5246E+02	  4.9066E+02	  4.3092E+02	  4.2991E+02	  4.0667E+02	  3.9425E+02	  3.8671E+02	  3.8745E+02	  3.5457E+02	  3.8459E+02	  3.7454E+02	  3.2968E+02	  3.1253E+02	  2.8894E+02	  2.8597E+02	  3.0394E+02	  3.0333E+02	  2.8220E+02	  2.8625E+02	  2.6641E+02	  2.3622E+02	  2.5002E+02	  2.6347E+02	  2.9178E+02	  2.7866E+02	  2.7705E+02	  2.8133E+02	  2.4599E+02	  2.5006E+02	  2.6086E+02	  2.2960E+02	  1.9488E+02	  1.7010E+02	  1.5615E+02	  1.4535E+02	  1.6255E+02	  1.5355E+02	  1.3479E+02	  1.1696E+02	  7.3316E+01	  4.4147E+01	  2.8060E+01	  1.0544E+01	  7.0384E-01	  0.0000E+00	  0.0000E+00	  0.0000E+00	  0.0000E+00	  0.0000E+00	  0.0000E+00	  0.0000E+00	  0.0000E+00	  0.0000E+00	  0.0000E+00	  0.0000E+00	  0.0000E+00	  0.0000E+00	  0.0000E+00	  0.0000E+00	  0.0000E+00	  0.0000E+00	  0.0000E+00	  0.0000E+00	  0.0000E+00	  0.0000E+00	  0.0000E+00	  0.0000E+00	  0.0000E+00
  0.0000E+00	  0.0000E+00	  0.0000E+00	  0.0000E+00	  0.0000E+00	  0.0000E+00	  0.0000E+00	  0.0000E+00	  0.0000E+00	  0.0000E+00	  0.0000E+00	  0.0000E+00	  0.0000E+00	  0.0000E+00	  0.0000E+00	  0.0000E+00	  0.0000E+00	  0.0000E+00	  0.0000E+00	  0.0000E+00	  0.0000E+00	  0.0000E+00	  0.0000E+00	  0.0000E+00	  0.0000E+00	  0.0000E+00	  3.4363E-01	  6.7680E+00	  6.8978E+00	  8.9858E+00	  1.3905E+01	  3.9193E+01	  5.6603E+01	  8.3029E+01	  1.1530E+02	  1.5860E+02	  2.0095E+02	  2.1579E+02	  2.2451E+02	  2.5831E+02	  2.9397E+02	  3.5649E+02	  3.6146E+02	  3.7483E+02	  4.0359E+02	  3.7239E+02	  3.9470E+02	  4.0643E+02	  4.9628E+02	  5.3062E+02	  5.2702E+02	  5.1611E+02	  5.0816E+02	  5.4631E+02	  5.3440E+02	  4.9421E+02	  4.7530E+02	  4.4359E+02	  5.0706E+02	  5.2473E+02	  4.8869E+02	  4.6498E+02	  4.2599E+02	  3.9264E+02	  3.7022E+02	  3.5678E+02	  3.7168E+02	  3.5302E+02	  3.3993E+02	  3.3122E+02	  3.4391E+02	  3.4424E+02	  3.4176E+02	  2.9386E+02	  2.8238E+02	  3.0828E+02	  3.1184E+02	  2.6779E+02	  2.6179E+02	  2.9144E+02	  2.6649E+02	  2.5020E+02	  2.5258E+02	  2.4295E+02	  2.5117E+02	  2.7534E+02	  2.6121E+02	  2.8127E+02	  2.6637E+02	  2.4383E+02	  1.9924E+02	  1.8667E+02	  1.5475E+02	  1.4373E+02	  1.6070E+02	  1.5510E+02	  1.5661E+02	  1.5559E+02	  1.0435E+02	  7.5133E+01	  4.5046E+01	  3.4458E+01	  8.9824E+00	  9.3429E-01	  0.0000E+00	  0.0000E+00	  0.0000E+00	  0.0000E+00	  0.0000E+00	  0.0000E+00	  0.0000E+00	  0.0000E+00	  0.0000E+00	  0.0000E+00	  0.0000E+00	  0.0000E+00	  0.0000E+00	  0.0000E+00	  0.0000E+00	  0.0000E+00	  0.0000E+00	  0.0000E+00	  0.0000E+00	  0.0000E+00	  0.0000E+00	  0.0000E+00	  0.0000E+00	  0.0000E+00
  0.0000E+00	  0.0000E+00	  0.0000E+00	  0.0000E+00	  0.0000E+00	  0.0000E+00	  0.0000E+00	  0.0000E+00	  0.0000E+00	  0.0000E+00	  0.0000E+00	  0.0000E+00	  0.0000E+00	  0.0000E+00	  0.0000E+00	  0.0000E+00	  0.0000E+00	  0.0000E+00	  0.0000E+00	  0.0000E+00	  0.0000E+00	  0.0000E+00	  0.0000E+00	  0.0000E+00	  0.0000E+00	  0.0000E+00	  2.4675E+00	  7.9079E+00	  9.0476E+00	  1.8838E+01	  3.3056E+01	  7.5881E+01	  1.0408E+02	  1.3528E+02	  1.6053E+02	  1.9818E+02	  2.5449E+02	  2.4937E+02	  2.5822E+02	  3.0479E+02	  3.1003E+02	  3.6360E+02	  3.9923E+02	  4.2889E+02	  4.3078E+02	  4.7656E+02	  4.8060E+02	  4.4880E+02	  4.6355E+02	  5.1132E+02	  5.2374E+02	  5.1819E+02	  5.1662E+02	  5.0754E+02	  4.9495E+02	  4.9269E+02	  4.4831E+02	  4.2272E+02	  4.7434E+02	  4.4937E+02	  4.0583E+02	  4.1427E+02	  4.1212E+02	  3.5735E+02	  3.4409E+02	  3.4868E+02	  3.5149E+02	  3.2409E+02	  3.0244E+02	  3.0092E+02	  3.2442E+02	  3.4464E+02	  3.2649E+02	  2.9428E+02	  2.5137E+02	  2.6680E+02	  2.7825E+02	  2.6121E+02	  2.6048E+02	  2.8503E+02	  3.0302E+02	  2.4644E+02	  2.4196E+02	  2.3274E+02	  2.3714E+02	  2.4741E+02	  2.5973E+02	  2.5593E+02	  2.3984E+02	  2.2835E+02	  1.9728E+02	  1.9446E+02	  1.7408E+02	  1.7413E+02	  1.6725E+02	  1.5608E+02	  1.4335E+02	  1.5970E+02	  1.0867E+02	  7.1532E+01	  4.9656E+01	  1.7279E+01	  3.7823E+00	  3.0100E+00	  0.0000E+00	  0.0000E+00	  0.0000E+00	  0.0000E+00	  0.0000E+00	  0.0000E+00	  0.0000E+00	  0.0000E+00	  0.0000E+00	  0.0000E+00	  0.0000E+00	  0.0000E+00	  0.0000E+00	  0.0000E+00	  0.0000E+00	  0.0000E+00	  0.0000E+00	  0.0000E+00	  0.0000E+00	  0.0000E+00	  0.0000E+00	  0.0000E+00	  0.0000E+00	  0.0000E+00
  0.0000E+00	  0.0000E+00	  0.0000E+00	  0.0000E+00	  0.0000E+00	  0.0000E+00	  0.0000E+00	  0.0000E+00	  0.0000E+00	  0.0000E+00	  0.0000E+00	  0.0000E+00	  0.0000E+00	  0.0000E+00	  0.0000E+00	  0.0000E+00	  0.0000E+00	  0.0000E+00	  0.0000E+00	  0.0000E+00	  0.0000E+00	  0.0000E+00	  0.0000E+00	  0.0000E+00	  7.3213E-01	  7.5937E-01	  3.7613E+00	  1.1017E+01	  1.8759E+01	  3.8697E+01	  4.9954E+01	  9.7160E+01	  1.6169E+02	  1.9249E+02	  2.3140E+02	  2.5997E+02	  3.0286E+02	  2.8733E+02	  2.7027E+02	  2.9003E+02	  3.1738E+02	  3.5400E+02	  3.9001E+02	  4.2035E+02	  4.7579E+02	  4.9256E+02	  4.9181E+02	  4.6560E+02	  4.8310E+02	  4.8035E+02	  5.0019E+02	  5.3791E+02	  5.3031E+02	  4.8463E+02	  4.5565E+02	  4.1921E+02	  4.1294E+02	  4.1507E+02	  4.1310E+02	  3.7453E+02	  3.7128E+02	  3.5831E+02	  3.4802E+02	  3.4828E+02	  3.3954E+02	  3.5685E+02	  3.4879E+02	  3.4078E+02	  2.9653E+02	  3.0392E+02	  3.1222E+02	  3.0616E+02	  3.0225E+02	  3.0249E+02	  2.5159E+02	  2.3193E+02	  2.5357E+02	  2.7833E+02	  2.7771E+02	  2.8713E+02	  2.8813E+02	  2.4048E+02	  2.3513E+02	  2.1909E+02	  2.1801E+02	  2.4534E+02	  2.4713E+02	  2.3458E+02	  2.0554E+02	  2.2761E+02	  2.0596E+02	  2.0586E+02	  2.1469E+02	  2.1775E+02	  2.0004E+02	  1.8228E+02	  1.6297E+02	  1.4278E+02	  1.2700E+02	  8.6579E+01	  3.9655E+01	  1.5146E+01	  3.3418E+00	  1.6243E+00	  0.0000E+00	  0.0000E+00	  0.0000E+00	  0.0000E+00	  0.0000E+00	  0.0000E+00	  0.0000E+00	  0.0000E+00	  0.0000E+00	  0.0000E+00	  0.0000E+00	  0.0000E+00	  0.0000E+00	  0.0000E+00	  0.0000E+00	  0.0000E+00	  0.0000E+00	  0.0000E+00	  0.0000E+00	  0.0000E+00	  0.0000E+00	  0.0000E+00	  0.0000E+00	  0.0000E+00
  0.0000E+00	  0.0000E+00	  0.0000E+00	  0.0000E+00	  0.0000E+00	  0.0000E+00	  0.0000E+00	  0.0000E+00	  0.0000E+00	  0.0000E+00	  0.0000E+00	  0.0000E+00	  0.0000E+00	  0.0000E+00	  0.0000E+00	  0.0000E+00	  0.0000E+00	  0.0000E+00	  0.0000E+00	  0.0000E+00	  0.0000E+00	  0.0000E+00	  0.0000E+00	  0.0000E+00	  7.6784E-01	  2.8052E+00	  8.6957E+00	  1.9304E+01	  3.1101E+01	  6.7558E+01	  7.2073E+01	  1.0472E+02	  1.6731E+02	  2.1412E+02	  2.5294E+02	  2.5549E+02	  2.9178E+02	  2.7491E+02	  2.8393E+02	  3.0206E+02	  3.1928E+02	  3.2726E+02	  3.8208E+02	  4.1861E+02	  4.3343E+02	  4.4762E+02	  4.4547E+02	  4.3291E+02	  4.3865E+02	  4.3350E+02	  4.6827E+02	  4.9109E+02	  4.5915E+02	  4.1970E+02	  4.2146E+02	  4.1577E+02	  3.7514E+02	  3.4892E+02	  3.5087E+02	  3.2245E+02	  3.3270E+02	  3.1377E+02	  2.8681E+02	  2.9559E+02	  2.9686E+02	  3.0631E+02	  3.0109E+02	  2.8605E+02	  2.7884E+02	  2.6630E+02	  2.7987E+02	  2.8758E+02	  2.7330E+02	  2.7701E+02	  2.6018E+02	  2.4731E+02	  2.6817E+02	  2.5633E+02	  2.5125E+02	  2.6471E+02	  2.8762E+02	  2.4308E+02	  2.4106E+02	  2.2084E+02	  2.4586E+02	  2.3778E+02	  2.2184E+02	  2.2524E+02	  2.1544E+02	  1.9212E+02	  1.9851E+02	  1.8734E+02	  1.8595E+02	  2.1519E+02	  2.0138E+02	  1.9867E+02	  1.9742E+02	  1.5238E+02	  1.3807E+02	  8.4664E+01	  3.3936E+01	  1.5622E+01	  8.2451E+00	  5.2592E-01	  0.0000E+00	  0.0000E+00	  0.0000E+00	  0.0000E+00	  0.0000E+00	  0.0000E+00	  0.0000E+00	  0.0000E+00	  0.0000E+00	  0.0000E+00	  0.0000E+00	  0.0000E+00	  0.0000E+00	  0.0000E+00	  0.0000E+00	  0.0000E+00	  0.0000E+00	  0.0000E+00	  0.0000E+00	  0.0000E+00	  0.0000E+00	  0.0000E+00	  0.0000E+00	  0.0000E+00
  0.0000E+00	  0.0000E+00	  0.0000E+00	  0.0000E+00	  0.0000E+00	  0.0000E+00	  0.0000E+00	  0.0000E+00	  0.0000E+00	  0.0000E+00	  0.0000E+00	  0.0000E+00	  0.0000E+00	  0.0000E+00	  0.0000E+00	  0.0000E+00	  0.0000E+00	  0.0000E+00	  0.0000E+00	  0.0000E+00	  0.0000E+00	  0.0000E+00	  2.4238E-01	  1.2606E+00	  3.2007E+00	  7.1983E+00	  1.2063E+01	  2.1735E+01	  3.4226E+01	  6.5985E+01	  9.6133E+01	  1.3651E+02	  1.8541E+02	  2.3245E+02	  2.5636E+02	  2.5827E+02	  2.9426E+02	  2.9430E+02	  2.8096E+02	  2.8444E+02	  3.0283E+02	  3.0372E+02	  3.7257E+02	  3.9144E+02	  4.2429E+02	  4.2956E+02	  4.1195E+02	  4.0458E+02	  4.0116E+02	  3.9977E+02	  4.2527E+02	  4.3775E+02	  4.1611E+02	  4.0478E+02	  3.5672E+02	  3.7255E+02	  3.5370E+02	  3.3521E+02	  2.9323E+02	  2.9536E+02	  3.1924E+02	  2.9320E+02	  2.6731E+02	  2.8433E+02	  2.7166E+02	  2.7649E+02	  2.7369E+02	  2.6048E+02	  2.4954E+02	  2.5678E+02	  2.7936E+02	  2.6156E+02	  2.5263E+02	  2.5827E+02	  2.5491E+02	  2.6823E+02	  2.6558E+02	  2.4716E+02	  2.3969E+02	  2.6292E+02	  2.3845E+02	  2.3547E+02	  2.4058E+02	  2.3059E+02	  2.4840E+02	  2.4185E+02	  2.1705E+02	  2.0747E+02	  2.1228E+02	  1.8946E+02	  1.9386E+02	  1.9250E+02	  2.1462E+02	  2.0664E+02	  1.8736E+02	  1.8908E+02	  2.1970E+02	  1.9346E+02	  1.3666E+02	  8.5555E+01	  4.1786E+01	  2.1725E+01	  6.6205E+00	  4.1341E-01	  0.0000E+00	  0.0000E+00	  0.0000E+00	  0.0000E+00	  0.0000E+00	  0.0000E+00	  0.0000E+00	  0.0000E+00	  0.0000E+00	  0.0000E+00	  0.0000E+00	  0.0000E+00	  0.0000E+00	  0.0000E+00	  0.0000E+00	  0.0000E+00	  0.0000E+00	  0.0000E+00	  0.0000E+00	  0.0000E+00	  0.0000E+00	  0.0000E+00	  0.0000E+00	  0.0000E+00
  0.0000E+00	  0.0000E+00	  0.0000E+00	  0.0000E+00	  0.0000E+00	  0.0000E+00	  0.0000E+00	  0.0000E+00	  0.0000E+00	  0.0000E+00	  0.0000E+00	  0.0000E+00	  0.0000E+00	  0.0000E+00	  0.0000E+00	  0.0000E+00	  0.0000E+00	  0.0000E+00	  0.0000E+00	  0.0000E+00	  0.0000E+00	  0.0000E+00	  3.2599E-01	  1.6860E+00	  4.9527E+00	  8.1356E+00	  1.5706E+01	  2.8621E+01	  5.6416E+01	  8.9172E+01	  1.1819E+02	  1.4014E+02	  1.9748E+02	  2.3604E+02	  2.4971E+02	  2.2465E+02	  2.6274E+02	  2.6461E+02	  3.0488E+02	  2.7510E+02	  3.0802E+02	  3.3031E+02	  3.8464E+02	  3.7527E+02	  3.8187E+02	  4.0585E+02	  3.8075E+02	  3.8064E+02	  4.0987E+02	  3.9143E+02	  3.6545E+02	  3.8179E+02	  3.7794E+02	  3.6432E+02	  3.5205E+02	  3.1451E+02	  3.1084E+02	  2.9823E+02	  2.7297E+02	  2.9214E+02	  3.0797E+02	  3.0726E+02	  3.0536E+02	  3.1102E+02	  3.1155E+02	  2.7400E+02	  2.6306E+02	  2.4448E+02	  2.3913E+02	  2.4164E+02	  2.5443E+02	  2.4408E+02	  2.4577E+02	  2.6443E+02	  2.6311E+02	  2.5973E+02	  2.3848E+02	  2.4577E+02	  2.6993E+02	  2.6491E+02	  2.4996E+02	  2.4543E+02	  2.4359E+02	  2.3911E+02	  2.3741E+02	  2.3640E+02	  2.1049E+02	  1.8429E+02	  1.8205E+02	  2.0730E+02	  2.1042E+02	  2.0586E+02	  2.0462E+02	  1.9088E+02	  1.9199E+02	  1.9193E+02	  1.8385E+02	  1.9011E+02	  1.4982E+02	  9.6050E+01	  4.7290E+01	  2.6938E+01	  4.0312E+00	  3.0095E-01	  0.0000E+00	  0.0000E+00	  0.0000E+00	  0.0000E+00	  0.0000E+00	  0.0000E+00	  0.0000E+00	  0.0000E+00	  0.0000E+00	  0.0000E+00	  0.0000E+00	  0.0000E+00	  0.0000E+00	  0.0000E+00	  0.0000E+00	  0.0000E+00	  0.0000E+00	  0.0000E+00	  0.0000E+00	  0.0000E+00	  0.0000E+00	  0.0000E+00	  0.0000E+00	  0.0000E+00
  0.0000E+00	  0.0000E+00	  0.0000E+00	  0.0000E+00	  0.0000E+00	  0.0000E+00	  0.0000E+00	  0.0000E+00	  0.0000E+00	  0.0000E+00	  0.0000E+00	  0.0000E+00	  0.0000E+00	  0.0000E+00	  0.0000E+00	  0.0000E+00	  0.0000E+00	  0.0000E+00	  0.0000E+00	  0.0000E+00	  0.0000E+00	  0.0000E+00	  2.4738E-01	  1.3037E+00	  3.6322E+00	  9.0447E+00	  2.3126E+01	  4.9006E+01	  8.4998E+01	  1.2513E+02	  1.3379E+02	  1.6238E+02	  2.1083E+02	  2.3778E+02	  2.2690E+02	  2.1389E+02	  2.3787E+02	  2.4937E+02	  3.1323E+02	  2.9911E+02	  2.9220E+02	  3.3059E+02	  3.5957E+02	  3.4888E+02	  3.6203E+02	  3.7432E+02	  3.7395E+02	  3.9896E+02	  3.6882E+02	  3.9046E+02	  3.6775E+02	  3.6496E+02	  3.3275E+02	  3.4112E+02	  3.3294E+02	  2.9663E+02	  2.7597E+02	  2.8589E+02	  2.6074E+02	  2.6325E+02	  2.9550E+02	  2.9017E+02	  2.6754E+02	  2.7801E+02	  2.7434E+02	  2.8649E+02	  2.5535E+02	  2.3481E+02	  2.3411E+02	  2.3447E+02	  2.4327E+02	  2.4282E+02	  2.2813E+02	  2.3963E+02	  2.3864E+02	  2.2302E+02	  2.1914E+02	  2.5878E+02	  2.7000E+02	  2.4131E+02	  2.2142E+02	  2.3479E+02	  2.4542E+02	  2.4576E+02	  2.4736E+02	  2.3459E+02	  2.0967E+02	  1.7971E+02	  1.7938E+02	  1.8826E+02	  2.1476E+02	  1.9076E+02	  1.6941E+02	  1.6765E+02	  1.9426E+02	  1.8903E+02	  1.6672E+02	  1.5504E+02	  1.2427E+02	  8.9749E+01	  4.9070E+01	  1.8835E+01	  3.1723E+00	  1.0522E+00	  0.0000E+00	  0.0000E+00	  0.0000E+00	  0.0000E+00	  0.0000E+00	  0.0000E+00	  0.0000E+00	  0.0000E+00	  0.0000E+00	  0.0000E+00	  0.0000E+00	  0.0000E+00	  0.0000E+00	  0.0000E+00	  0.0000E+00	  0.0000E+00	  0.0000E+00	  0.0000E+00	  0.0000E+00	  0.0000E+00	  0.0000E+00	  0.0000E+00	  0.0000E+00	  0.0000E+00
  0.0000E+00	  0.0000E+00	  0.0000E+00	  0.0000E+00	  0.0000E+00	  0.0000E+00	  0.0000E+00	  0.0000E+00	  0.0000E+00	  0.0000E+00	  0.0000E+00	  0.0000E+00	  0.0000E+00	  0.0000E+00	  0.0000E+00	  0.0000E+00	  0.0000E+00	  0.0000E+00	  0.0000E+00	  0.0000E+00	  0.0000E+00	  0.0000E+00	  5.4977E-01	  1.4100E+00	  3.7297E+00	  1.4171E+01	  4.2790E+01	  7.5658E+01	  1.0611E+02	  1.4682E+02	  1.6616E+02	  1.7252E+02	  1.8546E+02	  1.9002E+02	  2.1657E+02	  2.4892E+02	  2.3753E+02	  2.6316E+02	  3.1043E+02	  2.9572E+02	  2.9242E+02	  3.0616E+02	  3.4211E+02	  3.3841E+02	  3.3742E+02	  3.4826E+02	  3.3347E+02	  3.5371E+02	  3.4843E+02	  3.6052E+02	  3.6146E+02	  3.7683E+02	  3.2961E+02	  3.3021E+02	  3.1650E+02	  2.8528E+02	  2.9176E+02	  2.7855E+02	  2.5163E+02	  2.5567E+02	  2.6365E+02	  2.7811E+02	  2.7120E+02	  2.6452E+02	  2.5898E+02	  2.7590E+02	  2.5380E+02	  2.2690E+02	  2.2017E+02	  2.1450E+02	  2.3516E+02	  2.3640E+02	  2.2448E+02	  2.2133E+02	  2.2606E+02	  1.9882E+02	  2.0470E+02	  2.2149E+02	  2.3384E+02	  2.2549E+02	  2.1484E+02	  2.1698E+02	  2.2570E+02	  2.4247E+02	  2.4124E+02	  2.2690E+02	  2.0649E+02	  1.7591E+02	  1.6249E+02	  1.9025E+02	  2.1108E+02	  1.9733E+02	  1.8141E+02	  1.7644E+02	  2.0263E+02	  1.9982E+02	  1.5919E+02	  1.4020E+02	  1.2350E+02	  9.2849E+01	  6.1605E+01	  2.4162E+01	  7.7926E+00	  9.8480E-01	  0.0000E+00	  0.0000E+00	  0.0000E+00	  0.0000E+00	  0.0000E+00	  0.0000E+00	  0.0000E+00	  0.0000E+00	  0.0000E+00	  0.0000E+00	  0.0000E+00	  0.0000E+00	  0.0000E+00	  0.0000E+00	  0.0000E+00	  0.0000E+00	  0.0000E+00	  0.0000E+00	  0.0000E+00	  0.0000E+00	  0.0000E+00	  0.0000E+00	  0.0000E+00	  0.0000E+00
  0.0000E+00	  0.0000E+00	  0.0000E+00	  0.0000E+00	  0.0000E+00	  0.0000E+00	  0.0000E+00	  0.0000E+00	  0.0000E+00	  0.0000E+00	  0.0000E+00	  0.0000E+00	  0.0000E+00	  0.0000E+00	  0.0000E+00	  0.0000E+00	  0.0000E+00	  0.0000E+00	  0.0000E+00	  0.0000E+00	  0.0000E+00	  0.0000E+00	  4.5299E-01	  3.3497E+00	  1.2718E+01	  3.3616E+01	  7.4258E+01	  1.1727E+02	  1.4772E+02	  1.6222E+02	  1.8124E+02	  1.8613E+02	  1.7511E+02	  1.8822E+02	  2.0139E+02	  2.4916E+02	  2.4890E+02	  2.8168E+02	  2.9074E+02	  3.0748E+02	  3.1079E+02	  3.1105E+02	  3.2072E+02	  3.5771E+02	  3.7250E+02	  3.3440E+02	  3.7057E+02	  3.3485E+02	  2.8224E+02	  2.9612E+02	  3.4601E+02	  3.6983E+02	  3.2572E+02	  3.4780E+02	  3.1390E+02	  2.8059E+02	  2.7296E+02	  2.7447E+02	  2.5148E+02	  2.3398E+02	  2.4544E+02	  2.7021E+02	  2.6476E+02	  2.6707E+02	  2.6795E+02	  2.6508E+02	  2.4585E+02	  2.3139E+02	  2.2385E+02	  2.2140E+02	  2.1948E+02	  2.3358E+02	  2.3560E+02	  2.2511E+02	  2.2161E+02	  2.2942E+02	  2.1631E+02	  1.9736E+02	  2.0862E+02	  2.2791E+02	  2.2957E+02	  2.3937E+02	  2.4242E+02	  2.6611E+02	  2.3297E+02	  2.1719E+02	  2.1024E+02	  1.7273E+02	  1.8992E+02	  1.9701E+02	  1.7997E+02	  1.7953E+02	  1.8393E+02	  1.8167E+02	  1.9330E+02	  1.8964E+02	  1.6420E+02	  1.5891E+02	  1.4142E+02	  9.5127E+01	  6.1481E+01	  2.3843E+01	  6.8265E+00	  1.8886E+00	  1.3276E-01	  0.0000E+00	  0.0000E+00	  0.0000E+00	  0.0000E+00	  0.0000E+00	  0.0000E+00	  0.0000E+00	  0.0000E+00	  0.0000E+00	  0.0000E+00	  0.0000E+00	  0.0000E+00	  0.0000E+00	  0.0000E+00	  0.0000E+00	  0.0000E+00	  0.0000E+00	  0.0000E+00	  0.0000E+00	  0.0000E+00	  0.0000E+00	  0.0000E+00	  0.0000E+00
  0.0000E+00	  0.0000E+00	  0.0000E+00	  0.0000E+00	  0.0000E+00	  0.0000E+00	  0.0000E+00	  0.0000E+00	  0.0000E+00	  0.0000E+00	  0.0000E+00	  0.0000E+00	  0.0000E+00	  0.0000E+00	  0.0000E+00	  0.0000E+00	  0.0000E+00	  0.0000E+00	  0.0000E+00	  0.0000E+00	  0.0000E+00	  0.0000E+00	  1.4399E+00	  7.3623E+00	  1.9411E+01	  5.4225E+01	  9.2233E+01	  1.4298E+02	  1.7189E+02	  1.8562E+02	  2.0401E+02	  2.0227E+02	  2.0440E+02	  2.0786E+02	  2.1335E+02	  2.3249E+02	  2.7566E+02	  2.7446E+02	  2.7994E+02	  3.1637E+02	  3.1905E+02	  3.2113E+02	  3.3693E+02	  3.5337E+02	  3.6328E+02	  3.4488E+02	  3.6637E+02	  3.2291E+02	  2.6158E+02	  3.0758E+02	  3.3489E+02	  3.3248E+02	  3.1193E+02	  3.1807E+02	  2.9643E+02	  2.5689E+02	  2.5160E+02	  2.6332E+02	  2.4924E+02	  2.5435E+02	  2.6159E+02	  2.7149E+02	  2.6539E+02	  2.4314E+02	  2.4464E+02	  2.2270E+02	  2.2242E+02	  2.3945E+02	  2.3215E+02	  2.0790E+02	  1.8134E+02	  2.0932E+02	  2.2416E+02	  2.1482E+02	  2.0729E+02	  2.1727E+02	  2.0962E+02	  1.9759E+02	  1.9579E+02	  2.0220E+02	  1.9839E+02	  2.0387E+02	  1.9720E+02	  2.4093E+02	  2.1824E+02	  1.9831E+02	  2.0144E+02	  1.6120E+02	  1.8795E+02	  1.9987E+02	  1.7912E+02	  1.9129E+02	  2.1671E+02	  2.3230E+02	  2.1033E+02	  1.7397E+02	  1.5854E+02	  1.4344E+02	  1.3317E+02	  9.8023E+01	  6.6525E+01	  1.9818E+01	  5.8883E+00	  6.9616E-01	  3.1002E-03	  0.0000E+00	  0.0000E+00	  0.0000E+00	  0.0000E+00	  0.0000E+00	  0.0000E+00	  0.0000E+00	  0.0000E+00	  0.0000E+00	  0.0000E+00	  0.0000E+00	  0.0000E+00	  0.0000E+00	  0.0000E+00	  0.0000E+00	  0.0000E+00	  0.0000E+00	  0.0000E+00	  0.0000E+00	  0.0000E+00	  0.0000E+00	  0.0000E+00	  0.0000E+00
  0.0000E+00	  0.0000E+00	  0.0000E+00	  0.0000E+00	  0.0000E+00	  0.0000E+00	  0.0000E+00	  0.0000E+00	  0.0000E+00	  0.0000E+00	  0.0000E+00	  0.0000E+00	  0.0000E+00	  0.0000E+00	  0.0000E+00	  0.0000E+00	  0.0000E+00	  0.0000E+00	  0.0000E+00	  0.0000E+00	  0.0000E+00	  4.6373E-01	  2.6881E+00	  9.9711E+00	  3.4665E+01	  6.7586E+01	  1.1452E+02	  1.4995E+02	  1.7424E+02	  1.8763E+02	  1.8795E+02	  1.8957E+02	  1.9561E+02	  2.0756E+02	  2.1765E+02	  2.1170E+02	  2.4596E+02	  2.4521E+02	  2.7657E+02	  3.0618E+02	  2.9329E+02	  3.2237E+02	  3.5851E+02	  3.9098E+02	  3.8505E+02	  3.5202E+02	  3.3793E+02	  3.2028E+02	  2.9043E+02	  2.6223E+02	  2.9505E+02	  3.0306E+02	  3.0336E+02	  3.0834E+02	  2.9954E+02	  2.6910E+02	  2.6578E+02	  2.7516E+02	  2.5676E+02	  2.5550E+02	  2.5397E+02	  2.5430E+02	  2.4518E+02	  2.3174E+02	  2.5176E+02	  2.3465E+02	  2.1490E+02	  2.3203E+02	  2.4276E+02	  2.1450E+02	  2.0797E+02	  1.9946E+02	  1.8903E+02	  1.8751E+02	  1.9478E+02	  1.9248E+02	  1.9391E+02	  1.9322E+02	  1.7945E+02	  1.7251E+02	  1.8578E+02	  1.8941E+02	  1.7109E+02	  1.9392E+02	  2.0310E+02	  1.9356E+02	  2.0494E+02	  1.7743E+02	  1.8563E+02	  1.8655E+02	  2.0542E+02	  2.0093E+02	  2.1800E+02	  2.0918E+02	  2.0539E+02	  1.9186E+02	  1.6603E+02	  1.3347E+02	  1.0995E+02	  9.6083E+01	  7.1046E+01	  2.4131E+01	  5.0006E+00	  5.1575E-01	  0.0000E+00	  0.0000E+00	  0.0000E+00	  0.0000E+00	  0.0000E+00	  0.0000E+00	  0.0000E+00	  0.0000E+00	  0.0000E+00	  0.0000E+00	  0.0000E+00	  0.0000E+00	  0.0000E+00	  0.0000E+00	  0.0000E+00	  0.0000E+00	  0.0000E+00	  0.0000E+00	  0.0000E+00	  0.0000E+00	  0.0000E+00	  0.0000E+00	  0.0000E+00	  0.0000E+00
  0.0000E+00	  0.0000E+00	  0.0000E+00	  0.0000E+00	  0.0000E+00	  0.0000E+00	  0.0000E+00	  0.0000E+00	  0.0000E+00	  0.0000E+00	  0.0000E+00	  0.0000E+00	  0.0000E+00	  0.0000E+00	  0.0000E+00	  0.0000E+00	  0.0000E+00	  0.0000E+00	  0.0000E+00	  0.0000E+00	  1.9910E-01	  8.2025E-01	  6.1628E+00	  1.9364E+01	  4.4276E+01	  7.8730E+01	  1.1446E+02	  1.4040E+02	  1.8120E+02	  1.7306E+02	  1.6777E+02	  1.7069E+02	  1.8389E+02	  2.0615E+02	  2.1907E+02	  2.3430E+02	  2.4340E+02	  2.5719E+02	  2.9806E+02	  2.8812E+02	  2.7790E+02	  3.0243E+02	  3.5957E+02	  3.8256E+02	  3.7806E+02	  3.6822E+02	  3.0395E+02	  2.8786E+02	  3.1626E+02	  2.5215E+02	  2.5762E+02	  2.9493E+02	  2.9452E+02	  2.9395E+02	  2.5090E+02	  2.5443E+02	  2.4876E+02	  2.4412E+02	  2.5110E+02	  2.4929E+02	  2.2613E+02	  2.4438E+02	  2.3172E+02	  2.4065E+02	  2.4601E+02	  2.2857E+02	  2.0873E+02	  2.1811E+02	  2.2368E+02	  2.1554E+02	  2.0948E+02	  1.9238E+02	  1.8015E+02	  1.8051E+02	  1.9275E+02	  1.8993E+02	  1.8657E+02	  1.8801E+02	  1.8793E+02	  1.7419E+02	  1.7151E+02	  1.8136E+02	  1.6724E+02	  1.9217E+02	  2.0249E+02	  1.9622E+02	  2.0795E+02	  2.1573E+02	  2.0200E+02	  1.8893E+02	  2.1001E+02	  2.1468E+02	  2.0369E+02	  1.8931E+02	  1.8956E+02	  1.9926E+02	  1.9010E+02	  1.5533E+02	  1.2123E+02	  1.1117E+02	  7.3849E+01	  3.2812E+01	  1.1916E+01	  1.1440E+00	  0.0000E+00	  0.0000E+00	  0.0000E+00	  0.0000E+00	  0.0000E+00	  0.0000E+00	  0.0000E+00	  0.0000E+00	  0.0000E+00	  0.0000E+00	  0.0000E+00	  0.0000E+00	  0.0000E+00	  0.0000E+00	  0.0000E+00	  0.0000E+00	  0.0000E+00	  0.0000E+00	  0.0000E+00	  0.0000E+00	  0.0000E+00	  0.0000E+00	  0.0000E+00	  0.0000E+00
  0.0000E+00	  0.0000E+00	  0.0000E+00	  0.0000E+00	  0.0000E+00	  0.0000E+00	  0.0000E+00	  0.0000E+00	  0.0000E+00	  0.0000E+00	  0.0000E+00	  0.0000E+00	  0.0000E+00	  0.0000E+00	  0.0000E+00	  0.0000E+00	  0.0000E+00	  0.0000E+00	  0.0000E+00	  0.0000E+00	  3.5494E-01	  3.8678E+00	  8.3810E+00	  2.2343E+01	  4.5060E+01	  9.4642E+01	  1.2171E+02	  1.2711E+02	  1.5035E+02	  1.6296E+02	  1.6270E+02	  1.8541E+02	  1.7358E+02	  2.0882E+02	  2.2112E+02	  2.2807E+02	  2.7691E+02	  2.7865E+02	  2.6447E+02	  2.6551E+02	  2.6512E+02	  3.0494E+02	  3.2296E+02	  3.4838E+02	  3.5125E+02	  3.2221E+02	  2.9846E+02	  2.8705E+02	  2.8483E+02	  2.6259E+02	  2.6412E+02	  2.5689E+02	  2.8509E+02	  2.6362E+02	  2.4589E+02	  2.3732E+02	  2.2306E+02	  2.2579E+02	  2.4976E+02	  2.4943E+02	  2.3254E+02	  2.2951E+02	  2.1756E+02	  2.2983E+02	  2.3594E+02	  2.2779E+02	  2.0345E+02	  2.0524E+02	  2.1641E+02	  2.0723E+02	  1.7265E+02	  1.9807E+02	  2.0240E+02	  1.8718E+02	  1.9777E+02	  1.8299E+02	  1.8565E+02	  1.8891E+02	  1.8534E+02	  1.8646E+02	  1.8701E+02	  2.0201E+02	  1.8814E+02	  1.7703E+02	  2.0993E+02	  2.4483E+02	  2.1851E+02	  2.1531E+02	  2.1790E+02	  2.3726E+02	  2.3924E+02	  2.3915E+02	  2.1437E+02	  2.0169E+02	  1.9783E+02	  1.7898E+02	  1.9348E+02	  1.8496E+02	  1.7033E+02	  1.4255E+02	  9.2991E+01	  4.0198E+01	  1.0075E+01	  5.6707E+00	  8.9803E-01	  0.0000E+00	  0.0000E+00	  0.0000E+00	  0.0000E+00	  0.0000E+00	  0.0000E+00	  0.0000E+00	  0.0000E+00	  0.0000E+00	  0.0000E+00	  0.0000E+00	  0.0000E+00	  0.0000E+00	  0.0000E+00	  0.0000E+00	  0.0000E+00	  0.0000E+00	  0.0000E+00	  0.0000E+00	  0.0000E+00	  0.0000E+00	  0.0000E+00	  0.0000E+00
  0.0000E+00	  0.0000E+00	  0.0000E+00	  0.0000E+00	  0.0000E+00	  0.0000E+00	  0.0000E+00	  0.0000E+00	  0.0000E+00	  0.0000E+00	  0.0000E+00	  0.0000E+00	  0.0000E+00	  0.0000E+00	  0.0000E+00	  0.0000E+00	  0.0000E+00	  0.0000E+00	  0.0000E+00	  1.1943E-01	  1.3067E+00	  5.1787E+00	  8.7551E+00	  1.8239E+01	  4.6661E+01	  8.9932E+01	  1.3860E+02	  1.4367E+02	  1.5523E+02	  1.4833E+02	  1.5304E+02	  1.8354E+02	  1.8378E+02	  1.9781E+02	  2.2034E+02	  2.5047E+02	  2.9947E+02	  2.7537E+02	  2.6521E+02	  2.6065E+02	  2.7708E+02	  3.2801E+02	  3.2824E+02	  3.1414E+02	  2.8552E+02	  2.8727E+02	  2.8672E+02	  2.8916E+02	  2.9078E+02	  2.7819E+02	  2.6850E+02	  2.8036E+02	  3.0834E+02	  2.7865E+02	  2.6152E+02	  2.4473E+02	  2.1051E+02	  2.2120E+02	  2.5445E+02	  2.9193E+02	  2.7442E+02	  2.3618E+02	  1.9593E+02	  2.1443E+02	  2.0959E+02	  2.0259E+02	  2.0865E+02	  1.8585E+02	  1.8699E+02	  1.6567E+02	  1.4940E+02	  1.8164E+02	  1.8357E+02	  1.8863E+02	  1.9698E+02	  1.9041E+02	  1.8897E+02	  1.8542E+02	  1.7921E+02	  1.9872E+02	  2.0779E+02	  2.1545E+02	  1.9315E+02	  1.9378E+02	  2.1324E+02	  2.2582E+02	  2.3123E+02	  2.2269E+02	  2.3370E+02	  2.5785E+02	  2.3506E+02	  2.2319E+02	  2.0721E+02	  1.9860E+02	  2.0392E+02	  1.8561E+02	  1.6821E+02	  1.8324E+02	  1.5284E+02	  1.2659E+02	  1.0369E+02	  5.0917E+01	  1.9153E+01	  7.2066E+00	  1.2971E+00	  0.0000E+00	  0.0000E+00	  0.0000E+00	  0.0000E+00	  0.0000E+00	  0.0000E+00	  0.0000E+00	  0.0000E+00	  0.0000E+00	  0.0000E+00	  0.0000E+00	  0.0000E+00	  0.0000E+00	  0.0000E+00	  0.0000E+00	  0.0000E+00	  0.0000E+00	  0.0000E+00	  0.0000E+00	  0.0000E+00	  0.0000E+00	  0.0000E+00	  0.0000E+00
  0.0000E+00	  0.0000E+00	  0.0000E+00	  0.0000E+00	  0.0000E+00	  0.0000E+00	  0.0000E+00	  0.0000E+00	  0.0000E+00	  0.0000E+00	  0.0000E+00	  0.0000E+00	  0.0000E+00	  0.0000E+00	  0.0000E+00	  0.0000E+00	  0.0000E+00	  0.0000E+00	  0.0000E+00	  7.7983E-01	  2.9315E+00	  5.4793E+00	  1.3748E+01	  3.4027E+01	  6.6445E+01	  1.1887E+02	  1.4168E+02	  1.5398E+02	  1.8035E+02	  1.7080E+02	  1.7153E+02	  1.7169E+02	  1.6981E+02	  1.9245E+02	  2.0487E+02	  2.5191E+02	  2.5525E+02	  2.4723E+02	  2.5255E+02	  2.5929E+02	  2.8691E+02	  2.7946E+02	  2.9993E+02	  3.0732E+02	  2.7505E+02	  2.7331E+02	  2.8296E+02	  2.9176E+02	  2.7964E+02	  2.7909E+02	  2.4526E+02	  3.1508E+02	  3.2508E+02	  2.6529E+02	  2.3790E+02	  2.1208E+02	  1.9995E+02	  2.0312E+02	  2.1100E+02	  2.3636E+02	  2.1890E+02	  2.0893E+02	  1.8665E+02	  1.9190E+02	  2.0135E+02	  2.1012E+02	  1.9768E+02	  1.6402E+02	  1.6590E+02	  1.6062E+02	  1.5320E+02	  1.6755E+02	  1.9379E+02	  2.0992E+02	  2.2587E+02	  1.9619E+02	  1.9467E+02	  1.9059E+02	  2.0646E+02	  2.0446E+02	  2.3832E+02	  2.3855E+02	  2.0994E+02	  1.9420E+02	  2.2287E+02	  1.9792E+02	  1.9309E+02	  1.9839E+02	  1.8525E+02	  1.9179E+02	  2.0873E+02	  2.1078E+02	  1.8347E+02	  1.7889E+02	  1.7920E+02	  1.6219E+02	  1.7734E+02	  1.7153E+02	  1.4097E+02	  1.3670E+02	  9.9262E+01	  6.4776E+01	  2.6860E+01	  6.7467E+00	  8.0876E-01	  0.0000E+00	  0.0000E+00	  0.0000E+00	  0.0000E+00	  0.0000E+00	  0.0000E+00	  0.0000E+00	  0.0000E+00	  0.0000E+00	  0.0000E+00	  0.0000E+00	  0.0000E+00	  0.0000E+00	  0.0000E+00	  0.0000E+00	  0.0000E+00	  0.0000E+00	  0.0000E+00	  0.0000E+00	  0.0000E+00	  0.0000E+00	  0.0000E+00	  0.0000E+00
  0.0000E+00	  0.0000E+00	  0.0000E+00	  0.0000E+00	  0.0000E+00	  0.0000E+00	  0.0000E+00	  0.0000E+00	  0.0000E+00	  0.0000E+00	  0.0000E+00	  0.0000E+00	  0.0000E+00	  0.0000E+00	  0.0000E+00	  0.0000E+00	  0.0000E+00	  0.0000E+00	  4.8524E-02	  3.4522E+00	  5.6467E+00	  1.2502E+01	  1.9419E+01	  4.7079E+01	  9.1360E+01	  1.2745E+02	  1.5075E+02	  1.6475E+02	  1.7929E+02	  1.6942E+02	  1.5561E+02	  1.6533E+02	  1.6811E+02	  1.9417E+02	  2.1119E+02	  2.3272E+02	  2.1513E+02	  2.1137E+02	  2.5799E+02	  2.6115E+02	  2.5428E+02	  2.5284E+02	  2.4991E+02	  2.8925E+02	  2.5751E+02	  2.4472E+02	  2.6057E+02	  2.7695E+02	  2.5487E+02	  2.5110E+02	  2.4964E+02	  2.7715E+02	  2.9022E+02	  2.7215E+02	  2.4935E+02	  2.0431E+02	  1.7767E+02	  2.0364E+02	  2.1576E+02	  2.2348E+02	  1.9510E+02	  1.9340E+02	  1.7896E+02	  1.7498E+02	  1.8688E+02	  1.8996E+02	  1.8227E+02	  1.6395E+02	  1.6250E+02	  1.6110E+02	  1.7060E+02	  1.7234E+02	  1.9150E+02	  2.0618E+02	  2.1627E+02	  1.8996E+02	  2.0077E+02	  1.9909E+02	  1.8705E+02	  1.9211E+02	  2.0211E+02	  2.1535E+02	  2.0329E+02	  2.0572E+02	  2.1001E+02	  1.9925E+02	  1.6704E+02	  1.6542E+02	  1.7683E+02	  1.7810E+02	  1.9234E+02	  1.9415E+02	  1.7927E+02	  1.8897E+02	  1.8358E+02	  1.7391E+02	  1.7414E+02	  1.6733E+02	  1.5665E+02	  1.5254E+02	  9.6100E+01	  7.3224E+01	  3.0617E+01	  1.1669E+01	  4.0143E+00	  6.6332E-02	  0.0000E+00	  0.0000E+00	  0.0000E+00	  0.0000E+00	  0.0000E+00	  0.0000E+00	  0.0000E+00	  0.0000E+00	  0.0000E+00	  0.0000E+00	  0.0000E+00	  0.0000E+00	  0.0000E+00	  0.0000E+00	  0.0000E+00	  0.0000E+00	  0.0000E+00	  0.0000E+00	  0.0000E+00	  0.0000E+00	  0.0000E+00	  0.0000E+00
  0.0000E+00	  0.0000E+00	  0.0000E+00	  0.0000E+00	  0.0000E+00	  0.0000E+00	  0.0000E+00	  0.0000E+00	  0.0000E+00	  0.0000E+00	  0.0000E+00	  0.0000E+00	  0.0000E+00	  0.0000E+00	  0.0000E+00	  0.0000E+00	  0.0000E+00	  0.0000E+00	  9.3557E-03	  1.5540E+00	  4.4706E+00	  8.9415E+00	  2.6562E+01	  6.4587E+01	  1.1240E+02	  1.4594E+02	  1.5354E+02	  1.8308E+02	  1.8823E+02	  1.6072E+02	  1.5356E+02	  1.8268E+02	  1.7986E+02	  1.7949E+02	  2.0802E+02	  2.1986E+02	  2.1073E+02	  2.1144E+02	  2.2540E+02	  2.2383E+02	  2.1332E+02	  2.5154E+02	  2.6276E+02	  2.5064E+02	  2.3552E+02	  2.3936E+02	  2.4520E+02	  2.5596E+02	  2.4739E+02	  2.2686E+02	  2.4891E+02	  2.7420E+02	  2.7171E+02	  2.8521E+02	  2.4756E+02	  2.1083E+02	  1.8439E+02	  1.8782E+02	  2.1213E+02	  2.3179E+02	  2.1258E+02	  2.0469E+02	  2.0270E+02	  2.0027E+02	  1.7081E+02	  1.6720E+02	  1.8255E+02	  1.9642E+02	  1.8630E+02	  1.8088E+02	  1.8116E+02	  1.6764E+02	  1.7389E+02	  1.8509E+02	  1.8465E+02	  1.6180E+02	  1.8242E+02	  2.0408E+02	  1.9008E+02	  2.0322E+02	  2.3301E+02	  1.8827E+02	  1.7073E+02	  1.8591E+02	  1.9317E+02	  1.6092E+02	  1.5415E+02	  1.5909E+02	  2.0112E+02	  1.9281E+02	  1.6180E+02	  1.8650E+02	  1.9228E+02	  1.8549E+02	  1.7885E+02	  1.7593E+02	  1.6696E+02	  1.6456E+02	  1.5306E+02	  1.4852E+02	  1.0702E+02	  6.5599E+01	  3.9247E+01	  9.3567E+00	  3.1044E+00	  2.8808E-01	  0.0000E+00	  0.0000E+00	  0.0000E+00	  0.0000E+00	  0.0000E+00	  0.0000E+00	  0.0000E+00	  0.0000E+00	  0.0000E+00	  0.0000E+00	  0.0000E+00	  0.0000E+00	  0.0000E+00	  0.0000E+00	  0.0000E+00	  0.0000E+00	  0.0000E+00	  0.0000E+00	  0.0000E+00	  0.0000E+00	  0.0000E+00	  0.0000E+00
  0.0000E+00	  0.0000E+00	  0.0000E+00	  0.0000E+00	  0.0000E+00	  0.0000E+00	  0.0000E+00	  0.0000E+00	  0.0000E+00	  0.0000E+00	  0.0000E+00	  0.0000E+00	  0.0000E+00	  0.0000E+00	  0.0000E+00	  0.0000E+00	  0.0000E+00	  0.0000E+00	  0.0000E+00	  8.5086E-01	  5.0242E+00	  1.0453E+01	  3.4462E+01	  7.6056E+01	  1.3234E+02	  1.4485E+02	  1.5012E+02	  1.6995E+02	  1.8168E+02	  1.6808E+02	  1.5382E+02	  1.8513E+02	  1.7488E+02	  1.6819E+02	  1.8713E+02	  2.1653E+02	  2.2303E+02	  2.2185E+02	  2.2341E+02	  2.2977E+02	  2.3131E+02	  2.2240E+02	  2.4780E+02	  2.1918E+02	  2.2236E+02	  2.1772E+02	  2.0620E+02	  2.3509E+02	  2.5211E+02	  2.3056E+02	  2.6158E+02	  2.7275E+02	  2.4818E+02	  2.8155E+02	  2.4791E+02	  2.0877E+02	  1.8048E+02	  1.7996E+02	  2.0395E+02	  2.0742E+02	  2.1827E+02	  2.1852E+02	  2.1555E+02	  1.8761E+02	  1.5876E+02	  1.4623E+02	  1.6155E+02	  2.0979E+02	  1.8773E+02	  1.9716E+02	  1.9758E+02	  2.1431E+02	  1.9358E+02	  1.8943E+02	  1.9398E+02	  1.6713E+02	  1.7434E+02	  1.7666E+02	  1.8352E+02	  2.0397E+02	  2.0773E+02	  1.8677E+02	  1.9331E+02	  1.9027E+02	  1.7404E+02	  1.7901E+02	  1.6858E+02	  1.8265E+02	  1.8956E+02	  1.8516E+02	  1.7251E+02	  1.8690E+02	  1.8400E+02	  1.8629E+02	  2.1920E+02	  1.9339E+02	  1.8306E+02	  1.7835E+02	  1.4177E+02	  1.3828E+02	  1.1961E+02	  7.6210E+01	  3.0755E+01	  1.0453E+01	  1.1471E+00	  1.2388E-01	  0.0000E+00	  0.0000E+00	  0.0000E+00	  0.0000E+00	  0.0000E+00	  0.0000E+00	  0.0000E+00	  0.0000E+00	  0.0000E+00	  0.0000E+00	  0.0000E+00	  0.0000E+00	  0.0000E+00	  0.0000E+00	  0.0000E+00	  0.0000E+00	  0.0000E+00	  0.0000E+00	  0.0000E+00	  0.0000E+00	  0.0000E+00	  0.0000E+00
  0.0000E+00	  0.0000E+00	  0.0000E+00	  0.0000E+00	  0.0000E+00	  0.0000E+00	  0.0000E+00	  0.0000E+00	  0.0000E+00	  0.0000E+00	  0.0000E+00	  0.0000E+00	  0.0000E+00	  0.0000E+00	  0.0000E+00	  0.0000E+00	  0.0000E+00	  0.0000E+00	  0.0000E+00	  2.3135E+00	  9.0894E+00	  1.8430E+01	  4.1677E+01	  5.5668E+01	  1.0359E+02	  1.4117E+02	  1.6824E+02	  1.7891E+02	  1.8747E+02	  1.6194E+02	  1.7692E+02	  1.9738E+02	  1.8453E+02	  1.6256E+02	  1.8093E+02	  1.9857E+02	  2.2980E+02	  2.1629E+02	  2.1397E+02	  2.3664E+02	  2.0251E+02	  2.0606E+02	  2.1329E+02	  1.9053E+02	  1.8579E+02	  2.0636E+02	  2.0366E+02	  2.0368E+02	  2.1995E+02	  2.1104E+02	  2.3924E+02	  2.6312E+02	  2.4922E+02	  2.7510E+02	  2.3970E+02	  2.1213E+02	  1.8811E+02	  1.9925E+02	  2.2061E+02	  2.3129E+02	  2.5062E+02	  2.3516E+02	  2.1981E+02	  1.7172E+02	  1.4576E+02	  1.4115E+02	  1.7172E+02	  2.0736E+02	  2.0384E+02	  1.8334E+02	  1.7474E+02	  1.8515E+02	  1.8639E+02	  1.8581E+02	  1.8313E+02	  1.5819E+02	  1.3727E+02	  1.3889E+02	  1.4385E+02	  1.6595E+02	  1.6210E+02	  1.8031E+02	  1.8837E+02	  1.7234E+02	  1.6350E+02	  1.8465E+02	  1.9945E+02	  2.0001E+02	  2.0146E+02	  1.8303E+02	  1.6208E+02	  1.5906E+02	  1.6932E+02	  1.7030E+02	  1.8528E+02	  2.1541E+02	  2.2508E+02	  2.0372E+02	  1.4460E+02	  1.4550E+02	  1.3647E+02	  6.6445E+01	  2.5003E+01	  6.6155E+00	  9.2422E-01	  1.5752E-01	  0.0000E+00	  0.0000E+00	  0.0000E+00	  0.0000E+00	  0.0000E+00	  0.0000E+00	  0.0000E+00	  0.0000E+00	  0.0000E+00	  0.0000E+00	  0.0000E+00	  0.0000E+00	  0.0000E+00	  0.0000E+00	  0.0000E+00	  0.0000E+00	  0.0000E+00	  0.0000E+00	  0.0000E+00	  0.0000E+00	  0.0000E+00	  0.0000E+00
  0.0000E+00	  0.0000E+00	  0.0000E+00	  0.0000E+00	  0.0000E+00	  0.0000E+00	  0.0000E+00	  0.0000E+00	  0.0000E+00	  0.0000E+00	  0.0000E+00	  0.0000E+00	  0.0000E+00	  0.0000E+00	  0.0000E+00	  0.0000E+00	  0.0000E+00	  1.0015E+00	  4.6517E-01	  1.8576E+00	  7.3499E+00	  2.2846E+01	  3.9421E+01	  6.8421E+01	  9.0420E+01	  1.2442E+02	  1.6217E+02	  1.5683E+02	  1.6587E+02	  1.6092E+02	  1.6974E+02	  1.7583E+02	  1.7309E+02	  1.7092E+02	  1.8497E+02	  2.0323E+02	  2.3646E+02	  2.2293E+02	  1.9854E+02	  2.0875E+02	  2.0066E+02	  2.1828E+02	  1.9889E+02	  1.8883E+02	  1.9323E+02	  2.1400E+02	  2.3071E+02	  2.2848E+02	  2.1189E+02	  1.8595E+02	  2.1661E+02	  2.2164E+02	  2.4502E+02	  2.4989E+02	  2.0911E+02	  1.8703E+02	  1.6975E+02	  1.9500E+02	  2.3251E+02	  2.3846E+02	  2.2935E+02	  2.0626E+02	  1.9954E+02	  1.5402E+02	  1.4943E+02	  1.4744E+02	  1.7401E+02	  1.9226E+02	  1.9308E+02	  1.8415E+02	  1.7074E+02	  1.5626E+02	  1.6849E+02	  1.6376E+02	  1.5379E+02	  1.5074E+02	  1.2854E+02	  1.3766E+02	  1.3135E+02	  1.4688E+02	  1.5828E+02	  1.6161E+02	  1.7888E+02	  1.6651E+02	  1.6687E+02	  1.9281E+02	  2.3022E+02	  2.1969E+02	  2.0623E+02	  1.8754E+02	  1.7726E+02	  1.4827E+02	  1.6420E+02	  1.4144E+02	  1.5711E+02	  1.9516E+02	  2.1447E+02	  1.7833E+02	  1.4379E+02	  1.6198E+02	  1.4348E+02	  6.9338E+01	  2.4970E+01	  1.1112E+01	  1.3982E+00	  2.3776E-01	  0.0000E+00	  0.0000E+00	  0.0000E+00	  0.0000E+00	  0.0000E+00	  0.0000E+00	  0.0000E+00	  0.0000E+00	  0.0000E+00	  0.0000E+00	  0.0000E+00	  0.0000E+00	  0.0000E+00	  0.0000E+00	  0.0000E+00	  0.0000E+00	  0.0000E+00	  0.0000E+00	  0.0000E+00	  0.0000E+00	  0.0000E+00	  0.0000E+00
  0.0000E+00	  0.0000E+00	  0.0000E+00	  0.0000E+00	  0.0000E+00	  0.0000E+00	  0.0000E+00	  0.0000E+00	  0.0000E+00	  0.0000E+00	  0.0000E+00	  0.0000E+00	  0.0000E+00	  0.0000E+00	  0.0000E+00	  0.0000E+00	  1.5322E-01	  1.3883E+00	  1.9391E+00	  4.8541E+00	  9.6896E+00	  2.3763E+01	  4.8511E+01	  8.3116E+01	  8.6990E+01	  9.8754E+01	  1.3943E+02	  1.5867E+02	  1.4894E+02	  1.5620E+02	  1.5682E+02	  1.6969E+02	  1.7404E+02	  1.9838E+02	  1.8857E+02	  2.0450E+02	  1.9101E+02	  1.7153E+02	  1.8816E+02	  2.0178E+02	  2.0350E+02	  2.1095E+02	  1.9820E+02	  2.0002E+02	  2.0500E+02	  2.2305E+02	  2.3129E+02	  2.1390E+02	  2.0608E+02	  1.8441E+02	  1.6727E+02	  1.6478E+02	  2.0065E+02	  2.2339E+02	  2.0112E+02	  1.8318E+02	  1.5774E+02	  1.9258E+02	  2.2565E+02	  2.3064E+02	  2.3144E+02	  2.1718E+02	  1.9980E+02	  1.7782E+02	  1.5383E+02	  1.4718E+02	  1.5124E+02	  1.6544E+02	  1.8299E+02	  2.0113E+02	  1.6917E+02	  1.5511E+02	  1.6097E+02	  1.4433E+02	  1.3376E+02	  1.2951E+02	  1.2951E+02	  1.3145E+02	  1.5661E+02	  1.6076E+02	  1.6181E+02	  1.4964E+02	  1.6799E+02	  1.6835E+02	  1.9464E+02	  1.8807E+02	  2.0362E+02	  2.1693E+02	  1.8383E+02	  1.7402E+02	  1.6664E+02	  1.5515E+02	  1.5008E+02	  1.2698E+02	  1.5271E+02	  1.8585E+02	  2.0083E+02	  2.0987E+02	  1.5342E+02	  1.5101E+02	  1.2414E+02	  6.1912E+01	  2.2657E+01	  8.0267E+00	  1.8665E+00	  1.8487E-01	  0.0000E+00	  0.0000E+00	  0.0000E+00	  0.0000E+00	  0.0000E+00	  0.0000E+00	  0.0000E+00	  0.0000E+00	  0.0000E+00	  0.0000E+00	  0.0000E+00	  0.0000E+00	  0.0000E+00	  0.0000E+00	  0.0000E+00	  0.0000E+00	  0.0000E+00	  0.0000E+00	  0.0000E+00	  0.0000E+00	  0.0000E+00	  0.0000E+00
  0.0000E+00	  0.0000E+00	  0.0000E+00	  0.0000E+00	  0.0000E+00	  0.0000E+00	  0.0000E+00	  0.0000E+00	  0.0000E+00	  0.0000E+00	  0.0000E+00	  0.0000E+00	  0.0000E+00	  0.0000E+00	  0.0000E+00	  0.0000E+00	  1.7143E-01	  1.9025E+00	  5.9672E+00	  8.2039E+00	  1.5532E+01	  3.3125E+01	  4.6567E+01	  6.8748E+01	  8.3862E+01	  9.2218E+01	  1.2465E+02	  1.3251E+02	  1.4268E+02	  1.6324E+02	  1.6561E+02	  1.8416E+02	  2.0836E+02	  2.0769E+02	  1.9435E+02	  1.8615E+02	  1.6936E+02	  1.7475E+02	  1.6388E+02	  1.9671E+02	  2.2793E+02	  2.1525E+02	  2.0833E+02	  2.1363E+02	  2.2273E+02	  2.0660E+02	  2.2279E+02	  2.2069E+02	  2.2366E+02	  1.8728E+02	  1.6641E+02	  1.5838E+02	  1.5807E+02	  1.6840E+02	  1.6277E+02	  1.7113E+02	  1.5418E+02	  1.9061E+02	  2.1352E+02	  2.1171E+02	  2.1835E+02	  1.9477E+02	  1.9984E+02	  1.6598E+02	  1.5442E+02	  1.5569E+02	  1.5260E+02	  1.6159E+02	  1.8900E+02	  2.1658E+02	  1.7440E+02	  1.5341E+02	  1.2923E+02	  1.2944E+02	  1.2127E+02	  1.1650E+02	  1.2476E+02	  1.4094E+02	  1.7937E+02	  1.8250E+02	  1.7368E+02	  1.7059E+02	  1.8229E+02	  1.9495E+02	  2.1242E+02	  1.7602E+02	  1.7704E+02	  2.0728E+02	  1.7704E+02	  1.6870E+02	  1.7491E+02	  1.7357E+02	  1.3940E+02	  1.3360E+02	  1.4231E+02	  1.8308E+02	  1.7961E+02	  1.9060E+02	  1.6543E+02	  1.3483E+02	  9.4940E+01	  5.3630E+01	  2.1703E+01	  5.3232E+00	  1.1713E+00	  4.3409E-02	  0.0000E+00	  0.0000E+00	  0.0000E+00	  0.0000E+00	  0.0000E+00	  0.0000E+00	  0.0000E+00	  0.0000E+00	  0.0000E+00	  0.0000E+00	  0.0000E+00	  0.0000E+00	  0.0000E+00	  0.0000E+00	  0.0000E+00	  0.0000E+00	  0.0000E+00	  0.0000E+00	  0.0000E+00	  0.0000E+00	  0.0000E+00	  0.0000E+00
  0.0000E+00	  0.0000E+00	  0.0000E+00	  0.0000E+00	  0.0000E+00	  0.0000E+00	  0.0000E+00	  0.0000E+00	  0.0000E+00	  0.0000E+00	  0.0000E+00	  0.0000E+00	  0.0000E+00	  0.0000E+00	  3.6544E-01	  1.0298E+00	  2.9720E+00	  3.3594E+00	  2.3963E+00	  8.2318E+00	  1.3928E+01	  3.0452E+01	  5.9575E+01	  6.2675E+01	  8.9786E+01	  1.0159E+02	  1.2759E+02	  1.3648E+02	  1.4429E+02	  1.6566E+02	  1.6576E+02	  1.8335E+02	  1.7333E+02	  1.8531E+02	  1.8812E+02	  1.8445E+02	  1.8424E+02	  1.8025E+02	  1.7711E+02	  1.9637E+02	  2.3739E+02	  2.0815E+02	  2.1542E+02	  1.9548E+02	  2.1140E+02	  2.0299E+02	  2.0837E+02	  2.2443E+02	  2.1952E+02	  2.0302E+02	  1.8171E+02	  1.7126E+02	  1.5964E+02	  1.6237E+02	  1.4545E+02	  1.5920E+02	  1.6029E+02	  1.8122E+02	  1.8872E+02	  2.0200E+02	  1.8509E+02	  1.6455E+02	  1.7218E+02	  1.3942E+02	  1.5960E+02	  1.4801E+02	  1.4445E+02	  1.7269E+02	  1.8688E+02	  1.8116E+02	  1.5969E+02	  1.6189E+02	  1.3667E+02	  1.4092E+02	  1.1928E+02	  1.1430E+02	  1.2913E+02	  1.3744E+02	  1.7129E+02	  1.8372E+02	  1.6890E+02	  1.9002E+02	  1.7200E+02	  1.7332E+02	  1.9064E+02	  1.7650E+02	  1.6844E+02	  1.5757E+02	  1.4703E+02	  1.6026E+02	  1.8900E+02	  1.7801E+02	  1.5808E+02	  1.6139E+02	  1.5627E+02	  1.9301E+02	  1.9691E+02	  1.7228E+02	  1.5767E+02	  1.5613E+02	  1.1784E+02	  6.0887E+01	  2.6078E+01	  8.0698E+00	  1.5784E+00	  2.7744E+00	  1.8335E-02	  0.0000E+00	  0.0000E+00	  0.0000E+00	  0.0000E+00	  0.0000E+00	  0.0000E+00	  0.0000E+00	  0.0000E+00	  0.0000E+00	  0.0000E+00	  0.0000E+00	  0.0000E+00	  0.0000E+00	  0.0000E+00	  0.0000E+00	  0.0000E+00	  0.0000E+00	  0.0000E+00	  0.0000E+00	  0.0000E+00	  0.0000E+00
  0.0000E+00	  0.0000E+00	  0.0000E+00	  0.0000E+00	  0.0000E+00	  0.0000E+00	  0.0000E+00	  0.0000E+00	  0.0000E+00	  0.0000E+00	  0.0000E+00	  0.0000E+00	  0.0000E+00	  1.4329E-01	  6.8486E-01	  6.2169E-01	  2.3544E+00	  4.6954E+00	  3.9167E+00	  1.1433E+01	  1.9921E+01	  2.9704E+01	  4.6862E+01	  7.3893E+01	  1.1486E+02	  1.3699E+02	  1.4255E+02	  1.4827E+02	  1.5455E+02	  1.7302E+02	  1.6945E+02	  1.7806E+02	  1.7347E+02	  1.9016E+02	  1.9417E+02	  1.7915E+02	  1.7537E+02	  1.8782E+02	  2.0566E+02	  2.2378E+02	  2.1239E+02	  1.9834E+02	  1.9921E+02	  1.9729E+02	  1.9812E+02	  2.0183E+02	  2.2609E+02	  2.3727E+02	  2.1323E+02	  2.0953E+02	  1.9217E+02	  1.9212E+02	  1.6202E+02	  1.4627E+02	  1.5891E+02	  1.5053E+02	  1.6334E+02	  1.6058E+02	  1.6118E+02	  1.6535E+02	  1.7286E+02	  1.7160E+02	  1.5104E+02	  1.5040E+02	  1.4580E+02	  1.6745E+02	  1.2959E+02	  1.7064E+02	  1.8687E+02	  1.5868E+02	  1.5202E+02	  1.4253E+02	  1.4776E+02	  1.6158E+02	  1.4436E+02	  1.5075E+02	  1.4520E+02	  1.3525E+02	  1.7753E+02	  1.8601E+02	  1.6181E+02	  1.5382E+02	  1.3612E+02	  1.6667E+02	  1.8293E+02	  1.6111E+02	  1.4673E+02	  1.5104E+02	  1.4641E+02	  1.6689E+02	  1.8246E+02	  1.7530E+02	  2.1060E+02	  2.0783E+02	  1.8451E+02	  2.0070E+02	  2.2074E+02	  2.0525E+02	  1.9019E+02	  1.6381E+02	  1.2652E+02	  6.9604E+01	  2.8394E+01	  1.0793E+01	  1.5856E+00	  1.1020E+00	  3.7896E-03	  0.0000E+00	  0.0000E+00	  0.0000E+00	  0.0000E+00	  0.0000E+00	  0.0000E+00	  0.0000E+00	  0.0000E+00	  0.0000E+00	  0.0000E+00	  0.0000E+00	  0.0000E+00	  0.0000E+00	  0.0000E+00	  0.0000E+00	  0.0000E+00	  0.0000E+00	  0.0000E+00	  0.0000E+00	  0.0000E+00	  0.0000E+00
  0.0000E+00	  0.0000E+00	  0.0000E+00	  0.0000E+00	  0.0000E+00	  0.0000E+00	  0.0000E+00	  0.0000E+00	  0.0000E+00	  0.0000E+00	  0.0000E+00	  0.0000E+00	  0.0000E+00	  4.2910E-01	  1.3716E+00	  9.6200E-01	  1.8722E+00	  1.7902E+00	  2.9777E+00	  9.3542E+00	  1.5083E+01	  2.7320E+01	  5.8796E+01	  9.6771E+01	  1.3337E+02	  1.5818E+02	  1.6973E+02	  1.6722E+02	  1.8070E+02	  1.7700E+02	  1.8135E+02	  1.7455E+02	  1.5771E+02	  1.6639E+02	  1.7437E+02	  1.6976E+02	  1.7626E+02	  2.0862E+02	  1.8338E+02	  2.0780E+02	  2.0056E+02	  1.7714E+02	  1.6631E+02	  1.5899E+02	  1.6308E+02	  1.9056E+02	  2.0171E+02	  1.9204E+02	  1.9202E+02	  1.9185E+02	  1.6865E+02	  1.8856E+02	  1.7200E+02	  1.5839E+02	  1.5629E+02	  1.5106E+02	  1.3981E+02	  1.6216E+02	  1.5540E+02	  1.6648E+02	  1.4831E+02	  1.4485E+02	  1.5472E+02	  1.5552E+02	  1.5660E+02	  1.6914E+02	  1.4169E+02	  1.3625E+02	  1.5190E+02	  1.8119E+02	  1.6931E+02	  1.4774E+02	  1.4572E+02	  1.4335E+02	  1.5786E+02	  1.6513E+02	  1.6596E+02	  1.5041E+02	  1.7368E+02	  1.6330E+02	  1.2957E+02	  1.3735E+02	  1.3556E+02	  1.5716E+02	  1.4433E+02	  1.4221E+02	  1.4983E+02	  1.4258E+02	  1.4194E+02	  1.1509E+02	  1.2648E+02	  1.5654E+02	  2.1334E+02	  2.0846E+02	  1.8551E+02	  1.8765E+02	  2.1338E+02	  1.9799E+02	  1.7853E+02	  1.5785E+02	  1.3759E+02	  1.0675E+02	  5.1102E+01	  1.3651E+01	  3.7146E+00	  4.4470E-01	  0.0000E+00	  0.0000E+00	  0.0000E+00	  0.0000E+00	  0.0000E+00	  0.0000E+00	  0.0000E+00	  0.0000E+00	  0.0000E+00	  0.0000E+00	  0.0000E+00	  0.0000E+00	  0.0000E+00	  0.0000E+00	  0.0000E+00	  0.0000E+00	  0.0000E+00	  0.0000E+00	  0.0000E+00	  0.0000E+00	  0.0000E+00	  0.0000E+00
  0.0000E+00	  0.0000E+00	  0.0000E+00	  0.0000E+00	  0.0000E+00	  0.0000E+00	  0.0000E+00	  0.0000E+00	  0.0000E+00	  0.0000E+00	  0.0000E+00	  0.0000E+00	  0.0000E+00	  3.0323E-01	  3.5730E-01	  1.0801E-01	  1.7379E+00	  2.2052E+00	  1.9009E+00	  4.4733E+00	  1.3868E+01	  3.0103E+01	  6.8678E+01	  1.1988E+02	  1.5448E+02	  1.6675E+02	  1.6067E+02	  1.7222E+02	  1.6840E+02	  1.7379E+02	  1.7770E+02	  1.5294E+02	  1.4747E+02	  1.4399E+02	  1.5335E+02	  1.7098E+02	  1.8686E+02	  1.8960E+02	  1.7240E+02	  1.7347E+02	  1.6894E+02	  1.5416E+02	  1.6107E+02	  1.5234E+02	  1.4111E+02	  1.6050E+02	  1.7298E+02	  1.9558E+02	  1.8422E+02	  1.6065E+02	  1.5924E+02	  1.6731E+02	  1.8410E+02	  1.7108E+02	  1.4834E+02	  1.3322E+02	  1.4578E+02	  1.4985E+02	  1.2815E+02	  1.3419E+02	  1.4124E+02	  1.2035E+02	  1.3982E+02	  1.6665E+02	  1.6471E+02	  1.6197E+02	  1.6520E+02	  1.2348E+02	  1.4017E+02	  1.5295E+02	  1.5257E+02	  1.5357E+02	  1.3804E+02	  1.2561E+02	  1.5152E+02	  1.6564E+02	  1.5146E+02	  1.3369E+02	  1.5715E+02	  1.3259E+02	  1.2791E+02	  1.3870E+02	  1.5553E+02	  1.6309E+02	  1.4214E+02	  1.4843E+02	  1.5744E+02	  1.3678E+02	  1.0770E+02	  9.3746E+01	  1.1111E+02	  1.4082E+02	  1.7270E+02	  1.8221E+02	  1.6397E+02	  1.6224E+02	  1.6720E+02	  2.0507E+02	  2.1300E+02	  1.8463E+02	  1.4351E+02	  8.7896E+01	  4.8671E+01	  1.3767E+01	  1.4772E+00	  1.2386E-02	  0.0000E+00	  0.0000E+00	  0.0000E+00	  0.0000E+00	  0.0000E+00	  0.0000E+00	  0.0000E+00	  0.0000E+00	  0.0000E+00	  0.0000E+00	  0.0000E+00	  0.0000E+00	  0.0000E+00	  0.0000E+00	  0.0000E+00	  0.0000E+00	  0.0000E+00	  0.0000E+00	  0.0000E+00	  0.0000E+00	  0.0000E+00	  0.0000E+00
  0.0000E+00	  0.0000E+00	  0.0000E+00	  0.0000E+00	  0.0000E+00	  0.0000E+00	  0.0000E+00	  0.0000E+00	  0.0000E+00	  0.0000E+00	  0.0000E+00	  0.0000E+00	  0.0000E+00	  0.0000E+00	  0.0000E+00	  0.0000E+00	  7.3448E-01	  6.7219E-01	  7.1984E-01	  4.8609E+00	  1.6278E+01	  3.8382E+01	  7.5138E+01	  9.4663E+01	  1.2850E+02	  1.6201E+02	  1.5007E+02	  1.6013E+02	  1.7183E+02	  1.6154E+02	  1.6416E+02	  1.6112E+02	  1.3468E+02	  1.5201E+02	  1.5458E+02	  1.6160E+02	  1.7251E+02	  1.7535E+02	  1.9502E+02	  1.5880E+02	  1.4770E+02	  1.5125E+02	  1.6428E+02	  1.5484E+02	  1.5022E+02	  1.6124E+02	  1.5953E+02	  1.5670E+02	  1.5509E+02	  1.6580E+02	  1.5872E+02	  1.5663E+02	  1.5893E+02	  1.6243E+02	  1.5573E+02	  1.3582E+02	  1.2542E+02	  1.2378E+02	  1.1647E+02	  1.1954E+02	  1.3701E+02	  1.5587E+02	  1.6093E+02	  1.5228E+02	  1.7041E+02	  1.6009E+02	  1.5439E+02	  1.3778E+02	  1.4182E+02	  1.4145E+02	  1.3894E+02	  1.4072E+02	  1.2074E+02	  1.5882E+02	  1.5067E+02	  1.4999E+02	  1.4930E+02	  1.3058E+02	  1.3226E+02	  1.4078E+02	  1.3856E+02	  1.5562E+02	  1.4280E+02	  1.7623E+02	  1.6502E+02	  1.5150E+02	  1.6647E+02	  1.4076E+02	  1.2193E+02	  1.1821E+02	  1.2657E+02	  1.4022E+02	  1.5100E+02	  1.5076E+02	  1.2977E+02	  1.2799E+02	  1.4265E+02	  1.6064E+02	  1.9736E+02	  1.6590E+02	  1.2660E+02	  6.0928E+01	  3.0664E+01	  1.6630E+01	  4.3096E+00	  2.0069E+00	  8.7753E-01	  0.0000E+00	  0.0000E+00	  0.0000E+00	  0.0000E+00	  0.0000E+00	  0.0000E+00	  0.0000E+00	  0.0000E+00	  0.0000E+00	  0.0000E+00	  0.0000E+00	  0.0000E+00	  0.0000E+00	  0.0000E+00	  0.0000E+00	  0.0000E+00	  0.0000E+00	  0.0000E+00	  0.0000E+00	  0.0000E+00	  0.0000E+00
  0.0000E+00	  0.0000E+00	  0.0000E+00	  0.0000E+00	  0.0000E+00	  0.0000E+00	  0.0000E+00	  0.0000E+00	  0.0000E+00	  0.0000E+00	  0.0000E+00	  0.0000E+00	  0.0000E+00	  2.2753E-02	  3.8397E-01	  0.0000E+00	  1.2258E-01	  2.4270E-01	  9.9422E-01	  3.9069E+00	  1.1794E+01	  4.0583E+01	  7.3827E+01	  1.0198E+02	  1.3561E+02	  1.5728E+02	  1.7506E+02	  1.7497E+02	  1.7596E+02	  1.6436E+02	  1.4663E+02	  1.4818E+02	  1.4768E+02	  1.5245E+02	  1.7271E+02	  1.6440E+02	  1.5980E+02	  1.6089E+02	  1.6468E+02	  1.5708E+02	  1.4566E+02	  1.6270E+02	  1.4755E+02	  1.5050E+02	  1.6600E+02	  1.5640E+02	  1.5278E+02	  1.4370E+02	  1.3029E+02	  1.3126E+02	  1.3800E+02	  1.3961E+02	  1.1569E+02	  1.4243E+02	  1.5301E+02	  1.4067E+02	  1.1711E+02	  1.0645E+02	  1.1144E+02	  1.3975E+02	  1.3515E+02	  1.5672E+02	  1.4362E+02	  1.4064E+02	  1.4280E+02	  1.2505E+02	  1.2293E+02	  1.2208E+02	  1.3047E+02	  1.2606E+02	  1.3613E+02	  1.3744E+02	  1.1717E+02	  1.4559E+02	  1.5310E+02	  1.4400E+02	  1.3212E+02	  1.2678E+02	  1.1553E+02	  1.3170E+02	  1.3494E+02	  1.2887E+02	  1.3612E+02	  1.4507E+02	  1.3352E+02	  1.5708E+02	  1.7290E+02	  1.4177E+02	  1.3974E+02	  1.4242E+02	  1.4305E+02	  1.4476E+02	  1.3443E+02	  1.1872E+02	  1.2537E+02	  1.3721E+02	  1.2853E+02	  1.3859E+02	  1.7135E+02	  1.5805E+02	  1.1013E+02	  5.9622E+01	  3.0304E+01	  1.5550E+01	  1.9379E+00	  6.1895E-01	  1.7653E-01	  0.0000E+00	  0.0000E+00	  0.0000E+00	  0.0000E+00	  0.0000E+00	  0.0000E+00	  0.0000E+00	  0.0000E+00	  0.0000E+00	  0.0000E+00	  0.0000E+00	  0.0000E+00	  0.0000E+00	  0.0000E+00	  0.0000E+00	  0.0000E+00	  0.0000E+00	  0.0000E+00	  0.0000E+00	  0.0000E+00	  0.0000E+00
  0.0000E+00	  0.0000E+00	  0.0000E+00	  0.0000E+00	  0.0000E+00	  0.0000E+00	  0.0000E+00	  0.0000E+00	  0.0000E+00	  0.0000E+00	  0.0000E+00	  0.0000E+00	  0.0000E+00	  3.3144E-02	  5.5931E-01	  0.0000E+00	  0.0000E+00	  4.8243E-01	  1.2586E+00	  2.4941E+00	  5.7638E+00	  2.0007E+01	  6.1682E+01	  8.2266E+01	  1.0848E+02	  1.5682E+02	  1.7498E+02	  1.8580E+02	  1.8091E+02	  1.8516E+02	  1.5380E+02	  1.4383E+02	  1.4562E+02	  1.5374E+02	  1.7180E+02	  1.7125E+02	  1.6048E+02	  1.5829E+02	  1.5188E+02	  1.3692E+02	  1.1896E+02	  1.4224E+02	  1.4200E+02	  1.4672E+02	  1.5920E+02	  1.3687E+02	  1.2707E+02	  1.3259E+02	  1.3338E+02	  1.3759E+02	  1.4640E+02	  1.2561E+02	  1.1282E+02	  1.3208E+02	  1.3664E+02	  1.1965E+02	  1.0989E+02	  1.1559E+02	  1.6304E+02	  1.5383E+02	  1.5105E+02	  1.5610E+02	  1.2653E+02	  1.2558E+02	  1.1849E+02	  1.0056E+02	  8.8927E+01	  1.1790E+02	  1.3549E+02	  1.3389E+02	  1.2961E+02	  1.2935E+02	  1.1795E+02	  1.3045E+02	  1.2609E+02	  1.3823E+02	  1.3499E+02	  1.2057E+02	  1.2432E+02	  1.3026E+02	  1.2700E+02	  1.1281E+02	  1.3843E+02	  1.5098E+02	  1.3958E+02	  1.4104E+02	  1.3908E+02	  1.6587E+02	  1.4959E+02	  1.5337E+02	  1.6265E+02	  1.6505E+02	  1.5329E+02	  1.1941E+02	  1.3159E+02	  1.3128E+02	  1.4686E+02	  1.3842E+02	  1.5132E+02	  1.3833E+02	  1.0783E+02	  6.5915E+01	  2.6389E+01	  9.8263E+00	  7.9694E-01	  0.0000E+00	  0.0000E+00	  0.0000E+00	  0.0000E+00	  0.0000E+00	  0.0000E+00	  0.0000E+00	  0.0000E+00	  0.0000E+00	  0.0000E+00	  0.0000E+00	  0.0000E+00	  0.0000E+00	  0.0000E+00	  0.0000E+00	  0.0000E+00	  0.0000E+00	  0.0000E+00	  0.0000E+00	  0.0000E+00	  0.0000E+00	  0.0000E+00	  0.0000E+00
  0.0000E+00	  0.0000E+00	  0.0000E+00	  0.0000E+00	  0.0000E+00	  0.0000E+00	  0.0000E+00	  0.0000E+00	  0.0000E+00	  0.0000E+00	  0.0000E+00	  0.0000E+00	  0.0000E+00	  0.0000E+00	  0.0000E+00	  0.0000E+00	  0.0000E+00	  2.8228E-01	  5.9146E-01	  7.3601E-01	  1.4556E+00	  1.1580E+01	  4.6791E+01	  7.3256E+01	  1.1233E+02	  1.5054E+02	  1.7982E+02	  1.9081E+02	  1.9452E+02	  2.0007E+02	  1.6041E+02	  1.4950E+02	  1.6519E+02	  1.5801E+02	  1.6271E+02	  1.7054E+02	  1.4760E+02	  1.2081E+02	  1.1872E+02	  1.1285E+02	  1.2221E+02	  1.3784E+02	  1.5199E+02	  1.4134E+02	  1.4578E+02	  1.4285E+02	  1.2474E+02	  1.2613E+02	  1.4388E+02	  1.2448E+02	  1.4746E+02	  1.4475E+02	  1.2202E+02	  1.2545E+02	  1.0912E+02	  1.1953E+02	  1.0801E+02	  1.0497E+02	  1.4810E+02	  1.3748E+02	  1.2035E+02	  1.4580E+02	  1.0931E+02	  1.0621E+02	  8.7289E+01	  9.2600E+01	  9.6159E+01	  1.2486E+02	  1.3567E+02	  1.3086E+02	  1.4068E+02	  1.2982E+02	  1.2944E+02	  1.1305E+02	  1.0771E+02	  1.2532E+02	  1.3257E+02	  1.3048E+02	  1.2783E+02	  1.1603E+02	  1.1006E+02	  1.0824E+02	  1.3159E+02	  1.4096E+02	  1.3353E+02	  1.5113E+02	  1.3371E+02	  1.7129E+02	  1.9391E+02	  1.7041E+02	  1.6676E+02	  1.6562E+02	  1.3611E+02	  1.2844E+02	  1.4067E+02	  1.4475E+02	  1.5947E+02	  1.4119E+02	  1.6508E+02	  1.4041E+02	  1.2224E+02	  6.6245E+01	  2.6370E+01	  6.3391E+00	  9.9584E-01	  0.0000E+00	  0.0000E+00	  0.0000E+00	  0.0000E+00	  0.0000E+00	  0.0000E+00	  0.0000E+00	  0.0000E+00	  0.0000E+00	  0.0000E+00	  0.0000E+00	  0.0000E+00	  0.0000E+00	  0.0000E+00	  0.0000E+00	  0.0000E+00	  0.0000E+00	  0.0000E+00	  0.0000E+00	  0.0000E+00	  0.0000E+00	  0.0000E+00	  0.0000E+00
  0.0000E+00	  0.0000E+00	  0.0000E+00	  0.0000E+00	  0.0000E+00	  0.0000E+00	  0.0000E+00	  0.0000E+00	  0.0000E+00	  0.0000E+00	  0.0000E+00	  0.0000E+00	  0.0000E+00	  0.0000E+00	  2.5589E-01	  1.6140E-01	  1.6542E-02	  2.1526E-01	  9.1240E-01	  6.2966E-01	  1.1217E+00	  7.9426E+00	  3.6794E+01	  7.5380E+01	  9.9688E+01	  1.1348E+02	  1.3202E+02	  1.7530E+02	  1.9301E+02	  1.9094E+02	  1.6861E+02	  1.7939E+02	  1.7572E+02	  1.6394E+02	  1.6729E+02	  1.6751E+02	  1.5247E+02	  1.2843E+02	  1.2685E+02	  1.1597E+02	  1.0774E+02	  1.1217E+02	  1.2716E+02	  1.2751E+02	  1.2345E+02	  1.2988E+02	  1.3500E+02	  1.3687E+02	  1.4290E+02	  1.3264E+02	  1.5254E+02	  1.7671E+02	  1.5800E+02	  1.4360E+02	  1.2932E+02	  1.2316E+02	  1.1970E+02	  1.2146E+02	  1.3144E+02	  1.2413E+02	  9.9633E+01	  1.1014E+02	  1.1060E+02	  9.4968E+01	  9.7602E+01	  9.0439E+01	  8.2455E+01	  1.1561E+02	  1.3023E+02	  1.3994E+02	  1.4894E+02	  1.4477E+02	  1.3725E+02	  1.1954E+02	  1.1656E+02	  1.0478E+02	  1.2233E+02	  1.2569E+02	  1.0791E+02	  1.1442E+02	  1.2537E+02	  1.0864E+02	  1.0518E+02	  1.1713E+02	  1.0814E+02	  1.2538E+02	  1.3258E+02	  1.6543E+02	  1.7695E+02	  1.6217E+02	  1.5183E+02	  1.5423E+02	  1.5143E+02	  1.5023E+02	  1.5236E+02	  1.6626E+02	  1.6912E+02	  1.7302E+02	  1.6471E+02	  1.4775E+02	  9.2060E+01	  5.3375E+01	  2.6959E+01	  5.0936E+00	  6.1061E-01	  0.0000E+00	  0.0000E+00	  0.0000E+00	  0.0000E+00	  0.0000E+00	  0.0000E+00	  0.0000E+00	  0.0000E+00	  0.0000E+00	  0.0000E+00	  0.0000E+00	  0.0000E+00	  0.0000E+00	  0.0000E+00	  0.0000E+00	  0.0000E+00	  0.0000E+00	  0.0000E+00	  0.0000E+00	  0.0000E+00	  0.0000E+00	  0.0000E+00	  0.0000E+00
  0.0000E+00	  0.0000E+00	  0.0000E+00	  0.0000E+00	  0.0000E+00	  0.0000E+00	  0.0000E+00	  0.0000E+00	  0.0000E+00	  0.0000E+00	  0.0000E+00	  0.0000E+00	  0.0000E+00	  0.0000E+00	  9.1563E-01	  1.0141E+00	  8.1143E-01	  1.7782E-01	  2.8411E-01	  1.0110E+00	  1.9619E+00	  4.1095E+00	  2.0106E+01	  4.7082E+01	  6.7224E+01	  9.1221E+01	  1.0055E+02	  1.3274E+02	  1.5894E+02	  1.7185E+02	  1.6432E+02	  1.6547E+02	  1.5748E+02	  1.7737E+02	  1.7058E+02	  1.8184E+02	  1.8253E+02	  1.5900E+02	  1.4041E+02	  1.1437E+02	  1.1562E+02	  1.2858E+02	  1.3458E+02	  1.4672E+02	  1.3503E+02	  1.5029E+02	  1.3576E+02	  1.5497E+02	  1.2832E+02	  1.2474E+02	  1.3507E+02	  1.6695E+02	  1.7074E+02	  1.6183E+02	  1.3437E+02	  1.2935E+02	  1.3179E+02	  1.4001E+02	  1.2369E+02	  1.1374E+02	  8.9157E+01	  9.1423E+01	  9.9121E+01	  9.0480E+01	  8.5719E+01	  7.7928E+01	  8.2470E+01	  8.4035E+01	  1.0947E+02	  1.2753E+02	  1.6239E+02	  1.5093E+02	  1.3803E+02	  1.2611E+02	  9.9829E+01	  1.0277E+02	  1.1201E+02	  1.0652E+02	  1.0024E+02	  1.1586E+02	  1.1245E+02	  1.0519E+02	  7.7652E+01	  8.3479E+01	  9.9734E+01	  1.1959E+02	  1.2477E+02	  1.2463E+02	  1.3079E+02	  1.5399E+02	  1.4512E+02	  1.5035E+02	  1.5735E+02	  1.6696E+02	  1.8410E+02	  1.6551E+02	  1.4253E+02	  1.3173E+02	  1.3142E+02	  1.1875E+02	  6.7680E+01	  4.7671E+01	  2.5620E+01	  7.8761E+00	  2.2533E+00	  0.0000E+00	  0.0000E+00	  0.0000E+00	  0.0000E+00	  0.0000E+00	  0.0000E+00	  0.0000E+00	  0.0000E+00	  0.0000E+00	  0.0000E+00	  0.0000E+00	  0.0000E+00	  0.0000E+00	  0.0000E+00	  0.0000E+00	  0.0000E+00	  0.0000E+00	  0.0000E+00	  0.0000E+00	  0.0000E+00	  0.0000E+00	  0.0000E+00	  0.0000E+00
  0.0000E+00	  0.0000E+00	  0.0000E+00	  0.0000E+00	  0.0000E+00	  0.0000E+00	  0.0000E+00	  0.0000E+00	  0.0000E+00	  0.0000E+00	  0.0000E+00	  0.0000E+00	  0.0000E+00	  0.0000E+00	  0.0000E+00	  0.0000E+00	  5.0148E-01	  2.3654E-01	  0.0000E+00	  3.8626E-02	  4.4084E-01	  1.7672E+00	  9.8947E+00	  2.1238E+01	  4.3430E+01	  6.6616E+01	  8.6792E+01	  1.0205E+02	  1.2691E+02	  1.4772E+02	  1.3603E+02	  1.3214E+02	  1.5181E+02	  1.6584E+02	  1.7394E+02	  1.9426E+02	  2.0563E+02	  1.8756E+02	  1.4300E+02	  1.1634E+02	  1.2313E+02	  1.3026E+02	  1.1250E+02	  1.2670E+02	  1.5765E+02	  1.3671E+02	  1.2980E+02	  1.3163E+02	  1.1951E+02	  1.1628E+02	  1.3330E+02	  1.4200E+02	  1.7043E+02	  1.6749E+02	  1.2518E+02	  1.2753E+02	  1.2040E+02	  1.3160E+02	  1.1737E+02	  9.9430E+01	  9.0719E+01	  8.7023E+01	  7.9841E+01	  7.9331E+01	  8.6601E+01	  7.8582E+01	  7.8751E+01	  8.4513E+01	  1.1144E+02	  1.0624E+02	  1.2844E+02	  1.1338E+02	  1.1397E+02	  9.9420E+01	  1.0611E+02	  1.1841E+02	  1.0768E+02	  8.1417E+01	  8.9776E+01	  1.0233E+02	  1.0987E+02	  9.9025E+01	  9.0406E+01	  1.0289E+02	  1.1266E+02	  1.1211E+02	  1.0832E+02	  1.1677E+02	  9.1602E+01	  1.1225E+02	  1.1047E+02	  1.3943E+02	  1.5734E+02	  1.4315E+02	  1.5845E+02	  1.4634E+02	  1.5529E+02	  1.2624E+02	  1.1896E+02	  9.9195E+01	  4.7599E+01	  2.8661E+01	  1.2847E+01	  3.2244E+00	  1.1367E+00	  0.0000E+00	  0.0000E+00	  0.0000E+00	  0.0000E+00	  0.0000E+00	  0.0000E+00	  0.0000E+00	  0.0000E+00	  0.0000E+00	  0.0000E+00	  0.0000E+00	  0.0000E+00	  0.0000E+00	  0.0000E+00	  0.0000E+00	  0.0000E+00	  0.0000E+00	  0.0000E+00	  0.0000E+00	  0.0000E+00	  0.0000E+00	  0.0000E+00	  0.0000E+00
  0.0000E+00	  0.0000E+00	  0.0000E+00	  0.0000E+00	  0.0000E+00	  0.0000E+00	  0.0000E+00	  0.0000E+00	  0.0000E+00	  0.0000E+00	  0.0000E+00	  0.0000E+00	  0.0000E+00	  0.0000E+00	  0.0000E+00	  0.0000E+00	  0.0000E+00	  0.0000E+00	  0.0000E+00	  0.0000E+00	  0.0000E+00	  6.4440E-01	  5.9971E+00	  9.6535E+00	  2.6240E+01	  4.5815E+01	  6.4808E+01	  8.2130E+01	  1.1861E+02	  1.3736E+02	  1.1604E+02	  1.1662E+02	  1.3865E+02	  1.5226E+02	  1.6576E+02	  1.8306E+02	  2.2463E+02	  1.6205E+02	  1.4698E+02	  1.2252E+02	  1.0957E+02	  1.1274E+02	  1.0512E+02	  1.1198E+02	  1.4677E+02	  1.2893E+02	  1.4266E+02	  1.2431E+02	  1.1781E+02	  1.1226E+02	  1.1995E+02	  1.2918E+02	  1.1465E+02	  1.0915E+02	  9.5236E+01	  1.1229E+02	  1.2139E+02	  1.2662E+02	  1.0305E+02	  9.4635E+01	  7.3944E+01	  8.5461E+01	  9.8362E+01	  9.5278E+01	  9.1654E+01	  9.8191E+01	  9.3745E+01	  8.7827E+01	  1.1478E+02	  1.2224E+02	  1.0546E+02	  8.4755E+01	  1.0206E+02	  1.0194E+02	  1.1931E+02	  1.1059E+02	  1.0337E+02	  9.8333E+01	  9.2083E+01	  8.7434E+01	  8.9692E+01	  8.9150E+01	  1.0597E+02	  1.0869E+02	  9.6649E+01	  1.1673E+02	  1.1868E+02	  1.0969E+02	  8.7356E+01	  8.8298E+01	  9.4830E+01	  1.3748E+02	  1.3375E+02	  1.3980E+02	  1.4823E+02	  1.4685E+02	  1.2045E+02	  1.1779E+02	  9.8264E+01	  7.9549E+01	  4.1267E+01	  2.2233E+01	  7.2564E+00	  2.3430E+00	  4.2961E-01	  0.0000E+00	  0.0000E+00	  0.0000E+00	  0.0000E+00	  0.0000E+00	  0.0000E+00	  0.0000E+00	  0.0000E+00	  0.0000E+00	  0.0000E+00	  0.0000E+00	  0.0000E+00	  0.0000E+00	  0.0000E+00	  0.0000E+00	  0.0000E+00	  0.0000E+00	  0.0000E+00	  0.0000E+00	  0.0000E+00	  0.0000E+00	  0.0000E+00	  0.0000E+00
  0.0000E+00	  0.0000E+00	  0.0000E+00	  0.0000E+00	  0.0000E+00	  0.0000E+00	  0.0000E+00	  0.0000E+00	  0.0000E+00	  0.0000E+00	  0.0000E+00	  0.0000E+00	  0.0000E+00	  0.0000E+00	  0.0000E+00	  0.0000E+00	  0.0000E+00	  0.0000E+00	  0.0000E+00	  0.0000E+00	  0.0000E+00	  2.2337E-02	  1.1309E+00	  2.9116E+00	  8.0323E+00	  2.1340E+01	  3.8228E+01	  7.2956E+01	  9.2674E+01	  1.0882E+02	  1.0147E+02	  1.0967E+02	  1.2426E+02	  1.4952E+02	  1.6161E+02	  1.8319E+02	  1.9994E+02	  1.5206E+02	  1.3636E+02	  1.2755E+02	  1.1791E+02	  1.1875E+02	  1.2442E+02	  1.3990E+02	  1.4295E+02	  1.3626E+02	  1.3428E+02	  1.1844E+02	  1.1116E+02	  9.7331E+01	  1.0823E+02	  1.0725E+02	  1.0335E+02	  8.5084E+01	  8.5947E+01	  9.1165E+01	  1.0633E+02	  1.1038E+02	  9.6550E+01	  8.5674E+01	  6.2426E+01	  8.5891E+01	  1.0468E+02	  1.1020E+02	  1.0412E+02	  1.0176E+02	  1.2205E+02	  1.1087E+02	  1.1965E+02	  1.1102E+02	  1.0288E+02	  8.2755E+01	  8.2912E+01	  8.4381E+01	  1.0500E+02	  9.9974E+01	  9.5461E+01	  1.0346E+02	  8.6600E+01	  8.5785E+01	  6.9254E+01	  8.6964E+01	  1.0250E+02	  1.1168E+02	  1.0522E+02	  1.1590E+02	  1.1343E+02	  1.0696E+02	  9.8424E+01	  9.1639E+01	  1.1191E+02	  1.1520E+02	  1.1281E+02	  1.4129E+02	  1.5712E+02	  1.3871E+02	  1.0761E+02	  9.2187E+01	  8.3209E+01	  6.4482E+01	  3.7580E+01	  1.6443E+01	  3.7144E+00	  6.9306E-01	  0.0000E+00	  0.0000E+00	  0.0000E+00	  0.0000E+00	  0.0000E+00	  0.0000E+00	  0.0000E+00	  0.0000E+00	  0.0000E+00	  0.0000E+00	  0.0000E+00	  0.0000E+00	  0.0000E+00	  0.0000E+00	  0.0000E+00	  0.0000E+00	  0.0000E+00	  0.0000E+00	  0.0000E+00	  0.0000E+00	  0.0000E+00	  0.0000E+00	  0.0000E+00	  0.0000E+00
  0.0000E+00	  0.0000E+00	  0.0000E+00	  0.0000E+00	  0.0000E+00	  0.0000E+00	  0.0000E+00	  0.0000E+00	  0.0000E+00	  0.0000E+00	  0.0000E+00	  0.0000E+00	  0.0000E+00	  0.0000E+00	  0.0000E+00	  0.0000E+00	  0.0000E+00	  0.0000E+00	  0.0000E+00	  0.0000E+00	  0.0000E+00	  1.6117E-01	  1.8620E+00	  1.3025E+00	  3.3758E+00	  7.2283E+00	  2.0501E+01	  4.9766E+01	  7.2589E+01	  8.5875E+01	  9.3123E+01	  1.1145E+02	  1.3950E+02	  1.4096E+02	  1.6296E+02	  1.9193E+02	  1.8634E+02	  1.3563E+02	  1.2234E+02	  1.4041E+02	  1.4256E+02	  1.2675E+02	  1.2750E+02	  1.4107E+02	  1.4537E+02	  1.2356E+02	  1.3683E+02	  1.1898E+02	  9.9432E+01	  9.5997E+01	  1.1167E+02	  1.0338E+02	  9.9921E+01	  8.3387E+01	  7.9560E+01	  9.8926E+01	  1.0650E+02	  1.0103E+02	  9.1343E+01	  9.2000E+01	  7.0370E+01	  8.9169E+01	  9.7089E+01	  9.7598E+01	  1.0363E+02	  1.1074E+02	  1.1908E+02	  1.1858E+02	  1.0759E+02	  9.4298E+01	  8.5203E+01	  9.1104E+01	  9.5478E+01	  9.0257E+01	  1.0522E+02	  8.8617E+01	  7.9536E+01	  8.3102E+01	  8.8362E+01	  8.6763E+01	  9.0652E+01	  9.6354E+01	  1.0455E+02	  1.1043E+02	  1.0120E+02	  1.1063E+02	  1.0208E+02	  1.2505E+02	  1.0264E+02	  8.2525E+01	  1.0388E+02	  1.0945E+02	  1.2179E+02	  1.4821E+02	  1.4334E+02	  1.2349E+02	  9.2789E+01	  6.6579E+01	  6.0355E+01	  3.6102E+01	  1.9365E+01	  1.1363E+01	  5.2110E+00	  3.9238E-01	  0.0000E+00	  0.0000E+00	  0.0000E+00	  0.0000E+00	  0.0000E+00	  0.0000E+00	  0.0000E+00	  0.0000E+00	  0.0000E+00	  0.0000E+00	  0.0000E+00	  0.0000E+00	  0.0000E+00	  0.0000E+00	  0.0000E+00	  0.0000E+00	  0.0000E+00	  0.0000E+00	  0.0000E+00	  0.0000E+00	  0.0000E+00	  0.0000E+00	  0.0000E+00	  0.0000E+00
  0.0000E+00	  0.0000E+00	  0.0000E+00	  0.0000E+00	  0.0000E+00	  0.0000E+00	  0.0000E+00	  0.0000E+00	  0.0000E+00	  0.0000E+00	  0.0000E+00	  0.0000E+00	  0.0000E+00	  0.0000E+00	  0.0000E+00	  0.0000E+00	  0.0000E+00	  0.0000E+00	  0.0000E+00	  0.0000E+00	  0.0000E+00	  3.6257E-02	  5.3702E-01	  3.1335E+00	  2.2282E+00	  3.4983E+00	  8.3304E+00	  1.8620E+01	  3.9523E+01	  4.6155E+01	  6.5994E+01	  8.5374E+01	  1.2002E+02	  1.0892E+02	  1.4073E+02	  1.5492E+02	  1.6728E+02	  1.5411E+02	  1.3436E+02	  1.4563E+02	  1.4056E+02	  1.3933E+02	  1.3004E+02	  1.3485E+02	  1.2855E+02	  1.0063E+02	  9.9679E+01	  1.0988E+02	  9.8438E+01	  1.0412E+02	  1.2233E+02	  9.8308E+01	  1.1090E+02	  8.6920E+01	  7.8608E+01	  1.1076E+02	  1.2442E+02	  1.0555E+02	  8.7575E+01	  8.9817E+01	  9.8144E+01	  1.0261E+02	  9.4935E+01	  1.0033E+02	  1.0132E+02	  9.7737E+01	  1.1402E+02	  1.0199E+02	  8.5774E+01	  9.8791E+01	  1.1285E+02	  1.1581E+02	  1.0324E+02	  8.9620E+01	  8.0944E+01	  9.3992E+01	  9.7179E+01	  1.0476E+02	  1.0955E+02	  9.6150E+01	  9.3180E+01	  9.8782E+01	  1.0333E+02	  1.0855E+02	  1.0186E+02	  1.1274E+02	  1.1385E+02	  1.1964E+02	  1.0899E+02	  1.0758E+02	  1.1646E+02	  1.0573E+02	  1.3320E+02	  1.7948E+02	  1.5564E+02	  1.2950E+02	  8.0294E+01	  5.8297E+01	  4.0051E+01	  2.5157E+01	  9.6633E+00	  5.6211E+00	  2.4389E+00	  2.9110E-01	  0.0000E+00	  0.0000E+00	  0.0000E+00	  0.0000E+00	  0.0000E+00	  0.0000E+00	  0.0000E+00	  0.0000E+00	  0.0000E+00	  0.0000E+00	  0.0000E+00	  0.0000E+00	  0.0000E+00	  0.0000E+00	  0.0000E+00	  0.0000E+00	  0.0000E+00	  0.0000E+00	  0.0000E+00	  0.0000E+00	  0.0000E+00	  0.0000E+00	  0.0000E+00	  0.0000E+00
  0.0000E+00	  0.0000E+00	  0.0000E+00	  0.0000E+00	  0.0000E+00	  0.0000E+00	  0.0000E+00	  0.0000E+00	  0.0000E+00	  0.0000E+00	  0.0000E+00	  0.0000E+00	  0.0000E+00	  0.0000E+00	  0.0000E+00	  0.0000E+00	  0.0000E+00	  0.0000E+00	  0.0000E+00	  0.0000E+00	  0.0000E+00	  0.0000E+00	  3.1224E-02	  2.5741E-01	  6.2367E-01	  1.6598E+00	  5.0744E+00	  9.9771E+00	  2.2269E+01	  3.4795E+01	  4.9295E+01	  5.1856E+01	  9.3348E+01	  1.0331E+02	  1.1999E+02	  1.2993E+02	  1.4810E+02	  1.4466E+02	  1.4460E+02	  1.4722E+02	  1.4753E+02	  1.4920E+02	  1.5005E+02	  1.4814E+02	  1.2343E+02	  1.0124E+02	  1.0294E+02	  1.0264E+02	  9.0738E+01	  8.9563E+01	  1.0497E+02	  9.2881E+01	  1.0215E+02	  1.0294E+02	  1.0832E+02	  1.2461E+02	  1.2652E+02	  1.1109E+02	  8.8510E+01	  8.8516E+01	  1.0918E+02	  9.8523E+01	  8.3029E+01	  1.0207E+02	  9.7270E+01	  8.8631E+01	  9.9349E+01	  9.0547E+01	  8.7252E+01	  9.1449E+01	  9.1392E+01	  1.0679E+02	  1.0276E+02	  8.3503E+01	  8.3540E+01	  8.6513E+01	  1.0843E+02	  1.1145E+02	  1.1866E+02	  9.9499E+01	  9.5576E+01	  9.7841E+01	  9.1378E+01	  1.0192E+02	  9.7110E+01	  1.0915E+02	  1.1844E+02	  1.0851E+02	  1.0124E+02	  1.0425E+02	  9.8530E+01	  9.0037E+01	  1.1416E+02	  1.6276E+02	  1.5929E+02	  1.2771E+02	  7.1055E+01	  4.7678E+01	  3.0222E+01	  1.5681E+01	  4.7511E+00	  3.6599E+00	  1.0451E+00	  0.0000E+00	  0.0000E+00	  0.0000E+00	  0.0000E+00	  0.0000E+00	  0.0000E+00	  0.0000E+00	  0.0000E+00	  0.0000E+00	  0.0000E+00	  0.0000E+00	  0.0000E+00	  0.0000E+00	  0.0000E+00	  0.0000E+00	  0.0000E+00	  0.0000E+00	  0.0000E+00	  0.0000E+00	  0.0000E+00	  0.0000E+00	  0.0000E+00	  0.0000E+00	  0.0000E+00	  0.0000E+00
  0.0000E+00	  0.0000E+00	  0.0000E+00	  0.0000E+00	  0.0000E+00	  0.0000E+00	  0.0000E+00	  0.0000E+00	  0.0000E+00	  0.0000E+00	  0.0000E+00	  0.0000E+00	  0.0000E+00	  0.0000E+00	  0.0000E+00	  0.0000E+00	  0.0000E+00	  0.0000E+00	  0.0000E+00	  0.0000E+00	  0.0000E+00	  0.0000E+00	  0.0000E+00	  0.0000E+00	  3.9716E-02	  2.2691E-01	  3.6209E+00	  6.6962E+00	  1.5380E+01	  1.9540E+01	  1.7542E+01	  2.5483E+01	  4.9843E+01	  6.5770E+01	  7.9611E+01	  9.2931E+01	  1.1142E+02	  1.2019E+02	  1.2890E+02	  1.3655E+02	  1.4466E+02	  1.4400E+02	  1.4957E+02	  1.4627E+02	  1.1616E+02	  9.8159E+01	  9.9680E+01	  1.0590E+02	  1.1443E+02	  1.0260E+02	  9.5366E+01	  1.0114E+02	  1.1528E+02	  1.1058E+02	  1.2228E+02	  1.3757E+02	  1.2811E+02	  1.1354E+02	  9.9175E+01	  9.3437E+01	  7.7113E+01	  8.6569E+01	  8.0968E+01	  7.3039E+01	  7.3381E+01	  6.8819E+01	  7.8396E+01	  8.8544E+01	  1.0823E+02	  9.2301E+01	  7.5502E+01	  1.0113E+02	  1.0866E+02	  8.3903E+01	  7.6787E+01	  8.1817E+01	  1.0045E+02	  1.0675E+02	  1.0849E+02	  1.0769E+02	  9.6994E+01	  8.5729E+01	  8.9497E+01	  7.7284E+01	  7.0500E+01	  9.2736E+01	  1.1078E+02	  9.8689E+01	  9.1646E+01	  9.5036E+01	  9.7940E+01	  8.1958E+01	  9.5791E+01	  1.0860E+02	  1.2761E+02	  1.0731E+02	  6.1822E+01	  2.5728E+01	  1.4948E+01	  9.4159E+00	  3.9037E+00	  2.4147E+00	  4.4686E-02	  0.0000E+00	  0.0000E+00	  0.0000E+00	  0.0000E+00	  0.0000E+00	  0.0000E+00	  0.0000E+00	  0.0000E+00	  0.0000E+00	  0.0000E+00	  0.0000E+00	  0.0000E+00	  0.0000E+00	  0.0000E+00	  0.0000E+00	  0.0000E+00	  0.0000E+00	  0.0000E+00	  0.0000E+00	  0.0000E+00	  0.0000E+00	  0.0000E+00	  0.0000E+00	  0.0000E+00	  0.0000E+00
  0.0000E+00	  0.0000E+00	  0.0000E+00	  0.0000E+00	  0.0000E+00	  0.0000E+00	  0.0000E+00	  0.0000E+00	  0.0000E+00	  0.0000E+00	  0.0000E+00	  0.0000E+00	  0.0000E+00	  0.0000E+00	  0.0000E+00	  0.0000E+00	  0.0000E+00	  0.0000E+00	  0.0000E+00	  0.0000E+00	  0.0000E+00	  0.0000E+00	  0.0000E+00	  0.0000E+00	  0.0000E+00	  2.5375E-03	  1.3323E+00	  1.4278E+00	  3.5727E+00	  7.0510E+00	  5.0456E+00	  1.0239E+01	  2.1607E+01	  4.2040E+01	  4.1602E+01	  6.0930E+01	  7.5649E+01	  1.0358E+02	  8.9900E+01	  1.0519E+02	  1.2466E+02	  1.3487E+02	  1.3013E+02	  1.2165E+02	  1.2403E+02	  1.1269E+02	  1.1251E+02	  1.4363E+02	  1.4008E+02	  1.1165E+02	  1.1081E+02	  1.1620E+02	  1.1233E+02	  1.0539E+02	  1.1142E+02	  1.1986E+02	  1.3418E+02	  1.0921E+02	  1.0124E+02	  7.9975E+01	  6.7349E+01	  6.1777E+01	  6.0624E+01	  6.8802E+01	  6.6276E+01	  7.0206E+01	  7.6249E+01	  9.4455E+01	  1.0159E+02	  1.0695E+02	  9.8357E+01	  1.0049E+02	  1.0298E+02	  8.4962E+01	  7.1837E+01	  9.4293E+01	  1.0597E+02	  9.9265E+01	  9.0108E+01	  1.0015E+02	  9.9247E+01	  8.7794E+01	  8.2393E+01	  8.4437E+01	  7.7474E+01	  9.2189E+01	  8.5598E+01	  7.9301E+01	  7.2038E+01	  8.0959E+01	  8.4993E+01	  7.7292E+01	  8.4025E+01	  8.1389E+01	  8.1633E+01	  6.6742E+01	  3.9447E+01	  1.7223E+01	  1.0619E+01	  6.0843E+00	  1.2376E+00	  2.1997E+00	  0.0000E+00	  0.0000E+00	  0.0000E+00	  0.0000E+00	  0.0000E+00	  0.0000E+00	  0.0000E+00	  0.0000E+00	  0.0000E+00	  0.0000E+00	  0.0000E+00	  0.0000E+00	  0.0000E+00	  0.0000E+00	  0.0000E+00	  0.0000E+00	  0.0000E+00	  0.0000E+00	  0.0000E+00	  0.0000E+00	  0.0000E+00	  0.0000E+00	  0.0000E+00	  0.0000E+00	  0.0000E+00	  0.0000E+00
  0.0000E+00	  0.0000E+00	  0.0000E+00	  0.0000E+00	  0.0000E+00	  0.0000E+00	  0.0000E+00	  0.0000E+00	  0.0000E+00	  0.0000E+00	  0.0000E+00	  0.0000E+00	  0.0000E+00	  0.0000E+00	  0.0000E+00	  0.0000E+00	  0.0000E+00	  0.0000E+00	  0.0000E+00	  0.0000E+00	  0.0000E+00	  0.0000E+00	  0.0000E+00	  0.0000E+00	  0.0000E+00	  0.0000E+00	  1.6497E-01	  1.9400E-01	  1.7285E+00	  1.0116E+00	  6.3665E-01	  1.3059E+00	  7.6845E+00	  1.3408E+01	  1.3738E+01	  2.2053E+01	  3.8946E+01	  4.9788E+01	  6.3329E+01	  8.0621E+01	  9.4961E+01	  9.9826E+01	  1.1578E+02	  9.7113E+01	  9.0188E+01	  1.0725E+02	  1.4763E+02	  1.5657E+02	  1.4785E+02	  1.3078E+02	  1.2631E+02	  1.4008E+02	  1.3068E+02	  1.2146E+02	  1.2953E+02	  1.1901E+02	  1.1236E+02	  1.1421E+02	  9.6184E+01	  8.4758E+01	  7.3053E+01	  7.3286E+01	  7.2971E+01	  6.7758E+01	  8.8462E+01	  9.7900E+01	  8.6617E+01	  1.0328E+02	  9.8435E+01	  8.1175E+01	  8.9655E+01	  1.0110E+02	  1.0124E+02	  9.5389E+01	  8.7779E+01	  1.0148E+02	  9.8475E+01	  8.0624E+01	  7.4649E+01	  9.3218E+01	  1.0425E+02	  9.2623E+01	  8.7428E+01	  9.4570E+01	  8.5374E+01	  8.1126E+01	  8.9109E+01	  8.4524E+01	  8.0198E+01	  8.7336E+01	  8.7236E+01	  7.9935E+01	  7.9523E+01	  7.7611E+01	  5.4009E+01	  4.6497E+01	  2.1474E+01	  9.0363E+00	  8.0988E+00	  3.9230E+00	  1.4633E-01	  1.0320E-01	  0.0000E+00	  0.0000E+00	  0.0000E+00	  0.0000E+00	  0.0000E+00	  0.0000E+00	  0.0000E+00	  0.0000E+00	  0.0000E+00	  0.0000E+00	  0.0000E+00	  0.0000E+00	  0.0000E+00	  0.0000E+00	  0.0000E+00	  0.0000E+00	  0.0000E+00	  0.0000E+00	  0.0000E+00	  0.0000E+00	  0.0000E+00	  0.0000E+00	  0.0000E+00	  0.0000E+00	  0.0000E+00	  0.0000E+00
  0.0000E+00	  0.0000E+00	  0.0000E+00	  0.0000E+00	  0.0000E+00	  0.0000E+00	  0.0000E+00	  0.0000E+00	  0.0000E+00	  0.0000E+00	  0.0000E+00	  0.0000E+00	  0.0000E+00	  0.0000E+00	  0.0000E+00	  0.0000E+00	  0.0000E+00	  0.0000E+00	  0.0000E+00	  0.0000E+00	  0.0000E+00	  0.0000E+00	  0.0000E+00	  0.0000E+00	  0.0000E+00	  0.0000E+00	  0.0000E+00	  0.0000E+00	  6.1141E-01	  1.5919E-01	  6.3532E-01	  5.6996E-01	  6.4875E-01	  1.4682E+00	  3.2192E+00	  5.8840E+00	  1.3411E+01	  1.1016E+01	  3.2413E+01	  3.7416E+01	  5.3624E+01	  6.1242E+01	  7.5161E+01	  6.7199E+01	  6.9044E+01	  9.6096E+01	  1.3966E+02	  1.3817E+02	  1.3606E+02	  1.5365E+02	  1.5058E+02	  1.4776E+02	  1.2875E+02	  1.1060E+02	  1.2873E+02	  1.4512E+02	  1.1686E+02	  1.2052E+02	  1.0592E+02	  1.0447E+02	  1.0660E+02	  9.6617E+01	  9.8528E+01	  9.0946E+01	  1.0267E+02	  1.2131E+02	  1.0966E+02	  1.0993E+02	  9.7978E+01	  8.6191E+01	  7.7183E+01	  8.1983E+01	  9.2256E+01	  9.8249E+01	  1.0977E+02	  1.0607E+02	  1.0057E+02	  9.1742E+01	  7.8296E+01	  6.8218E+01	  7.2865E+01	  9.4549E+01	  8.6066E+01	  7.8974E+01	  9.2737E+01	  9.5075E+01	  9.0791E+01	  9.0918E+01	  8.1442E+01	  7.3148E+01	  6.7920E+01	  6.4140E+01	  4.3365E+01	  4.8871E+01	  3.1737E+01	  1.9646E+01	  1.0666E+01	  4.6400E+00	  2.2713E+00	  1.0020E+00	  0.0000E+00	  0.0000E+00	  0.0000E+00	  0.0000E+00	  0.0000E+00	  0.0000E+00	  0.0000E+00	  0.0000E+00	  0.0000E+00	  0.0000E+00	  0.0000E+00	  0.0000E+00	  0.0000E+00	  0.0000E+00	  0.0000E+00	  0.0000E+00	  0.0000E+00	  0.0000E+00	  0.0000E+00	  0.0000E+00	  0.0000E+00	  0.0000E+00	  0.0000E+00	  0.0000E+00	  0.0000E+00	  0.0000E+00	  0.0000E+00	  0.0000E+00
  0.0000E+00	  0.0000E+00	  0.0000E+00	  0.0000E+00	  0.0000E+00	  0.0000E+00	  0.0000E+00	  0.0000E+00	  0.0000E+00	  0.0000E+00	  0.0000E+00	  0.0000E+00	  0.0000E+00	  0.0000E+00	  0.0000E+00	  0.0000E+00	  0.0000E+00	  0.0000E+00	  0.0000E+00	  0.0000E+00	  0.0000E+00	  0.0000E+00	  0.0000E+00	  0.0000E+00	  0.0000E+00	  0.0000E+00	  0.0000E+00	  0.0000E+00	  0.0000E+00	  0.0000E+00	  1.3323E-02	  1.9140E-02	  0.0000E+00	  4.1600E-01	  1.4748E-01	  6.3045E-01	  3.1210E+00	  4.5919E+00	  8.2782E+00	  9.7886E+00	  2.8690E+01	  3.3988E+01	  3.0380E+01	  4.2342E+01	  4.7548E+01	  7.0869E+01	  1.0341E+02	  1.1174E+02	  1.0407E+02	  1.1924E+02	  1.3848E+02	  1.4728E+02	  1.3587E+02	  1.1906E+02	  1.1957E+02	  1.3901E+02	  1.4074E+02	  1.3533E+02	  1.1778E+02	  1.0922E+02	  1.1224E+02	  1.1223E+02	  1.0246E+02	  1.2482E+02	  1.3116E+02	  1.1780E+02	  1.1285E+02	  1.1370E+02	  1.1955E+02	  1.1245E+02	  9.5350E+01	  8.4114E+01	  8.3493E+01	  9.6632E+01	  1.1861E+02	  1.1549E+02	  1.1658E+02	  1.1018E+02	  8.8688E+01	  6.1940E+01	  7.2108E+01	  8.3103E+01	  8.2857E+01	  7.3566E+01	  8.9256E+01	  8.5581E+01	  1.0060E+02	  1.0118E+02	  8.1118E+01	  6.2070E+01	  5.4013E+01	  5.0155E+01	  3.5131E+01	  2.7210E+01	  1.4782E+01	  1.0286E+01	  3.7656E+00	  1.6876E+00	  0.0000E+00	  0.0000E+00	  0.0000E+00	  0.0000E+00	  0.0000E+00	  0.0000E+00	  0.0000E+00	  0.0000E+00	  0.0000E+00	  0.0000E+00	  0.0000E+00	  0.0000E+00	  0.0000E+00	  0.0000E+00	  0.0000E+00	  0.0000E+00	  0.0000E+00	  0.0000E+00	  0.0000E+00	  0.0000E+00	  0.0000E+00	  0.0000E+00	  0.0000E+00	  0.0000E+00	  0.0000E+00	  0.0000E+00	  0.0000E+00	  0.0000E+00	  0.0000E+00	  0.0000E+00
  0.0000E+00	  0.0000E+00	  0.0000E+00	  0.0000E+00	  0.0000E+00	  0.0000E+00	  0.0000E+00	  0.0000E+00	  0.0000E+00	  0.0000E+00	  0.0000E+00	  0.0000E+00	  0.0000E+00	  0.0000E+00	  0.0000E+00	  0.0000E+00	  0.0000E+00	  0.0000E+00	  0.0000E+00	  0.0000E+00	  0.0000E+00	  0.0000E+00	  0.0000E+00	  0.0000E+00	  0.0000E+00	  0.0000E+00	  0.0000E+00	  0.0000E+00	  0.0000E+00	  0.0000E+00	  0.0000E+00	  0.0000E+00	  0.0000E+00	  0.0000E+00	  0.0000E+00	  0.0000E+00	  2.7716E-02	  8.6777E-01	  3.5932E+00	  4.4089E+00	  9.2971E+00	  1.0760E+01	  1.7714E+01	  2.4271E+01	  2.2653E+01	  3.0838E+01	  4.8561E+01	  5.7036E+01	  6.3704E+01	  8.3270E+01	  8.4617E+01	  1.1961E+02	  1.2566E+02	  9.7145E+01	  8.5685E+01	  1.1236E+02	  1.3136E+02	  1.3323E+02	  1.3466E+02	  1.0268E+02	  1.1143E+02	  1.1269E+02	  1.1963E+02	  1.1514E+02	  1.2308E+02	  1.3139E+02	  1.1401E+02	  1.1574E+02	  1.3091E+02	  1.1401E+02	  9.2232E+01	  9.3742E+01	  1.0201E+02	  1.0230E+02	  1.0831E+02	  1.2943E+02	  1.1618E+02	  7.6574E+01	  7.9677E+01	  8.5299E+01	  1.0745E+02	  9.6422E+01	  9.4807E+01	  8.7256E+01	  7.7169E+01	  6.0713E+01	  7.7036E+01	  6.5851E+01	  5.8502E+01	  5.0117E+01	  5.2449E+01	  3.1673E+01	  1.5680E+01	  1.2346E+01	  7.9950E+00	  5.9810E+00	  5.9595E-01	  3.5797E-01	  0.0000E+00	  0.0000E+00	  0.0000E+00	  0.0000E+00	  0.0000E+00	  0.0000E+00	  0.0000E+00	  0.0000E+00	  0.0000E+00	  0.0000E+00	  0.0000E+00	  0.0000E+00	  0.0000E+00	  0.0000E+00	  0.0000E+00	  0.0000E+00	  0.0000E+00	  0.0000E+00	  0.0000E+00	  0.0000E+00	  0.0000E+00	  0.0000E+00	  0.0000E+00	  0.0000E+00	  0.0000E+00	  0.0000E+00	  0.0000E+00	  0.0000E+00	  0.0000E+00	  0.0000E+00
  0.0000E+00	  0.0000E+00	  0.0000E+00	  0.0000E+00	  0.0000E+00	  0.0000E+00	  0.0000E+00	  0.0000E+00	  0.0000E+00	  0.0000E+00	  0.0000E+00	  0.0000E+00	  0.0000E+00	  0.0000E+00	  0.0000E+00	  0.0000E+00	  0.0000E+00	  0.0000E+00	  0.0000E+00	  0.0000E+00	  0.0000E+00	  0.0000E+00	  0.0000E+00	  0.0000E+00	  0.0000E+00	  0.0000E+00	  0.0000E+00	  0.0000E+00	  0.0000E+00	  0.0000E+00	  0.0000E+00	  0.0000E+00	  0.0000E+00	  0.0000E+00	  0.0000E+00	  0.0000E+00	  0.0000E+00	  3.6529E-03	  8.2959E-01	  1.6315E+00	  5.6673E+00	  3.0155E+00	  5.2503E+00	  8.2627E+00	  1.1853E+01	  1.9925E+01	  2.3138E+01	  3.2760E+01	  3.6927E+01	  3.9624E+01	  4.6648E+01	  6.4787E+01	  8.5404E+01	  5.5889E+01	  5.4914E+01	  7.6764E+01	  7.2486E+01	  7.7348E+01	  9.8582E+01	  1.0649E+02	  1.1254E+02	  1.2919E+02	  1.3102E+02	  1.1511E+02	  1.0098E+02	  1.1808E+02	  1.2127E+02	  9.5732E+01	  9.6327E+01	  9.7684E+01	  9.4281E+01	  1.2323E+02	  1.1821E+02	  1.0549E+02	  1.0967E+02	  9.3344E+01	  8.8723E+01	  7.7002E+01	  8.5446E+01	  9.2081E+01	  1.0541E+02	  9.0948E+01	  8.3265E+01	  8.8041E+01	  5.8682E+01	  3.4037E+01	  3.8950E+01	  4.0860E+01	  3.7808E+01	  3.4289E+01	  3.2689E+01	  1.8893E+01	  9.7919E+00	  3.5123E+00	  1.6885E+00	  5.7342E-01	  0.0000E+00	  0.0000E+00	  0.0000E+00	  0.0000E+00	  0.0000E+00	  0.0000E+00	  0.0000E+00	  0.0000E+00	  0.0000E+00	  0.0000E+00	  0.0000E+00	  0.0000E+00	  0.0000E+00	  0.0000E+00	  0.0000E+00	  0.0000E+00	  0.0000E+00	  0.0000E+00	  0.0000E+00	  0.0000E+00	  0.0000E+00	  0.0000E+00	  0.0000E+00	  0.0000E+00	  0.0000E+00	  0.0000E+00	  0.0000E+00	  0.0000E+00	  0.0000E+00	  0.0000E+00	  0.0000E+00	  0.0000E+00
  0.0000E+00	  0.0000E+00	  0.0000E+00	  0.0000E+00	  0.0000E+00	  0.0000E+00	  0.0000E+00	  0.0000E+00	  0.0000E+00	  0.0000E+00	  0.0000E+00	  0.0000E+00	  0.0000E+00	  0.0000E+00	  0.0000E+00	  0.0000E+00	  0.0000E+00	  0.0000E+00	  0.0000E+00	  0.0000E+00	  0.0000E+00	  0.0000E+00	  0.0000E+00	  0.0000E+00	  0.0000E+00	  0.0000E+00	  0.0000E+00	  0.0000E+00	  0.0000E+00	  0.0000E+00	  0.0000E+00	  0.0000E+00	  0.0000E+00	  0.0000E+00	  0.0000E+00	  0.0000E+00	  0.0000E+00	  0.0000E+00	  0.0000E+00	  5.4326E-03	  7.3178E-01	  3.6835E-01	  0.0000E+00	  3.5952E-01	  2.0007E+00	  2.3946E+00	  1.0540E+01	  1.1456E+01	  1.1246E+01	  1.3927E+01	  1.9743E+01	  2.3443E+01	  2.0802E+01	  1.7022E+01	  2.9310E+01	  2.7851E+01	  2.6341E+01	  3.2385E+01	  4.8610E+01	  6.1292E+01	  6.6627E+01	  8.1603E+01	  8.8993E+01	  9.4971E+01	  7.5904E+01	  7.4028E+01	  7.6777E+01	  5.8751E+01	  6.7839E+01	  7.3897E+01	  8.2073E+01	  1.0371E+02	  1.0783E+02	  9.8513E+01	  1.0795E+02	  1.1104E+02	  7.9587E+01	  7.8902E+01	  8.8013E+01	  7.9841E+01	  7.1151E+01	  7.6745E+01	  6.4616E+01	  6.2763E+01	  4.4056E+01	  2.5549E+01	  1.7197E+01	  1.5293E+01	  1.4955E+01	  1.5554E+01	  9.0422E+00	  7.6059E+00	  4.6595E+00	  8.0617E-01	  1.4694E+00	  0.0000E+00	  0.0000E+00	  0.0000E+00	  0.0000E+00	  0.0000E+00	  0.0000E+00	  0.0000E+00	  0.0000E+00	  0.0000E+00	  0.0000E+00	  0.0000E+00	  0.0000E+00	  0.0000E+00	  0.0000E+00	  0.0000E+00	  0.0000E+00	  0.0000E+00	  0.0000E+00	  0.0000E+00	  0.0000E+00	  0.0000E+00	  0.0000E+00	  0.0000E+00	  0.0000E+00	  0.0000E+00	  0.0000E+00	  0.0000E+00	  0.0000E+00	  0.0000E+00	  0.0000E+00	  0.0000E+00	  0.0000E+00	  0.0000E+00
  0.0000E+00	  0.0000E+00	  0.0000E+00	  0.0000E+00	  0.0000E+00	  0.0000E+00	  0.0000E+00	  0.0000E+00	  0.0000E+00	  0.0000E+00	  0.0000E+00	  0.0000E+00	  0.0000E+00	  0.0000E+00	  0.0000E+00	  0.0000E+00	  0.0000E+00	  0.0000E+00	  0.0000E+00	  0.0000E+00	  0.0000E+00	  0.0000E+00	  0.0000E+00	  0.0000E+00	  0.0000E+00	  0.0000E+00	  0.0000E+00	  0.0000E+00	  0.0000E+00	  0.0000E+00	  0.0000E+00	  0.0000E+00	  0.0000E+00	  0.0000E+00	  0.0000E+00	  0.0000E+00	  0.0000E+00	  0.0000E+00	  0.0000E+00	  0.0000E+00	  1.0413E-01	  8.2255E-02	  0.0000E+00	  0.0000E+00	  0.0000E+00	  6.4786E-02	  5.2765E-01	  1.5930E+00	  1.6873E+00	  4.0709E+00	  8.3225E+00	  7.0793E+00	  3.7561E+00	  4.6792E+00	  4.3208E+00	  5.0842E+00	  1.0393E+01	  1.6345E+01	  2.0575E+01	  2.4969E+01	  2.8819E+01	  3.1224E+01	  3.7340E+01	  4.8070E+01	  4.6273E+01	  4.8488E+01	  4.7624E+01	  3.1402E+01	  4.0910E+01	  5.7864E+01	  5.7648E+01	  6.5622E+01	  8.3648E+01	  7.3717E+01	  7.7610E+01	  8.4937E+01	  7.0775E+01	  6.1295E+01	  6.6464E+01	  6.7208E+01	  5.2982E+01	  4.7780E+01	  5.2049E+01	  3.8080E+01	  2.2818E+01	  1.4290E+01	  1.2878E+01	  4.5265E+00	  6.2017E+00	  8.4109E+00	  2.8002E+00	  2.2830E+00	  3.4400E+00	  5.7213E-01	  3.3010E-01	  0.0000E+00	  0.0000E+00	  0.0000E+00	  0.0000E+00	  0.0000E+00	  0.0000E+00	  0.0000E+00	  0.0000E+00	  0.0000E+00	  0.0000E+00	  0.0000E+00	  0.0000E+00	  0.0000E+00	  0.0000E+00	  0.0000E+00	  0.0000E+00	  0.0000E+00	  0.0000E+00	  0.0000E+00	  0.0000E+00	  0.0000E+00	  0.0000E+00	  0.0000E+00	  0.0000E+00	  0.0000E+00	  0.0000E+00	  0.0000E+00	  0.0000E+00	  0.0000E+00	  0.0000E+00	  0.0000E+00	  0.0000E+00	  0.0000E+00
  0.0000E+00	  0.0000E+00	  0.0000E+00	  0.0000E+00	  0.0000E+00	  0.0000E+00	  0.0000E+00	  0.0000E+00	  0.0000E+00	  0.0000E+00	  0.0000E+00	  0.0000E+00	  0.0000E+00	  0.0000E+00	  0.0000E+00	  0.0000E+00	  0.0000E+00	  0.0000E+00	  0.0000E+00	  0.0000E+00	  0.0000E+00	  0.0000E+00	  0.0000E+00	  0.0000E+00	  0.0000E+00	  0.0000E+00	  0.0000E+00	  0.0000E+00	  0.0000E+00	  0.0000E+00	  0.0000E+00	  0.0000E+00	  0.0000E+00	  0.0000E+00	  0.0000E+00	  0.0000E+00	  0.0000E+00	  0.0000E+00	  0.0000E+00	  0.0000E+00	  0.0000E+00	  0.0000E+00	  0.0000E+00	  0.0000E+00	  0.0000E+00	  0.0000E+00	  0.0000E+00	  0.0000E+00	  6.1291E-01	  2.8170E-01	  2.5750E+00	  5.0686E+00	  1.2159E+00	  2.5460E+00	  2.1931E+00	  1.0322E+00	  2.4088E+00	  4.9936E+00	  6.1804E+00	  1.0007E+01	  9.3936E+00	  1.0817E+01	  8.4241E+00	  2.1396E+01	  3.0654E+01	  2.2443E+01	  1.9926E+01	  1.4786E+01	  2.0587E+01	  3.3603E+01	  3.2447E+01	  4.0757E+01	  3.4525E+01	  3.5493E+01	  4.7345E+01	  5.9255E+01	  5.1397E+01	  4.8602E+01	  4.4785E+01	  2.6835E+01	  2.2162E+01	  2.2230E+01	  2.6564E+01	  1.5768E+01	  6.7194E+00	  5.4142E+00	  3.1324E+00	  1.3573E-01	  6.5528E-01	  1.4044E+00	  2.7788E-01	  1.3415E-03	  2.0120E-01	  4.8597E-03	  0.0000E+00	  0.0000E+00	  0.0000E+00	  0.0000E+00	  0.0000E+00	  0.0000E+00	  0.0000E+00	  0.0000E+00	  0.0000E+00	  0.0000E+00	  0.0000E+00	  0.0000E+00	  0.0000E+00	  0.0000E+00	  0.0000E+00	  0.0000E+00	  0.0000E+00	  0.0000E+00	  0.0000E+00	  0.0000E+00	  0.0000E+00	  0.0000E+00	  0.0000E+00	  0.0000E+00	  0.0000E+00	  0.0000E+00	  0.0000E+00	  0.0000E+00	  0.0000E+00	  0.0000E+00	  0.0000E+00	  0.0000E+00	  0.0000E+00	  0.0000E+00
  0.0000E+00	  0.0000E+00	  0.0000E+00	  0.0000E+00	  0.0000E+00	  0.0000E+00	  0.0000E+00	  0.0000E+00	  0.0000E+00	  0.0000E+00	  0.0000E+00	  0.0000E+00	  0.0000E+00	  0.0000E+00	  0.0000E+00	  0.0000E+00	  0.0000E+00	  0.0000E+00	  0.0000E+00	  0.0000E+00	  0.0000E+00	  0.0000E+00	  0.0000E+00	  0.0000E+00	  0.0000E+00	  0.0000E+00	  0.0000E+00	  0.0000E+00	  0.0000E+00	  0.0000E+00	  0.0000E+00	  0.0000E+00	  0.0000E+00	  0.0000E+00	  0.0000E+00	  0.0000E+00	  0.0000E+00	  0.0000E+00	  0.0000E+00	  0.0000E+00	  0.0000E+00	  0.0000E+00	  0.0000E+00	  0.0000E+00	  0.0000E+00	  0.0000E+00	  0.0000E+00	  0.0000E+00	  1.7393E-01	  5.4787E-02	  2.3900E+00	  1.9272E+00	  2.5064E-01	  4.6019E-01	  2.1377E-01	  3.6354E-02	  2.0635E-01	  1.3739E-01	  1.7569E-01	  1.2070E+00	  1.3328E+00	  6.4818E-01	  1.7788E+00	  7.6487E+00	  1.1796E+01	  1.4221E+01	  1.3522E+01	  9.2140E+00	  7.6759E+00	  1.6885E+01	  2.2095E+01	  2.8586E+01	  2.2457E+01	  1.6636E+01	  2.5261E+01	  2.6286E+01	  2.8909E+01	  2.9043E+01	  2.0806E+01	  1.4181E+01	  7.7313E+00	  8.6814E+00	  6.4088E+00	  4.3876E+00	  6.2023E-01	  6.8063E-01	  1.7603E-01	  7.6353E-03	  0.0000E+00	  0.0000E+00	  0.0000E+00	  0.0000E+00	  0.0000E+00	  0.0000E+00	  0.0000E+00	  0.0000E+00	  0.0000E+00	  0.0000E+00	  0.0000E+00	  0.0000E+00	  0.0000E+00	  0.0000E+00	  0.0000E+00	  0.0000E+00	  0.0000E+00	  0.0000E+00	  0.0000E+00	  0.0000E+00	  0.0000E+00	  0.0000E+00	  0.0000E+00	  0.0000E+00	  0.0000E+00	  0.0000E+00	  0.0000E+00	  0.0000E+00	  0.0000E+00	  0.0000E+00	  0.0000E+00	  0.0000E+00	  0.0000E+00	  0.0000E+00	  0.0000E+00	  0.0000E+00	  0.0000E+00	  0.0000E+00	  0.0000E+00	  0.0000E+00
  0.0000E+00	  0.0000E+00	  0.0000E+00	  0.0000E+00	  0.0000E+00	  0.0000E+00	  0.0000E+00	  0.0000E+00	  0.0000E+00	  0.0000E+00	  0.0000E+00	  0.0000E+00	  0.0000E+00	  0.0000E+00	  0.0000E+00	  0.0000E+00	  0.0000E+00	  0.0000E+00	  0.0000E+00	  0.0000E+00	  0.0000E+00	  0.0000E+00	  0.0000E+00	  0.0000E+00	  0.0000E+00	  0.0000E+00	  0.0000E+00	  0.0000E+00	  0.0000E+00	  0.0000E+00	  0.0000E+00	  0.0000E+00	  0.0000E+00	  0.0000E+00	  0.0000E+00	  0.0000E+00	  0.0000E+00	  0.0000E+00	  0.0000E+00	  0.0000E+00	  0.0000E+00	  0.0000E+00	  0.0000E+00	  0.0000E+00	  0.0000E+00	  0.0000E+00	  0.0000E+00	  0.0000E+00	  0.0000E+00	  0.0000E+00	  2.7351E-01	  2.4812E-03	  0.0000E+00	  0.0000E+00	  0.0000E+00	  0.0000E+00	  0.0000E+00	  0.0000E+00	  0.0000E+00	  0.0000E+00	  0.0000E+00	  0.0000E+00	  2.1034E-02	  3.1690E+00	  5.4189E+00	  2.9175E+00	  9.0140E+00	  6.0608E+00	  2.4156E+00	  6.4326E+00	  1.0908E+01	  7.5532E+00	  5.7563E+00	  5.2367E+00	  5.2511E+00	  8.9234E+00	  1.6469E+01	  1.2724E+01	  9.1771E+00	  4.7331E+00	  3.4956E+00	  2.9531E+00	  1.9615E+00	  1.1942E+00	  4.2427E-03	  0.0000E+00	  0.0000E+00	  0.0000E+00	  0.0000E+00	  0.0000E+00	  0.0000E+00	  0.0000E+00	  0.0000E+00	  0.0000E+00	  0.0000E+00	  0.0000E+00	  0.0000E+00	  0.0000E+00	  0.0000E+00	  0.0000E+00	  0.0000E+00	  0.0000E+00	  0.0000E+00	  0.0000E+00	  0.0000E+00	  0.0000E+00	  0.0000E+00	  0.0000E+00	  0.0000E+00	  0.0000E+00	  0.0000E+00	  0.0000E+00	  0.0000E+00	  0.0000E+00	  0.0000E+00	  0.0000E+00	  0.0000E+00	  0.0000E+00	  0.0000E+00	  0.0000E+00	  0.0000E+00	  0.0000E+00	  0.0000E+00	  0.0000E+00	  0.0000E+00	  0.0000E+00	  0.0000E+00	  0.0000E+00
  0.0000E+00	  0.0000E+00	  0.0000E+00	  0.0000E+00	  0.0000E+00	  0.0000E+00	  0.0000E+00	  0.0000E+00	  0.0000E+00	  0.0000E+00	  0.0000E+00	  0.0000E+00	  0.0000E+00	  0.0000E+00	  0.0000E+00	  0.0000E+00	  0.0000E+00	  0.0000E+00	  0.0000E+00	  0.0000E+00	  0.0000E+00	  0.0000E+00	  0.0000E+00	  0.0000E+00	  0.0000E+00	  0.0000E+00	  0.0000E+00	  0.0000E+00	  0.0000E+00	  0.0000E+00	  0.0000E+00	  0.0000E+00	  0.0000E+00	  0.0000E+00	  0.0000E+00	  0.0000E+00	  0.0000E+00	  0.0000E+00	  0.0000E+00	  0.0000E+00	  0.0000E+00	  0.0000E+00	  0.0000E+00	  0.0000E+00	  0.0000E+00	  0.0000E+00	  0.0000E+00	  0.0000E+00	  0.0000E+00	  0.0000E+00	  0.0000E+00	  0.0000E+00	  0.0000E+00	  0.0000E+00	  0.0000E+00	  0.0000E+00	  0.0000E+00	  0.0000E+00	  0.0000E+00	  0.0000E+00	  0.0000E+00	  0.0000E+00	  0.0000E+00	  9.2988E-01	  1.2568E+00	  1.9061E-01	  2.1910E+00	  1.2385E+00	  0.0000E+00	  1.6253E+00	  4.3108E+00	  2.6090E+00	  1.5767E+00	  5.3018E-01	  1.1591E+00	  3.3093E+00	  2.2071E+00	  1.1487E+00	  4.9956E-01	  1.3978E-01	  4.1513E-01	  1.9677E-01	  2.7948E-02	  0.0000E+00	  0.0000E+00	  0.0000E+00	  0.0000E+00	  0.0000E+00	  0.0000E+00	  0.0000E+00	  0.0000E+00	  0.0000E+00	  0.0000E+00	  0.0000E+00	  0.0000E+00	  0.0000E+00	  0.0000E+00	  0.0000E+00	  0.0000E+00	  0.0000E+00	  0.0000E+00	  0.0000E+00	  0.0000E+00	  0.0000E+00	  0.0000E+00	  0.0000E+00	  0.0000E+00	  0.0000E+00	  0.0000E+00	  0.0000E+00	  0.0000E+00	  0.0000E+00	  0.0000E+00	  0.0000E+00	  0.0000E+00	  0.0000E+00	  0.0000E+00	  0.0000E+00	  0.0000E+00	  0.0000E+00	  0.0000E+00	  0.0000E+00	  0.0000E+00	  0.0000E+00	  0.0000E+00	  0.0000E+00	  0.0000E+00	  0.0000E+00
  0.0000E+00	  0.0000E+00	  0.0000E+00	  0.0000E+00	  0.0000E+00	  0.0000E+00	  0.0000E+00	  0.0000E+00	  0.0000E+00	  0.0000E+00	  0.0000E+00	  0.0000E+00	  0.0000E+00	  0.0000E+00	  0.0000E+00	  0.0000E+00	  0.0000E+00	  0.0000E+00	  0.0000E+00	  0.0000E+00	  0.0000E+00	  0.0000E+00	  0.0000E+00	  0.0000E+00	  0.0000E+00	  0.0000E+00	  0.0000E+00	  0.0000E+00	  0.0000E+00	  0.0000E+00	  0.0000E+00	  0.0000E+00	  0.0000E+00	  0.0000E+00	  0.0000E+00	  0.0000E+00	  0.0000E+00	  0.0000E+00	  0.0000E+00	  0.0000E+00	  0.0000E+00	  0.0000E+00	  0.0000E+00	  0.0000E+00	  0.0000E+00	  0.0000E+00	  0.0000E+00	  0.0000E+00	  0.0000E+00	  0.0000E+00	  0.0000E+00	  0.0000E+00	  0.0000E+00	  0.0000E+00	  0.0000E+00	  0.0000E+00	  0.0000E+00	  0.0000E+00	  0.0000E+00	  0.0000E+00	  0.0000E+00	  0.0000E+00	  0.0000E+00	  0.0000E+00	  0.0000E+00	  0.0000E+00	  0.0000E+00	  0.0000E+00	  0.0000E+00	  0.0000E+00	  1.6857E-01	  7.0937E-02	  0.0000E+00	  0.0000E+00	  1.0129E-02	  6.0752E-01	  1.0735E+00	  1.6258E+00	  2.5170E-01	  0.0000E+00	  0.0000E+00	  0.0000E+00	  0.0000E+00	  0.0000E+00	  0.0000E+00	  0.0000E+00	  0.0000E+00	  0.0000E+00	  0.0000E+00	  0.0000E+00	  0.0000E+00	  0.0000E+00	  0.0000E+00	  0.0000E+00	  0.0000E+00	  0.0000E+00	  0.0000E+00	  0.0000E+00	  0.0000E+00	  0.0000E+00	  0.0000E+00	  0.0000E+00	  0.0000E+00	  0.0000E+00	  0.0000E+00	  0.0000E+00	  0.0000E+00	  0.0000E+00	  0.0000E+00	  0.0000E+00	  0.0000E+00	  0.0000E+00	  0.0000E+00	  0.0000E+00	  0.0000E+00	  0.0000E+00	  0.0000E+00	  0.0000E+00	  0.0000E+00	  0.0000E+00	  0.0000E+00	  0.0000E+00	  0.0000E+00	  0.0000E+00	  0.0000E+00	  0.0000E+00	  0.0000E+00	  0.0000E+00
  0.0000E+00	  0.0000E+00	  0.0000E+00	  0.0000E+00	  0.0000E+00	  0.0000E+00	  0.0000E+00	  0.0000E+00	  0.0000E+00	  0.0000E+00	  0.0000E+00	  0.0000E+00	  0.0000E+00	  0.0000E+00	  0.0000E+00	  0.0000E+00	  0.0000E+00	  0.0000E+00	  0.0000E+00	  0.0000E+00	  0.0000E+00	  0.0000E+00	  0.0000E+00	  0.0000E+00	  0.0000E+00	  0.0000E+00	  0.0000E+00	  0.0000E+00	  0.0000E+00	  0.0000E+00	  0.0000E+00	  0.0000E+00	  0.0000E+00	  0.0000E+00	  0.0000E+00	  0.0000E+00	  0.0000E+00	  0.0000E+00	  0.0000E+00	  0.0000E+00	  0.0000E+00	  0.0000E+00	  0.0000E+00	  0.0000E+00	  0.0000E+00	  0.0000E+00	  0.0000E+00	  0.0000E+00	  0.0000E+00	  0.0000E+00	  0.0000E+00	  0.0000E+00	  0.0000E+00	  0.0000E+00	  0.0000E+00	  0.0000E+00	  0.0000E+00	  0.0000E+00	  0.0000E+00	  0.0000E+00	  0.0000E+00	  0.0000E+00	  0.0000E+00	  0.0000E+00	  0.0000E+00	  0.0000E+00	  0.0000E+00	  0.0000E+00	  0.0000E+00	  0.0000E+00	  0.0000E+00	  0.0000E+00	  0.0000E+00	  0.0000E+00	  0.0000E+00	  0.0000E+00	  1.1950E-01	  2.2121E-01	  2.4301E-03	  0.0000E+00	  0.0000E+00	  0.0000E+00	  0.0000E+00	  0.0000E+00	  0.0000E+00	  0.0000E+00	  0.0000E+00	  0.0000E+00	  0.0000E+00	  0.0000E+00	  0.0000E+00	  0.0000E+00	  0.0000E+00	  0.0000E+00	  0.0000E+00	  0.0000E+00	  0.0000E+00	  0.0000E+00	  0.0000E+00	  0.0000E+00	  0.0000E+00	  0.0000E+00	  0.0000E+00	  0.0000E+00	  0.0000E+00	  0.0000E+00	  0.0000E+00	  0.0000E+00	  0.0000E+00	  0.0000E+00	  0.0000E+00	  0.0000E+00	  0.0000E+00	  0.0000E+00	  0.0000E+00	  0.0000E+00	  0.0000E+00	  0.0000E+00	  0.0000E+00	  0.0000E+00	  0.0000E+00	  0.0000E+00	  0.0000E+00	  0.0000E+00	  0.0000E+00	  0.0000E+00	  0.0000E+00	  0.0000E+00
  0.0000E+00	  0.0000E+00	  0.0000E+00	  0.0000E+00	  0.0000E+00	  0.0000E+00	  0.0000E+00	  0.0000E+00	  0.0000E+00	  0.0000E+00	  0.0000E+00	  0.0000E+00	  0.0000E+00	  0.0000E+00	  0.0000E+00	  0.0000E+00	  0.0000E+00	  0.0000E+00	  0.0000E+00	  0.0000E+00	  0.0000E+00	  0.0000E+00	  0.0000E+00	  0.0000E+00	  0.0000E+00	  0.0000E+00	  0.0000E+00	  0.0000E+00	  0.0000E+00	  0.0000E+00	  0.0000E+00	  0.0000E+00	  0.0000E+00	  0.0000E+00	  0.0000E+00	  0.0000E+00	  0.0000E+00	  0.0000E+00	  0.0000E+00	  0.0000E+00	  0.0000E+00	  0.0000E+00	  0.0000E+00	  0.0000E+00	  0.0000E+00	  0.0000E+00	  0.0000E+00	  0.0000E+00	  0.0000E+00	  0.0000E+00	  0.0000E+00	  0.0000E+00	  0.0000E+00	  0.0000E+00	  0.0000E+00	  0.0000E+00	  0.0000E+00	  0.0000E+00	  0.0000E+00	  0.0000E+00	  0.0000E+00	  0.0000E+00	  0.0000E+00	  0.0000E+00	  0.0000E+00	  0.0000E+00	  0.0000E+00	  0.0000E+00	  0.0000E+00	  0.0000E+00	  0.0000E+00	  0.0000E+00	  0.0000E+00	  0.0000E+00	  0.0000E+00	  0.0000E+00	  0.0000E+00	  0.0000E+00	  0.0000E+00	  0.0000E+00	  0.0000E+00	  0.0000E+00	  0.0000E+00	  0.0000E+00	  0.0000E+00	  0.0000E+00	  0.0000E+00	  0.0000E+00	  0.0000E+00	  0.0000E+00	  0.0000E+00	  0.0000E+00	  0.0000E+00	  0.0000E+00	  0.0000E+00	  0.0000E+00	  0.0000E+00	  0.0000E+00	  0.0000E+00	  0.0000E+00	  0.0000E+00	  0.0000E+00	  0.0000E+00	  0.0000E+00	  0.0000E+00	  0.0000E+00	  0.0000E+00	  0.0000E+00	  0.0000E+00	  0.0000E+00	  0.0000E+00	  0.0000E+00	  0.0000E+00	  0.0000E+00	  0.0000E+00	  0.0000E+00	  0.0000E+00	  0.0000E+00	  0.0000E+00	  0.0000E+00	  0.0000E+00	  0.0000E+00	  0.0000E+00	  0.0000E+00	  0.0000E+00	  0.0000E+00	  0.0000E+00	  0.0000E+00
  0.0000E+00	  0.0000E+00	  0.0000E+00	  0.0000E+00	  0.0000E+00	  0.0000E+00	  0.0000E+00	  0.0000E+00	  0.0000E+00	  0.0000E+00	  0.0000E+00	  0.0000E+00	  0.0000E+00	  0.0000E+00	  0.0000E+00	  0.0000E+00	  0.0000E+00	  0.0000E+00	  0.0000E+00	  0.0000E+00	  0.0000E+00	  0.0000E+00	  0.0000E+00	  0.0000E+00	  0.0000E+00	  0.0000E+00	  0.0000E+00	  0.0000E+00	  0.0000E+00	  0.0000E+00	  0.0000E+00	  0.0000E+00	  0.0000E+00	  0.0000E+00	  0.0000E+00	  0.0000E+00	  0.0000E+00	  0.0000E+00	  0.0000E+00	  0.0000E+00	  0.0000E+00	  0.0000E+00	  0.0000E+00	  0.0000E+00	  0.0000E+00	  0.0000E+00	  0.0000E+00	  0.0000E+00	  0.0000E+00	  0.0000E+00	  0.0000E+00	  0.0000E+00	  0.0000E+00	  0.0000E+00	  0.0000E+00	  0.0000E+00	  0.0000E+00	  0.0000E+00	  0.0000E+00	  0.0000E+00	  0.0000E+00	  0.0000E+00	  0.0000E+00	  0.0000E+00	  0.0000E+00	  0.0000E+00	  0.0000E+00	  0.0000E+00	  0.0000E+00	  0.0000E+00	  0.0000E+00	  0.0000E+00	  0.0000E+00	  0.0000E+00	  0.0000E+00	  0.0000E+00	  0.0000E+00	  0.0000E+00	  0.0000E+00	  0.0000E+00	  0.0000E+00	  0.0000E+00	  0.0000E+00	  0.0000E+00	  0.0000E+00	  0.0000E+00	  0.0000E+00	  0.0000E+00	  0.0000E+00	  0.0000E+00	  0.0000E+00	  0.0000E+00	  0.0000E+00	  0.0000E+00	  0.0000E+00	  0.0000E+00	  0.0000E+00	  0.0000E+00	  0.0000E+00	  0.0000E+00	  0.0000E+00	  0.0000E+00	  0.0000E+00	  0.0000E+00	  0.0000E+00	  0.0000E+00	  0.0000E+00	  0.0000E+00	  0.0000E+00	  0.0000E+00	  0.0000E+00	  0.0000E+00	  0.0000E+00	  0.0000E+00	  0.0000E+00	  0.0000E+00	  0.0000E+00	  0.0000E+00	  0.0000E+00	  0.0000E+00	  0.0000E+00	  0.0000E+00	  0.0000E+00	  0.0000E+00	  0.0000E+00	  0.0000E+00	  0.0000E+00	  0.0000E+00
  0.0000E+00	  0.0000E+00	  0.0000E+00	  0.0000E+00	  0.0000E+00	  0.0000E+00	  0.0000E+00	  0.0000E+00	  0.0000E+00	  0.0000E+00	  0.0000E+00	  0.0000E+00	  0.0000E+00	  0.0000E+00	  0.0000E+00	  0.0000E+00	  0.0000E+00	  0.0000E+00	  0.0000E+00	  0.0000E+00	  0.0000E+00	  0.0000E+00	  0.0000E+00	  0.0000E+00	  0.0000E+00	  0.0000E+00	  0.0000E+00	  0.0000E+00	  0.0000E+00	  0.0000E+00	  0.0000E+00	  0.0000E+00	  0.0000E+00	  0.0000E+00	  0.0000E+00	  0.0000E+00	  0.0000E+00	  0.0000E+00	  0.0000E+00	  0.0000E+00	  0.0000E+00	  0.0000E+00	  0.0000E+00	  0.0000E+00	  0.0000E+00	  0.0000E+00	  0.0000E+00	  0.0000E+00	  0.0000E+00	  0.0000E+00	  0.0000E+00	  0.0000E+00	  0.0000E+00	  0.0000E+00	  0.0000E+00	  0.0000E+00	  0.0000E+00	  0.0000E+00	  0.0000E+00	  0.0000E+00	  0.0000E+00	  0.0000E+00	  0.0000E+00	  0.0000E+00	  0.0000E+00	  0.0000E+00	  0.0000E+00	  0.0000E+00	  0.0000E+00	  0.0000E+00	  0.0000E+00	  0.0000E+00	  0.0000E+00	  0.0000E+00	  0.0000E+00	  0.0000E+00	  0.0000E+00	  0.0000E+00	  0.0000E+00	  0.0000E+00	  0.0000E+00	  0.0000E+00	  0.0000E+00	  0.0000E+00	  0.0000E+00	  0.0000E+00	  0.0000E+00	  0.0000E+00	  0.0000E+00	  0.0000E+00	  0.0000E+00	  0.0000E+00	  0.0000E+00	  0.0000E+00	  0.0000E+00	  0.0000E+00	  0.0000E+00	  0.0000E+00	  0.0000E+00	  0.0000E+00	  0.0000E+00	  0.0000E+00	  0.0000E+00	  0.0000E+00	  0.0000E+00	  0.0000E+00	  0.0000E+00	  0.0000E+00	  0.0000E+00	  0.0000E+00	  0.0000E+00	  0.0000E+00	  0.0000E+00	  0.0000E+00	  0.0000E+00	  0.0000E+00	  0.0000E+00	  0.0000E+00	  0.0000E+00	  0.0000E+00	  0.0000E+00	  0.0000E+00	  0.0000E+00	  0.0000E+00	  0.0000E+00	  0.0000E+00	  0.0000E+00	  0.0000E+00
  0.0000E+00	  0.0000E+00	  0.0000E+00	  0.0000E+00	  0.0000E+00	  0.0000E+00	  0.0000E+00	  0.0000E+00	  0.0000E+00	  0.0000E+00	  0.0000E+00	  0.0000E+00	  0.0000E+00	  0.0000E+00	  0.0000E+00	  0.0000E+00	  0.0000E+00	  0.0000E+00	  0.0000E+00	  0.0000E+00	  0.0000E+00	  0.0000E+00	  0.0000E+00	  0.0000E+00	  0.0000E+00	  0.0000E+00	  0.0000E+00	  0.0000E+00	  0.0000E+00	  0.0000E+00	  0.0000E+00	  0.0000E+00	  0.0000E+00	  0.0000E+00	  0.0000E+00	  0.0000E+00	  0.0000E+00	  0.0000E+00	  0.0000E+00	  0.0000E+00	  0.0000E+00	  0.0000E+00	  0.0000E+00	  0.0000E+00	  0.0000E+00	  0.0000E+00	  0.0000E+00	  0.0000E+00	  0.0000E+00	  0.0000E+00	  0.0000E+00	  0.0000E+00	  0.0000E+00	  0.0000E+00	  0.0000E+00	  0.0000E+00	  0.0000E+00	  0.0000E+00	  0.0000E+00	  0.0000E+00	  0.0000E+00	  0.0000E+00	  0.0000E+00	  0.0000E+00	  0.0000E+00	  0.0000E+00	  0.0000E+00	  0.0000E+00	  0.0000E+00	  0.0000E+00	  0.0000E+00	  0.0000E+00	  0.0000E+00	  0.0000E+00	  0.0000E+00	  0.0000E+00	  0.0000E+00	  0.0000E+00	  0.0000E+00	  0.0000E+00	  0.0000E+00	  0.0000E+00	  0.0000E+00	  0.0000E+00	  0.0000E+00	  0.0000E+00	  0.0000E+00	  0.0000E+00	  0.0000E+00	  0.0000E+00	  0.0000E+00	  0.0000E+00	  0.0000E+00	  0.0000E+00	  0.0000E+00	  0.0000E+00	  0.0000E+00	  0.0000E+00	  0.0000E+00	  0.0000E+00	  0.0000E+00	  0.0000E+00	  0.0000E+00	  0.0000E+00	  0.0000E+00	  0.0000E+00	  0.0000E+00	  0.0000E+00	  0.0000E+00	  0.0000E+00	  0.0000E+00	  0.0000E+00	  0.0000E+00	  0.0000E+00	  0.0000E+00	  0.0000E+00	  0.0000E+00	  0.0000E+00	  0.0000E+00	  0.0000E+00	  0.0000E+00	  0.0000E+00	  0.0000E+00	  0.0000E+00	  0.0000E+00	  0.0000E+00	  0.0000E+00	  0.0000E+00
  0.0000E+00	  0.0000E+00	  0.0000E+00	  0.0000E+00	  0.0000E+00	  0.0000E+00	  0.0000E+00	  0.0000E+00	  0.0000E+00	  0.0000E+00	  0.0000E+00	  0.0000E+00	  0.0000E+00	  0.0000E+00	  0.0000E+00	  0.0000E+00	  0.0000E+00	  0.0000E+00	  0.0000E+00	  0.0000E+00	  0.0000E+00	  0.0000E+00	  0.0000E+00	  0.0000E+00	  0.0000E+00	  0.0000E+00	  0.0000E+00	  0.0000E+00	  0.0000E+00	  0.0000E+00	  0.0000E+00	  0.0000E+00	  0.0000E+00	  0.0000E+00	  0.0000E+00	  0.0000E+00	  0.0000E+00	  0.0000E+00	  0.0000E+00	  0.0000E+00	  0.0000E+00	  0.0000E+00	  0.0000E+00	  0.0000E+00	  0.0000E+00	  0.0000E+00	  0.0000E+00	  0.0000E+00	  0.0000E+00	  0.0000E+00	  0.0000E+00	  0.0000E+00	  0.0000E+00	  0.0000E+00	  0.0000E+00	  0.0000E+00	  0.0000E+00	  0.0000E+00	  0.0000E+00	  0.0000E+00	  0.0000E+00	  0.0000E+00	  0.0000E+00	  0.0000E+00	  0.0000E+00	  0.0000E+00	  0.0000E+00	  0.0000E+00	  0.0000E+00	  0.0000E+00	  0.0000E+00	  0.0000E+00	  0.0000E+00	  0.0000E+00	  0.0000E+00	  0.0000E+00	  0.0000E+00	  0.0000E+00	  0.0000E+00	  0.0000E+00	  0.0000E+00	  0.0000E+00	  0.0000E+00	  0.0000E+00	  0.0000E+00	  0.0000E+00	  0.0000E+00	  0.0000E+00	  0.0000E+00	  0.0000E+00	  0.0000E+00	  0.0000E+00	  0.0000E+00	  0.0000E+00	  0.0000E+00	  0.0000E+00	  0.0000E+00	  0.0000E+00	  0.0000E+00	  0.0000E+00	  0.0000E+00	  0.0000E+00	  0.0000E+00	  0.0000E+00	  0.0000E+00	  0.0000E+00	  0.0000E+00	  0.0000E+00	  0.0000E+00	  0.0000E+00	  0.0000E+00	  0.0000E+00	  0.0000E+00	  0.0000E+00	  0.0000E+00	  0.0000E+00	  0.0000E+00	  0.0000E+00	  0.0000E+00	  0.0000E+00	  0.0000E+00	  0.0000E+00	  0.0000E+00	  0.0000E+00	  0.0000E+00	  0.0000E+00	  0.0000E+00	  0.0000E+00
  0.0000E+00	  0.0000E+00	  0.0000E+00	  0.0000E+00	  0.0000E+00	  0.0000E+00	  0.0000E+00	  0.0000E+00	  0.0000E+00	  0.0000E+00	  0.0000E+00	  0.0000E+00	  0.0000E+00	  0.0000E+00	  0.0000E+00	  0.0000E+00	  0.0000E+00	  0.0000E+00	  0.0000E+00	  0.0000E+00	  0.0000E+00	  0.0000E+00	  0.0000E+00	  0.0000E+00	  0.0000E+00	  0.0000E+00	  0.0000E+00	  0.0000E+00	  0.0000E+00	  0.0000E+00	  0.0000E+00	  0.0000E+00	  0.0000E+00	  0.0000E+00	  0.0000E+00	  0.0000E+00	  0.0000E+00	  0.0000E+00	  0.0000E+00	  0.0000E+00	  0.0000E+00	  0.0000E+00	  0.0000E+00	  0.0000E+00	  0.0000E+00	  0.0000E+00	  0.0000E+00	  0.0000E+00	  0.0000E+00	  0.0000E+00	  0.0000E+00	  0.0000E+00	  0.0000E+00	  0.0000E+00	  0.0000E+00	  0.0000E+00	  0.0000E+00	  0.0000E+00	  0.0000E+00	  0.0000E+00	  0.0000E+00	  0.0000E+00	  0.0000E+00	  0.0000E+00	  0.0000E+00	  0.0000E+00	  0.0000E+00	  0.0000E+00	  0.0000E+00	  0.0000E+00	  0.0000E+00	  0.0000E+00	  0.0000E+00	  0.0000E+00	  0.0000E+00	  0.0000E+00	  0.0000E+00	  0.0000E+00	  0.0000E+00	  0.0000E+00	  0.0000E+00	  0.0000E+00	  0.0000E+00	  0.0000E+00	  0.0000E+00	  0.0000E+00	  0.0000E+00	  0.0000E+00	  0.0000E+00	  0.0000E+00	  0.0000E+00	  0.0000E+00	  0.0000E+00	  0.0000E+00	  0.0000E+00	  0.0000E+00	  0.0000E+00	  0.0000E+00	  0.0000E+00	  0.0000E+00	  0.0000E+00	  0.0000E+00	  0.0000E+00	  0.0000E+00	  0.0000E+00	  0.0000E+00	  0.0000E+00	  0.0000E+00	  0.0000E+00	  0.0000E+00	  0.0000E+00	  0.0000E+00	  0.0000E+00	  0.0000E+00	  0.0000E+00	  0.0000E+00	  0.0000E+00	  0.0000E+00	  0.0000E+00	  0.0000E+00	  0.0000E+00	  0.0000E+00	  0.0000E+00	  0.0000E+00	  0.0000E+00	  0.0000E+00	  0.0000E+00	  0.0000E+00
  0.0000E+00	  0.0000E+00	  0.0000E+00	  0.0000E+00	  0.0000E+00	  0.0000E+00	  0.0000E+00	  0.0000E+00	  0.0000E+00	  0.0000E+00	  0.0000E+00	  0.0000E+00	  0.0000E+00	  0.0000E+00	  0.0000E+00	  0.0000E+00	  0.0000E+00	  0.0000E+00	  0.0000E+00	  0.0000E+00	  0.0000E+00	  0.0000E+00	  0.0000E+00	  0.0000E+00	  0.0000E+00	  0.0000E+00	  0.0000E+00	  0.0000E+00	  0.0000E+00	  0.0000E+00	  0.0000E+00	  0.0000E+00	  0.0000E+00	  0.0000E+00	  0.0000E+00	  0.0000E+00	  0.0000E+00	  0.0000E+00	  0.0000E+00	  0.0000E+00	  0.0000E+00	  0.0000E+00	  0.0000E+00	  0.0000E+00	  0.0000E+00	  0.0000E+00	  0.0000E+00	  0.0000E+00	  0.0000E+00	  0.0000E+00	  0.0000E+00	  0.0000E+00	  0.0000E+00	  0.0000E+00	  0.0000E+00	  0.0000E+00	  0.0000E+00	  0.0000E+00	  0.0000E+00	  0.0000E+00	  0.0000E+00	  0.0000E+00	  0.0000E+00	  0.0000E+00	  0.0000E+00	  0.0000E+00	  0.0000E+00	  0.0000E+00	  0.0000E+00	  0.0000E+00	  0.0000E+00	  0.0000E+00	  0.0000E+00	  0.0000E+00	  0.0000E+00	  0.0000E+00	  0.0000E+00	  0.0000E+00	  0.0000E+00	  0.0000E+00	  0.0000E+00	  0.0000E+00	  0.0000E+00	  0.0000E+00	  0.0000E+00	  0.0000E+00	  0.0000E+00	  0.0000E+00	  0.0000E+00	  0.0000E+00	  0.0000E+00	  0.0000E+00	  0.0000E+00	  0.0000E+00	  0.0000E+00	  0.0000E+00	  0.0000E+00	  0.0000E+00	  0.0000E+00	  0.0000E+00	  0.0000E+00	  0.0000E+00	  0.0000E+00	  0.0000E+00	  0.0000E+00	  0.0000E+00	  0.0000E+00	  0.0000E+00	  0.0000E+00	  0.0000E+00	  0.0000E+00	  0.0000E+00	  0.0000E+00	  0.0000E+00	  0.0000E+00	  0.0000E+00	  0.0000E+00	  0.0000E+00	  0.0000E+00	  0.0000E+00	  0.0000E+00	  0.0000E+00	  0.0000E+00	  0.0000E+00	  0.0000E+00	  0.0000E+00	  0.0000E+00	  0.0000E+00
  0.0000E+00	  0.0000E+00	  0.0000E+00	  0.0000E+00	  0.0000E+00	  0.0000E+00	  0.0000E+00	  0.0000E+00	  0.0000E+00	  0.0000E+00	  0.0000E+00	  0.0000E+00	  0.0000E+00	  0.0000E+00	  0.0000E+00	  0.0000E+00	  0.0000E+00	  0.0000E+00	  0.0000E+00	  0.0000E+00	  0.0000E+00	  0.0000E+00	  0.0000E+00	  0.0000E+00	  0.0000E+00	  0.0000E+00	  0.0000E+00	  0.0000E+00	  0.0000E+00	  0.0000E+00	  0.0000E+00	  0.0000E+00	  0.0000E+00	  0.0000E+00	  0.0000E+00	  0.0000E+00	  0.0000E+00	  0.0000E+00	  0.0000E+00	  0.0000E+00	  0.0000E+00	  0.0000E+00	  0.0000E+00	  0.0000E+00	  0.0000E+00	  0.0000E+00	  0.0000E+00	  0.0000E+00	  0.0000E+00	  0.0000E+00	  0.0000E+00	  0.0000E+00	  0.0000E+00	  0.0000E+00	  0.0000E+00	  0.0000E+00	  0.0000E+00	  0.0000E+00	  0.0000E+00	  0.0000E+00	  0.0000E+00	  0.0000E+00	  0.0000E+00	  0.0000E+00	  0.0000E+00	  0.0000E+00	  0.0000E+00	  0.0000E+00	  0.0000E+00	  0.0000E+00	  0.0000E+00	  0.0000E+00	  0.0000E+00	  0.0000E+00	  0.0000E+00	  0.0000E+00	  0.0000E+00	  0.0000E+00	  0.0000E+00	  0.0000E+00	  0.0000E+00	  0.0000E+00	  0.0000E+00	  0.0000E+00	  0.0000E+00	  0.0000E+00	  0.0000E+00	  0.0000E+00	  0.0000E+00	  0.0000E+00	  0.0000E+00	  0.0000E+00	  0.0000E+00	  0.0000E+00	  0.0000E+00	  0.0000E+00	  0.0000E+00	  0.0000E+00	  0.0000E+00	  0.0000E+00	  0.0000E+00	  0.0000E+00	  0.0000E+00	  0.0000E+00	  0.0000E+00	  0.0000E+00	  0.0000E+00	  0.0000E+00	  0.0000E+00	  0.0000E+00	  0.0000E+00	  0.0000E+00	  0.0000E+00	  0.0000E+00	  0.0000E+00	  0.0000E+00	  0.0000E+00	  0.0000E+00	  0.0000E+00	  0.0000E+00	  0.0000E+00	  0.0000E+00	  0.0000E+00	  0.0000E+00	  0.0000E+00	  0.0000E+00	  0.0000E+00	  0.0000E+00
  0.0000E+00	  0.0000E+00	  0.0000E+00	  0.0000E+00	  0.0000E+00	  0.0000E+00	  0.0000E+00	  0.0000E+00	  0.0000E+00	  0.0000E+00	  0.0000E+00	  0.0000E+00	  0.0000E+00	  0.0000E+00	  0.0000E+00	  0.0000E+00	  0.0000E+00	  0.0000E+00	  0.0000E+00	  0.0000E+00	  0.0000E+00	  0.0000E+00	  0.0000E+00	  0.0000E+00	  0.0000E+00	  0.0000E+00	  0.0000E+00	  0.0000E+00	  0.0000E+00	  0.0000E+00	  0.0000E+00	  0.0000E+00	  0.0000E+00	  0.0000E+00	  0.0000E+00	  0.0000E+00	  0.0000E+00	  0.0000E+00	  0.0000E+00	  0.0000E+00	  0.0000E+00	  0.0000E+00	  0.0000E+00	  0.0000E+00	  0.0000E+00	  0.0000E+00	  0.0000E+00	  0.0000E+00	  0.0000E+00	  0.0000E+00	  0.0000E+00	  0.0000E+00	  0.0000E+00	  0.0000E+00	  0.0000E+00	  0.0000E+00	  0.0000E+00	  0.0000E+00	  0.0000E+00	  0.0000E+00	  0.0000E+00	  0.0000E+00	  0.0000E+00	  0.0000E+00	  0.0000E+00	  0.0000E+00	  0.0000E+00	  0.0000E+00	  0.0000E+00	  0.0000E+00	  0.0000E+00	  0.0000E+00	  0.0000E+00	  0.0000E+00	  0.0000E+00	  0.0000E+00	  0.0000E+00	  0.0000E+00	  0.0000E+00	  0.0000E+00	  0.0000E+00	  0.0000E+00	  0.0000E+00	  0.0000E+00	  0.0000E+00	  0.0000E+00	  0.0000E+00	  0.0000E+00	  0.0000E+00	  0.0000E+00	  0.0000E+00	  0.0000E+00	  0.0000E+00	  0.0000E+00	  0.0000E+00	  0.0000E+00	  0.0000E+00	  0.0000E+00	  0.0000E+00	  0.0000E+00	  0.0000E+00	  0.0000E+00	  0.0000E+00	  0.0000E+00	  0.0000E+00	  0.0000E+00	  0.0000E+00	  0.0000E+00	  0.0000E+00	  0.0000E+00	  0.0000E+00	  0.0000E+00	  0.0000E+00	  0.0000E+00	  0.0000E+00	  0.0000E+00	  0.0000E+00	  0.0000E+00	  0.0000E+00	  0.0000E+00	  0.0000E+00	  0.0000E+00	  0.0000E+00	  0.0000E+00	  0.0000E+00	  0.0000E+00	  0.0000E+00	  0.0000E+00
  0.0000E+00	  0.0000E+00	  0.0000E+00	  0.0000E+00	  0.0000E+00	  0.0000E+00	  0.0000E+00	  0.0000E+00	  0.0000E+00	  0.0000E+00	  0.0000E+00	  0.0000E+00	  0.0000E+00	  0.0000E+00	  0.0000E+00	  0.0000E+00	  0.0000E+00	  0.0000E+00	  0.0000E+00	  0.0000E+00	  0.0000E+00	  0.0000E+00	  0.0000E+00	  0.0000E+00	  0.0000E+00	  0.0000E+00	  0.0000E+00	  0.0000E+00	  0.0000E+00	  0.0000E+00	  0.0000E+00	  0.0000E+00	  0.0000E+00	  0.0000E+00	  0.0000E+00	  0.0000E+00	  0.0000E+00	  0.0000E+00	  0.0000E+00	  0.0000E+00	  0.0000E+00	  0.0000E+00	  0.0000E+00	  0.0000E+00	  0.0000E+00	  0.0000E+00	  0.0000E+00	  0.0000E+00	  0.0000E+00	  0.0000E+00	  0.0000E+00	  0.0000E+00	  0.0000E+00	  0.0000E+00	  0.0000E+00	  0.0000E+00	  0.0000E+00	  0.0000E+00	  0.0000E+00	  0.0000E+00	  0.0000E+00	  0.0000E+00	  0.0000E+00	  0.0000E+00	  0.0000E+00	  0.0000E+00	  0.0000E+00	  0.0000E+00	  0.0000E+00	  0.0000E+00	  0.0000E+00	  0.0000E+00	  0.0000E+00	  0.0000E+00	  0.0000E+00	  0.0000E+00	  0.0000E+00	  0.0000E+00	  0.0000E+00	  0.0000E+00	  0.0000E+00	  0.0000E+00	  0.0000E+00	  0.0000E+00	  0.0000E+00	  0.0000E+00	  0.0000E+00	  0.0000E+00	  0.0000E+00	  0.0000E+00	  0.0000E+00	  0.0000E+00	  0.0000E+00	  0.0000E+00	  0.0000E+00	  0.0000E+00	  0.0000E+00	  0.0000E+00	  0.0000E+00	  0.0000E+00	  0.0000E+00	  0.0000E+00	  0.0000E+00	  0.0000E+00	  0.0000E+00	  0.0000E+00	  0.0000E+00	  0.0000E+00	  0.0000E+00	  0.0000E+00	  0.0000E+00	  0.0000E+00	  0.0000E+00	  0.0000E+00	  0.0000E+00	  0.0000E+00	  0.0000E+00	  0.0000E+00	  0.0000E+00	  0.0000E+00	  0.0000E+00	  0.0000E+00	  0.0000E+00	  0.0000E+00	  0.0000E+00	  0.0000E+00	  0.0000E+00	  0.0000E+00
  0.0000E+00	  0.0000E+00	  0.0000E+00	  0.0000E+00	  0.0000E+00	  0.0000E+00	  0.0000E+00	  0.0000E+00	  0.0000E+00	  0.0000E+00	  0.0000E+00	  0.0000E+00	  0.0000E+00	  0.0000E+00	  0.0000E+00	  0.0000E+00	  0.0000E+00	  0.0000E+00	  0.0000E+00	  0.0000E+00	  0.0000E+00	  0.0000E+00	  0.0000E+00	  0.0000E+00	  0.0000E+00	  0.0000E+00	  0.0000E+00	  0.0000E+00	  0.0000E+00	  0.0000E+00	  0.0000E+00	  0.0000E+00	  0.0000E+00	  0.0000E+00	  0.0000E+00	  0.0000E+00	  0.0000E+00	  0.0000E+00	  0.0000E+00	  0.0000E+00	  0.0000E+00	  0.0000E+00	  0.0000E+00	  0.0000E+00	  0.0000E+00	  0.0000E+00	  0.0000E+00	  0.0000E+00	  0.0000E+00	  0.0000E+00	  0.0000E+00	  0.0000E+00	  0.0000E+00	  0.0000E+00	  0.0000E+00	  0.0000E+00	  0.0000E+00	  0.0000E+00	  0.0000E+00	  0.0000E+00	  0.0000E+00	  0.0000E+00	  0.0000E+00	  0.0000E+00	  0.0000E+00	  0.0000E+00	  0.0000E+00	  0.0000E+00	  0.0000E+00	  0.0000E+00	  0.0000E+00	  0.0000E+00	  0.0000E+00	  0.0000E+00	  0.0000E+00	  0.0000E+00	  0.0000E+00	  0.0000E+00	  0.0000E+00	  0.0000E+00	  0.0000E+00	  0.0000E+00	  0.0000E+00	  0.0000E+00	  0.0000E+00	  0.0000E+00	  0.0000E+00	  0.0000E+00	  0.0000E+00	  0.0000E+00	  0.0000E+00	  0.0000E+00	  0.0000E+00	  0.0000E+00	  0.0000E+00	  0.0000E+00	  0.0000E+00	  0.0000E+00	  0.0000E+00	  0.0000E+00	  0.0000E+00	  0.0000E+00	  0.0000E+00	  0.0000E+00	  0.0000E+00	  0.0000E+00	  0.0000E+00	  0.0000E+00	  0.0000E+00	  0.0000E+00	  0.0000E+00	  0.0000E+00	  0.0000E+00	  0.0000E+00	  0.0000E+00	  0.0000E+00	  0.0000E+00	  0.0000E+00	  0.0000E+00	  0.0000E+00	  0.0000E+00	  0.0000E+00	  0.0000E+00	  0.0000E+00	  0.0000E+00	  0.0000E+00	  0.0000E+00	  0.0000E+00
  0.0000E+00	  0.0000E+00	  0.0000E+00	  0.0000E+00	  0.0000E+00	  0.0000E+00	  0.0000E+00	  0.0000E+00	  0.0000E+00	  0.0000E+00	  0.0000E+00	  0.0000E+00	  0.0000E+00	  0.0000E+00	  0.0000E+00	  0.0000E+00	  0.0000E+00	  0.0000E+00	  0.0000E+00	  0.0000E+00	  0.0000E+00	  0.0000E+00	  0.0000E+00	  0.0000E+00	  0.0000E+00	  0.0000E+00	  0.0000E+00	  0.0000E+00	  0.0000E+00	  0.0000E+00	  0.0000E+00	  0.0000E+00	  0.0000E+00	  0.0000E+00	  0.0000E+00	  0.0000E+00	  0.0000E+00	  0.0000E+00	  0.0000E+00	  0.0000E+00	  0.0000E+00	  0.0000E+00	  0.0000E+00	  0.0000E+00	  0.0000E+00	  0.0000E+00	  0.0000E+00	  0.0000E+00	  0.0000E+00	  0.0000E+00	  0.0000E+00	  0.0000E+00	  0.0000E+00	  0.0000E+00	  0.0000E+00	  0.0000E+00	  0.0000E+00	  0.0000E+00	  0.0000E+00	  0.0000E+00	  0.0000E+00	  0.0000E+00	  0.0000E+00	  0.0000E+00	  0.0000E+00	  0.0000E+00	  0.0000E+00	  0.0000E+00	  0.0000E+00	  0.0000E+00	  0.0000E+00	  0.0000E+00	  0.0000E+00	  0.0000E+00	  0.0000E+00	  0.0000E+00	  0.0000E+00	  0.0000E+00	  0.0000E+00	  0.0000E+00	  0.0000E+00	  0.0000E+00	  0.0000E+00	  0.0000E+00	  0.0000E+00	  0.0000E+00	  0.0000E+00	  0.0000E+00	  0.0000E+00	  0.0000E+00	  0.0000E+00	  0.0000E+00	  0.0000E+00	  0.0000E+00	  0.0000E+00	  0.0000E+00	  0.0000E+00	  0.0000E+00	  0.0000E+00	  0.0000E+00	  0.0000E+00	  0.0000E+00	  0.0000E+00	  0.0000E+00	  0.0000E+00	  0.0000E+00	  0.0000E+00	  0.0000E+00	  0.0000E+00	  0.0000E+00	  0.0000E+00	  0.0000E+00	  0.0000E+00	  0.0000E+00	  0.0000E+00	  0.0000E+00	  0.0000E+00	  0.0000E+00	  0.0000E+00	  0.0000E+00	  0.0000E+00	  0.0000E+00	  0.0000E+00	  0.0000E+00	  0.0000E+00	  0.0000E+00	  0.0000E+00	  0.0000E+00
  0.0000E+00	  0.0000E+00	  0.0000E+00	  0.0000E+00	  0.0000E+00	  0.0000E+00	  0.0000E+00	  0.0000E+00	  0.0000E+00	  0.0000E+00	  0.0000E+00	  0.0000E+00	  0.0000E+00	  0.0000E+00	  0.0000E+00	  0.0000E+00	  0.0000E+00	  0.0000E+00	  0.0000E+00	  0.0000E+00	  0.0000E+00	  0.0000E+00	  0.0000E+00	  0.0000E+00	  0.0000E+00	  0.0000E+00	  0.0000E+00	  0.0000E+00	  0.0000E+00	  0.0000E+00	  0.0000E+00	  0.0000E+00	  0.0000E+00	  0.0000E+00	  0.0000E+00	  0.0000E+00	  0.0000E+00	  0.0000E+00	  0.0000E+00	  0.0000E+00	  0.0000E+00	  0.0000E+00	  0.0000E+00	  0.0000E+00	  0.0000E+00	  0.0000E+00	  0.0000E+00	  0.0000E+00	  0.0000E+00	  0.0000E+00	  0.0000E+00	  0.0000E+00	  0.0000E+00	  0.0000E+00	  0.0000E+00	  0.0000E+00	  0.0000E+00	  0.0000E+00	  0.0000E+00	  0.0000E+00	  0.0000E+00	  0.0000E+00	  0.0000E+00	  0.0000E+00	  0.0000E+00	  0.0000E+00	  0.0000E+00	  0.0000E+00	  0.0000E+00	  0.0000E+00	  0.0000E+00	  0.0000E+00	  0.0000E+00	  0.0000E+00	  0.0000E+00	  0.0000E+00	  0.0000E+00	  0.0000E+00	  0.0000E+00	  0.0000E+00	  0.0000E+00	  0.0000E+00	  0.0000E+00	  0.0000E+00	  0.0000E+00	  0.0000E+00	  0.0000E+00	  0.0000E+00	  0.0000E+00	  0.0000E+00	  0.0000E+00	  0.0000E+00	  0.0000E+00	  0.0000E+00	  0.0000E+00	  0.0000E+00	  0.0000E+00	  0.0000E+00	  0.0000E+00	  0.0000E+00	  0.0000E+00	  0.0000E+00	  0.0000E+00	  0.0000E+00	  0.0000E+00	  0.0000E+00	  0.0000E+00	  0.0000E+00	  0.0000E+00	  0.0000E+00	  0.0000E+00	  0.0000E+00	  0.0000E+00	  0.0000E+00	  0.0000E+00	  0.0000E+00	  0.0000E+00	  0.0000E+00	  0.0000E+00	  0.0000E+00	  0.0000E+00	  0.0000E+00	  0.0000E+00	  0.0000E+00	  0.0000E+00	  0.0000E+00	  0.0000E+00	  0.0000E+00
  0.0000E+00	  0.0000E+00	  0.0000E+00	  0.0000E+00	  0.0000E+00	  0.0000E+00	  0.0000E+00	  0.0000E+00	  0.0000E+00	  0.0000E+00	  0.0000E+00	  0.0000E+00	  0.0000E+00	  0.0000E+00	  0.0000E+00	  0.0000E+00	  0.0000E+00	  0.0000E+00	  0.0000E+00	  0.0000E+00	  0.0000E+00	  0.0000E+00	  0.0000E+00	  0.0000E+00	  0.0000E+00	  0.0000E+00	  0.0000E+00	  0.0000E+00	  0.0000E+00	  0.0000E+00	  0.0000E+00	  0.0000E+00	  0.0000E+00	  0.0000E+00	  0.0000E+00	  0.0000E+00	  0.0000E+00	  0.0000E+00	  0.0000E+00	  0.0000E+00	  0.0000E+00	  0.0000E+00	  0.0000E+00	  0.0000E+00	  0.0000E+00	  0.0000E+00	  0.0000E+00	  0.0000E+00	  0.0000E+00	  0.0000E+00	  0.0000E+00	  0.0000E+00	  0.0000E+00	  0.0000E+00	  0.0000E+00	  0.0000E+00	  0.0000E+00	  0.0000E+00	  0.0000E+00	  0.0000E+00	  0.0000E+00	  0.0000E+00	  0.0000E+00	  0.0000E+00	  0.0000E+00	  0.0000E+00	  0.0000E+00	  0.0000E+00	  0.0000E+00	  0.0000E+00	  0.0000E+00	  0.0000E+00	  0.0000E+00	  0.0000E+00	  0.0000E+00	  0.0000E+00	  0.0000E+00	  0.0000E+00	  0.0000E+00	  0.0000E+00	  0.0000E+00	  0.0000E+00	  0.0000E+00	  0.0000E+00	  0.0000E+00	  0.0000E+00	  0.0000E+00	  0.0000E+00	  0.0000E+00	  0.0000E+00	  0.0000E+00	  0.0000E+00	  0.0000E+00	  0.0000E+00	  0.0000E+00	  0.0000E+00	  0.0000E+00	  0.0000E+00	  0.0000E+00	  0.0000E+00	  0.0000E+00	  0.0000E+00	  0.0000E+00	  0.0000E+00	  0.0000E+00	  0.0000E+00	  0.0000E+00	  0.0000E+00	  0.0000E+00	  0.0000E+00	  0.0000E+00	  0.0000E+00	  0.0000E+00	  0.0000E+00	  0.0000E+00	  0.0000E+00	  0.0000E+00	  0.0000E+00	  0.0000E+00	  0.0000E+00	  0.0000E+00	  0.0000E+00	  0.0000E+00	  0.0000E+00	  0.0000E+00	  0.0000E+00	  0.0000E+00	  0.0000E+00
  0.0000E+00	  0.0000E+00	  0.0000E+00	  0.0000E+00	  0.0000E+00	  0.0000E+00	  0.0000E+00	  0.0000E+00	  0.0000E+00	  0.0000E+00	  0.0000E+00	  0.0000E+00	  0.0000E+00	  0.0000E+00	  0.0000E+00	  0.0000E+00	  0.0000E+00	  0.0000E+00	  0.0000E+00	  0.0000E+00	  0.0000E+00	  0.0000E+00	  0.0000E+00	  0.0000E+00	  0.0000E+00	  0.0000E+00	  0.0000E+00	  0.0000E+00	  0.0000E+00	  0.0000E+00	  0.0000E+00	  0.0000E+00	  0.0000E+00	  0.0000E+00	  0.0000E+00	  0.0000E+00	  0.0000E+00	  0.0000E+00	  0.0000E+00	  0.0000E+00	  0.0000E+00	  0.0000E+00	  0.0000E+00	  0.0000E+00	  0.0000E+00	  0.0000E+00	  0.0000E+00	  0.0000E+00	  0.0000E+00	  0.0000E+00	  0.0000E+00	  0.0000E+00	  0.0000E+00	  0.0000E+00	  0.0000E+00	  0.0000E+00	  0.0000E+00	  0.0000E+00	  0.0000E+00	  0.0000E+00	  0.0000E+00	  0.0000E+00	  0.0000E+00	  0.0000E+00	  0.0000E+00	  0.0000E+00	  0.0000E+00	  0.0000E+00	  0.0000E+00	  0.0000E+00	  0.0000E+00	  0.0000E+00	  0.0000E+00	  0.0000E+00	  0.0000E+00	  0.0000E+00	  0.0000E+00	  0.0000E+00	  0.0000E+00	  0.0000E+00	  0.0000E+00	  0.0000E+00	  0.0000E+00	  0.0000E+00	  0.0000E+00	  0.0000E+00	  0.0000E+00	  0.0000E+00	  0.0000E+00	  0.0000E+00	  0.0000E+00	  0.0000E+00	  0.0000E+00	  0.0000E+00	  0.0000E+00	  0.0000E+00	  0.0000E+00	  0.0000E+00	  0.0000E+00	  0.0000E+00	  0.0000E+00	  0.0000E+00	  0.0000E+00	  0.0000E+00	  0.0000E+00	  0.0000E+00	  0.0000E+00	  0.0000E+00	  0.0000E+00	  0.0000E+00	  0.0000E+00	  0.0000E+00	  0.0000E+00	  0.0000E+00	  0.0000E+00	  0.0000E+00	  0.0000E+00	  0.0000E+00	  0.0000E+00	  0.0000E+00	  0.0000E+00	  0.0000E+00	  0.0000E+00	  0.0000E+00	  0.0000E+00	  0.0000E+00	  0.0000E+00	  0.0000E+00
  0.0000E+00	  0.0000E+00	  0.0000E+00	  0.0000E+00	  0.0000E+00	  0.0000E+00	  0.0000E+00	  0.0000E+00	  0.0000E+00	  0.0000E+00	  0.0000E+00	  0.0000E+00	  0.0000E+00	  0.0000E+00	  0.0000E+00	  0.0000E+00	  0.0000E+00	  0.0000E+00	  0.0000E+00	  0.0000E+00	  0.0000E+00	  0.0000E+00	  0.0000E+00	  0.0000E+00	  0.0000E+00	  0.0000E+00	  0.0000E+00	  0.0000E+00	  0.0000E+00	  0.0000E+00	  0.0000E+00	  0.0000E+00	  0.0000E+00	  0.0000E+00	  0.0000E+00	  0.0000E+00	  0.0000E+00	  0.0000E+00	  0.0000E+00	  0.0000E+00	  0.0000E+00	  0.0000E+00	  0.0000E+00	  0.0000E+00	  0.0000E+00	  0.0000E+00	  0.0000E+00	  0.0000E+00	  0.0000E+00	  0.0000E+00	  0.0000E+00	  0.0000E+00	  0.0000E+00	  0.0000E+00	  0.0000E+00	  0.0000E+00	  0.0000E+00	  0.0000E+00	  0.0000E+00	  0.0000E+00	  0.0000E+00	  0.0000E+00	  0.0000E+00	  0.0000E+00	  0.0000E+00	  0.0000E+00	  0.0000E+00	  0.0000E+00	  0.0000E+00	  0.0000E+00	  0.0000E+00	  0.0000E+00	  0.0000E+00	  0.0000E+00	  0.0000E+00	  0.0000E+00	  0.0000E+00	  0.0000E+00	  0.0000E+00	  0.0000E+00	  0.0000E+00	  0.0000E+00	  0.0000E+00	  0.0000E+00	  0.0000E+00	  0.0000E+00	  0.0000E+00	  0.0000E+00	  0.0000E+00	  0.0000E+00	  0.0000E+00	  0.0000E+00	  0.0000E+00	  0.0000E+00	  0.0000E+00	  0.0000E+00	  0.0000E+00	  0.0000E+00	  0.0000E+00	  0.0000E+00	  0.0000E+00	  0.0000E+00	  0.0000E+00	  0.0000E+00	  0.0000E+00	  0.0000E+00	  0.0000E+00	  0.0000E+00	  0.0000E+00	  0.0000E+00	  0.0000E+00	  0.0000E+00	  0.0000E+00	  0.0000E+00	  0.0000E+00	  0.0000E+00	  0.0000E+00	  0.0000E+00	  0.0000E+00	  0.0000E+00	  0.0000E+00	  0.0000E+00	  0.0000E+00	  0.0000E+00	  0.0000E+00	  0.0000E+00	  0.0000E+00	  0.0000E+00
  0.0000E+00	  0.0000E+00	  0.0000E+00	  0.0000E+00	  0.0000E+00	  0.0000E+00	  0.0000E+00	  0.0000E+00	  0.0000E+00	  0.0000E+00	  0.0000E+00	  0.0000E+00	  0.0000E+00	  0.0000E+00	  0.0000E+00	  0.0000E+00	  0.0000E+00	  0.0000E+00	  0.0000E+00	  0.0000E+00	  0.0000E+00	  0.0000E+00	  0.0000E+00	  0.0000E+00	  0.0000E+00	  0.0000E+00	  0.0000E+00	  0.0000E+00	  0.0000E+00	  0.0000E+00	  0.0000E+00	  0.0000E+00	  0.0000E+00	  0.0000E+00	  0.0000E+00	  0.0000E+00	  0.0000E+00	  0.0000E+00	  0.0000E+00	  0.0000E+00	  0.0000E+00	  0.0000E+00	  0.0000E+00	  0.0000E+00	  0.0000E+00	  0.0000E+00	  0.0000E+00	  0.0000E+00	  0.0000E+00	  0.0000E+00	  0.0000E+00	  0.0000E+00	  0.0000E+00	  0.0000E+00	  0.0000E+00	  0.0000E+00	  0.0000E+00	  0.0000E+00	  0.0000E+00	  0.0000E+00	  0.0000E+00	  0.0000E+00	  0.0000E+00	  0.0000E+00	  0.0000E+00	  0.0000E+00	  0.0000E+00	  0.0000E+00	  0.0000E+00	  0.0000E+00	  0.0000E+00	  0.0000E+00	  0.0000E+00	  0.0000E+00	  0.0000E+00	  0.0000E+00	  0.0000E+00	  0.0000E+00	  0.0000E+00	  0.0000E+00	  0.0000E+00	  0.0000E+00	  0.0000E+00	  0.0000E+00	  0.0000E+00	  0.0000E+00	  0.0000E+00	  0.0000E+00	  0.0000E+00	  0.0000E+00	  0.0000E+00	  0.0000E+00	  0.0000E+00	  0.0000E+00	  0.0000E+00	  0.0000E+00	  0.0000E+00	  0.0000E+00	  0.0000E+00	  0.0000E+00	  0.0000E+00	  0.0000E+00	  0.0000E+00	  0.0000E+00	  0.0000E+00	  0.0000E+00	  0.0000E+00	  0.0000E+00	  0.0000E+00	  0.0000E+00	  0.0000E+00	  0.0000E+00	  0.0000E+00	  0.0000E+00	  0.0000E+00	  0.0000E+00	  0.0000E+00	  0.0000E+00	  0.0000E+00	  0.0000E+00	  0.0000E+00	  0.0000E+00	  0.0000E+00	  0.0000E+00	  0.0000E+00	  0.0000E+00	  0.0000E+00	  0.0000E+00
  0.0000E+00	  0.0000E+00	  0.0000E+00	  0.0000E+00	  0.0000E+00	  0.0000E+00	  0.0000E+00	  0.0000E+00	  0.0000E+00	  0.0000E+00	  0.0000E+00	  0.0000E+00	  0.0000E+00	  0.0000E+00	  0.0000E+00	  0.0000E+00	  0.0000E+00	  0.0000E+00	  0.0000E+00	  0.0000E+00	  0.0000E+00	  0.0000E+00	  0.0000E+00	  0.0000E+00	  0.0000E+00	  0.0000E+00	  0.0000E+00	  0.0000E+00	  0.0000E+00	  0.0000E+00	  0.0000E+00	  0.0000E+00	  0.0000E+00	  0.0000E+00	  0.0000E+00	  0.0000E+00	  0.0000E+00	  0.0000E+00	  0.0000E+00	  0.0000E+00	  0.0000E+00	  0.0000E+00	  0.0000E+00	  0.0000E+00	  0.0000E+00	  0.0000E+00	  0.0000E+00	  0.0000E+00	  0.0000E+00	  0.0000E+00	  0.0000E+00	  0.0000E+00	  0.0000E+00	  0.0000E+00	  0.0000E+00	  0.0000E+00	  0.0000E+00	  0.0000E+00	  0.0000E+00	  0.0000E+00	  0.0000E+00	  0.0000E+00	  0.0000E+00	  0.0000E+00	  0.0000E+00	  0.0000E+00	  0.0000E+00	  0.0000E+00	  0.0000E+00	  0.0000E+00	  0.0000E+00	  0.0000E+00	  0.0000E+00	  0.0000E+00	  0.0000E+00	  0.0000E+00	  0.0000E+00	  0.0000E+00	  0.0000E+00	  0.0000E+00	  0.0000E+00	  0.0000E+00	  0.0000E+00	  0.0000E+00	  0.0000E+00	  0.0000E+00	  0.0000E+00	  0.0000E+00	  0.0000E+00	  0.0000E+00	  0.0000E+00	  0.0000E+00	  0.0000E+00	  0.0000E+00	  0.0000E+00	  0.0000E+00	  0.0000E+00	  0.0000E+00	  0.0000E+00	  0.0000E+00	  0.0000E+00	  0.0000E+00	  0.0000E+00	  0.0000E+00	  0.0000E+00	  0.0000E+00	  0.0000E+00	  0.0000E+00	  0.0000E+00	  0.0000E+00	  0.0000E+00	  0.0000E+00	  0.0000E+00	  0.0000E+00	  0.0000E+00	  0.0000E+00	  0.0000E+00	  0.0000E+00	  0.0000E+00	  0.0000E+00	  0.0000E+00	  0.0000E+00	  0.0000E+00	  0.0000E+00	  0.0000E+00	  0.0000E+00	  0.0000E+00	  0.0000E+00
