Image analysis histogram listing

File : C:\Users\Jason Fucik\OneDrive - California Institute of Technology\zrepo\UVEX\20250326B_UVEX_FULLSYS_DESIGN_SIM.zmx
Title: UVEX Full System
Date : 8/26/2026
Configuration 3 of 3

Consider changing the field type to object height for improved accuracy. See Help Files for more details.
Field Width                    : 1e-06 degrees
Image Width                    : 0.128 Millimeters
Number of pixels               : 128 x 128
Total Weight of Rays Attempted :   1.000825E+06
Total Weight of Rays Passed    :   9.152210E+05
Total Rays Launched            : 1000825
Percent Efficiency             :   91.45 %
Total flux in watts            : 9.145E-01
Units                          : Watts/Millimeters squared

  0.0000E+00	  0.0000E+00	  0.0000E+00	  0.0000E+00	  0.0000E+00	  0.0000E+00	  0.0000E+00	  0.0000E+00	  0.0000E+00	  0.0000E+00	  0.0000E+00	  0.0000E+00	  0.0000E+00	  0.0000E+00	  0.0000E+00	  0.0000E+00	  0.0000E+00	  0.0000E+00	  0.0000E+00	  0.0000E+00	  0.0000E+00	  0.0000E+00	  0.0000E+00	  0.0000E+00	  0.0000E+00	  0.0000E+00	  0.0000E+00	  0.0000E+00	  0.0000E+00	  0.0000E+00	  0.0000E+00	  0.0000E+00	  0.0000E+00	  0.0000E+00	  0.0000E+00	  0.0000E+00	  0.0000E+00	  0.0000E+00	  0.0000E+00	  0.0000E+00	  0.0000E+00	  0.0000E+00	  0.0000E+00	  0.0000E+00	  0.0000E+00	  0.0000E+00	  0.0000E+00	  0.0000E+00	  0.0000E+00	  0.0000E+00	  0.0000E+00	  0.0000E+00	  0.0000E+00	  0.0000E+00	  0.0000E+00	  0.0000E+00	  0.0000E+00	  0.0000E+00	  0.0000E+00	  0.0000E+00	  0.0000E+00	  0.0000E+00	  0.0000E+00	  0.0000E+00	  0.0000E+00	  0.0000E+00	  0.0000E+00	  0.0000E+00	  0.0000E+00	  0.0000E+00	  0.0000E+00	  0.0000E+00	  0.0000E+00	  0.0000E+00	  0.0000E+00	  0.0000E+00	  0.0000E+00	  0.0000E+00	  0.0000E+00	  0.0000E+00	  0.0000E+00	  0.0000E+00	  0.0000E+00	  0.0000E+00	  0.0000E+00	  0.0000E+00	  0.0000E+00	  0.0000E+00	  0.0000E+00	  0.0000E+00	  0.0000E+00	  0.0000E+00	  0.0000E+00	  0.0000E+00	  0.0000E+00	  0.0000E+00	  0.0000E+00	  0.0000E+00	  0.0000E+00	  0.0000E+00	  0.0000E+00	  0.0000E+00	  0.0000E+00	  0.0000E+00	  0.0000E+00	  0.0000E+00	  0.0000E+00	  0.0000E+00	  0.0000E+00	  0.0000E+00	  0.0000E+00	  0.0000E+00	  0.0000E+00	  0.0000E+00	  0.0000E+00	  0.0000E+00	  0.0000E+00	  0.0000E+00	  0.0000E+00	  0.0000E+00	  0.0000E+00	  0.0000E+00	  0.0000E+00	  0.0000E+00	  0.0000E+00	  0.0000E+00	  0.0000E+00	  0.0000E+00
  0.0000E+00	  0.0000E+00	  0.0000E+00	  0.0000E+00	  0.0000E+00	  0.0000E+00	  0.0000E+00	  0.0000E+00	  0.0000E+00	  0.0000E+00	  0.0000E+00	  0.0000E+00	  0.0000E+00	  0.0000E+00	  0.0000E+00	  0.0000E+00	  0.0000E+00	  0.0000E+00	  0.0000E+00	  0.0000E+00	  0.0000E+00	  0.0000E+00	  0.0000E+00	  0.0000E+00	  0.0000E+00	  0.0000E+00	  0.0000E+00	  0.0000E+00	  0.0000E+00	  0.0000E+00	  0.0000E+00	  0.0000E+00	  0.0000E+00	  0.0000E+00	  0.0000E+00	  0.0000E+00	  0.0000E+00	  0.0000E+00	  0.0000E+00	  0.0000E+00	  0.0000E+00	  0.0000E+00	  0.0000E+00	  0.0000E+00	  0.0000E+00	  0.0000E+00	  0.0000E+00	  0.0000E+00	  0.0000E+00	  0.0000E+00	  0.0000E+00	  0.0000E+00	  0.0000E+00	  0.0000E+00	  0.0000E+00	  0.0000E+00	  0.0000E+00	  0.0000E+00	  0.0000E+00	  0.0000E+00	  0.0000E+00	  0.0000E+00	  0.0000E+00	  0.0000E+00	  0.0000E+00	  0.0000E+00	  0.0000E+00	  0.0000E+00	  0.0000E+00	  0.0000E+00	  0.0000E+00	  0.0000E+00	  0.0000E+00	  0.0000E+00	  0.0000E+00	  0.0000E+00	  0.0000E+00	  0.0000E+00	  0.0000E+00	  0.0000E+00	  0.0000E+00	  0.0000E+00	  0.0000E+00	  0.0000E+00	  0.0000E+00	  0.0000E+00	  0.0000E+00	  0.0000E+00	  0.0000E+00	  0.0000E+00	  0.0000E+00	  0.0000E+00	  0.0000E+00	  0.0000E+00	  0.0000E+00	  0.0000E+00	  0.0000E+00	  0.0000E+00	  0.0000E+00	  0.0000E+00	  0.0000E+00	  0.0000E+00	  0.0000E+00	  0.0000E+00	  0.0000E+00	  0.0000E+00	  0.0000E+00	  0.0000E+00	  0.0000E+00	  0.0000E+00	  0.0000E+00	  0.0000E+00	  0.0000E+00	  0.0000E+00	  0.0000E+00	  0.0000E+00	  0.0000E+00	  0.0000E+00	  0.0000E+00	  0.0000E+00	  0.0000E+00	  0.0000E+00	  0.0000E+00	  0.0000E+00	  0.0000E+00	  0.0000E+00	  0.0000E+00	  0.0000E+00
  0.0000E+00	  0.0000E+00	  0.0000E+00	  0.0000E+00	  0.0000E+00	  0.0000E+00	  0.0000E+00	  0.0000E+00	  0.0000E+00	  0.0000E+00	  0.0000E+00	  0.0000E+00	  0.0000E+00	  0.0000E+00	  0.0000E+00	  0.0000E+00	  0.0000E+00	  0.0000E+00	  0.0000E+00	  0.0000E+00	  0.0000E+00	  0.0000E+00	  0.0000E+00	  0.0000E+00	  0.0000E+00	  0.0000E+00	  0.0000E+00	  0.0000E+00	  0.0000E+00	  0.0000E+00	  0.0000E+00	  0.0000E+00	  0.0000E+00	  0.0000E+00	  0.0000E+00	  0.0000E+00	  0.0000E+00	  0.0000E+00	  0.0000E+00	  0.0000E+00	  0.0000E+00	  0.0000E+00	  0.0000E+00	  0.0000E+00	  0.0000E+00	  0.0000E+00	  0.0000E+00	  0.0000E+00	  0.0000E+00	  0.0000E+00	  0.0000E+00	  0.0000E+00	  0.0000E+00	  0.0000E+00	  0.0000E+00	  0.0000E+00	  0.0000E+00	  0.0000E+00	  0.0000E+00	  0.0000E+00	  0.0000E+00	  0.0000E+00	  0.0000E+00	  0.0000E+00	  0.0000E+00	  0.0000E+00	  0.0000E+00	  0.0000E+00	  0.0000E+00	  0.0000E+00	  0.0000E+00	  0.0000E+00	  0.0000E+00	  0.0000E+00	  0.0000E+00	  0.0000E+00	  0.0000E+00	  0.0000E+00	  0.0000E+00	  0.0000E+00	  0.0000E+00	  0.0000E+00	  0.0000E+00	  0.0000E+00	  0.0000E+00	  0.0000E+00	  0.0000E+00	  0.0000E+00	  0.0000E+00	  0.0000E+00	  0.0000E+00	  0.0000E+00	  0.0000E+00	  0.0000E+00	  0.0000E+00	  0.0000E+00	  0.0000E+00	  0.0000E+00	  0.0000E+00	  0.0000E+00	  0.0000E+00	  0.0000E+00	  0.0000E+00	  0.0000E+00	  0.0000E+00	  0.0000E+00	  0.0000E+00	  0.0000E+00	  0.0000E+00	  0.0000E+00	  0.0000E+00	  0.0000E+00	  0.0000E+00	  0.0000E+00	  0.0000E+00	  0.0000E+00	  0.0000E+00	  0.0000E+00	  0.0000E+00	  0.0000E+00	  0.0000E+00	  0.0000E+00	  0.0000E+00	  0.0000E+00	  0.0000E+00	  0.0000E+00	  0.0000E+00	  0.0000E+00
  0.0000E+00	  0.0000E+00	  0.0000E+00	  0.0000E+00	  0.0000E+00	  0.0000E+00	  0.0000E+00	  0.0000E+00	  0.0000E+00	  0.0000E+00	  0.0000E+00	  0.0000E+00	  0.0000E+00	  0.0000E+00	  0.0000E+00	  0.0000E+00	  0.0000E+00	  0.0000E+00	  0.0000E+00	  0.0000E+00	  0.0000E+00	  0.0000E+00	  0.0000E+00	  0.0000E+00	  0.0000E+00	  0.0000E+00	  0.0000E+00	  0.0000E+00	  0.0000E+00	  0.0000E+00	  0.0000E+00	  0.0000E+00	  0.0000E+00	  0.0000E+00	  0.0000E+00	  0.0000E+00	  0.0000E+00	  0.0000E+00	  0.0000E+00	  0.0000E+00	  0.0000E+00	  0.0000E+00	  0.0000E+00	  0.0000E+00	  0.0000E+00	  0.0000E+00	  0.0000E+00	  0.0000E+00	  0.0000E+00	  0.0000E+00	  0.0000E+00	  0.0000E+00	  0.0000E+00	  0.0000E+00	  0.0000E+00	  0.0000E+00	  0.0000E+00	  0.0000E+00	  0.0000E+00	  0.0000E+00	  0.0000E+00	  0.0000E+00	  0.0000E+00	  0.0000E+00	  0.0000E+00	  0.0000E+00	  0.0000E+00	  0.0000E+00	  0.0000E+00	  0.0000E+00	  0.0000E+00	  0.0000E+00	  0.0000E+00	  0.0000E+00	  0.0000E+00	  0.0000E+00	  0.0000E+00	  0.0000E+00	  0.0000E+00	  0.0000E+00	  0.0000E+00	  0.0000E+00	  0.0000E+00	  0.0000E+00	  0.0000E+00	  0.0000E+00	  0.0000E+00	  0.0000E+00	  0.0000E+00	  0.0000E+00	  0.0000E+00	  0.0000E+00	  0.0000E+00	  0.0000E+00	  0.0000E+00	  0.0000E+00	  0.0000E+00	  0.0000E+00	  0.0000E+00	  0.0000E+00	  0.0000E+00	  0.0000E+00	  0.0000E+00	  0.0000E+00	  0.0000E+00	  0.0000E+00	  0.0000E+00	  0.0000E+00	  0.0000E+00	  0.0000E+00	  0.0000E+00	  0.0000E+00	  0.0000E+00	  0.0000E+00	  0.0000E+00	  0.0000E+00	  0.0000E+00	  0.0000E+00	  0.0000E+00	  0.0000E+00	  0.0000E+00	  0.0000E+00	  0.0000E+00	  0.0000E+00	  0.0000E+00	  0.0000E+00	  0.0000E+00	  0.0000E+00
  0.0000E+00	  0.0000E+00	  0.0000E+00	  0.0000E+00	  0.0000E+00	  0.0000E+00	  0.0000E+00	  0.0000E+00	  0.0000E+00	  0.0000E+00	  0.0000E+00	  0.0000E+00	  0.0000E+00	  0.0000E+00	  0.0000E+00	  0.0000E+00	  0.0000E+00	  0.0000E+00	  0.0000E+00	  0.0000E+00	  0.0000E+00	  0.0000E+00	  0.0000E+00	  0.0000E+00	  0.0000E+00	  0.0000E+00	  0.0000E+00	  0.0000E+00	  0.0000E+00	  0.0000E+00	  0.0000E+00	  0.0000E+00	  0.0000E+00	  0.0000E+00	  0.0000E+00	  0.0000E+00	  0.0000E+00	  0.0000E+00	  0.0000E+00	  0.0000E+00	  0.0000E+00	  0.0000E+00	  0.0000E+00	  0.0000E+00	  0.0000E+00	  0.0000E+00	  0.0000E+00	  0.0000E+00	  0.0000E+00	  0.0000E+00	  0.0000E+00	  0.0000E+00	  0.0000E+00	  0.0000E+00	  0.0000E+00	  0.0000E+00	  0.0000E+00	  0.0000E+00	  0.0000E+00	  0.0000E+00	  0.0000E+00	  0.0000E+00	  0.0000E+00	  0.0000E+00	  0.0000E+00	  0.0000E+00	  0.0000E+00	  0.0000E+00	  0.0000E+00	  0.0000E+00	  0.0000E+00	  0.0000E+00	  0.0000E+00	  0.0000E+00	  0.0000E+00	  0.0000E+00	  0.0000E+00	  0.0000E+00	  0.0000E+00	  0.0000E+00	  0.0000E+00	  0.0000E+00	  0.0000E+00	  0.0000E+00	  0.0000E+00	  0.0000E+00	  0.0000E+00	  0.0000E+00	  0.0000E+00	  0.0000E+00	  0.0000E+00	  0.0000E+00	  0.0000E+00	  0.0000E+00	  0.0000E+00	  0.0000E+00	  0.0000E+00	  0.0000E+00	  0.0000E+00	  0.0000E+00	  0.0000E+00	  0.0000E+00	  0.0000E+00	  0.0000E+00	  0.0000E+00	  0.0000E+00	  0.0000E+00	  0.0000E+00	  0.0000E+00	  0.0000E+00	  0.0000E+00	  0.0000E+00	  0.0000E+00	  0.0000E+00	  0.0000E+00	  0.0000E+00	  0.0000E+00	  0.0000E+00	  0.0000E+00	  0.0000E+00	  0.0000E+00	  0.0000E+00	  0.0000E+00	  0.0000E+00	  0.0000E+00	  0.0000E+00	  0.0000E+00	  0.0000E+00
  0.0000E+00	  0.0000E+00	  0.0000E+00	  0.0000E+00	  0.0000E+00	  0.0000E+00	  0.0000E+00	  0.0000E+00	  0.0000E+00	  0.0000E+00	  0.0000E+00	  0.0000E+00	  0.0000E+00	  0.0000E+00	  0.0000E+00	  0.0000E+00	  0.0000E+00	  0.0000E+00	  0.0000E+00	  0.0000E+00	  0.0000E+00	  0.0000E+00	  0.0000E+00	  0.0000E+00	  0.0000E+00	  0.0000E+00	  0.0000E+00	  0.0000E+00	  0.0000E+00	  0.0000E+00	  0.0000E+00	  0.0000E+00	  0.0000E+00	  0.0000E+00	  0.0000E+00	  0.0000E+00	  0.0000E+00	  0.0000E+00	  0.0000E+00	  0.0000E+00	  0.0000E+00	  0.0000E+00	  0.0000E+00	  0.0000E+00	  0.0000E+00	  0.0000E+00	  0.0000E+00	  0.0000E+00	  0.0000E+00	  0.0000E+00	  0.0000E+00	  0.0000E+00	  0.0000E+00	  0.0000E+00	  0.0000E+00	  0.0000E+00	  0.0000E+00	  0.0000E+00	  0.0000E+00	  0.0000E+00	  0.0000E+00	  0.0000E+00	  0.0000E+00	  0.0000E+00	  0.0000E+00	  0.0000E+00	  0.0000E+00	  0.0000E+00	  0.0000E+00	  0.0000E+00	  0.0000E+00	  0.0000E+00	  0.0000E+00	  0.0000E+00	  0.0000E+00	  0.0000E+00	  0.0000E+00	  0.0000E+00	  0.0000E+00	  0.0000E+00	  0.0000E+00	  0.0000E+00	  0.0000E+00	  0.0000E+00	  0.0000E+00	  0.0000E+00	  0.0000E+00	  0.0000E+00	  0.0000E+00	  0.0000E+00	  0.0000E+00	  0.0000E+00	  0.0000E+00	  0.0000E+00	  0.0000E+00	  0.0000E+00	  0.0000E+00	  0.0000E+00	  0.0000E+00	  0.0000E+00	  0.0000E+00	  0.0000E+00	  0.0000E+00	  0.0000E+00	  0.0000E+00	  0.0000E+00	  0.0000E+00	  0.0000E+00	  0.0000E+00	  0.0000E+00	  0.0000E+00	  0.0000E+00	  0.0000E+00	  0.0000E+00	  0.0000E+00	  0.0000E+00	  0.0000E+00	  0.0000E+00	  0.0000E+00	  0.0000E+00	  0.0000E+00	  0.0000E+00	  0.0000E+00	  0.0000E+00	  0.0000E+00	  0.0000E+00	  0.0000E+00	  0.0000E+00
  0.0000E+00	  0.0000E+00	  0.0000E+00	  0.0000E+00	  0.0000E+00	  0.0000E+00	  0.0000E+00	  0.0000E+00	  0.0000E+00	  0.0000E+00	  0.0000E+00	  0.0000E+00	  0.0000E+00	  0.0000E+00	  0.0000E+00	  0.0000E+00	  0.0000E+00	  0.0000E+00	  0.0000E+00	  0.0000E+00	  0.0000E+00	  0.0000E+00	  0.0000E+00	  0.0000E+00	  0.0000E+00	  0.0000E+00	  0.0000E+00	  0.0000E+00	  0.0000E+00	  0.0000E+00	  0.0000E+00	  0.0000E+00	  0.0000E+00	  0.0000E+00	  0.0000E+00	  0.0000E+00	  0.0000E+00	  0.0000E+00	  0.0000E+00	  0.0000E+00	  0.0000E+00	  0.0000E+00	  0.0000E+00	  0.0000E+00	  0.0000E+00	  0.0000E+00	  0.0000E+00	  0.0000E+00	  0.0000E+00	  0.0000E+00	  0.0000E+00	  0.0000E+00	  0.0000E+00	  0.0000E+00	  0.0000E+00	  0.0000E+00	  0.0000E+00	  0.0000E+00	  0.0000E+00	  0.0000E+00	  0.0000E+00	  0.0000E+00	  0.0000E+00	  0.0000E+00	  0.0000E+00	  0.0000E+00	  0.0000E+00	  0.0000E+00	  0.0000E+00	  0.0000E+00	  0.0000E+00	  0.0000E+00	  0.0000E+00	  0.0000E+00	  0.0000E+00	  0.0000E+00	  0.0000E+00	  0.0000E+00	  0.0000E+00	  0.0000E+00	  0.0000E+00	  0.0000E+00	  0.0000E+00	  0.0000E+00	  0.0000E+00	  0.0000E+00	  0.0000E+00	  0.0000E+00	  0.0000E+00	  0.0000E+00	  0.0000E+00	  0.0000E+00	  0.0000E+00	  0.0000E+00	  0.0000E+00	  0.0000E+00	  0.0000E+00	  0.0000E+00	  0.0000E+00	  0.0000E+00	  0.0000E+00	  0.0000E+00	  0.0000E+00	  0.0000E+00	  0.0000E+00	  0.0000E+00	  0.0000E+00	  0.0000E+00	  0.0000E+00	  0.0000E+00	  0.0000E+00	  0.0000E+00	  0.0000E+00	  0.0000E+00	  0.0000E+00	  0.0000E+00	  0.0000E+00	  0.0000E+00	  0.0000E+00	  0.0000E+00	  0.0000E+00	  0.0000E+00	  0.0000E+00	  0.0000E+00	  0.0000E+00	  0.0000E+00	  0.0000E+00	  0.0000E+00
  0.0000E+00	  0.0000E+00	  0.0000E+00	  0.0000E+00	  0.0000E+00	  0.0000E+00	  0.0000E+00	  0.0000E+00	  0.0000E+00	  0.0000E+00	  0.0000E+00	  0.0000E+00	  0.0000E+00	  0.0000E+00	  0.0000E+00	  0.0000E+00	  0.0000E+00	  0.0000E+00	  0.0000E+00	  0.0000E+00	  0.0000E+00	  0.0000E+00	  0.0000E+00	  0.0000E+00	  0.0000E+00	  0.0000E+00	  0.0000E+00	  0.0000E+00	  0.0000E+00	  0.0000E+00	  0.0000E+00	  0.0000E+00	  0.0000E+00	  0.0000E+00	  0.0000E+00	  0.0000E+00	  0.0000E+00	  0.0000E+00	  0.0000E+00	  0.0000E+00	  0.0000E+00	  0.0000E+00	  0.0000E+00	  0.0000E+00	  0.0000E+00	  0.0000E+00	  0.0000E+00	  0.0000E+00	  0.0000E+00	  0.0000E+00	  0.0000E+00	  0.0000E+00	  0.0000E+00	  0.0000E+00	  0.0000E+00	  0.0000E+00	  0.0000E+00	  0.0000E+00	  0.0000E+00	  0.0000E+00	  0.0000E+00	  0.0000E+00	  0.0000E+00	  0.0000E+00	  0.0000E+00	  0.0000E+00	  0.0000E+00	  0.0000E+00	  0.0000E+00	  0.0000E+00	  0.0000E+00	  0.0000E+00	  0.0000E+00	  0.0000E+00	  0.0000E+00	  0.0000E+00	  0.0000E+00	  0.0000E+00	  0.0000E+00	  0.0000E+00	  0.0000E+00	  0.0000E+00	  0.0000E+00	  0.0000E+00	  0.0000E+00	  0.0000E+00	  0.0000E+00	  0.0000E+00	  0.0000E+00	  0.0000E+00	  0.0000E+00	  0.0000E+00	  0.0000E+00	  0.0000E+00	  0.0000E+00	  0.0000E+00	  0.0000E+00	  0.0000E+00	  0.0000E+00	  0.0000E+00	  0.0000E+00	  0.0000E+00	  0.0000E+00	  0.0000E+00	  0.0000E+00	  0.0000E+00	  0.0000E+00	  0.0000E+00	  0.0000E+00	  0.0000E+00	  0.0000E+00	  0.0000E+00	  0.0000E+00	  0.0000E+00	  0.0000E+00	  0.0000E+00	  0.0000E+00	  0.0000E+00	  0.0000E+00	  0.0000E+00	  0.0000E+00	  0.0000E+00	  0.0000E+00	  0.0000E+00	  0.0000E+00	  0.0000E+00	  0.0000E+00	  0.0000E+00
  0.0000E+00	  0.0000E+00	  0.0000E+00	  0.0000E+00	  0.0000E+00	  0.0000E+00	  0.0000E+00	  0.0000E+00	  0.0000E+00	  0.0000E+00	  0.0000E+00	  0.0000E+00	  0.0000E+00	  0.0000E+00	  0.0000E+00	  0.0000E+00	  0.0000E+00	  0.0000E+00	  0.0000E+00	  0.0000E+00	  0.0000E+00	  0.0000E+00	  0.0000E+00	  0.0000E+00	  0.0000E+00	  0.0000E+00	  0.0000E+00	  0.0000E+00	  0.0000E+00	  0.0000E+00	  0.0000E+00	  0.0000E+00	  0.0000E+00	  0.0000E+00	  0.0000E+00	  0.0000E+00	  0.0000E+00	  0.0000E+00	  0.0000E+00	  0.0000E+00	  0.0000E+00	  0.0000E+00	  0.0000E+00	  0.0000E+00	  0.0000E+00	  0.0000E+00	  0.0000E+00	  0.0000E+00	  0.0000E+00	  0.0000E+00	  0.0000E+00	  0.0000E+00	  0.0000E+00	  0.0000E+00	  0.0000E+00	  0.0000E+00	  0.0000E+00	  0.0000E+00	  0.0000E+00	  0.0000E+00	  0.0000E+00	  0.0000E+00	  0.0000E+00	  0.0000E+00	  0.0000E+00	  0.0000E+00	  0.0000E+00	  0.0000E+00	  0.0000E+00	  0.0000E+00	  0.0000E+00	  0.0000E+00	  0.0000E+00	  0.0000E+00	  0.0000E+00	  0.0000E+00	  0.0000E+00	  0.0000E+00	  0.0000E+00	  0.0000E+00	  0.0000E+00	  0.0000E+00	  0.0000E+00	  0.0000E+00	  0.0000E+00	  0.0000E+00	  0.0000E+00	  0.0000E+00	  0.0000E+00	  0.0000E+00	  0.0000E+00	  0.0000E+00	  0.0000E+00	  0.0000E+00	  0.0000E+00	  0.0000E+00	  0.0000E+00	  0.0000E+00	  0.0000E+00	  0.0000E+00	  0.0000E+00	  0.0000E+00	  0.0000E+00	  0.0000E+00	  0.0000E+00	  0.0000E+00	  0.0000E+00	  0.0000E+00	  0.0000E+00	  0.0000E+00	  0.0000E+00	  0.0000E+00	  0.0000E+00	  0.0000E+00	  0.0000E+00	  0.0000E+00	  0.0000E+00	  0.0000E+00	  0.0000E+00	  0.0000E+00	  0.0000E+00	  0.0000E+00	  0.0000E+00	  0.0000E+00	  0.0000E+00	  0.0000E+00	  0.0000E+00	  0.0000E+00
  0.0000E+00	  0.0000E+00	  0.0000E+00	  0.0000E+00	  0.0000E+00	  0.0000E+00	  0.0000E+00	  0.0000E+00	  0.0000E+00	  0.0000E+00	  0.0000E+00	  0.0000E+00	  0.0000E+00	  0.0000E+00	  0.0000E+00	  0.0000E+00	  0.0000E+00	  0.0000E+00	  0.0000E+00	  0.0000E+00	  0.0000E+00	  0.0000E+00	  0.0000E+00	  0.0000E+00	  0.0000E+00	  0.0000E+00	  0.0000E+00	  0.0000E+00	  0.0000E+00	  0.0000E+00	  0.0000E+00	  0.0000E+00	  0.0000E+00	  0.0000E+00	  0.0000E+00	  0.0000E+00	  0.0000E+00	  0.0000E+00	  0.0000E+00	  0.0000E+00	  0.0000E+00	  0.0000E+00	  0.0000E+00	  0.0000E+00	  0.0000E+00	  0.0000E+00	  0.0000E+00	  0.0000E+00	  0.0000E+00	  0.0000E+00	  0.0000E+00	  0.0000E+00	  0.0000E+00	  0.0000E+00	  0.0000E+00	  0.0000E+00	  0.0000E+00	  0.0000E+00	  0.0000E+00	  0.0000E+00	  0.0000E+00	  0.0000E+00	  0.0000E+00	  0.0000E+00	  0.0000E+00	  0.0000E+00	  0.0000E+00	  0.0000E+00	  0.0000E+00	  0.0000E+00	  0.0000E+00	  0.0000E+00	  0.0000E+00	  0.0000E+00	  0.0000E+00	  0.0000E+00	  0.0000E+00	  0.0000E+00	  0.0000E+00	  0.0000E+00	  0.0000E+00	  0.0000E+00	  0.0000E+00	  0.0000E+00	  0.0000E+00	  0.0000E+00	  0.0000E+00	  0.0000E+00	  0.0000E+00	  0.0000E+00	  0.0000E+00	  0.0000E+00	  0.0000E+00	  0.0000E+00	  0.0000E+00	  0.0000E+00	  0.0000E+00	  0.0000E+00	  0.0000E+00	  0.0000E+00	  0.0000E+00	  0.0000E+00	  0.0000E+00	  0.0000E+00	  0.0000E+00	  0.0000E+00	  0.0000E+00	  0.0000E+00	  0.0000E+00	  0.0000E+00	  0.0000E+00	  0.0000E+00	  0.0000E+00	  0.0000E+00	  0.0000E+00	  0.0000E+00	  0.0000E+00	  0.0000E+00	  0.0000E+00	  0.0000E+00	  0.0000E+00	  0.0000E+00	  0.0000E+00	  0.0000E+00	  0.0000E+00	  0.0000E+00	  0.0000E+00	  0.0000E+00
  0.0000E+00	  0.0000E+00	  0.0000E+00	  0.0000E+00	  0.0000E+00	  0.0000E+00	  0.0000E+00	  0.0000E+00	  0.0000E+00	  0.0000E+00	  0.0000E+00	  0.0000E+00	  0.0000E+00	  0.0000E+00	  0.0000E+00	  0.0000E+00	  0.0000E+00	  0.0000E+00	  0.0000E+00	  0.0000E+00	  0.0000E+00	  0.0000E+00	  0.0000E+00	  0.0000E+00	  0.0000E+00	  0.0000E+00	  0.0000E+00	  0.0000E+00	  0.0000E+00	  0.0000E+00	  0.0000E+00	  0.0000E+00	  0.0000E+00	  0.0000E+00	  0.0000E+00	  0.0000E+00	  0.0000E+00	  0.0000E+00	  0.0000E+00	  0.0000E+00	  0.0000E+00	  0.0000E+00	  0.0000E+00	  0.0000E+00	  0.0000E+00	  0.0000E+00	  0.0000E+00	  0.0000E+00	  0.0000E+00	  0.0000E+00	  0.0000E+00	  0.0000E+00	  0.0000E+00	  0.0000E+00	  0.0000E+00	  0.0000E+00	  0.0000E+00	  0.0000E+00	  0.0000E+00	  0.0000E+00	  0.0000E+00	  0.0000E+00	  0.0000E+00	  0.0000E+00	  0.0000E+00	  0.0000E+00	  0.0000E+00	  0.0000E+00	  0.0000E+00	  0.0000E+00	  0.0000E+00	  0.0000E+00	  0.0000E+00	  0.0000E+00	  0.0000E+00	  0.0000E+00	  0.0000E+00	  0.0000E+00	  0.0000E+00	  0.0000E+00	  0.0000E+00	  0.0000E+00	  0.0000E+00	  0.0000E+00	  0.0000E+00	  0.0000E+00	  0.0000E+00	  0.0000E+00	  0.0000E+00	  0.0000E+00	  0.0000E+00	  0.0000E+00	  0.0000E+00	  0.0000E+00	  0.0000E+00	  0.0000E+00	  0.0000E+00	  0.0000E+00	  0.0000E+00	  0.0000E+00	  0.0000E+00	  0.0000E+00	  0.0000E+00	  0.0000E+00	  0.0000E+00	  0.0000E+00	  0.0000E+00	  0.0000E+00	  0.0000E+00	  0.0000E+00	  0.0000E+00	  0.0000E+00	  0.0000E+00	  0.0000E+00	  0.0000E+00	  0.0000E+00	  0.0000E+00	  0.0000E+00	  0.0000E+00	  0.0000E+00	  0.0000E+00	  0.0000E+00	  0.0000E+00	  0.0000E+00	  0.0000E+00	  0.0000E+00	  0.0000E+00	  0.0000E+00
  0.0000E+00	  0.0000E+00	  0.0000E+00	  0.0000E+00	  0.0000E+00	  0.0000E+00	  0.0000E+00	  0.0000E+00	  0.0000E+00	  0.0000E+00	  0.0000E+00	  0.0000E+00	  0.0000E+00	  0.0000E+00	  0.0000E+00	  0.0000E+00	  0.0000E+00	  0.0000E+00	  0.0000E+00	  0.0000E+00	  0.0000E+00	  0.0000E+00	  0.0000E+00	  0.0000E+00	  0.0000E+00	  0.0000E+00	  0.0000E+00	  0.0000E+00	  0.0000E+00	  0.0000E+00	  0.0000E+00	  0.0000E+00	  0.0000E+00	  0.0000E+00	  0.0000E+00	  0.0000E+00	  0.0000E+00	  0.0000E+00	  0.0000E+00	  0.0000E+00	  0.0000E+00	  0.0000E+00	  0.0000E+00	  0.0000E+00	  0.0000E+00	  0.0000E+00	  0.0000E+00	  0.0000E+00	  0.0000E+00	  0.0000E+00	  0.0000E+00	  0.0000E+00	  0.0000E+00	  0.0000E+00	  0.0000E+00	  0.0000E+00	  0.0000E+00	  0.0000E+00	  0.0000E+00	  0.0000E+00	  0.0000E+00	  0.0000E+00	  0.0000E+00	  0.0000E+00	  0.0000E+00	  0.0000E+00	  0.0000E+00	  0.0000E+00	  0.0000E+00	  0.0000E+00	  0.0000E+00	  0.0000E+00	  0.0000E+00	  0.0000E+00	  0.0000E+00	  0.0000E+00	  0.0000E+00	  0.0000E+00	  0.0000E+00	  0.0000E+00	  0.0000E+00	  0.0000E+00	  0.0000E+00	  0.0000E+00	  0.0000E+00	  0.0000E+00	  0.0000E+00	  0.0000E+00	  0.0000E+00	  0.0000E+00	  0.0000E+00	  0.0000E+00	  0.0000E+00	  0.0000E+00	  0.0000E+00	  0.0000E+00	  0.0000E+00	  0.0000E+00	  0.0000E+00	  0.0000E+00	  0.0000E+00	  0.0000E+00	  0.0000E+00	  0.0000E+00	  0.0000E+00	  0.0000E+00	  0.0000E+00	  0.0000E+00	  0.0000E+00	  0.0000E+00	  0.0000E+00	  0.0000E+00	  0.0000E+00	  0.0000E+00	  0.0000E+00	  0.0000E+00	  0.0000E+00	  0.0000E+00	  0.0000E+00	  0.0000E+00	  0.0000E+00	  0.0000E+00	  0.0000E+00	  0.0000E+00	  0.0000E+00	  0.0000E+00	  0.0000E+00	  0.0000E+00
  0.0000E+00	  0.0000E+00	  0.0000E+00	  0.0000E+00	  0.0000E+00	  0.0000E+00	  0.0000E+00	  0.0000E+00	  0.0000E+00	  0.0000E+00	  0.0000E+00	  0.0000E+00	  0.0000E+00	  0.0000E+00	  0.0000E+00	  0.0000E+00	  0.0000E+00	  0.0000E+00	  0.0000E+00	  0.0000E+00	  0.0000E+00	  0.0000E+00	  0.0000E+00	  0.0000E+00	  0.0000E+00	  0.0000E+00	  0.0000E+00	  0.0000E+00	  0.0000E+00	  0.0000E+00	  0.0000E+00	  0.0000E+00	  0.0000E+00	  0.0000E+00	  0.0000E+00	  0.0000E+00	  0.0000E+00	  0.0000E+00	  0.0000E+00	  0.0000E+00	  0.0000E+00	  0.0000E+00	  0.0000E+00	  0.0000E+00	  0.0000E+00	  0.0000E+00	  0.0000E+00	  0.0000E+00	  0.0000E+00	  0.0000E+00	  0.0000E+00	  0.0000E+00	  0.0000E+00	  0.0000E+00	  0.0000E+00	  0.0000E+00	  0.0000E+00	  0.0000E+00	  0.0000E+00	  0.0000E+00	  0.0000E+00	  0.0000E+00	  0.0000E+00	  0.0000E+00	  0.0000E+00	  0.0000E+00	  0.0000E+00	  0.0000E+00	  0.0000E+00	  0.0000E+00	  0.0000E+00	  0.0000E+00	  0.0000E+00	  0.0000E+00	  0.0000E+00	  0.0000E+00	  0.0000E+00	  0.0000E+00	  0.0000E+00	  0.0000E+00	  0.0000E+00	  0.0000E+00	  0.0000E+00	  0.0000E+00	  0.0000E+00	  0.0000E+00	  0.0000E+00	  0.0000E+00	  0.0000E+00	  0.0000E+00	  0.0000E+00	  0.0000E+00	  0.0000E+00	  0.0000E+00	  0.0000E+00	  0.0000E+00	  0.0000E+00	  0.0000E+00	  0.0000E+00	  0.0000E+00	  0.0000E+00	  0.0000E+00	  0.0000E+00	  0.0000E+00	  0.0000E+00	  0.0000E+00	  0.0000E+00	  0.0000E+00	  0.0000E+00	  0.0000E+00	  0.0000E+00	  0.0000E+00	  0.0000E+00	  0.0000E+00	  0.0000E+00	  0.0000E+00	  0.0000E+00	  0.0000E+00	  0.0000E+00	  0.0000E+00	  0.0000E+00	  0.0000E+00	  0.0000E+00	  0.0000E+00	  0.0000E+00	  0.0000E+00	  0.0000E+00	  0.0000E+00
  0.0000E+00	  0.0000E+00	  0.0000E+00	  0.0000E+00	  0.0000E+00	  0.0000E+00	  0.0000E+00	  0.0000E+00	  0.0000E+00	  0.0000E+00	  0.0000E+00	  0.0000E+00	  0.0000E+00	  0.0000E+00	  0.0000E+00	  0.0000E+00	  0.0000E+00	  0.0000E+00	  0.0000E+00	  0.0000E+00	  0.0000E+00	  0.0000E+00	  0.0000E+00	  0.0000E+00	  0.0000E+00	  0.0000E+00	  0.0000E+00	  0.0000E+00	  0.0000E+00	  0.0000E+00	  0.0000E+00	  0.0000E+00	  0.0000E+00	  0.0000E+00	  0.0000E+00	  0.0000E+00	  0.0000E+00	  0.0000E+00	  0.0000E+00	  0.0000E+00	  0.0000E+00	  0.0000E+00	  0.0000E+00	  0.0000E+00	  0.0000E+00	  0.0000E+00	  0.0000E+00	  0.0000E+00	  0.0000E+00	  0.0000E+00	  0.0000E+00	  0.0000E+00	  0.0000E+00	  0.0000E+00	  0.0000E+00	  0.0000E+00	  0.0000E+00	  0.0000E+00	  0.0000E+00	  0.0000E+00	  0.0000E+00	  0.0000E+00	  0.0000E+00	  0.0000E+00	  0.0000E+00	  0.0000E+00	  0.0000E+00	  0.0000E+00	  0.0000E+00	  0.0000E+00	  0.0000E+00	  0.0000E+00	  0.0000E+00	  0.0000E+00	  0.0000E+00	  0.0000E+00	  0.0000E+00	  0.0000E+00	  0.0000E+00	  0.0000E+00	  0.0000E+00	  0.0000E+00	  0.0000E+00	  0.0000E+00	  0.0000E+00	  0.0000E+00	  0.0000E+00	  0.0000E+00	  0.0000E+00	  0.0000E+00	  0.0000E+00	  0.0000E+00	  0.0000E+00	  0.0000E+00	  0.0000E+00	  0.0000E+00	  0.0000E+00	  0.0000E+00	  0.0000E+00	  0.0000E+00	  0.0000E+00	  0.0000E+00	  0.0000E+00	  0.0000E+00	  0.0000E+00	  0.0000E+00	  0.0000E+00	  0.0000E+00	  0.0000E+00	  0.0000E+00	  0.0000E+00	  0.0000E+00	  0.0000E+00	  0.0000E+00	  0.0000E+00	  0.0000E+00	  0.0000E+00	  0.0000E+00	  0.0000E+00	  0.0000E+00	  0.0000E+00	  0.0000E+00	  0.0000E+00	  0.0000E+00	  0.0000E+00	  0.0000E+00	  0.0000E+00	  0.0000E+00
  0.0000E+00	  0.0000E+00	  0.0000E+00	  0.0000E+00	  0.0000E+00	  0.0000E+00	  0.0000E+00	  0.0000E+00	  0.0000E+00	  0.0000E+00	  0.0000E+00	  0.0000E+00	  0.0000E+00	  0.0000E+00	  0.0000E+00	  0.0000E+00	  0.0000E+00	  0.0000E+00	  0.0000E+00	  0.0000E+00	  0.0000E+00	  0.0000E+00	  0.0000E+00	  0.0000E+00	  0.0000E+00	  0.0000E+00	  0.0000E+00	  0.0000E+00	  0.0000E+00	  0.0000E+00	  0.0000E+00	  0.0000E+00	  0.0000E+00	  0.0000E+00	  0.0000E+00	  0.0000E+00	  0.0000E+00	  0.0000E+00	  0.0000E+00	  0.0000E+00	  0.0000E+00	  0.0000E+00	  0.0000E+00	  0.0000E+00	  0.0000E+00	  0.0000E+00	  0.0000E+00	  0.0000E+00	  0.0000E+00	  0.0000E+00	  0.0000E+00	  0.0000E+00	  0.0000E+00	  0.0000E+00	  0.0000E+00	  0.0000E+00	  0.0000E+00	  0.0000E+00	  0.0000E+00	  0.0000E+00	  0.0000E+00	  0.0000E+00	  0.0000E+00	  0.0000E+00	  0.0000E+00	  0.0000E+00	  0.0000E+00	  0.0000E+00	  0.0000E+00	  0.0000E+00	  0.0000E+00	  0.0000E+00	  0.0000E+00	  0.0000E+00	  0.0000E+00	  0.0000E+00	  0.0000E+00	  0.0000E+00	  0.0000E+00	  0.0000E+00	  0.0000E+00	  0.0000E+00	  0.0000E+00	  0.0000E+00	  0.0000E+00	  0.0000E+00	  0.0000E+00	  0.0000E+00	  0.0000E+00	  0.0000E+00	  0.0000E+00	  0.0000E+00	  0.0000E+00	  0.0000E+00	  0.0000E+00	  0.0000E+00	  0.0000E+00	  0.0000E+00	  0.0000E+00	  0.0000E+00	  0.0000E+00	  0.0000E+00	  0.0000E+00	  0.0000E+00	  0.0000E+00	  0.0000E+00	  0.0000E+00	  0.0000E+00	  0.0000E+00	  0.0000E+00	  0.0000E+00	  0.0000E+00	  0.0000E+00	  0.0000E+00	  0.0000E+00	  0.0000E+00	  0.0000E+00	  0.0000E+00	  0.0000E+00	  0.0000E+00	  0.0000E+00	  0.0000E+00	  0.0000E+00	  0.0000E+00	  0.0000E+00	  0.0000E+00	  0.0000E+00	  0.0000E+00
  0.0000E+00	  0.0000E+00	  0.0000E+00	  0.0000E+00	  0.0000E+00	  0.0000E+00	  0.0000E+00	  0.0000E+00	  0.0000E+00	  0.0000E+00	  0.0000E+00	  0.0000E+00	  0.0000E+00	  0.0000E+00	  0.0000E+00	  0.0000E+00	  0.0000E+00	  0.0000E+00	  0.0000E+00	  0.0000E+00	  0.0000E+00	  0.0000E+00	  0.0000E+00	  0.0000E+00	  0.0000E+00	  0.0000E+00	  0.0000E+00	  0.0000E+00	  0.0000E+00	  0.0000E+00	  0.0000E+00	  0.0000E+00	  0.0000E+00	  0.0000E+00	  0.0000E+00	  0.0000E+00	  0.0000E+00	  0.0000E+00	  0.0000E+00	  0.0000E+00	  0.0000E+00	  0.0000E+00	  0.0000E+00	  0.0000E+00	  0.0000E+00	  0.0000E+00	  0.0000E+00	  0.0000E+00	  0.0000E+00	  0.0000E+00	  0.0000E+00	  0.0000E+00	  0.0000E+00	  0.0000E+00	  0.0000E+00	  0.0000E+00	  0.0000E+00	  0.0000E+00	  0.0000E+00	  0.0000E+00	  0.0000E+00	  0.0000E+00	  0.0000E+00	  0.0000E+00	  0.0000E+00	  0.0000E+00	  0.0000E+00	  0.0000E+00	  0.0000E+00	  0.0000E+00	  0.0000E+00	  0.0000E+00	  0.0000E+00	  0.0000E+00	  0.0000E+00	  0.0000E+00	  0.0000E+00	  0.0000E+00	  0.0000E+00	  0.0000E+00	  0.0000E+00	  0.0000E+00	  0.0000E+00	  0.0000E+00	  0.0000E+00	  0.0000E+00	  0.0000E+00	  0.0000E+00	  0.0000E+00	  0.0000E+00	  0.0000E+00	  0.0000E+00	  0.0000E+00	  0.0000E+00	  0.0000E+00	  0.0000E+00	  0.0000E+00	  0.0000E+00	  0.0000E+00	  0.0000E+00	  0.0000E+00	  0.0000E+00	  0.0000E+00	  0.0000E+00	  0.0000E+00	  0.0000E+00	  0.0000E+00	  0.0000E+00	  0.0000E+00	  0.0000E+00	  0.0000E+00	  0.0000E+00	  0.0000E+00	  0.0000E+00	  0.0000E+00	  0.0000E+00	  0.0000E+00	  0.0000E+00	  0.0000E+00	  0.0000E+00	  0.0000E+00	  0.0000E+00	  0.0000E+00	  0.0000E+00	  0.0000E+00	  0.0000E+00	  0.0000E+00	  0.0000E+00
  0.0000E+00	  0.0000E+00	  0.0000E+00	  0.0000E+00	  0.0000E+00	  0.0000E+00	  0.0000E+00	  0.0000E+00	  0.0000E+00	  0.0000E+00	  0.0000E+00	  0.0000E+00	  0.0000E+00	  0.0000E+00	  0.0000E+00	  0.0000E+00	  0.0000E+00	  0.0000E+00	  0.0000E+00	  0.0000E+00	  0.0000E+00	  0.0000E+00	  0.0000E+00	  0.0000E+00	  0.0000E+00	  0.0000E+00	  0.0000E+00	  0.0000E+00	  0.0000E+00	  0.0000E+00	  0.0000E+00	  0.0000E+00	  0.0000E+00	  0.0000E+00	  0.0000E+00	  0.0000E+00	  0.0000E+00	  0.0000E+00	  0.0000E+00	  0.0000E+00	  0.0000E+00	  0.0000E+00	  0.0000E+00	  0.0000E+00	  0.0000E+00	  0.0000E+00	  0.0000E+00	  0.0000E+00	  0.0000E+00	  0.0000E+00	  0.0000E+00	  0.0000E+00	  0.0000E+00	  0.0000E+00	  0.0000E+00	  0.0000E+00	  0.0000E+00	  0.0000E+00	  0.0000E+00	  0.0000E+00	  0.0000E+00	  0.0000E+00	  0.0000E+00	  0.0000E+00	  0.0000E+00	  0.0000E+00	  0.0000E+00	  0.0000E+00	  0.0000E+00	  0.0000E+00	  0.0000E+00	  0.0000E+00	  0.0000E+00	  0.0000E+00	  0.0000E+00	  0.0000E+00	  0.0000E+00	  0.0000E+00	  0.0000E+00	  0.0000E+00	  0.0000E+00	  0.0000E+00	  0.0000E+00	  0.0000E+00	  0.0000E+00	  0.0000E+00	  0.0000E+00	  0.0000E+00	  0.0000E+00	  0.0000E+00	  0.0000E+00	  0.0000E+00	  0.0000E+00	  0.0000E+00	  0.0000E+00	  0.0000E+00	  0.0000E+00	  0.0000E+00	  0.0000E+00	  0.0000E+00	  0.0000E+00	  0.0000E+00	  0.0000E+00	  0.0000E+00	  0.0000E+00	  0.0000E+00	  0.0000E+00	  0.0000E+00	  0.0000E+00	  0.0000E+00	  0.0000E+00	  0.0000E+00	  0.0000E+00	  0.0000E+00	  0.0000E+00	  0.0000E+00	  0.0000E+00	  0.0000E+00	  0.0000E+00	  0.0000E+00	  0.0000E+00	  0.0000E+00	  0.0000E+00	  0.0000E+00	  0.0000E+00	  0.0000E+00	  0.0000E+00	  0.0000E+00
  0.0000E+00	  0.0000E+00	  0.0000E+00	  0.0000E+00	  0.0000E+00	  0.0000E+00	  0.0000E+00	  0.0000E+00	  0.0000E+00	  0.0000E+00	  0.0000E+00	  0.0000E+00	  0.0000E+00	  0.0000E+00	  0.0000E+00	  0.0000E+00	  0.0000E+00	  0.0000E+00	  0.0000E+00	  0.0000E+00	  0.0000E+00	  0.0000E+00	  0.0000E+00	  0.0000E+00	  0.0000E+00	  0.0000E+00	  0.0000E+00	  0.0000E+00	  0.0000E+00	  0.0000E+00	  0.0000E+00	  0.0000E+00	  0.0000E+00	  0.0000E+00	  0.0000E+00	  0.0000E+00	  0.0000E+00	  0.0000E+00	  0.0000E+00	  0.0000E+00	  0.0000E+00	  0.0000E+00	  0.0000E+00	  0.0000E+00	  0.0000E+00	  0.0000E+00	  0.0000E+00	  0.0000E+00	  0.0000E+00	  0.0000E+00	  0.0000E+00	  0.0000E+00	  0.0000E+00	  0.0000E+00	  0.0000E+00	  0.0000E+00	  0.0000E+00	  0.0000E+00	  0.0000E+00	  0.0000E+00	  0.0000E+00	  0.0000E+00	  0.0000E+00	  0.0000E+00	  0.0000E+00	  0.0000E+00	  0.0000E+00	  0.0000E+00	  0.0000E+00	  0.0000E+00	  0.0000E+00	  0.0000E+00	  0.0000E+00	  0.0000E+00	  0.0000E+00	  0.0000E+00	  0.0000E+00	  0.0000E+00	  0.0000E+00	  0.0000E+00	  0.0000E+00	  0.0000E+00	  0.0000E+00	  0.0000E+00	  0.0000E+00	  0.0000E+00	  0.0000E+00	  0.0000E+00	  0.0000E+00	  0.0000E+00	  0.0000E+00	  0.0000E+00	  0.0000E+00	  0.0000E+00	  0.0000E+00	  0.0000E+00	  0.0000E+00	  0.0000E+00	  0.0000E+00	  0.0000E+00	  0.0000E+00	  0.0000E+00	  0.0000E+00	  0.0000E+00	  0.0000E+00	  0.0000E+00	  0.0000E+00	  0.0000E+00	  0.0000E+00	  0.0000E+00	  0.0000E+00	  0.0000E+00	  0.0000E+00	  0.0000E+00	  0.0000E+00	  0.0000E+00	  0.0000E+00	  0.0000E+00	  0.0000E+00	  0.0000E+00	  0.0000E+00	  0.0000E+00	  0.0000E+00	  0.0000E+00	  0.0000E+00	  0.0000E+00	  0.0000E+00	  0.0000E+00
  0.0000E+00	  0.0000E+00	  0.0000E+00	  0.0000E+00	  0.0000E+00	  0.0000E+00	  0.0000E+00	  0.0000E+00	  0.0000E+00	  0.0000E+00	  0.0000E+00	  0.0000E+00	  0.0000E+00	  0.0000E+00	  0.0000E+00	  0.0000E+00	  0.0000E+00	  0.0000E+00	  0.0000E+00	  0.0000E+00	  0.0000E+00	  0.0000E+00	  0.0000E+00	  0.0000E+00	  0.0000E+00	  0.0000E+00	  0.0000E+00	  0.0000E+00	  0.0000E+00	  0.0000E+00	  0.0000E+00	  0.0000E+00	  0.0000E+00	  0.0000E+00	  0.0000E+00	  0.0000E+00	  0.0000E+00	  0.0000E+00	  0.0000E+00	  0.0000E+00	  0.0000E+00	  0.0000E+00	  0.0000E+00	  0.0000E+00	  0.0000E+00	  0.0000E+00	  0.0000E+00	  0.0000E+00	  0.0000E+00	  0.0000E+00	  0.0000E+00	  0.0000E+00	  0.0000E+00	  0.0000E+00	  0.0000E+00	  0.0000E+00	  0.0000E+00	  0.0000E+00	  0.0000E+00	  0.0000E+00	  0.0000E+00	  0.0000E+00	  0.0000E+00	  0.0000E+00	  0.0000E+00	  0.0000E+00	  0.0000E+00	  0.0000E+00	  0.0000E+00	  0.0000E+00	  0.0000E+00	  0.0000E+00	  0.0000E+00	  0.0000E+00	  0.0000E+00	  0.0000E+00	  0.0000E+00	  0.0000E+00	  0.0000E+00	  0.0000E+00	  0.0000E+00	  0.0000E+00	  0.0000E+00	  0.0000E+00	  0.0000E+00	  0.0000E+00	  0.0000E+00	  0.0000E+00	  0.0000E+00	  0.0000E+00	  0.0000E+00	  0.0000E+00	  0.0000E+00	  0.0000E+00	  0.0000E+00	  0.0000E+00	  0.0000E+00	  0.0000E+00	  0.0000E+00	  0.0000E+00	  0.0000E+00	  0.0000E+00	  0.0000E+00	  0.0000E+00	  0.0000E+00	  0.0000E+00	  0.0000E+00	  0.0000E+00	  0.0000E+00	  0.0000E+00	  0.0000E+00	  0.0000E+00	  0.0000E+00	  0.0000E+00	  0.0000E+00	  0.0000E+00	  0.0000E+00	  0.0000E+00	  0.0000E+00	  0.0000E+00	  0.0000E+00	  0.0000E+00	  0.0000E+00	  0.0000E+00	  0.0000E+00	  0.0000E+00	  0.0000E+00	  0.0000E+00
  0.0000E+00	  0.0000E+00	  0.0000E+00	  0.0000E+00	  0.0000E+00	  0.0000E+00	  0.0000E+00	  0.0000E+00	  0.0000E+00	  0.0000E+00	  0.0000E+00	  0.0000E+00	  0.0000E+00	  0.0000E+00	  0.0000E+00	  0.0000E+00	  0.0000E+00	  0.0000E+00	  0.0000E+00	  0.0000E+00	  0.0000E+00	  0.0000E+00	  0.0000E+00	  0.0000E+00	  0.0000E+00	  0.0000E+00	  0.0000E+00	  0.0000E+00	  0.0000E+00	  0.0000E+00	  0.0000E+00	  0.0000E+00	  0.0000E+00	  0.0000E+00	  0.0000E+00	  0.0000E+00	  0.0000E+00	  0.0000E+00	  0.0000E+00	  0.0000E+00	  0.0000E+00	  0.0000E+00	  0.0000E+00	  0.0000E+00	  0.0000E+00	  0.0000E+00	  0.0000E+00	  0.0000E+00	  0.0000E+00	  0.0000E+00	  0.0000E+00	  0.0000E+00	  0.0000E+00	  0.0000E+00	  0.0000E+00	  0.0000E+00	  0.0000E+00	  0.0000E+00	  0.0000E+00	  0.0000E+00	  0.0000E+00	  0.0000E+00	  0.0000E+00	  0.0000E+00	  0.0000E+00	  0.0000E+00	  0.0000E+00	  0.0000E+00	  0.0000E+00	  0.0000E+00	  0.0000E+00	  0.0000E+00	  0.0000E+00	  0.0000E+00	  0.0000E+00	  0.0000E+00	  0.0000E+00	  0.0000E+00	  0.0000E+00	  0.0000E+00	  0.0000E+00	  0.0000E+00	  0.0000E+00	  0.0000E+00	  0.0000E+00	  0.0000E+00	  0.0000E+00	  0.0000E+00	  0.0000E+00	  0.0000E+00	  0.0000E+00	  0.0000E+00	  0.0000E+00	  0.0000E+00	  0.0000E+00	  0.0000E+00	  0.0000E+00	  0.0000E+00	  0.0000E+00	  0.0000E+00	  0.0000E+00	  0.0000E+00	  0.0000E+00	  0.0000E+00	  0.0000E+00	  0.0000E+00	  0.0000E+00	  0.0000E+00	  0.0000E+00	  0.0000E+00	  0.0000E+00	  0.0000E+00	  0.0000E+00	  0.0000E+00	  0.0000E+00	  0.0000E+00	  0.0000E+00	  0.0000E+00	  0.0000E+00	  0.0000E+00	  0.0000E+00	  0.0000E+00	  0.0000E+00	  0.0000E+00	  0.0000E+00	  0.0000E+00	  0.0000E+00	  0.0000E+00
  0.0000E+00	  0.0000E+00	  0.0000E+00	  0.0000E+00	  0.0000E+00	  0.0000E+00	  0.0000E+00	  0.0000E+00	  0.0000E+00	  0.0000E+00	  0.0000E+00	  0.0000E+00	  0.0000E+00	  0.0000E+00	  0.0000E+00	  0.0000E+00	  0.0000E+00	  0.0000E+00	  0.0000E+00	  0.0000E+00	  0.0000E+00	  0.0000E+00	  0.0000E+00	  0.0000E+00	  0.0000E+00	  0.0000E+00	  0.0000E+00	  0.0000E+00	  0.0000E+00	  0.0000E+00	  0.0000E+00	  0.0000E+00	  0.0000E+00	  0.0000E+00	  0.0000E+00	  0.0000E+00	  0.0000E+00	  0.0000E+00	  0.0000E+00	  0.0000E+00	  0.0000E+00	  0.0000E+00	  0.0000E+00	  0.0000E+00	  0.0000E+00	  0.0000E+00	  0.0000E+00	  0.0000E+00	  0.0000E+00	  0.0000E+00	  0.0000E+00	  0.0000E+00	  0.0000E+00	  0.0000E+00	  0.0000E+00	  0.0000E+00	  0.0000E+00	  0.0000E+00	  0.0000E+00	  0.0000E+00	  0.0000E+00	  0.0000E+00	  0.0000E+00	  0.0000E+00	  0.0000E+00	  0.0000E+00	  0.0000E+00	  0.0000E+00	  0.0000E+00	  0.0000E+00	  0.0000E+00	  0.0000E+00	  0.0000E+00	  0.0000E+00	  0.0000E+00	  0.0000E+00	  0.0000E+00	  0.0000E+00	  0.0000E+00	  0.0000E+00	  0.0000E+00	  0.0000E+00	  0.0000E+00	  0.0000E+00	  0.0000E+00	  0.0000E+00	  0.0000E+00	  0.0000E+00	  0.0000E+00	  0.0000E+00	  0.0000E+00	  0.0000E+00	  0.0000E+00	  0.0000E+00	  0.0000E+00	  0.0000E+00	  0.0000E+00	  0.0000E+00	  0.0000E+00	  0.0000E+00	  0.0000E+00	  0.0000E+00	  0.0000E+00	  0.0000E+00	  0.0000E+00	  0.0000E+00	  0.0000E+00	  0.0000E+00	  0.0000E+00	  0.0000E+00	  0.0000E+00	  0.0000E+00	  0.0000E+00	  0.0000E+00	  0.0000E+00	  0.0000E+00	  0.0000E+00	  0.0000E+00	  0.0000E+00	  0.0000E+00	  0.0000E+00	  0.0000E+00	  0.0000E+00	  0.0000E+00	  0.0000E+00	  0.0000E+00	  0.0000E+00	  0.0000E+00
  0.0000E+00	  0.0000E+00	  0.0000E+00	  0.0000E+00	  0.0000E+00	  0.0000E+00	  0.0000E+00	  0.0000E+00	  0.0000E+00	  0.0000E+00	  0.0000E+00	  0.0000E+00	  0.0000E+00	  0.0000E+00	  0.0000E+00	  0.0000E+00	  0.0000E+00	  0.0000E+00	  0.0000E+00	  0.0000E+00	  0.0000E+00	  0.0000E+00	  0.0000E+00	  0.0000E+00	  0.0000E+00	  0.0000E+00	  0.0000E+00	  0.0000E+00	  0.0000E+00	  0.0000E+00	  0.0000E+00	  0.0000E+00	  0.0000E+00	  0.0000E+00	  0.0000E+00	  0.0000E+00	  0.0000E+00	  0.0000E+00	  0.0000E+00	  0.0000E+00	  0.0000E+00	  0.0000E+00	  0.0000E+00	  0.0000E+00	  0.0000E+00	  0.0000E+00	  0.0000E+00	  0.0000E+00	  0.0000E+00	  0.0000E+00	  0.0000E+00	  0.0000E+00	  0.0000E+00	  0.0000E+00	  0.0000E+00	  0.0000E+00	  0.0000E+00	  0.0000E+00	  0.0000E+00	  0.0000E+00	  0.0000E+00	  0.0000E+00	  0.0000E+00	  0.0000E+00	  0.0000E+00	  0.0000E+00	  0.0000E+00	  0.0000E+00	  0.0000E+00	  0.0000E+00	  0.0000E+00	  0.0000E+00	  0.0000E+00	  0.0000E+00	  0.0000E+00	  0.0000E+00	  0.0000E+00	  0.0000E+00	  0.0000E+00	  0.0000E+00	  0.0000E+00	  0.0000E+00	  0.0000E+00	  0.0000E+00	  0.0000E+00	  0.0000E+00	  0.0000E+00	  0.0000E+00	  0.0000E+00	  0.0000E+00	  0.0000E+00	  0.0000E+00	  0.0000E+00	  0.0000E+00	  0.0000E+00	  0.0000E+00	  0.0000E+00	  0.0000E+00	  0.0000E+00	  0.0000E+00	  0.0000E+00	  0.0000E+00	  0.0000E+00	  0.0000E+00	  0.0000E+00	  0.0000E+00	  0.0000E+00	  0.0000E+00	  0.0000E+00	  0.0000E+00	  0.0000E+00	  0.0000E+00	  0.0000E+00	  0.0000E+00	  0.0000E+00	  0.0000E+00	  0.0000E+00	  0.0000E+00	  0.0000E+00	  0.0000E+00	  0.0000E+00	  0.0000E+00	  0.0000E+00	  0.0000E+00	  0.0000E+00	  0.0000E+00	  0.0000E+00	  0.0000E+00
  0.0000E+00	  0.0000E+00	  0.0000E+00	  0.0000E+00	  0.0000E+00	  0.0000E+00	  0.0000E+00	  0.0000E+00	  0.0000E+00	  0.0000E+00	  0.0000E+00	  0.0000E+00	  0.0000E+00	  0.0000E+00	  0.0000E+00	  0.0000E+00	  0.0000E+00	  0.0000E+00	  0.0000E+00	  0.0000E+00	  0.0000E+00	  0.0000E+00	  0.0000E+00	  0.0000E+00	  0.0000E+00	  0.0000E+00	  0.0000E+00	  0.0000E+00	  0.0000E+00	  0.0000E+00	  0.0000E+00	  0.0000E+00	  0.0000E+00	  0.0000E+00	  0.0000E+00	  0.0000E+00	  0.0000E+00	  0.0000E+00	  0.0000E+00	  0.0000E+00	  0.0000E+00	  0.0000E+00	  0.0000E+00	  0.0000E+00	  0.0000E+00	  0.0000E+00	  0.0000E+00	  0.0000E+00	  0.0000E+00	  0.0000E+00	  0.0000E+00	  0.0000E+00	  0.0000E+00	  0.0000E+00	  0.0000E+00	  0.0000E+00	  0.0000E+00	  0.0000E+00	  0.0000E+00	  0.0000E+00	  0.0000E+00	  0.0000E+00	  0.0000E+00	  0.0000E+00	  0.0000E+00	  0.0000E+00	  0.0000E+00	  0.0000E+00	  0.0000E+00	  0.0000E+00	  0.0000E+00	  0.0000E+00	  0.0000E+00	  0.0000E+00	  0.0000E+00	  0.0000E+00	  0.0000E+00	  0.0000E+00	  0.0000E+00	  0.0000E+00	  0.0000E+00	  0.0000E+00	  0.0000E+00	  0.0000E+00	  0.0000E+00	  0.0000E+00	  0.0000E+00	  0.0000E+00	  0.0000E+00	  0.0000E+00	  0.0000E+00	  0.0000E+00	  0.0000E+00	  0.0000E+00	  0.0000E+00	  0.0000E+00	  0.0000E+00	  0.0000E+00	  0.0000E+00	  0.0000E+00	  0.0000E+00	  0.0000E+00	  0.0000E+00	  0.0000E+00	  0.0000E+00	  0.0000E+00	  0.0000E+00	  0.0000E+00	  0.0000E+00	  0.0000E+00	  0.0000E+00	  0.0000E+00	  0.0000E+00	  0.0000E+00	  0.0000E+00	  0.0000E+00	  0.0000E+00	  0.0000E+00	  0.0000E+00	  0.0000E+00	  0.0000E+00	  0.0000E+00	  0.0000E+00	  0.0000E+00	  0.0000E+00	  0.0000E+00	  0.0000E+00	  0.0000E+00
  0.0000E+00	  0.0000E+00	  0.0000E+00	  0.0000E+00	  0.0000E+00	  0.0000E+00	  0.0000E+00	  0.0000E+00	  0.0000E+00	  0.0000E+00	  0.0000E+00	  0.0000E+00	  0.0000E+00	  0.0000E+00	  0.0000E+00	  0.0000E+00	  0.0000E+00	  0.0000E+00	  0.0000E+00	  0.0000E+00	  0.0000E+00	  0.0000E+00	  0.0000E+00	  0.0000E+00	  0.0000E+00	  0.0000E+00	  0.0000E+00	  0.0000E+00	  0.0000E+00	  0.0000E+00	  0.0000E+00	  0.0000E+00	  0.0000E+00	  0.0000E+00	  0.0000E+00	  0.0000E+00	  0.0000E+00	  0.0000E+00	  0.0000E+00	  0.0000E+00	  0.0000E+00	  0.0000E+00	  0.0000E+00	  0.0000E+00	  0.0000E+00	  0.0000E+00	  0.0000E+00	  0.0000E+00	  0.0000E+00	  0.0000E+00	  0.0000E+00	  0.0000E+00	  0.0000E+00	  0.0000E+00	  0.0000E+00	  0.0000E+00	  0.0000E+00	  0.0000E+00	  0.0000E+00	  0.0000E+00	  0.0000E+00	  0.0000E+00	  0.0000E+00	  0.0000E+00	  0.0000E+00	  0.0000E+00	  0.0000E+00	  0.0000E+00	  0.0000E+00	  0.0000E+00	  0.0000E+00	  0.0000E+00	  0.0000E+00	  0.0000E+00	  0.0000E+00	  0.0000E+00	  0.0000E+00	  0.0000E+00	  0.0000E+00	  0.0000E+00	  0.0000E+00	  0.0000E+00	  0.0000E+00	  0.0000E+00	  0.0000E+00	  0.0000E+00	  0.0000E+00	  0.0000E+00	  0.0000E+00	  0.0000E+00	  0.0000E+00	  0.0000E+00	  0.0000E+00	  0.0000E+00	  0.0000E+00	  0.0000E+00	  0.0000E+00	  0.0000E+00	  0.0000E+00	  0.0000E+00	  0.0000E+00	  0.0000E+00	  0.0000E+00	  0.0000E+00	  0.0000E+00	  0.0000E+00	  0.0000E+00	  0.0000E+00	  0.0000E+00	  0.0000E+00	  0.0000E+00	  0.0000E+00	  0.0000E+00	  0.0000E+00	  0.0000E+00	  0.0000E+00	  0.0000E+00	  0.0000E+00	  0.0000E+00	  0.0000E+00	  0.0000E+00	  0.0000E+00	  0.0000E+00	  0.0000E+00	  0.0000E+00	  0.0000E+00	  0.0000E+00	  0.0000E+00
  0.0000E+00	  0.0000E+00	  0.0000E+00	  0.0000E+00	  0.0000E+00	  0.0000E+00	  0.0000E+00	  0.0000E+00	  0.0000E+00	  0.0000E+00	  0.0000E+00	  0.0000E+00	  0.0000E+00	  0.0000E+00	  0.0000E+00	  0.0000E+00	  0.0000E+00	  0.0000E+00	  0.0000E+00	  0.0000E+00	  0.0000E+00	  0.0000E+00	  0.0000E+00	  0.0000E+00	  0.0000E+00	  0.0000E+00	  0.0000E+00	  0.0000E+00	  0.0000E+00	  0.0000E+00	  0.0000E+00	  0.0000E+00	  0.0000E+00	  0.0000E+00	  0.0000E+00	  0.0000E+00	  0.0000E+00	  0.0000E+00	  0.0000E+00	  0.0000E+00	  0.0000E+00	  0.0000E+00	  0.0000E+00	  0.0000E+00	  0.0000E+00	  0.0000E+00	  0.0000E+00	  0.0000E+00	  0.0000E+00	  0.0000E+00	  0.0000E+00	  0.0000E+00	  0.0000E+00	  0.0000E+00	  0.0000E+00	  0.0000E+00	  0.0000E+00	  0.0000E+00	  0.0000E+00	  0.0000E+00	  0.0000E+00	  0.0000E+00	  0.0000E+00	  0.0000E+00	  0.0000E+00	  0.0000E+00	  0.0000E+00	  0.0000E+00	  0.0000E+00	  0.0000E+00	  0.0000E+00	  0.0000E+00	  0.0000E+00	  0.0000E+00	  0.0000E+00	  0.0000E+00	  0.0000E+00	  0.0000E+00	  0.0000E+00	  0.0000E+00	  0.0000E+00	  0.0000E+00	  0.0000E+00	  0.0000E+00	  0.0000E+00	  0.0000E+00	  0.0000E+00	  0.0000E+00	  0.0000E+00	  0.0000E+00	  0.0000E+00	  0.0000E+00	  0.0000E+00	  0.0000E+00	  0.0000E+00	  0.0000E+00	  0.0000E+00	  0.0000E+00	  0.0000E+00	  0.0000E+00	  0.0000E+00	  0.0000E+00	  0.0000E+00	  0.0000E+00	  0.0000E+00	  0.0000E+00	  0.0000E+00	  0.0000E+00	  0.0000E+00	  0.0000E+00	  0.0000E+00	  0.0000E+00	  0.0000E+00	  0.0000E+00	  0.0000E+00	  0.0000E+00	  0.0000E+00	  0.0000E+00	  0.0000E+00	  0.0000E+00	  0.0000E+00	  0.0000E+00	  0.0000E+00	  0.0000E+00	  0.0000E+00	  0.0000E+00	  0.0000E+00	  0.0000E+00
  0.0000E+00	  0.0000E+00	  0.0000E+00	  0.0000E+00	  0.0000E+00	  0.0000E+00	  0.0000E+00	  0.0000E+00	  0.0000E+00	  0.0000E+00	  0.0000E+00	  0.0000E+00	  0.0000E+00	  0.0000E+00	  0.0000E+00	  0.0000E+00	  0.0000E+00	  0.0000E+00	  0.0000E+00	  0.0000E+00	  0.0000E+00	  0.0000E+00	  0.0000E+00	  0.0000E+00	  0.0000E+00	  0.0000E+00	  0.0000E+00	  0.0000E+00	  0.0000E+00	  0.0000E+00	  0.0000E+00	  0.0000E+00	  0.0000E+00	  0.0000E+00	  0.0000E+00	  0.0000E+00	  0.0000E+00	  0.0000E+00	  0.0000E+00	  0.0000E+00	  0.0000E+00	  0.0000E+00	  0.0000E+00	  0.0000E+00	  0.0000E+00	  0.0000E+00	  0.0000E+00	  0.0000E+00	  0.0000E+00	  0.0000E+00	  0.0000E+00	  0.0000E+00	  0.0000E+00	  0.0000E+00	  0.0000E+00	  0.0000E+00	  0.0000E+00	  0.0000E+00	  0.0000E+00	  0.0000E+00	  0.0000E+00	  0.0000E+00	  0.0000E+00	  0.0000E+00	  0.0000E+00	  0.0000E+00	  0.0000E+00	  0.0000E+00	  0.0000E+00	  0.0000E+00	  0.0000E+00	  0.0000E+00	  0.0000E+00	  0.0000E+00	  0.0000E+00	  0.0000E+00	  0.0000E+00	  0.0000E+00	  0.0000E+00	  0.0000E+00	  0.0000E+00	  0.0000E+00	  0.0000E+00	  0.0000E+00	  0.0000E+00	  0.0000E+00	  0.0000E+00	  0.0000E+00	  0.0000E+00	  0.0000E+00	  0.0000E+00	  0.0000E+00	  0.0000E+00	  0.0000E+00	  0.0000E+00	  0.0000E+00	  0.0000E+00	  0.0000E+00	  0.0000E+00	  0.0000E+00	  0.0000E+00	  0.0000E+00	  0.0000E+00	  0.0000E+00	  0.0000E+00	  0.0000E+00	  0.0000E+00	  0.0000E+00	  0.0000E+00	  0.0000E+00	  0.0000E+00	  0.0000E+00	  0.0000E+00	  0.0000E+00	  0.0000E+00	  0.0000E+00	  0.0000E+00	  0.0000E+00	  0.0000E+00	  0.0000E+00	  0.0000E+00	  0.0000E+00	  0.0000E+00	  0.0000E+00	  0.0000E+00	  0.0000E+00	  0.0000E+00	  0.0000E+00
  0.0000E+00	  0.0000E+00	  0.0000E+00	  0.0000E+00	  0.0000E+00	  0.0000E+00	  0.0000E+00	  0.0000E+00	  0.0000E+00	  0.0000E+00	  0.0000E+00	  0.0000E+00	  0.0000E+00	  0.0000E+00	  0.0000E+00	  0.0000E+00	  0.0000E+00	  0.0000E+00	  0.0000E+00	  0.0000E+00	  0.0000E+00	  0.0000E+00	  0.0000E+00	  0.0000E+00	  0.0000E+00	  0.0000E+00	  0.0000E+00	  0.0000E+00	  0.0000E+00	  0.0000E+00	  0.0000E+00	  0.0000E+00	  0.0000E+00	  0.0000E+00	  0.0000E+00	  0.0000E+00	  0.0000E+00	  0.0000E+00	  0.0000E+00	  0.0000E+00	  0.0000E+00	  0.0000E+00	  0.0000E+00	  0.0000E+00	  0.0000E+00	  0.0000E+00	  0.0000E+00	  0.0000E+00	  0.0000E+00	  0.0000E+00	  0.0000E+00	  0.0000E+00	  0.0000E+00	  0.0000E+00	  0.0000E+00	  0.0000E+00	  0.0000E+00	  0.0000E+00	  0.0000E+00	  0.0000E+00	  0.0000E+00	  0.0000E+00	  0.0000E+00	  0.0000E+00	  0.0000E+00	  0.0000E+00	  0.0000E+00	  0.0000E+00	  0.0000E+00	  0.0000E+00	  0.0000E+00	  0.0000E+00	  0.0000E+00	  0.0000E+00	  0.0000E+00	  0.0000E+00	  0.0000E+00	  0.0000E+00	  0.0000E+00	  0.0000E+00	  0.0000E+00	  0.0000E+00	  0.0000E+00	  0.0000E+00	  0.0000E+00	  0.0000E+00	  0.0000E+00	  0.0000E+00	  0.0000E+00	  0.0000E+00	  0.0000E+00	  0.0000E+00	  0.0000E+00	  0.0000E+00	  0.0000E+00	  0.0000E+00	  0.0000E+00	  0.0000E+00	  0.0000E+00	  0.0000E+00	  0.0000E+00	  0.0000E+00	  0.0000E+00	  0.0000E+00	  0.0000E+00	  0.0000E+00	  0.0000E+00	  0.0000E+00	  0.0000E+00	  0.0000E+00	  0.0000E+00	  0.0000E+00	  0.0000E+00	  0.0000E+00	  0.0000E+00	  0.0000E+00	  0.0000E+00	  0.0000E+00	  0.0000E+00	  0.0000E+00	  0.0000E+00	  0.0000E+00	  0.0000E+00	  0.0000E+00	  0.0000E+00	  0.0000E+00	  0.0000E+00	  0.0000E+00
  0.0000E+00	  0.0000E+00	  0.0000E+00	  0.0000E+00	  0.0000E+00	  0.0000E+00	  0.0000E+00	  0.0000E+00	  0.0000E+00	  0.0000E+00	  0.0000E+00	  0.0000E+00	  0.0000E+00	  0.0000E+00	  0.0000E+00	  0.0000E+00	  0.0000E+00	  0.0000E+00	  0.0000E+00	  0.0000E+00	  0.0000E+00	  0.0000E+00	  0.0000E+00	  0.0000E+00	  0.0000E+00	  0.0000E+00	  0.0000E+00	  0.0000E+00	  0.0000E+00	  0.0000E+00	  0.0000E+00	  0.0000E+00	  0.0000E+00	  0.0000E+00	  0.0000E+00	  0.0000E+00	  0.0000E+00	  0.0000E+00	  0.0000E+00	  0.0000E+00	  0.0000E+00	  0.0000E+00	  0.0000E+00	  0.0000E+00	  0.0000E+00	  0.0000E+00	  0.0000E+00	  0.0000E+00	  0.0000E+00	  0.0000E+00	  0.0000E+00	  0.0000E+00	  0.0000E+00	  0.0000E+00	  0.0000E+00	  0.0000E+00	  0.0000E+00	  0.0000E+00	  0.0000E+00	  0.0000E+00	  0.0000E+00	  0.0000E+00	  0.0000E+00	  0.0000E+00	  0.0000E+00	  0.0000E+00	  0.0000E+00	  0.0000E+00	  0.0000E+00	  0.0000E+00	  0.0000E+00	  0.0000E+00	  0.0000E+00	  0.0000E+00	  0.0000E+00	  0.0000E+00	  0.0000E+00	  0.0000E+00	  0.0000E+00	  0.0000E+00	  0.0000E+00	  0.0000E+00	  0.0000E+00	  0.0000E+00	  0.0000E+00	  0.0000E+00	  0.0000E+00	  0.0000E+00	  0.0000E+00	  0.0000E+00	  0.0000E+00	  0.0000E+00	  0.0000E+00	  0.0000E+00	  0.0000E+00	  0.0000E+00	  0.0000E+00	  0.0000E+00	  0.0000E+00	  0.0000E+00	  0.0000E+00	  0.0000E+00	  0.0000E+00	  0.0000E+00	  0.0000E+00	  0.0000E+00	  0.0000E+00	  0.0000E+00	  0.0000E+00	  0.0000E+00	  0.0000E+00	  0.0000E+00	  0.0000E+00	  0.0000E+00	  0.0000E+00	  0.0000E+00	  0.0000E+00	  0.0000E+00	  0.0000E+00	  0.0000E+00	  0.0000E+00	  0.0000E+00	  0.0000E+00	  0.0000E+00	  0.0000E+00	  0.0000E+00	  0.0000E+00	  0.0000E+00
  0.0000E+00	  0.0000E+00	  0.0000E+00	  0.0000E+00	  0.0000E+00	  0.0000E+00	  0.0000E+00	  0.0000E+00	  0.0000E+00	  0.0000E+00	  0.0000E+00	  0.0000E+00	  0.0000E+00	  0.0000E+00	  0.0000E+00	  0.0000E+00	  0.0000E+00	  0.0000E+00	  0.0000E+00	  0.0000E+00	  0.0000E+00	  0.0000E+00	  0.0000E+00	  0.0000E+00	  0.0000E+00	  0.0000E+00	  0.0000E+00	  0.0000E+00	  0.0000E+00	  0.0000E+00	  0.0000E+00	  0.0000E+00	  0.0000E+00	  0.0000E+00	  0.0000E+00	  0.0000E+00	  0.0000E+00	  0.0000E+00	  0.0000E+00	  0.0000E+00	  0.0000E+00	  0.0000E+00	  0.0000E+00	  0.0000E+00	  0.0000E+00	  0.0000E+00	  0.0000E+00	  0.0000E+00	  0.0000E+00	  0.0000E+00	  0.0000E+00	  0.0000E+00	  0.0000E+00	  0.0000E+00	  0.0000E+00	  0.0000E+00	  0.0000E+00	  0.0000E+00	  0.0000E+00	  0.0000E+00	  0.0000E+00	  0.0000E+00	  0.0000E+00	  0.0000E+00	  0.0000E+00	  0.0000E+00	  0.0000E+00	  0.0000E+00	  0.0000E+00	  0.0000E+00	  0.0000E+00	  0.0000E+00	  2.1320E-02	  5.6802E-01	  0.0000E+00	  1.3414E-01	  2.2425E-03	  0.0000E+00	  0.0000E+00	  0.0000E+00	  0.0000E+00	  0.0000E+00	  0.0000E+00	  0.0000E+00	  0.0000E+00	  1.5554E-02	  5.3329E-01	  7.4527E-02	  0.0000E+00	  0.0000E+00	  0.0000E+00	  0.0000E+00	  0.0000E+00	  0.0000E+00	  0.0000E+00	  0.0000E+00	  0.0000E+00	  0.0000E+00	  0.0000E+00	  0.0000E+00	  0.0000E+00	  0.0000E+00	  0.0000E+00	  0.0000E+00	  0.0000E+00	  0.0000E+00	  0.0000E+00	  0.0000E+00	  0.0000E+00	  0.0000E+00	  0.0000E+00	  0.0000E+00	  0.0000E+00	  0.0000E+00	  0.0000E+00	  0.0000E+00	  0.0000E+00	  0.0000E+00	  0.0000E+00	  0.0000E+00	  0.0000E+00	  0.0000E+00	  0.0000E+00	  0.0000E+00	  0.0000E+00	  0.0000E+00	  0.0000E+00	  0.0000E+00
  0.0000E+00	  0.0000E+00	  0.0000E+00	  0.0000E+00	  0.0000E+00	  0.0000E+00	  0.0000E+00	  0.0000E+00	  0.0000E+00	  0.0000E+00	  0.0000E+00	  0.0000E+00	  0.0000E+00	  0.0000E+00	  0.0000E+00	  0.0000E+00	  0.0000E+00	  0.0000E+00	  0.0000E+00	  0.0000E+00	  0.0000E+00	  0.0000E+00	  0.0000E+00	  0.0000E+00	  0.0000E+00	  0.0000E+00	  0.0000E+00	  0.0000E+00	  0.0000E+00	  0.0000E+00	  0.0000E+00	  0.0000E+00	  0.0000E+00	  0.0000E+00	  0.0000E+00	  0.0000E+00	  0.0000E+00	  0.0000E+00	  0.0000E+00	  0.0000E+00	  0.0000E+00	  0.0000E+00	  0.0000E+00	  0.0000E+00	  0.0000E+00	  0.0000E+00	  0.0000E+00	  0.0000E+00	  0.0000E+00	  0.0000E+00	  0.0000E+00	  0.0000E+00	  0.0000E+00	  0.0000E+00	  0.0000E+00	  0.0000E+00	  0.0000E+00	  0.0000E+00	  0.0000E+00	  0.0000E+00	  0.0000E+00	  0.0000E+00	  0.0000E+00	  0.0000E+00	  0.0000E+00	  0.0000E+00	  0.0000E+00	  0.0000E+00	  3.3861E-03	  1.9265E-01	  1.1028E-02	  0.0000E+00	  1.4826E-02	  4.3675E-01	  2.4885E-01	  1.8240E+00	  9.2425E-01	  0.0000E+00	  0.0000E+00	  3.5846E-01	  1.8829E-01	  1.5830E+00	  2.1096E+00	  2.0986E+00	  1.9427E-01	  3.5741E-01	  2.9032E+00	  9.8443E-01	  3.3911E-02	  0.0000E+00	  0.0000E+00	  0.0000E+00	  0.0000E+00	  0.0000E+00	  0.0000E+00	  0.0000E+00	  0.0000E+00	  0.0000E+00	  0.0000E+00	  0.0000E+00	  0.0000E+00	  0.0000E+00	  0.0000E+00	  0.0000E+00	  0.0000E+00	  0.0000E+00	  0.0000E+00	  0.0000E+00	  0.0000E+00	  0.0000E+00	  0.0000E+00	  0.0000E+00	  0.0000E+00	  0.0000E+00	  0.0000E+00	  0.0000E+00	  0.0000E+00	  0.0000E+00	  0.0000E+00	  0.0000E+00	  0.0000E+00	  0.0000E+00	  0.0000E+00	  0.0000E+00	  0.0000E+00	  0.0000E+00	  0.0000E+00	  0.0000E+00
  0.0000E+00	  0.0000E+00	  0.0000E+00	  0.0000E+00	  0.0000E+00	  0.0000E+00	  0.0000E+00	  0.0000E+00	  0.0000E+00	  0.0000E+00	  0.0000E+00	  0.0000E+00	  0.0000E+00	  0.0000E+00	  0.0000E+00	  0.0000E+00	  0.0000E+00	  0.0000E+00	  0.0000E+00	  0.0000E+00	  0.0000E+00	  0.0000E+00	  0.0000E+00	  0.0000E+00	  0.0000E+00	  0.0000E+00	  0.0000E+00	  0.0000E+00	  0.0000E+00	  0.0000E+00	  0.0000E+00	  0.0000E+00	  0.0000E+00	  0.0000E+00	  0.0000E+00	  0.0000E+00	  0.0000E+00	  0.0000E+00	  0.0000E+00	  0.0000E+00	  0.0000E+00	  0.0000E+00	  0.0000E+00	  0.0000E+00	  0.0000E+00	  0.0000E+00	  0.0000E+00	  0.0000E+00	  0.0000E+00	  0.0000E+00	  0.0000E+00	  0.0000E+00	  0.0000E+00	  0.0000E+00	  0.0000E+00	  0.0000E+00	  0.0000E+00	  0.0000E+00	  0.0000E+00	  0.0000E+00	  0.0000E+00	  0.0000E+00	  0.0000E+00	  0.0000E+00	  0.0000E+00	  0.0000E+00	  0.0000E+00	  0.0000E+00	  4.3858E-01	  2.3755E+00	  1.8147E+00	  1.2790E+00	  1.2812E+00	  2.7955E+00	  5.1838E+00	  6.5405E+00	  3.9163E+00	  2.6555E+00	  3.1746E+00	  2.9027E+00	  2.4563E+00	  6.3898E+00	  4.7753E+00	  3.3408E+00	  3.3491E+00	  7.4842E+00	  9.7174E+00	  6.0496E+00	  1.8627E+00	  1.3206E+00	  6.1373E-01	  2.7828E-01	  0.0000E+00	  0.0000E+00	  0.0000E+00	  0.0000E+00	  4.3470E-02	  1.2660E-01	  0.0000E+00	  0.0000E+00	  0.0000E+00	  0.0000E+00	  0.0000E+00	  0.0000E+00	  0.0000E+00	  0.0000E+00	  0.0000E+00	  0.0000E+00	  0.0000E+00	  0.0000E+00	  0.0000E+00	  0.0000E+00	  0.0000E+00	  0.0000E+00	  0.0000E+00	  0.0000E+00	  0.0000E+00	  0.0000E+00	  0.0000E+00	  0.0000E+00	  0.0000E+00	  0.0000E+00	  0.0000E+00	  0.0000E+00	  0.0000E+00	  0.0000E+00	  0.0000E+00	  0.0000E+00
  0.0000E+00	  0.0000E+00	  0.0000E+00	  0.0000E+00	  0.0000E+00	  0.0000E+00	  0.0000E+00	  0.0000E+00	  0.0000E+00	  0.0000E+00	  0.0000E+00	  0.0000E+00	  0.0000E+00	  0.0000E+00	  0.0000E+00	  0.0000E+00	  0.0000E+00	  0.0000E+00	  0.0000E+00	  0.0000E+00	  0.0000E+00	  0.0000E+00	  0.0000E+00	  0.0000E+00	  0.0000E+00	  0.0000E+00	  0.0000E+00	  0.0000E+00	  0.0000E+00	  0.0000E+00	  0.0000E+00	  0.0000E+00	  0.0000E+00	  0.0000E+00	  0.0000E+00	  0.0000E+00	  0.0000E+00	  0.0000E+00	  0.0000E+00	  0.0000E+00	  0.0000E+00	  0.0000E+00	  0.0000E+00	  0.0000E+00	  0.0000E+00	  0.0000E+00	  0.0000E+00	  0.0000E+00	  0.0000E+00	  0.0000E+00	  0.0000E+00	  0.0000E+00	  0.0000E+00	  0.0000E+00	  0.0000E+00	  0.0000E+00	  0.0000E+00	  0.0000E+00	  0.0000E+00	  0.0000E+00	  0.0000E+00	  0.0000E+00	  0.0000E+00	  0.0000E+00	  9.7525E-03	  7.4657E-01	  2.6642E-01	  2.9700E-01	  1.8077E+00	  5.5276E+00	  2.6856E+00	  4.9916E+00	  1.0462E+01	  1.6233E+01	  2.0269E+01	  2.0441E+01	  1.1205E+01	  9.1985E+00	  1.3071E+01	  7.9971E+00	  1.3928E+01	  2.3118E+01	  1.5512E+01	  1.0952E+01	  1.1723E+01	  1.7418E+01	  1.6248E+01	  1.5572E+01	  1.6354E+01	  1.0325E+01	  3.8401E+00	  2.4133E+00	  1.3060E-01	  5.1165E-01	  1.3009E+00	  6.3108E-01	  9.4053E-01	  9.2262E-01	  0.0000E+00	  0.0000E+00	  0.0000E+00	  0.0000E+00	  0.0000E+00	  0.0000E+00	  0.0000E+00	  0.0000E+00	  0.0000E+00	  0.0000E+00	  0.0000E+00	  0.0000E+00	  0.0000E+00	  0.0000E+00	  0.0000E+00	  0.0000E+00	  0.0000E+00	  0.0000E+00	  0.0000E+00	  0.0000E+00	  0.0000E+00	  0.0000E+00	  0.0000E+00	  0.0000E+00	  0.0000E+00	  0.0000E+00	  0.0000E+00	  0.0000E+00	  0.0000E+00	  0.0000E+00
  0.0000E+00	  0.0000E+00	  0.0000E+00	  0.0000E+00	  0.0000E+00	  0.0000E+00	  0.0000E+00	  0.0000E+00	  0.0000E+00	  0.0000E+00	  0.0000E+00	  0.0000E+00	  0.0000E+00	  0.0000E+00	  0.0000E+00	  0.0000E+00	  0.0000E+00	  0.0000E+00	  0.0000E+00	  0.0000E+00	  0.0000E+00	  0.0000E+00	  0.0000E+00	  0.0000E+00	  0.0000E+00	  0.0000E+00	  0.0000E+00	  0.0000E+00	  0.0000E+00	  0.0000E+00	  0.0000E+00	  0.0000E+00	  0.0000E+00	  0.0000E+00	  0.0000E+00	  0.0000E+00	  0.0000E+00	  0.0000E+00	  0.0000E+00	  0.0000E+00	  0.0000E+00	  0.0000E+00	  0.0000E+00	  0.0000E+00	  0.0000E+00	  0.0000E+00	  0.0000E+00	  0.0000E+00	  0.0000E+00	  0.0000E+00	  0.0000E+00	  0.0000E+00	  0.0000E+00	  0.0000E+00	  0.0000E+00	  7.3384E-02	  7.1095E-01	  2.9083E-01	  5.5255E-02	  2.1927E-01	  3.2820E-01	  3.5686E-01	  9.4614E-01	  1.1303E+00	  1.6775E+00	  4.3704E+00	  3.2925E+00	  4.2039E+00	  6.1601E+00	  1.7200E+01	  1.5168E+01	  1.7618E+01	  1.5901E+01	  2.0788E+01	  2.8419E+01	  3.0423E+01	  3.2139E+01	  3.1486E+01	  3.3054E+01	  3.0767E+01	  3.8839E+01	  3.5277E+01	  3.6951E+01	  3.1216E+01	  2.9938E+01	  3.0834E+01	  5.2859E+01	  3.6895E+01	  3.2464E+01	  2.3892E+01	  1.6212E+01	  8.0670E+00	  5.5689E+00	  6.8410E+00	  5.2670E+00	  2.2823E+00	  1.6384E+00	  7.9626E-01	  3.7774E-01	  0.0000E+00	  0.0000E+00	  0.0000E+00	  0.0000E+00	  0.0000E+00	  0.0000E+00	  0.0000E+00	  0.0000E+00	  0.0000E+00	  0.0000E+00	  0.0000E+00	  0.0000E+00	  0.0000E+00	  0.0000E+00	  0.0000E+00	  0.0000E+00	  0.0000E+00	  0.0000E+00	  0.0000E+00	  0.0000E+00	  0.0000E+00	  0.0000E+00	  0.0000E+00	  0.0000E+00	  0.0000E+00	  0.0000E+00	  0.0000E+00	  0.0000E+00	  0.0000E+00
  0.0000E+00	  0.0000E+00	  0.0000E+00	  0.0000E+00	  0.0000E+00	  0.0000E+00	  0.0000E+00	  0.0000E+00	  0.0000E+00	  0.0000E+00	  0.0000E+00	  0.0000E+00	  0.0000E+00	  0.0000E+00	  0.0000E+00	  0.0000E+00	  0.0000E+00	  0.0000E+00	  0.0000E+00	  0.0000E+00	  0.0000E+00	  0.0000E+00	  0.0000E+00	  0.0000E+00	  0.0000E+00	  0.0000E+00	  0.0000E+00	  0.0000E+00	  0.0000E+00	  0.0000E+00	  0.0000E+00	  0.0000E+00	  0.0000E+00	  0.0000E+00	  0.0000E+00	  0.0000E+00	  0.0000E+00	  0.0000E+00	  0.0000E+00	  0.0000E+00	  0.0000E+00	  0.0000E+00	  0.0000E+00	  0.0000E+00	  0.0000E+00	  0.0000E+00	  0.0000E+00	  0.0000E+00	  0.0000E+00	  0.0000E+00	  0.0000E+00	  4.8131E-03	  4.8458E-01	  2.1773E-03	  5.2911E-02	  1.5563E+00	  1.1044E+00	  6.3517E-01	  2.6280E+00	  3.1082E+00	  3.2565E+00	  3.2180E+00	  3.2560E+00	  4.7719E+00	  1.0265E+01	  1.5666E+01	  1.5205E+01	  1.1621E+01	  2.0078E+01	  2.7609E+01	  3.1381E+01	  3.3504E+01	  3.0991E+01	  3.9548E+01	  4.2085E+01	  5.1111E+01	  5.3971E+01	  5.5536E+01	  5.2871E+01	  6.2007E+01	  6.5728E+01	  6.3602E+01	  7.0588E+01	  6.5644E+01	  6.3531E+01	  6.0615E+01	  7.7384E+01	  7.5523E+01	  5.6431E+01	  5.1536E+01	  3.5096E+01	  2.8314E+01	  2.6932E+01	  2.5520E+01	  1.2944E+01	  5.3952E+00	  3.2315E+00	  2.5390E+00	  9.5058E-01	  4.3448E-01	  6.8289E-01	  1.0112E-01	  0.0000E+00	  0.0000E+00	  0.0000E+00	  0.0000E+00	  0.0000E+00	  0.0000E+00	  0.0000E+00	  0.0000E+00	  0.0000E+00	  0.0000E+00	  0.0000E+00	  0.0000E+00	  0.0000E+00	  0.0000E+00	  0.0000E+00	  0.0000E+00	  0.0000E+00	  0.0000E+00	  0.0000E+00	  0.0000E+00	  0.0000E+00	  0.0000E+00	  0.0000E+00	  0.0000E+00	  0.0000E+00	  0.0000E+00
  0.0000E+00	  0.0000E+00	  0.0000E+00	  0.0000E+00	  0.0000E+00	  0.0000E+00	  0.0000E+00	  0.0000E+00	  0.0000E+00	  0.0000E+00	  0.0000E+00	  0.0000E+00	  0.0000E+00	  0.0000E+00	  0.0000E+00	  0.0000E+00	  0.0000E+00	  0.0000E+00	  0.0000E+00	  0.0000E+00	  0.0000E+00	  0.0000E+00	  0.0000E+00	  0.0000E+00	  0.0000E+00	  0.0000E+00	  0.0000E+00	  0.0000E+00	  0.0000E+00	  0.0000E+00	  0.0000E+00	  0.0000E+00	  0.0000E+00	  0.0000E+00	  0.0000E+00	  0.0000E+00	  0.0000E+00	  0.0000E+00	  0.0000E+00	  0.0000E+00	  0.0000E+00	  0.0000E+00	  0.0000E+00	  0.0000E+00	  0.0000E+00	  0.0000E+00	  0.0000E+00	  0.0000E+00	  0.0000E+00	  1.6396E-01	  1.2452E-01	  1.4113E-01	  1.7181E+00	  2.1502E-01	  1.5610E+00	  5.4180E+00	  3.9318E+00	  4.7695E+00	  5.8156E+00	  1.0106E+01	  1.4211E+01	  2.1975E+01	  1.8720E+01	  1.4166E+01	  1.8961E+01	  3.0198E+01	  3.7723E+01	  4.5867E+01	  6.5274E+01	  6.0899E+01	  5.5493E+01	  5.4343E+01	  5.3684E+01	  6.5880E+01	  8.0610E+01	  8.0820E+01	  9.1766E+01	  9.3161E+01	  8.3109E+01	  9.3908E+01	  1.0502E+02	  9.0769E+01	  1.0517E+02	  1.1377E+02	  1.0489E+02	  1.0802E+02	  1.2539E+02	  1.1670E+02	  8.5341E+01	  8.6072E+01	  7.4674E+01	  6.4718E+01	  5.8056E+01	  5.7834E+01	  2.8763E+01	  1.9233E+01	  1.1659E+01	  1.1085E+01	  7.2935E+00	  1.3152E+00	  2.3072E+00	  1.5319E-01	  0.0000E+00	  0.0000E+00	  0.0000E+00	  0.0000E+00	  0.0000E+00	  0.0000E+00	  0.0000E+00	  0.0000E+00	  0.0000E+00	  0.0000E+00	  0.0000E+00	  0.0000E+00	  0.0000E+00	  0.0000E+00	  0.0000E+00	  0.0000E+00	  0.0000E+00	  0.0000E+00	  0.0000E+00	  0.0000E+00	  0.0000E+00	  0.0000E+00	  0.0000E+00	  0.0000E+00	  0.0000E+00	  0.0000E+00
  0.0000E+00	  0.0000E+00	  0.0000E+00	  0.0000E+00	  0.0000E+00	  0.0000E+00	  0.0000E+00	  0.0000E+00	  0.0000E+00	  0.0000E+00	  0.0000E+00	  0.0000E+00	  0.0000E+00	  0.0000E+00	  0.0000E+00	  0.0000E+00	  0.0000E+00	  0.0000E+00	  0.0000E+00	  0.0000E+00	  0.0000E+00	  0.0000E+00	  0.0000E+00	  0.0000E+00	  0.0000E+00	  0.0000E+00	  0.0000E+00	  0.0000E+00	  0.0000E+00	  0.0000E+00	  0.0000E+00	  0.0000E+00	  0.0000E+00	  0.0000E+00	  0.0000E+00	  0.0000E+00	  0.0000E+00	  0.0000E+00	  0.0000E+00	  0.0000E+00	  0.0000E+00	  0.0000E+00	  0.0000E+00	  0.0000E+00	  0.0000E+00	  0.0000E+00	  0.0000E+00	  0.0000E+00	  0.0000E+00	  4.0393E-01	  6.5127E-01	  1.1130E+00	  2.2396E+00	  2.2676E+00	  1.8373E+00	  6.4166E+00	  8.5110E+00	  1.2997E+01	  1.3025E+01	  2.0366E+01	  3.8259E+01	  4.7481E+01	  4.9666E+01	  4.9752E+01	  4.8767E+01	  4.9056E+01	  6.5927E+01	  9.3715E+01	  9.6279E+01	  1.0107E+02	  1.0607E+02	  7.9499E+01	  8.9987E+01	  1.0710E+02	  1.1777E+02	  1.2654E+02	  1.1737E+02	  1.2013E+02	  1.1942E+02	  1.1375E+02	  1.3192E+02	  1.4369E+02	  1.6220E+02	  1.6052E+02	  1.4964E+02	  1.4617E+02	  1.5868E+02	  1.3595E+02	  1.3362E+02	  1.4427E+02	  1.2432E+02	  1.1812E+02	  1.1614E+02	  1.0205E+02	  6.1906E+01	  2.7703E+01	  2.3033E+01	  2.8386E+01	  1.2969E+01	  5.4679E+00	  2.9558E+00	  2.8465E-01	  0.0000E+00	  0.0000E+00	  0.0000E+00	  0.0000E+00	  0.0000E+00	  0.0000E+00	  0.0000E+00	  0.0000E+00	  0.0000E+00	  0.0000E+00	  0.0000E+00	  0.0000E+00	  0.0000E+00	  0.0000E+00	  0.0000E+00	  0.0000E+00	  0.0000E+00	  0.0000E+00	  0.0000E+00	  0.0000E+00	  0.0000E+00	  0.0000E+00	  0.0000E+00	  0.0000E+00	  0.0000E+00	  0.0000E+00
  0.0000E+00	  0.0000E+00	  0.0000E+00	  0.0000E+00	  0.0000E+00	  0.0000E+00	  0.0000E+00	  0.0000E+00	  0.0000E+00	  0.0000E+00	  0.0000E+00	  0.0000E+00	  0.0000E+00	  0.0000E+00	  0.0000E+00	  0.0000E+00	  0.0000E+00	  0.0000E+00	  0.0000E+00	  0.0000E+00	  0.0000E+00	  0.0000E+00	  0.0000E+00	  0.0000E+00	  0.0000E+00	  0.0000E+00	  0.0000E+00	  0.0000E+00	  0.0000E+00	  0.0000E+00	  0.0000E+00	  0.0000E+00	  0.0000E+00	  0.0000E+00	  0.0000E+00	  0.0000E+00	  0.0000E+00	  0.0000E+00	  0.0000E+00	  0.0000E+00	  0.0000E+00	  0.0000E+00	  0.0000E+00	  0.0000E+00	  0.0000E+00	  0.0000E+00	  2.4001E-03	  3.4069E-01	  5.6973E-02	  1.6822E-01	  1.8526E+00	  6.3789E+00	  7.5887E+00	  1.4114E+01	  1.1367E+01	  1.8568E+01	  2.0327E+01	  2.7055E+01	  3.6810E+01	  4.6131E+01	  6.2614E+01	  7.7915E+01	  8.4221E+01	  9.6131E+01	  8.9306E+01	  9.1200E+01	  8.4421E+01	  1.0969E+02	  1.3241E+02	  1.1668E+02	  1.3619E+02	  1.1564E+02	  1.0843E+02	  1.4216E+02	  1.4252E+02	  1.4943E+02	  1.6053E+02	  1.4118E+02	  1.5175E+02	  1.4713E+02	  1.4811E+02	  1.7190E+02	  1.9321E+02	  1.8396E+02	  1.8248E+02	  1.8035E+02	  2.0380E+02	  1.8641E+02	  1.9298E+02	  2.0329E+02	  2.0681E+02	  2.0617E+02	  1.8837E+02	  1.7024E+02	  1.1572E+02	  7.2712E+01	  5.0014E+01	  4.3127E+01	  2.4017E+01	  1.3051E+01	  4.0925E+00	  6.0862E-01	  7.3546E-01	  1.0076E+00	  1.1771E-01	  0.0000E+00	  0.0000E+00	  0.0000E+00	  0.0000E+00	  0.0000E+00	  0.0000E+00	  0.0000E+00	  0.0000E+00	  0.0000E+00	  0.0000E+00	  0.0000E+00	  0.0000E+00	  0.0000E+00	  0.0000E+00	  0.0000E+00	  0.0000E+00	  0.0000E+00	  0.0000E+00	  0.0000E+00	  0.0000E+00	  0.0000E+00	  0.0000E+00	  0.0000E+00
  0.0000E+00	  0.0000E+00	  0.0000E+00	  0.0000E+00	  0.0000E+00	  0.0000E+00	  0.0000E+00	  0.0000E+00	  0.0000E+00	  0.0000E+00	  0.0000E+00	  0.0000E+00	  0.0000E+00	  0.0000E+00	  0.0000E+00	  0.0000E+00	  0.0000E+00	  0.0000E+00	  0.0000E+00	  0.0000E+00	  0.0000E+00	  0.0000E+00	  0.0000E+00	  0.0000E+00	  0.0000E+00	  0.0000E+00	  0.0000E+00	  0.0000E+00	  0.0000E+00	  0.0000E+00	  0.0000E+00	  0.0000E+00	  0.0000E+00	  0.0000E+00	  0.0000E+00	  0.0000E+00	  0.0000E+00	  0.0000E+00	  0.0000E+00	  0.0000E+00	  0.0000E+00	  0.0000E+00	  6.2366E-02	  2.6452E-01	  0.0000E+00	  0.0000E+00	  7.0609E-01	  2.0054E+00	  2.2345E+00	  5.3316E+00	  5.8033E+00	  1.0075E+01	  1.2731E+01	  2.3044E+01	  3.0856E+01	  4.3422E+01	  5.0644E+01	  4.9021E+01	  6.4413E+01	  7.6425E+01	  1.0182E+02	  1.1293E+02	  1.1795E+02	  1.1722E+02	  1.2000E+02	  1.1056E+02	  1.3550E+02	  1.5212E+02	  1.4346E+02	  1.3367E+02	  1.2508E+02	  1.3132E+02	  1.3420E+02	  1.6332E+02	  1.5666E+02	  1.6448E+02	  1.7481E+02	  1.6386E+02	  1.7541E+02	  1.7699E+02	  1.7207E+02	  1.8289E+02	  2.0548E+02	  1.9672E+02	  1.8864E+02	  2.1166E+02	  2.1766E+02	  2.0836E+02	  2.3295E+02	  2.3952E+02	  2.3963E+02	  2.5648E+02	  2.2986E+02	  2.0671E+02	  1.6454E+02	  1.3166E+02	  9.3547E+01	  7.6648E+01	  4.4836E+01	  2.4251E+01	  7.7938E+00	  2.0747E+00	  4.2058E+00	  1.2981E+00	  1.1430E+00	  1.5549E-01	  0.0000E+00	  0.0000E+00	  0.0000E+00	  0.0000E+00	  0.0000E+00	  0.0000E+00	  0.0000E+00	  0.0000E+00	  0.0000E+00	  0.0000E+00	  0.0000E+00	  0.0000E+00	  0.0000E+00	  0.0000E+00	  0.0000E+00	  0.0000E+00	  0.0000E+00	  0.0000E+00	  0.0000E+00	  0.0000E+00	  0.0000E+00	  0.0000E+00
  0.0000E+00	  0.0000E+00	  0.0000E+00	  0.0000E+00	  0.0000E+00	  0.0000E+00	  0.0000E+00	  0.0000E+00	  0.0000E+00	  0.0000E+00	  0.0000E+00	  0.0000E+00	  0.0000E+00	  0.0000E+00	  0.0000E+00	  0.0000E+00	  0.0000E+00	  0.0000E+00	  0.0000E+00	  0.0000E+00	  0.0000E+00	  0.0000E+00	  0.0000E+00	  0.0000E+00	  0.0000E+00	  0.0000E+00	  0.0000E+00	  0.0000E+00	  0.0000E+00	  0.0000E+00	  0.0000E+00	  0.0000E+00	  0.0000E+00	  0.0000E+00	  0.0000E+00	  0.0000E+00	  0.0000E+00	  0.0000E+00	  0.0000E+00	  0.0000E+00	  0.0000E+00	  0.0000E+00	  1.2827E-01	  1.4580E+00	  6.9039E-01	  1.4135E+00	  3.8990E+00	  5.1145E+00	  8.3139E+00	  1.1913E+01	  1.6408E+01	  2.3745E+01	  2.8209E+01	  4.4052E+01	  5.3629E+01	  6.9634E+01	  8.2755E+01	  8.2418E+01	  8.4863E+01	  1.0365E+02	  1.0966E+02	  1.4624E+02	  1.4627E+02	  1.2675E+02	  1.2061E+02	  1.3720E+02	  1.4924E+02	  1.6134E+02	  1.4488E+02	  1.6145E+02	  1.4451E+02	  1.4345E+02	  1.6050E+02	  1.7404E+02	  1.6675E+02	  1.8329E+02	  1.7680E+02	  2.0926E+02	  1.8712E+02	  2.0278E+02	  2.1800E+02	  2.0755E+02	  2.3274E+02	  2.1728E+02	  2.1579E+02	  2.1961E+02	  2.5029E+02	  2.3891E+02	  2.2702E+02	  2.5030E+02	  2.3850E+02	  2.3167E+02	  2.2231E+02	  2.1842E+02	  1.8126E+02	  1.6298E+02	  1.5839E+02	  1.2814E+02	  7.6996E+01	  3.9912E+01	  1.7165E+01	  5.1880E+00	  3.8801E+00	  9.8321E-01	  5.6763E-01	  1.3283E-02	  0.0000E+00	  0.0000E+00	  0.0000E+00	  0.0000E+00	  0.0000E+00	  0.0000E+00	  0.0000E+00	  0.0000E+00	  0.0000E+00	  0.0000E+00	  0.0000E+00	  0.0000E+00	  0.0000E+00	  0.0000E+00	  0.0000E+00	  0.0000E+00	  0.0000E+00	  0.0000E+00	  0.0000E+00	  0.0000E+00	  0.0000E+00	  0.0000E+00
  0.0000E+00	  0.0000E+00	  0.0000E+00	  0.0000E+00	  0.0000E+00	  0.0000E+00	  0.0000E+00	  0.0000E+00	  0.0000E+00	  0.0000E+00	  0.0000E+00	  0.0000E+00	  0.0000E+00	  0.0000E+00	  0.0000E+00	  0.0000E+00	  0.0000E+00	  0.0000E+00	  0.0000E+00	  0.0000E+00	  0.0000E+00	  0.0000E+00	  0.0000E+00	  0.0000E+00	  0.0000E+00	  0.0000E+00	  0.0000E+00	  0.0000E+00	  0.0000E+00	  0.0000E+00	  0.0000E+00	  0.0000E+00	  0.0000E+00	  0.0000E+00	  0.0000E+00	  0.0000E+00	  0.0000E+00	  0.0000E+00	  0.0000E+00	  0.0000E+00	  3.9264E-03	  4.0207E-02	  4.8483E-01	  3.8304E+00	  4.0515E+00	  4.0130E+00	  7.8423E+00	  1.2105E+01	  1.6921E+01	  4.1954E+01	  3.5415E+01	  3.9049E+01	  3.8379E+01	  7.4286E+01	  9.7621E+01	  1.0155E+02	  1.3206E+02	  1.3367E+02	  1.1648E+02	  1.1967E+02	  1.3734E+02	  1.7061E+02	  1.4658E+02	  1.4015E+02	  1.4637E+02	  1.2374E+02	  1.2869E+02	  1.5434E+02	  1.4468E+02	  1.6629E+02	  1.7735E+02	  1.9821E+02	  2.0455E+02	  1.8273E+02	  1.8763E+02	  1.8523E+02	  1.7812E+02	  2.1059E+02	  2.2087E+02	  2.3137E+02	  2.2490E+02	  2.1972E+02	  2.2382E+02	  2.3324E+02	  2.3168E+02	  2.2599E+02	  2.6889E+02	  2.8675E+02	  2.6719E+02	  2.4385E+02	  2.6197E+02	  2.4585E+02	  2.6003E+02	  2.5591E+02	  2.2728E+02	  1.9291E+02	  1.9398E+02	  1.6901E+02	  1.2190E+02	  5.9974E+01	  2.3353E+01	  1.5410E+01	  1.0592E+01	  2.0643E+00	  6.6233E-01	  0.0000E+00	  0.0000E+00	  0.0000E+00	  0.0000E+00	  0.0000E+00	  0.0000E+00	  0.0000E+00	  0.0000E+00	  0.0000E+00	  0.0000E+00	  0.0000E+00	  0.0000E+00	  0.0000E+00	  0.0000E+00	  0.0000E+00	  0.0000E+00	  0.0000E+00	  0.0000E+00	  0.0000E+00	  0.0000E+00	  0.0000E+00	  0.0000E+00	  0.0000E+00
  0.0000E+00	  0.0000E+00	  0.0000E+00	  0.0000E+00	  0.0000E+00	  0.0000E+00	  0.0000E+00	  0.0000E+00	  0.0000E+00	  0.0000E+00	  0.0000E+00	  0.0000E+00	  0.0000E+00	  0.0000E+00	  0.0000E+00	  0.0000E+00	  0.0000E+00	  0.0000E+00	  0.0000E+00	  0.0000E+00	  0.0000E+00	  0.0000E+00	  0.0000E+00	  0.0000E+00	  0.0000E+00	  0.0000E+00	  0.0000E+00	  0.0000E+00	  0.0000E+00	  0.0000E+00	  0.0000E+00	  0.0000E+00	  0.0000E+00	  0.0000E+00	  0.0000E+00	  0.0000E+00	  0.0000E+00	  0.0000E+00	  0.0000E+00	  2.9424E-02	  5.9739E-01	  8.7007E-01	  3.1768E+00	  8.8064E+00	  7.7935E+00	  1.1480E+01	  1.3235E+01	  1.7727E+01	  2.4719E+01	  4.2390E+01	  6.5917E+01	  7.0766E+01	  7.1134E+01	  9.4523E+01	  1.1986E+02	  1.3964E+02	  1.4248E+02	  1.3421E+02	  1.4000E+02	  1.4656E+02	  1.4498E+02	  1.7538E+02	  1.4668E+02	  1.3795E+02	  1.5291E+02	  1.6954E+02	  1.7313E+02	  1.7940E+02	  2.0452E+02	  1.8489E+02	  2.0695E+02	  2.3490E+02	  2.1294E+02	  1.7658E+02	  1.7799E+02	  1.8535E+02	  2.1590E+02	  2.2998E+02	  2.4271E+02	  2.4997E+02	  2.5231E+02	  2.4128E+02	  2.1483E+02	  2.2162E+02	  2.1596E+02	  2.2280E+02	  2.3859E+02	  2.7677E+02	  2.8698E+02	  2.3774E+02	  2.4853E+02	  2.3520E+02	  2.3706E+02	  2.3704E+02	  2.3544E+02	  2.4861E+02	  2.1878E+02	  1.9492E+02	  1.3964E+02	  8.7264E+01	  4.6369E+01	  2.1457E+01	  1.2454E+01	  2.8372E+00	  1.4385E+00	  3.0767E-01	  0.0000E+00	  0.0000E+00	  0.0000E+00	  0.0000E+00	  0.0000E+00	  0.0000E+00	  0.0000E+00	  0.0000E+00	  0.0000E+00	  0.0000E+00	  0.0000E+00	  0.0000E+00	  0.0000E+00	  0.0000E+00	  0.0000E+00	  0.0000E+00	  0.0000E+00	  0.0000E+00	  0.0000E+00	  0.0000E+00	  0.0000E+00	  0.0000E+00
  0.0000E+00	  0.0000E+00	  0.0000E+00	  0.0000E+00	  0.0000E+00	  0.0000E+00	  0.0000E+00	  0.0000E+00	  0.0000E+00	  0.0000E+00	  0.0000E+00	  0.0000E+00	  0.0000E+00	  0.0000E+00	  0.0000E+00	  0.0000E+00	  0.0000E+00	  0.0000E+00	  0.0000E+00	  0.0000E+00	  0.0000E+00	  0.0000E+00	  0.0000E+00	  0.0000E+00	  0.0000E+00	  0.0000E+00	  0.0000E+00	  0.0000E+00	  0.0000E+00	  0.0000E+00	  0.0000E+00	  0.0000E+00	  0.0000E+00	  0.0000E+00	  0.0000E+00	  0.0000E+00	  0.0000E+00	  0.0000E+00	  2.2566E-01	  2.2631E-01	  5.7221E-01	  1.0212E+00	  7.4585E+00	  1.4838E+01	  2.1620E+01	  2.4556E+01	  2.7294E+01	  3.4652E+01	  5.3561E+01	  8.6520E+01	  1.1515E+02	  1.2037E+02	  1.2087E+02	  1.2586E+02	  1.2783E+02	  1.5457E+02	  1.4746E+02	  1.4162E+02	  1.4766E+02	  1.3494E+02	  1.4946E+02	  1.7474E+02	  1.7191E+02	  1.5526E+02	  1.7413E+02	  1.9236E+02	  2.1118E+02	  2.0754E+02	  2.0717E+02	  2.0253E+02	  2.0744E+02	  2.0349E+02	  1.9613E+02	  1.6754E+02	  1.9361E+02	  2.2324E+02	  2.4223E+02	  2.3224E+02	  2.3782E+02	  2.6539E+02	  2.5527E+02	  2.4176E+02	  2.0443E+02	  1.9097E+02	  2.1341E+02	  2.3206E+02	  2.4528E+02	  2.5433E+02	  2.6190E+02	  2.3678E+02	  2.1833E+02	  2.2216E+02	  2.3243E+02	  2.3335E+02	  2.2867E+02	  2.2990E+02	  2.2143E+02	  2.0551E+02	  1.7568E+02	  1.2668E+02	  6.4652E+01	  3.1193E+01	  1.3260E+01	  8.1744E+00	  1.0436E+00	  8.0407E-02	  0.0000E+00	  0.0000E+00	  0.0000E+00	  0.0000E+00	  0.0000E+00	  0.0000E+00	  0.0000E+00	  0.0000E+00	  0.0000E+00	  0.0000E+00	  0.0000E+00	  0.0000E+00	  0.0000E+00	  0.0000E+00	  0.0000E+00	  0.0000E+00	  0.0000E+00	  0.0000E+00	  0.0000E+00	  0.0000E+00	  0.0000E+00	  0.0000E+00
  0.0000E+00	  0.0000E+00	  0.0000E+00	  0.0000E+00	  0.0000E+00	  0.0000E+00	  0.0000E+00	  0.0000E+00	  0.0000E+00	  0.0000E+00	  0.0000E+00	  0.0000E+00	  0.0000E+00	  0.0000E+00	  0.0000E+00	  0.0000E+00	  0.0000E+00	  0.0000E+00	  0.0000E+00	  0.0000E+00	  0.0000E+00	  0.0000E+00	  0.0000E+00	  0.0000E+00	  0.0000E+00	  0.0000E+00	  0.0000E+00	  0.0000E+00	  0.0000E+00	  0.0000E+00	  0.0000E+00	  0.0000E+00	  0.0000E+00	  0.0000E+00	  0.0000E+00	  0.0000E+00	  5.4254E-01	  1.5665E+00	  6.5673E-01	  3.2136E+00	  4.6808E+00	  9.5586E+00	  1.4823E+01	  2.9941E+01	  4.7040E+01	  5.2446E+01	  6.4111E+01	  6.8770E+01	  7.5682E+01	  9.9310E+01	  1.3375E+02	  1.4290E+02	  1.4490E+02	  1.4291E+02	  1.3499E+02	  1.5772E+02	  1.4543E+02	  1.3476E+02	  1.3339E+02	  1.1561E+02	  1.3361E+02	  1.6079E+02	  1.9089E+02	  1.8262E+02	  2.0369E+02	  1.9942E+02	  2.0581E+02	  2.1014E+02	  2.0732E+02	  2.0282E+02	  2.0801E+02	  1.9559E+02	  2.1703E+02	  2.0047E+02	  2.1566E+02	  2.4295E+02	  2.4008E+02	  2.4566E+02	  2.6237E+02	  2.6938E+02	  2.6886E+02	  2.5515E+02	  2.3132E+02	  2.0948E+02	  2.3520E+02	  2.5724E+02	  2.7408E+02	  2.5760E+02	  2.4931E+02	  2.6064E+02	  2.4434E+02	  2.5320E+02	  2.4462E+02	  2.4339E+02	  2.4672E+02	  2.3278E+02	  2.0628E+02	  2.3993E+02	  2.5159E+02	  1.7485E+02	  8.7459E+01	  4.8624E+01	  1.7606E+01	  1.1252E+01	  2.3628E+00	  0.0000E+00	  0.0000E+00	  0.0000E+00	  0.0000E+00	  0.0000E+00	  0.0000E+00	  0.0000E+00	  0.0000E+00	  0.0000E+00	  0.0000E+00	  0.0000E+00	  0.0000E+00	  0.0000E+00	  0.0000E+00	  0.0000E+00	  0.0000E+00	  0.0000E+00	  0.0000E+00	  0.0000E+00	  0.0000E+00	  0.0000E+00	  0.0000E+00	  0.0000E+00
  0.0000E+00	  0.0000E+00	  0.0000E+00	  0.0000E+00	  0.0000E+00	  0.0000E+00	  0.0000E+00	  0.0000E+00	  0.0000E+00	  0.0000E+00	  0.0000E+00	  0.0000E+00	  0.0000E+00	  0.0000E+00	  0.0000E+00	  0.0000E+00	  0.0000E+00	  0.0000E+00	  0.0000E+00	  0.0000E+00	  0.0000E+00	  0.0000E+00	  0.0000E+00	  0.0000E+00	  0.0000E+00	  0.0000E+00	  0.0000E+00	  0.0000E+00	  0.0000E+00	  0.0000E+00	  0.0000E+00	  0.0000E+00	  0.0000E+00	  0.0000E+00	  0.0000E+00	  6.8350E-02	  3.4842E+00	  7.6819E+00	  9.8320E+00	  1.6364E+01	  2.1839E+01	  2.7844E+01	  3.7831E+01	  6.0942E+01	  8.4080E+01	  9.3897E+01	  9.6942E+01	  1.0083E+02	  1.2265E+02	  1.3299E+02	  1.4130E+02	  1.6313E+02	  1.6541E+02	  1.6348E+02	  1.5142E+02	  1.6211E+02	  1.4773E+02	  1.6108E+02	  1.6516E+02	  1.3926E+02	  1.4933E+02	  1.6393E+02	  1.9337E+02	  2.0437E+02	  2.2143E+02	  2.1250E+02	  2.2569E+02	  2.3360E+02	  2.4205E+02	  2.3349E+02	  2.0934E+02	  2.0640E+02	  2.2953E+02	  2.1876E+02	  2.3031E+02	  2.6860E+02	  2.7687E+02	  2.7493E+02	  2.7361E+02	  2.7536E+02	  2.9216E+02	  2.5478E+02	  2.6180E+02	  2.3393E+02	  2.3184E+02	  2.4741E+02	  2.7547E+02	  2.6173E+02	  2.3562E+02	  2.3152E+02	  2.4292E+02	  2.3603E+02	  2.4094E+02	  2.2659E+02	  2.3489E+02	  2.4651E+02	  2.4800E+02	  2.4720E+02	  2.3307E+02	  2.0768E+02	  1.1517E+02	  6.9834E+01	  2.9178E+01	  2.0553E+01	  6.2348E+00	  2.9903E+00	  4.1489E-01	  4.2625E-02	  0.0000E+00	  0.0000E+00	  0.0000E+00	  0.0000E+00	  0.0000E+00	  0.0000E+00	  0.0000E+00	  0.0000E+00	  0.0000E+00	  0.0000E+00	  0.0000E+00	  0.0000E+00	  0.0000E+00	  0.0000E+00	  0.0000E+00	  0.0000E+00	  0.0000E+00	  0.0000E+00	  0.0000E+00	  0.0000E+00
  0.0000E+00	  0.0000E+00	  0.0000E+00	  0.0000E+00	  0.0000E+00	  0.0000E+00	  0.0000E+00	  0.0000E+00	  0.0000E+00	  0.0000E+00	  0.0000E+00	  0.0000E+00	  0.0000E+00	  0.0000E+00	  0.0000E+00	  0.0000E+00	  0.0000E+00	  0.0000E+00	  0.0000E+00	  0.0000E+00	  0.0000E+00	  0.0000E+00	  0.0000E+00	  0.0000E+00	  0.0000E+00	  0.0000E+00	  0.0000E+00	  0.0000E+00	  0.0000E+00	  0.0000E+00	  0.0000E+00	  0.0000E+00	  0.0000E+00	  0.0000E+00	  3.7693E-01	  1.1775E+00	  6.6931E+00	  1.4228E+01	  1.7882E+01	  2.4955E+01	  3.0643E+01	  3.9275E+01	  6.0132E+01	  8.7004E+01	  1.1279E+02	  1.1935E+02	  1.3267E+02	  1.4897E+02	  1.5825E+02	  1.9337E+02	  1.9094E+02	  1.9427E+02	  1.8972E+02	  1.7635E+02	  1.8155E+02	  1.7035E+02	  1.6106E+02	  1.8094E+02	  1.7811E+02	  1.6696E+02	  1.5077E+02	  1.8593E+02	  1.7860E+02	  2.3693E+02	  2.6093E+02	  2.5033E+02	  2.6442E+02	  2.3978E+02	  2.4258E+02	  2.5112E+02	  2.5016E+02	  2.1820E+02	  2.4457E+02	  2.5323E+02	  2.4901E+02	  2.5682E+02	  2.8880E+02	  2.7723E+02	  2.6273E+02	  2.6192E+02	  2.9597E+02	  2.9173E+02	  2.6044E+02	  2.4090E+02	  2.4748E+02	  2.4460E+02	  2.3836E+02	  2.5232E+02	  2.4037E+02	  2.1017E+02	  2.1273E+02	  2.2088E+02	  2.3849E+02	  2.3600E+02	  2.3407E+02	  2.3103E+02	  2.2956E+02	  2.3038E+02	  2.2415E+02	  2.0703E+02	  1.7305E+02	  9.2409E+01	  4.9266E+01	  2.5629E+01	  1.2820E+01	  8.9985E+00	  2.3787E+00	  5.2299E-01	  0.0000E+00	  0.0000E+00	  0.0000E+00	  0.0000E+00	  0.0000E+00	  0.0000E+00	  0.0000E+00	  0.0000E+00	  0.0000E+00	  0.0000E+00	  0.0000E+00	  0.0000E+00	  0.0000E+00	  0.0000E+00	  0.0000E+00	  0.0000E+00	  0.0000E+00	  0.0000E+00	  0.0000E+00	  0.0000E+00
  0.0000E+00	  0.0000E+00	  0.0000E+00	  0.0000E+00	  0.0000E+00	  0.0000E+00	  0.0000E+00	  0.0000E+00	  0.0000E+00	  0.0000E+00	  0.0000E+00	  0.0000E+00	  0.0000E+00	  0.0000E+00	  0.0000E+00	  0.0000E+00	  0.0000E+00	  0.0000E+00	  0.0000E+00	  0.0000E+00	  0.0000E+00	  0.0000E+00	  0.0000E+00	  0.0000E+00	  0.0000E+00	  0.0000E+00	  0.0000E+00	  0.0000E+00	  0.0000E+00	  0.0000E+00	  0.0000E+00	  0.0000E+00	  0.0000E+00	  0.0000E+00	  1.7881E+00	  6.6928E+00	  1.2108E+01	  2.4278E+01	  3.0655E+01	  4.8388E+01	  6.7044E+01	  7.1390E+01	  1.0572E+02	  1.3324E+02	  1.4493E+02	  1.6045E+02	  1.6218E+02	  1.9028E+02	  1.9441E+02	  2.0196E+02	  2.2371E+02	  2.2517E+02	  1.9931E+02	  1.8455E+02	  2.0319E+02	  1.9118E+02	  1.7825E+02	  2.0239E+02	  1.9314E+02	  2.1110E+02	  1.9201E+02	  2.1069E+02	  2.1034E+02	  2.3529E+02	  2.7654E+02	  2.8580E+02	  2.8390E+02	  2.4816E+02	  2.2098E+02	  2.4790E+02	  2.5865E+02	  2.5528E+02	  2.5500E+02	  2.5072E+02	  2.5695E+02	  2.6035E+02	  3.0863E+02	  3.0598E+02	  2.9814E+02	  2.6611E+02	  2.9006E+02	  3.0368E+02	  2.8795E+02	  2.9191E+02	  2.8148E+02	  2.6726E+02	  2.3569E+02	  2.5711E+02	  2.6321E+02	  2.3390E+02	  2.2753E+02	  2.4771E+02	  2.6478E+02	  2.6629E+02	  2.4037E+02	  2.1492E+02	  1.9983E+02	  2.0628E+02	  2.3626E+02	  2.3103E+02	  1.9140E+02	  1.2942E+02	  6.9044E+01	  4.1986E+01	  1.5654E+01	  9.6606E+00	  4.3093E+00	  4.3604E-01	  0.0000E+00	  0.0000E+00	  0.0000E+00	  0.0000E+00	  0.0000E+00	  0.0000E+00	  0.0000E+00	  0.0000E+00	  0.0000E+00	  0.0000E+00	  0.0000E+00	  0.0000E+00	  0.0000E+00	  0.0000E+00	  0.0000E+00	  0.0000E+00	  0.0000E+00	  0.0000E+00	  0.0000E+00	  0.0000E+00
  0.0000E+00	  0.0000E+00	  0.0000E+00	  0.0000E+00	  0.0000E+00	  0.0000E+00	  0.0000E+00	  0.0000E+00	  0.0000E+00	  0.0000E+00	  0.0000E+00	  0.0000E+00	  0.0000E+00	  0.0000E+00	  0.0000E+00	  0.0000E+00	  0.0000E+00	  0.0000E+00	  0.0000E+00	  0.0000E+00	  0.0000E+00	  0.0000E+00	  0.0000E+00	  0.0000E+00	  0.0000E+00	  0.0000E+00	  0.0000E+00	  0.0000E+00	  1.0496E-01	  5.7887E-01	  0.0000E+00	  1.8128E-02	  1.2501E+00	  9.5362E-01	  8.4414E+00	  1.5236E+01	  2.4234E+01	  4.6853E+01	  5.8865E+01	  7.2236E+01	  1.0370E+02	  1.3024E+02	  1.4484E+02	  1.7139E+02	  1.6839E+02	  1.7603E+02	  1.7313E+02	  1.8921E+02	  1.9479E+02	  2.0298E+02	  2.1512E+02	  2.0919E+02	  1.9755E+02	  1.7004E+02	  1.9890E+02	  2.2366E+02	  2.3006E+02	  2.2213E+02	  2.1637E+02	  2.2838E+02	  2.5411E+02	  2.6924E+02	  2.5485E+02	  2.5500E+02	  3.1644E+02	  3.0792E+02	  2.9645E+02	  2.9362E+02	  2.6285E+02	  2.7181E+02	  2.9021E+02	  3.0751E+02	  2.7183E+02	  2.7182E+02	  2.9874E+02	  3.0387E+02	  3.2398E+02	  3.1512E+02	  3.2043E+02	  2.9229E+02	  3.1404E+02	  2.8957E+02	  2.8594E+02	  3.1396E+02	  2.8347E+02	  2.6071E+02	  2.6611E+02	  2.4797E+02	  2.6986E+02	  2.6504E+02	  2.4809E+02	  2.5016E+02	  2.7670E+02	  2.6117E+02	  2.4251E+02	  2.3091E+02	  2.1001E+02	  1.9890E+02	  2.0947E+02	  2.3242E+02	  2.0767E+02	  1.5124E+02	  8.8810E+01	  5.5157E+01	  2.6073E+01	  1.9894E+01	  7.5344E+00	  5.1241E-01	  0.0000E+00	  0.0000E+00	  0.0000E+00	  0.0000E+00	  0.0000E+00	  0.0000E+00	  0.0000E+00	  0.0000E+00	  0.0000E+00	  0.0000E+00	  0.0000E+00	  0.0000E+00	  0.0000E+00	  0.0000E+00	  0.0000E+00	  0.0000E+00	  0.0000E+00	  0.0000E+00	  0.0000E+00	  0.0000E+00
  0.0000E+00	  0.0000E+00	  0.0000E+00	  0.0000E+00	  0.0000E+00	  0.0000E+00	  0.0000E+00	  0.0000E+00	  0.0000E+00	  0.0000E+00	  0.0000E+00	  0.0000E+00	  0.0000E+00	  0.0000E+00	  0.0000E+00	  0.0000E+00	  0.0000E+00	  0.0000E+00	  0.0000E+00	  0.0000E+00	  0.0000E+00	  0.0000E+00	  0.0000E+00	  0.0000E+00	  0.0000E+00	  0.0000E+00	  0.0000E+00	  0.0000E+00	  1.4291E-01	  9.2979E-01	  1.2039E+00	  1.5846E+00	  6.1512E+00	  1.3103E+01	  1.6287E+01	  2.4294E+01	  5.2946E+01	  8.8239E+01	  1.0278E+02	  1.2622E+02	  1.4504E+02	  1.6876E+02	  1.9272E+02	  2.1450E+02	  2.0804E+02	  2.1370E+02	  2.0350E+02	  1.8535E+02	  1.7645E+02	  2.0469E+02	  2.2495E+02	  2.2696E+02	  2.1515E+02	  2.0220E+02	  2.2088E+02	  2.5210E+02	  2.8332E+02	  2.9568E+02	  2.7598E+02	  2.8111E+02	  2.6540E+02	  2.6441E+02	  2.5251E+02	  2.8637E+02	  3.2561E+02	  3.3980E+02	  3.4257E+02	  3.4874E+02	  3.0734E+02	  3.0576E+02	  3.1919E+02	  3.4063E+02	  3.2412E+02	  3.1912E+02	  3.4831E+02	  3.3259E+02	  3.2080E+02	  3.0560E+02	  3.3699E+02	  3.0054E+02	  3.2821E+02	  3.1237E+02	  3.2154E+02	  3.0827E+02	  2.8292E+02	  2.3004E+02	  2.5859E+02	  2.5268E+02	  2.7372E+02	  2.7507E+02	  2.6140E+02	  2.6562E+02	  2.6520E+02	  2.6331E+02	  2.3514E+02	  2.2349E+02	  2.0955E+02	  1.9921E+02	  2.0328E+02	  2.3829E+02	  2.0791E+02	  1.4835E+02	  1.0398E+02	  7.0682E+01	  3.1613E+01	  1.5230E+01	  3.3828E+00	  1.3773E-01	  0.0000E+00	  0.0000E+00	  0.0000E+00	  0.0000E+00	  0.0000E+00	  0.0000E+00	  0.0000E+00	  0.0000E+00	  0.0000E+00	  0.0000E+00	  0.0000E+00	  0.0000E+00	  0.0000E+00	  0.0000E+00	  0.0000E+00	  0.0000E+00	  0.0000E+00	  0.0000E+00	  0.0000E+00	  0.0000E+00
  0.0000E+00	  0.0000E+00	  0.0000E+00	  0.0000E+00	  0.0000E+00	  0.0000E+00	  0.0000E+00	  0.0000E+00	  0.0000E+00	  0.0000E+00	  0.0000E+00	  0.0000E+00	  0.0000E+00	  0.0000E+00	  0.0000E+00	  0.0000E+00	  0.0000E+00	  0.0000E+00	  0.0000E+00	  0.0000E+00	  0.0000E+00	  0.0000E+00	  0.0000E+00	  0.0000E+00	  0.0000E+00	  0.0000E+00	  0.0000E+00	  0.0000E+00	  6.5993E-02	  1.7281E+00	  4.3702E+00	  8.2378E+00	  1.3626E+01	  1.6508E+01	  3.7797E+01	  4.8170E+01	  7.9892E+01	  1.3948E+02	  1.4588E+02	  1.6783E+02	  1.6764E+02	  1.7571E+02	  2.0297E+02	  2.1035E+02	  2.2308E+02	  2.2812E+02	  2.2316E+02	  1.9317E+02	  2.0233E+02	  2.2449E+02	  2.2399E+02	  2.3139E+02	  2.2772E+02	  2.5026E+02	  2.8515E+02	  3.0726E+02	  3.1467E+02	  3.2326E+02	  3.0561E+02	  3.1403E+02	  2.9918E+02	  2.9708E+02	  3.0273E+02	  3.3245E+02	  3.3755E+02	  3.2505E+02	  3.3411E+02	  3.5093E+02	  3.2133E+02	  3.1036E+02	  3.3015E+02	  3.4004E+02	  3.3716E+02	  3.2997E+02	  3.4896E+02	  3.3627E+02	  2.9793E+02	  2.8789E+02	  2.9541E+02	  2.7656E+02	  3.1303E+02	  3.2627E+02	  3.2640E+02	  2.8784E+02	  2.6722E+02	  2.2872E+02	  2.4242E+02	  2.5789E+02	  2.6477E+02	  2.6597E+02	  2.6467E+02	  2.3138E+02	  2.4163E+02	  2.2482E+02	  2.1886E+02	  1.9504E+02	  2.0246E+02	  2.2414E+02	  2.4080E+02	  2.5821E+02	  2.0761E+02	  1.6658E+02	  1.3686E+02	  1.0223E+02	  5.3077E+01	  2.1979E+01	  4.9873E+00	  2.9750E-01	  0.0000E+00	  0.0000E+00	  0.0000E+00	  0.0000E+00	  0.0000E+00	  0.0000E+00	  0.0000E+00	  0.0000E+00	  0.0000E+00	  0.0000E+00	  0.0000E+00	  0.0000E+00	  0.0000E+00	  0.0000E+00	  0.0000E+00	  0.0000E+00	  0.0000E+00	  0.0000E+00	  0.0000E+00	  0.0000E+00
  0.0000E+00	  0.0000E+00	  0.0000E+00	  0.0000E+00	  0.0000E+00	  0.0000E+00	  0.0000E+00	  0.0000E+00	  0.0000E+00	  0.0000E+00	  0.0000E+00	  0.0000E+00	  0.0000E+00	  0.0000E+00	  0.0000E+00	  0.0000E+00	  0.0000E+00	  0.0000E+00	  0.0000E+00	  0.0000E+00	  0.0000E+00	  0.0000E+00	  0.0000E+00	  0.0000E+00	  0.0000E+00	  0.0000E+00	  0.0000E+00	  7.7599E-03	  5.9258E-01	  4.8029E+00	  1.2566E+01	  1.7790E+01	  3.3860E+01	  4.2019E+01	  7.1746E+01	  9.4784E+01	  9.9643E+01	  1.4208E+02	  1.8511E+02	  1.9796E+02	  2.0668E+02	  2.1175E+02	  2.0062E+02	  2.0734E+02	  2.3444E+02	  2.5154E+02	  2.1291E+02	  2.0425E+02	  2.2518E+02	  2.4201E+02	  2.3621E+02	  2.8339E+02	  2.4820E+02	  2.6069E+02	  2.9398E+02	  3.6050E+02	  3.4852E+02	  3.5217E+02	  3.3993E+02	  3.4138E+02	  3.4578E+02	  3.3735E+02	  3.2866E+02	  3.2744E+02	  3.4760E+02	  3.4180E+02	  3.3748E+02	  3.1994E+02	  3.1042E+02	  3.3834E+02	  3.3303E+02	  3.3026E+02	  3.2299E+02	  3.1564E+02	  3.1333E+02	  3.2910E+02	  3.1484E+02	  3.0182E+02	  3.2812E+02	  3.0751E+02	  3.1953E+02	  3.2535E+02	  3.2027E+02	  2.8018E+02	  2.5300E+02	  2.2954E+02	  2.3179E+02	  2.5478E+02	  2.5313E+02	  2.7290E+02	  2.4709E+02	  2.4013E+02	  2.1533E+02	  2.0025E+02	  2.1419E+02	  2.1238E+02	  2.0557E+02	  2.1354E+02	  2.3098E+02	  2.4012E+02	  2.2081E+02	  1.8743E+02	  1.4565E+02	  1.2234E+02	  6.2297E+01	  2.4949E+01	  7.5041E+00	  2.9328E+00	  0.0000E+00	  0.0000E+00	  0.0000E+00	  0.0000E+00	  0.0000E+00	  0.0000E+00	  0.0000E+00	  0.0000E+00	  0.0000E+00	  0.0000E+00	  0.0000E+00	  0.0000E+00	  0.0000E+00	  0.0000E+00	  0.0000E+00	  0.0000E+00	  0.0000E+00	  0.0000E+00	  0.0000E+00	  0.0000E+00
  0.0000E+00	  0.0000E+00	  0.0000E+00	  0.0000E+00	  0.0000E+00	  0.0000E+00	  0.0000E+00	  0.0000E+00	  0.0000E+00	  0.0000E+00	  0.0000E+00	  0.0000E+00	  0.0000E+00	  0.0000E+00	  0.0000E+00	  0.0000E+00	  0.0000E+00	  0.0000E+00	  0.0000E+00	  0.0000E+00	  0.0000E+00	  0.0000E+00	  0.0000E+00	  0.0000E+00	  0.0000E+00	  0.0000E+00	  6.8513E-02	  1.0020E+00	  5.3758E+00	  8.9591E+00	  2.1798E+01	  4.0808E+01	  5.3130E+01	  8.3476E+01	  1.2673E+02	  1.2274E+02	  1.1886E+02	  1.5705E+02	  2.4712E+02	  2.4495E+02	  2.2488E+02	  2.0568E+02	  2.0989E+02	  2.0800E+02	  2.1026E+02	  2.2498E+02	  2.3572E+02	  2.3615E+02	  2.4272E+02	  2.7711E+02	  2.6757E+02	  2.7889E+02	  2.9356E+02	  3.0206E+02	  3.4456E+02	  3.8899E+02	  3.7634E+02	  3.5526E+02	  3.2309E+02	  3.3261E+02	  3.7009E+02	  3.4871E+02	  3.5122E+02	  3.4682E+02	  3.4224E+02	  3.5286E+02	  3.3260E+02	  3.3501E+02	  3.4683E+02	  3.3785E+02	  3.1322E+02	  3.0135E+02	  3.3226E+02	  2.9777E+02	  3.0001E+02	  3.2557E+02	  3.0446E+02	  3.1211E+02	  3.1749E+02	  2.8392E+02	  2.9195E+02	  2.8717E+02	  2.9170E+02	  2.9802E+02	  2.4528E+02	  2.2485E+02	  2.2312E+02	  2.1375E+02	  2.2114E+02	  2.4679E+02	  2.3297E+02	  2.2730E+02	  2.0920E+02	  1.8143E+02	  2.0032E+02	  2.0108E+02	  2.0765E+02	  2.0759E+02	  2.0331E+02	  2.0936E+02	  2.1206E+02	  2.0719E+02	  1.6305E+02	  1.1508E+02	  6.0063E+01	  2.8384E+01	  9.5102E+00	  2.5873E+00	  0.0000E+00	  0.0000E+00	  0.0000E+00	  0.0000E+00	  0.0000E+00	  0.0000E+00	  0.0000E+00	  0.0000E+00	  0.0000E+00	  0.0000E+00	  0.0000E+00	  0.0000E+00	  0.0000E+00	  0.0000E+00	  0.0000E+00	  0.0000E+00	  0.0000E+00	  0.0000E+00	  0.0000E+00	  0.0000E+00
  0.0000E+00	  0.0000E+00	  0.0000E+00	  0.0000E+00	  0.0000E+00	  0.0000E+00	  0.0000E+00	  0.0000E+00	  0.0000E+00	  0.0000E+00	  0.0000E+00	  0.0000E+00	  0.0000E+00	  0.0000E+00	  0.0000E+00	  0.0000E+00	  0.0000E+00	  0.0000E+00	  0.0000E+00	  0.0000E+00	  0.0000E+00	  0.0000E+00	  0.0000E+00	  0.0000E+00	  1.5485E-01	  4.0195E-01	  2.1384E+00	  2.7734E+00	  9.1233E+00	  1.0520E+01	  2.3812E+01	  4.9136E+01	  7.2032E+01	  1.1772E+02	  1.5547E+02	  1.6813E+02	  1.5906E+02	  1.8450E+02	  2.3459E+02	  2.2697E+02	  2.3452E+02	  2.3561E+02	  2.5194E+02	  2.1378E+02	  2.2557E+02	  2.3440E+02	  2.3022E+02	  2.4750E+02	  2.5493E+02	  2.9149E+02	  2.9345E+02	  3.0453E+02	  3.2286E+02	  3.4405E+02	  3.4578E+02	  3.8545E+02	  3.8048E+02	  3.3786E+02	  3.4724E+02	  3.2840E+02	  3.3479E+02	  3.1863E+02	  3.4647E+02	  3.4308E+02	  3.4888E+02	  3.1651E+02	  2.9978E+02	  3.2310E+02	  3.1249E+02	  3.3078E+02	  3.1817E+02	  3.3046E+02	  3.4838E+02	  2.8379E+02	  2.6861E+02	  2.7834E+02	  2.7372E+02	  2.6075E+02	  2.8237E+02	  2.7941E+02	  3.0657E+02	  2.8813E+02	  2.6682E+02	  2.6811E+02	  2.4160E+02	  2.3490E+02	  2.1617E+02	  2.1279E+02	  2.2900E+02	  2.3664E+02	  2.4877E+02	  2.1763E+02	  2.1200E+02	  1.7767E+02	  1.9028E+02	  1.8586E+02	  2.1843E+02	  2.2948E+02	  2.0270E+02	  1.9536E+02	  1.7434E+02	  1.9973E+02	  1.7260E+02	  1.4072E+02	  8.3625E+01	  2.9511E+01	  8.1707E+00	  2.0962E+00	  4.8329E-02	  0.0000E+00	  0.0000E+00	  0.0000E+00	  0.0000E+00	  0.0000E+00	  0.0000E+00	  0.0000E+00	  0.0000E+00	  0.0000E+00	  0.0000E+00	  0.0000E+00	  0.0000E+00	  0.0000E+00	  0.0000E+00	  0.0000E+00	  0.0000E+00	  0.0000E+00	  0.0000E+00	  0.0000E+00
  0.0000E+00	  0.0000E+00	  0.0000E+00	  0.0000E+00	  0.0000E+00	  0.0000E+00	  0.0000E+00	  0.0000E+00	  0.0000E+00	  0.0000E+00	  0.0000E+00	  0.0000E+00	  0.0000E+00	  0.0000E+00	  0.0000E+00	  0.0000E+00	  0.0000E+00	  0.0000E+00	  0.0000E+00	  0.0000E+00	  0.0000E+00	  0.0000E+00	  0.0000E+00	  0.0000E+00	  1.6443E-01	  1.8845E+00	  7.5230E+00	  6.2668E+00	  1.3028E+01	  2.0725E+01	  5.2350E+01	  8.2122E+01	  1.0887E+02	  1.2529E+02	  1.5486E+02	  1.6625E+02	  1.7829E+02	  1.7007E+02	  2.1538E+02	  2.2603E+02	  2.1838E+02	  2.4177E+02	  2.7396E+02	  2.5883E+02	  2.3006E+02	  2.3790E+02	  2.3355E+02	  2.3325E+02	  2.7362E+02	  2.9655E+02	  2.6017E+02	  3.1492E+02	  3.3891E+02	  3.5680E+02	  3.3851E+02	  3.3906E+02	  3.3035E+02	  3.4824E+02	  3.7182E+02	  3.1454E+02	  3.2544E+02	  3.2319E+02	  3.1044E+02	  3.2984E+02	  3.4439E+02	  3.4073E+02	  3.4414E+02	  3.4589E+02	  2.9868E+02	  3.3466E+02	  3.1002E+02	  3.0828E+02	  3.1941E+02	  3.0483E+02	  2.7118E+02	  2.6179E+02	  2.5005E+02	  2.4673E+02	  2.8537E+02	  2.7695E+02	  3.0699E+02	  2.7443E+02	  2.7393E+02	  2.5147E+02	  2.4452E+02	  2.4733E+02	  2.6703E+02	  2.7190E+02	  2.5402E+02	  2.5025E+02	  2.4222E+02	  2.4683E+02	  2.1594E+02	  2.0106E+02	  1.9204E+02	  1.6930E+02	  1.9753E+02	  2.2249E+02	  1.8245E+02	  1.8475E+02	  1.9124E+02	  2.0249E+02	  2.0433E+02	  1.5345E+02	  9.9877E+01	  4.4002E+01	  8.0528E+00	  1.5308E+00	  2.5051E-01	  0.0000E+00	  0.0000E+00	  0.0000E+00	  0.0000E+00	  0.0000E+00	  0.0000E+00	  0.0000E+00	  0.0000E+00	  0.0000E+00	  0.0000E+00	  0.0000E+00	  0.0000E+00	  0.0000E+00	  0.0000E+00	  0.0000E+00	  0.0000E+00	  0.0000E+00	  0.0000E+00	  0.0000E+00
  0.0000E+00	  0.0000E+00	  0.0000E+00	  0.0000E+00	  0.0000E+00	  0.0000E+00	  0.0000E+00	  0.0000E+00	  0.0000E+00	  0.0000E+00	  0.0000E+00	  0.0000E+00	  0.0000E+00	  0.0000E+00	  0.0000E+00	  0.0000E+00	  0.0000E+00	  0.0000E+00	  0.0000E+00	  0.0000E+00	  0.0000E+00	  0.0000E+00	  0.0000E+00	  8.8287E-02	  6.1068E-01	  2.6954E+00	  7.4188E+00	  2.2054E+01	  3.2264E+01	  4.2841E+01	  8.1280E+01	  1.2493E+02	  1.6299E+02	  1.5068E+02	  1.5556E+02	  1.6762E+02	  1.7902E+02	  1.7376E+02	  2.3779E+02	  2.1576E+02	  1.8327E+02	  2.1882E+02	  2.6775E+02	  2.9005E+02	  2.6947E+02	  2.7322E+02	  3.0172E+02	  2.6564E+02	  2.7520E+02	  2.8456E+02	  2.5738E+02	  2.9345E+02	  2.9742E+02	  3.2679E+02	  3.2208E+02	  3.2490E+02	  3.4908E+02	  3.3259E+02	  3.4566E+02	  3.3235E+02	  3.3350E+02	  3.1854E+02	  3.0471E+02	  3.0784E+02	  3.3881E+02	  3.5798E+02	  3.7246E+02	  3.6985E+02	  3.3477E+02	  3.1439E+02	  2.9254E+02	  2.6708E+02	  2.7661E+02	  2.9950E+02	  2.6772E+02	  2.7268E+02	  2.4614E+02	  2.4357E+02	  2.7001E+02	  2.5903E+02	  2.5913E+02	  2.5219E+02	  2.2938E+02	  2.2073E+02	  2.4538E+02	  2.3200E+02	  2.6182E+02	  2.6845E+02	  2.6893E+02	  2.6995E+02	  2.3793E+02	  2.3021E+02	  2.1330E+02	  2.0254E+02	  1.9654E+02	  2.0445E+02	  1.9678E+02	  1.6692E+02	  1.7422E+02	  1.8908E+02	  1.8598E+02	  1.9091E+02	  2.1193E+02	  1.5732E+02	  9.3622E+01	  4.7671E+01	  1.3744E+01	  1.6973E+00	  0.0000E+00	  0.0000E+00	  0.0000E+00	  0.0000E+00	  0.0000E+00	  0.0000E+00	  0.0000E+00	  0.0000E+00	  0.0000E+00	  0.0000E+00	  0.0000E+00	  0.0000E+00	  0.0000E+00	  0.0000E+00	  0.0000E+00	  0.0000E+00	  0.0000E+00	  0.0000E+00	  0.0000E+00	  0.0000E+00
  0.0000E+00	  0.0000E+00	  0.0000E+00	  0.0000E+00	  0.0000E+00	  0.0000E+00	  0.0000E+00	  0.0000E+00	  0.0000E+00	  0.0000E+00	  0.0000E+00	  0.0000E+00	  0.0000E+00	  0.0000E+00	  0.0000E+00	  0.0000E+00	  0.0000E+00	  0.0000E+00	  0.0000E+00	  0.0000E+00	  0.0000E+00	  0.0000E+00	  0.0000E+00	  1.5271E+00	  3.9303E+00	  7.2654E+00	  1.1551E+01	  3.2557E+01	  4.5320E+01	  6.2046E+01	  9.8227E+01	  1.4243E+02	  1.6914E+02	  1.5138E+02	  1.5914E+02	  1.6123E+02	  1.9382E+02	  1.8443E+02	  2.0644E+02	  2.3051E+02	  2.3042E+02	  2.1962E+02	  2.4837E+02	  2.8187E+02	  2.9408E+02	  3.2693E+02	  3.3086E+02	  2.9957E+02	  2.8548E+02	  2.6165E+02	  2.7163E+02	  3.0586E+02	  3.2170E+02	  3.4224E+02	  3.2278E+02	  3.1749E+02	  3.3458E+02	  3.4932E+02	  3.1432E+02	  3.0572E+02	  3.3101E+02	  3.0933E+02	  2.8381E+02	  2.9200E+02	  2.9474E+02	  3.3165E+02	  3.5705E+02	  3.4740E+02	  3.1393E+02	  2.8689E+02	  2.9381E+02	  2.8570E+02	  2.8609E+02	  2.5542E+02	  3.0224E+02	  2.7323E+02	  2.4661E+02	  2.5516E+02	  2.5559E+02	  2.5767E+02	  2.4287E+02	  2.1155E+02	  2.3862E+02	  2.3245E+02	  2.5278E+02	  2.1974E+02	  2.1729E+02	  2.3470E+02	  2.6796E+02	  2.8208E+02	  2.4513E+02	  2.0521E+02	  2.0920E+02	  2.0070E+02	  2.0573E+02	  2.0184E+02	  2.0257E+02	  1.7276E+02	  1.8007E+02	  1.7798E+02	  1.8442E+02	  2.1105E+02	  1.8532E+02	  1.4856E+02	  8.3701E+01	  4.2443E+01	  2.2110E+01	  3.2027E+00	  3.2791E-02	  0.0000E+00	  0.0000E+00	  0.0000E+00	  0.0000E+00	  0.0000E+00	  0.0000E+00	  0.0000E+00	  0.0000E+00	  0.0000E+00	  0.0000E+00	  0.0000E+00	  0.0000E+00	  0.0000E+00	  0.0000E+00	  0.0000E+00	  0.0000E+00	  0.0000E+00	  0.0000E+00	  0.0000E+00
  0.0000E+00	  0.0000E+00	  0.0000E+00	  0.0000E+00	  0.0000E+00	  0.0000E+00	  0.0000E+00	  0.0000E+00	  0.0000E+00	  0.0000E+00	  0.0000E+00	  0.0000E+00	  0.0000E+00	  0.0000E+00	  0.0000E+00	  0.0000E+00	  0.0000E+00	  0.0000E+00	  0.0000E+00	  0.0000E+00	  0.0000E+00	  0.0000E+00	  5.2501E-02	  4.4654E-01	  4.8738E+00	  1.7060E+01	  1.9344E+01	  3.6972E+01	  7.3512E+01	  1.0684E+02	  1.2379E+02	  1.4245E+02	  1.8417E+02	  1.9570E+02	  1.8072E+02	  1.9915E+02	  2.0854E+02	  2.0991E+02	  2.0848E+02	  2.2565E+02	  2.2900E+02	  2.2718E+02	  2.5754E+02	  3.0940E+02	  3.3690E+02	  3.1815E+02	  3.3371E+02	  3.0706E+02	  3.1240E+02	  2.7947E+02	  3.1764E+02	  3.3286E+02	  3.2917E+02	  3.1418E+02	  3.6340E+02	  3.7461E+02	  3.4126E+02	  3.1467E+02	  2.9145E+02	  3.1204E+02	  3.1815E+02	  2.8872E+02	  2.7074E+02	  2.8810E+02	  3.0756E+02	  3.3210E+02	  3.4169E+02	  3.3311E+02	  2.7420E+02	  2.5047E+02	  2.5383E+02	  2.6209E+02	  2.7039E+02	  2.7085E+02	  2.8742E+02	  2.5393E+02	  2.5556E+02	  2.4780E+02	  2.2993E+02	  2.4590E+02	  2.4648E+02	  2.3506E+02	  2.2070E+02	  2.3696E+02	  2.3327E+02	  2.2214E+02	  2.2096E+02	  2.2900E+02	  2.3949E+02	  2.5760E+02	  2.2607E+02	  2.0171E+02	  2.1809E+02	  2.0829E+02	  2.0234E+02	  2.0532E+02	  1.8633E+02	  2.0547E+02	  2.1008E+02	  1.9727E+02	  1.6972E+02	  1.7933E+02	  1.6661E+02	  1.4773E+02	  9.3447E+01	  4.0800E+01	  2.6402E+01	  7.1223E+00	  1.0269E+00	  0.0000E+00	  0.0000E+00	  0.0000E+00	  0.0000E+00	  0.0000E+00	  0.0000E+00	  0.0000E+00	  0.0000E+00	  0.0000E+00	  0.0000E+00	  0.0000E+00	  0.0000E+00	  0.0000E+00	  0.0000E+00	  0.0000E+00	  0.0000E+00	  0.0000E+00	  0.0000E+00	  0.0000E+00
  0.0000E+00	  0.0000E+00	  0.0000E+00	  0.0000E+00	  0.0000E+00	  0.0000E+00	  0.0000E+00	  0.0000E+00	  0.0000E+00	  0.0000E+00	  0.0000E+00	  0.0000E+00	  0.0000E+00	  0.0000E+00	  0.0000E+00	  0.0000E+00	  0.0000E+00	  0.0000E+00	  0.0000E+00	  0.0000E+00	  2.2253E-01	  2.6178E+00	  3.9811E+00	  1.5350E+00	  7.2713E+00	  1.7511E+01	  3.0343E+01	  5.4066E+01	  1.0350E+02	  1.4038E+02	  1.4546E+02	  1.7637E+02	  1.9956E+02	  2.0670E+02	  1.9441E+02	  1.8208E+02	  2.0314E+02	  2.1822E+02	  2.2485E+02	  2.1183E+02	  2.2169E+02	  2.4182E+02	  2.5974E+02	  2.9733E+02	  3.2261E+02	  3.3292E+02	  3.5033E+02	  3.3495E+02	  3.1676E+02	  3.0661E+02	  3.1379E+02	  3.2386E+02	  2.9746E+02	  3.0517E+02	  3.3799E+02	  3.5256E+02	  3.3793E+02	  3.0403E+02	  3.1314E+02	  2.9792E+02	  2.7664E+02	  2.8964E+02	  2.8082E+02	  2.8278E+02	  3.0512E+02	  3.1452E+02	  3.0202E+02	  2.8225E+02	  2.4644E+02	  2.3786E+02	  2.2147E+02	  2.5975E+02	  2.9455E+02	  2.9765E+02	  2.6368E+02	  2.2365E+02	  2.2920E+02	  2.3121E+02	  2.0102E+02	  2.3128E+02	  2.4751E+02	  2.3294E+02	  2.1866E+02	  2.0083E+02	  1.9308E+02	  1.8509E+02	  2.1236E+02	  2.2601E+02	  1.9521E+02	  2.0179E+02	  2.3147E+02	  2.4699E+02	  2.1839E+02	  1.9982E+02	  1.9474E+02	  1.7791E+02	  1.8418E+02	  2.0708E+02	  2.0557E+02	  1.7264E+02	  1.6473E+02	  1.7286E+02	  1.5637E+02	  1.3526E+02	  1.0074E+02	  4.5618E+01	  2.6432E+01	  9.8020E+00	  1.1695E+00	  1.6384E-01	  4.4806E-02	  6.7452E-04	  0.0000E+00	  0.0000E+00	  0.0000E+00	  0.0000E+00	  0.0000E+00	  0.0000E+00	  0.0000E+00	  0.0000E+00	  0.0000E+00	  0.0000E+00	  0.0000E+00	  0.0000E+00	  0.0000E+00	  0.0000E+00	  0.0000E+00	  0.0000E+00
  0.0000E+00	  0.0000E+00	  0.0000E+00	  0.0000E+00	  0.0000E+00	  0.0000E+00	  0.0000E+00	  0.0000E+00	  0.0000E+00	  0.0000E+00	  0.0000E+00	  0.0000E+00	  0.0000E+00	  0.0000E+00	  0.0000E+00	  0.0000E+00	  0.0000E+00	  0.0000E+00	  0.0000E+00	  2.1999E-01	  5.4848E-01	  3.5842E+00	  7.6275E+00	  9.6387E+00	  1.4064E+01	  2.7795E+01	  3.5867E+01	  6.3803E+01	  1.1443E+02	  1.4449E+02	  1.8729E+02	  2.0196E+02	  2.0774E+02	  2.1493E+02	  1.8672E+02	  2.0126E+02	  2.2125E+02	  2.2427E+02	  2.1316E+02	  2.4428E+02	  2.4361E+02	  2.4502E+02	  2.7682E+02	  2.8555E+02	  3.2838E+02	  3.1612E+02	  3.0813E+02	  2.8082E+02	  3.1360E+02	  2.9660E+02	  2.9344E+02	  2.8734E+02	  3.0829E+02	  3.1052E+02	  3.2672E+02	  3.1362E+02	  3.1688E+02	  3.0756E+02	  2.9256E+02	  2.7586E+02	  2.5337E+02	  2.4960E+02	  2.5654E+02	  2.7551E+02	  3.0171E+02	  2.9583E+02	  2.8528E+02	  2.7022E+02	  2.2584E+02	  2.2652E+02	  2.3749E+02	  2.5140E+02	  2.7563E+02	  2.7184E+02	  2.5922E+02	  1.9669E+02	  2.1906E+02	  2.1821E+02	  2.0317E+02	  1.9375E+02	  2.2643E+02	  2.1778E+02	  2.1020E+02	  1.9020E+02	  1.9735E+02	  2.0578E+02	  2.2145E+02	  2.4280E+02	  2.1242E+02	  2.2621E+02	  2.3240E+02	  2.2642E+02	  1.9465E+02	  1.8446E+02	  1.9113E+02	  2.0191E+02	  2.1878E+02	  2.0172E+02	  1.8702E+02	  1.6501E+02	  1.5465E+02	  1.5956E+02	  1.5179E+02	  1.4369E+02	  1.0855E+02	  5.1341E+01	  2.4590E+01	  9.1994E+00	  3.2509E+00	  2.1181E+00	  1.1615E+00	  1.8327E-02	  0.0000E+00	  0.0000E+00	  0.0000E+00	  0.0000E+00	  0.0000E+00	  0.0000E+00	  0.0000E+00	  0.0000E+00	  0.0000E+00	  0.0000E+00	  0.0000E+00	  0.0000E+00	  0.0000E+00	  0.0000E+00	  0.0000E+00	  0.0000E+00
  0.0000E+00	  0.0000E+00	  0.0000E+00	  0.0000E+00	  0.0000E+00	  0.0000E+00	  0.0000E+00	  0.0000E+00	  0.0000E+00	  0.0000E+00	  0.0000E+00	  0.0000E+00	  0.0000E+00	  0.0000E+00	  0.0000E+00	  0.0000E+00	  0.0000E+00	  0.0000E+00	  0.0000E+00	  1.1826E-01	  6.6369E-01	  2.4280E+00	  7.1355E+00	  1.3395E+01	  2.0599E+01	  3.6188E+01	  6.1063E+01	  9.3352E+01	  1.3509E+02	  1.6836E+02	  1.9356E+02	  2.1144E+02	  2.1001E+02	  1.9216E+02	  1.8956E+02	  1.8306E+02	  1.9653E+02	  1.8217E+02	  1.8683E+02	  1.9700E+02	  2.0746E+02	  2.2391E+02	  2.5390E+02	  2.6683E+02	  2.9929E+02	  2.9646E+02	  2.9215E+02	  2.8376E+02	  2.6733E+02	  2.7810E+02	  3.1280E+02	  3.1041E+02	  3.4270E+02	  3.4325E+02	  3.2693E+02	  3.0735E+02	  2.9001E+02	  2.7139E+02	  2.5513E+02	  2.4275E+02	  2.2312E+02	  2.1473E+02	  2.1717E+02	  2.5493E+02	  2.8156E+02	  2.9244E+02	  2.8887E+02	  2.4999E+02	  1.9477E+02	  2.1532E+02	  2.3937E+02	  2.5231E+02	  2.4170E+02	  2.4463E+02	  2.2886E+02	  1.9173E+02	  2.1212E+02	  1.9932E+02	  1.9136E+02	  1.9275E+02	  2.1749E+02	  2.0876E+02	  2.0077E+02	  2.2286E+02	  2.1913E+02	  2.3000E+02	  2.2542E+02	  2.2709E+02	  2.3136E+02	  2.1203E+02	  1.8725E+02	  1.8181E+02	  1.8153E+02	  1.9745E+02	  2.0625E+02	  2.1339E+02	  2.4165E+02	  2.2226E+02	  1.9266E+02	  1.7194E+02	  1.4755E+02	  1.4140E+02	  1.4218E+02	  1.5141E+02	  1.2437E+02	  8.0452E+01	  3.4488E+01	  1.1393E+01	  3.7596E+00	  1.7950E-01	  7.5292E-03	  0.0000E+00	  0.0000E+00	  0.0000E+00	  0.0000E+00	  0.0000E+00	  0.0000E+00	  0.0000E+00	  0.0000E+00	  0.0000E+00	  0.0000E+00	  0.0000E+00	  0.0000E+00	  0.0000E+00	  0.0000E+00	  0.0000E+00	  0.0000E+00	  0.0000E+00
  0.0000E+00	  0.0000E+00	  0.0000E+00	  0.0000E+00	  0.0000E+00	  0.0000E+00	  0.0000E+00	  0.0000E+00	  0.0000E+00	  0.0000E+00	  0.0000E+00	  0.0000E+00	  0.0000E+00	  0.0000E+00	  0.0000E+00	  0.0000E+00	  0.0000E+00	  0.0000E+00	  0.0000E+00	  0.0000E+00	  3.2335E-01	  1.5039E+00	  1.1100E+01	  1.9280E+01	  2.7144E+01	  4.0642E+01	  7.6548E+01	  1.0550E+02	  1.3946E+02	  1.7390E+02	  2.0023E+02	  1.9496E+02	  1.9311E+02	  1.7763E+02	  1.7742E+02	  1.7057E+02	  1.6875E+02	  1.8272E+02	  1.9626E+02	  2.0761E+02	  2.0446E+02	  2.0979E+02	  2.1261E+02	  2.6212E+02	  2.7906E+02	  2.5400E+02	  2.4325E+02	  2.6908E+02	  2.9655E+02	  2.7431E+02	  2.9014E+02	  3.0533E+02	  3.2009E+02	  3.2862E+02	  2.9633E+02	  2.7578E+02	  2.5803E+02	  2.5702E+02	  2.6014E+02	  2.4575E+02	  2.2710E+02	  2.1431E+02	  2.2127E+02	  2.3792E+02	  2.4214E+02	  2.7576E+02	  2.5736E+02	  2.2230E+02	  2.0026E+02	  2.0661E+02	  2.1563E+02	  2.2946E+02	  2.0034E+02	  2.2584E+02	  2.2401E+02	  1.9349E+02	  1.9047E+02	  1.9231E+02	  1.9839E+02	  1.9014E+02	  2.1615E+02	  2.4122E+02	  2.4832E+02	  2.5564E+02	  2.2467E+02	  2.3655E+02	  2.1682E+02	  2.1985E+02	  2.1070E+02	  2.0414E+02	  1.9789E+02	  1.8283E+02	  1.8827E+02	  2.3661E+02	  2.3297E+02	  2.2554E+02	  2.2784E+02	  2.2299E+02	  1.6471E+02	  1.4814E+02	  1.3949E+02	  1.5841E+02	  1.5909E+02	  1.4509E+02	  1.1263E+02	  9.7329E+01	  5.1666E+01	  1.4111E+01	  1.1622E+00	  9.4644E-01	  5.8463E-01	  0.0000E+00	  0.0000E+00	  0.0000E+00	  0.0000E+00	  0.0000E+00	  0.0000E+00	  0.0000E+00	  0.0000E+00	  0.0000E+00	  0.0000E+00	  0.0000E+00	  0.0000E+00	  0.0000E+00	  0.0000E+00	  0.0000E+00	  0.0000E+00	  0.0000E+00
  0.0000E+00	  0.0000E+00	  0.0000E+00	  0.0000E+00	  0.0000E+00	  0.0000E+00	  0.0000E+00	  0.0000E+00	  0.0000E+00	  0.0000E+00	  0.0000E+00	  0.0000E+00	  0.0000E+00	  0.0000E+00	  0.0000E+00	  0.0000E+00	  0.0000E+00	  0.0000E+00	  0.0000E+00	  0.0000E+00	  1.0448E+00	  2.3624E+00	  9.7595E+00	  2.7967E+01	  4.1477E+01	  5.7590E+01	  8.0510E+01	  1.0497E+02	  1.2783E+02	  1.6176E+02	  1.6920E+02	  1.6920E+02	  1.5644E+02	  1.6071E+02	  1.7701E+02	  1.9192E+02	  2.1565E+02	  2.1835E+02	  2.3422E+02	  2.5321E+02	  2.1100E+02	  2.2119E+02	  2.2911E+02	  2.5386E+02	  2.7974E+02	  2.6915E+02	  2.5840E+02	  2.6383E+02	  2.7645E+02	  2.7789E+02	  2.6100E+02	  2.6716E+02	  2.9465E+02	  2.8002E+02	  2.5228E+02	  2.5528E+02	  2.5042E+02	  2.3068E+02	  2.5197E+02	  2.4646E+02	  2.1143E+02	  2.0607E+02	  2.0887E+02	  2.0544E+02	  2.0466E+02	  2.2336E+02	  2.3374E+02	  2.1774E+02	  2.2120E+02	  2.1024E+02	  2.0089E+02	  2.1249E+02	  1.9365E+02	  2.0215E+02	  2.1548E+02	  1.8253E+02	  1.8109E+02	  1.9174E+02	  1.9356E+02	  1.9337E+02	  2.3423E+02	  2.2765E+02	  2.5644E+02	  2.6152E+02	  2.2412E+02	  2.1305E+02	  2.2058E+02	  2.1211E+02	  2.0433E+02	  2.1741E+02	  2.0556E+02	  2.0597E+02	  2.1579E+02	  2.2825E+02	  2.3167E+02	  2.1362E+02	  2.0779E+02	  1.9561E+02	  1.7150E+02	  1.6875E+02	  1.5872E+02	  1.7435E+02	  1.7827E+02	  1.5347E+02	  1.2953E+02	  1.0935E+02	  5.9193E+01	  1.8329E+01	  2.6094E+00	  2.9061E-01	  2.0473E-01	  0.0000E+00	  0.0000E+00	  0.0000E+00	  0.0000E+00	  0.0000E+00	  0.0000E+00	  0.0000E+00	  0.0000E+00	  0.0000E+00	  0.0000E+00	  0.0000E+00	  0.0000E+00	  0.0000E+00	  0.0000E+00	  0.0000E+00	  0.0000E+00	  0.0000E+00
  0.0000E+00	  0.0000E+00	  0.0000E+00	  0.0000E+00	  0.0000E+00	  0.0000E+00	  0.0000E+00	  0.0000E+00	  0.0000E+00	  0.0000E+00	  0.0000E+00	  0.0000E+00	  0.0000E+00	  0.0000E+00	  0.0000E+00	  0.0000E+00	  0.0000E+00	  0.0000E+00	  0.0000E+00	  0.0000E+00	  5.8328E-01	  3.7743E+00	  1.0725E+01	  3.9014E+01	  5.0222E+01	  6.6011E+01	  8.8269E+01	  1.2132E+02	  1.4533E+02	  1.6007E+02	  1.4413E+02	  1.4265E+02	  1.4898E+02	  1.4867E+02	  1.9149E+02	  1.9335E+02	  2.3467E+02	  2.5044E+02	  2.4359E+02	  2.3001E+02	  2.0205E+02	  2.0980E+02	  2.4556E+02	  2.7606E+02	  2.9609E+02	  2.9822E+02	  2.6507E+02	  2.4794E+02	  2.7748E+02	  2.8854E+02	  2.7512E+02	  2.7666E+02	  2.7825E+02	  2.6614E+02	  2.4847E+02	  2.4635E+02	  2.4107E+02	  2.3751E+02	  2.1349E+02	  2.1735E+02	  2.1276E+02	  2.0284E+02	  2.1014E+02	  1.9720E+02	  2.1060E+02	  2.0699E+02	  2.2207E+02	  2.3240E+02	  2.3288E+02	  2.0540E+02	  2.0751E+02	  2.1705E+02	  2.0668E+02	  2.1152E+02	  2.1090E+02	  1.9148E+02	  1.8830E+02	  1.8774E+02	  1.7998E+02	  1.9963E+02	  1.9081E+02	  2.1579E+02	  2.4203E+02	  2.3815E+02	  1.9822E+02	  1.9829E+02	  2.0886E+02	  2.1897E+02	  2.1684E+02	  2.2805E+02	  2.0171E+02	  2.2087E+02	  2.2240E+02	  1.9136E+02	  1.9664E+02	  2.0216E+02	  1.8730E+02	  1.7326E+02	  1.5686E+02	  1.6551E+02	  1.7615E+02	  1.8549E+02	  1.9335E+02	  1.8765E+02	  1.6179E+02	  1.2360E+02	  5.3379E+01	  2.1807E+01	  4.4851E+00	  6.7865E-02	  0.0000E+00	  0.0000E+00	  0.0000E+00	  0.0000E+00	  0.0000E+00	  0.0000E+00	  0.0000E+00	  0.0000E+00	  0.0000E+00	  0.0000E+00	  0.0000E+00	  0.0000E+00	  0.0000E+00	  0.0000E+00	  0.0000E+00	  0.0000E+00	  0.0000E+00	  0.0000E+00
  0.0000E+00	  0.0000E+00	  0.0000E+00	  0.0000E+00	  0.0000E+00	  0.0000E+00	  0.0000E+00	  0.0000E+00	  0.0000E+00	  0.0000E+00	  0.0000E+00	  0.0000E+00	  0.0000E+00	  0.0000E+00	  0.0000E+00	  0.0000E+00	  0.0000E+00	  0.0000E+00	  0.0000E+00	  0.0000E+00	  2.3498E-01	  4.8667E+00	  1.8277E+01	  4.6240E+01	  6.1417E+01	  8.4323E+01	  1.0317E+02	  1.2219E+02	  1.2697E+02	  1.4219E+02	  1.5184E+02	  1.3935E+02	  1.4224E+02	  1.5092E+02	  1.9593E+02	  2.0154E+02	  2.0358E+02	  2.4631E+02	  2.3486E+02	  2.2261E+02	  2.3399E+02	  1.9943E+02	  2.5747E+02	  2.8476E+02	  3.0238E+02	  2.7666E+02	  2.4367E+02	  2.3822E+02	  2.7258E+02	  2.6294E+02	  2.5714E+02	  2.6565E+02	  2.7774E+02	  2.7995E+02	  2.6363E+02	  2.1780E+02	  2.2840E+02	  2.3546E+02	  1.9436E+02	  1.7433E+02	  1.8497E+02	  2.0765E+02	  2.0906E+02	  2.0268E+02	  1.9690E+02	  1.8473E+02	  2.0727E+02	  2.0867E+02	  2.2212E+02	  2.0424E+02	  1.9475E+02	  1.9385E+02	  2.1464E+02	  1.9294E+02	  1.9196E+02	  1.8548E+02	  1.7583E+02	  1.8208E+02	  1.7240E+02	  1.8920E+02	  1.8065E+02	  1.9746E+02	  2.0883E+02	  1.9270E+02	  2.0263E+02	  2.0850E+02	  2.0624E+02	  2.0211E+02	  2.1851E+02	  2.0545E+02	  1.9108E+02	  2.0810E+02	  2.1601E+02	  1.9383E+02	  1.8387E+02	  1.8024E+02	  1.8796E+02	  1.7203E+02	  1.8027E+02	  1.8049E+02	  1.8064E+02	  1.8598E+02	  2.1548E+02	  1.8913E+02	  1.6391E+02	  1.2096E+02	  5.7614E+01	  1.8649E+01	  1.5854E+00	  0.0000E+00	  0.0000E+00	  0.0000E+00	  0.0000E+00	  0.0000E+00	  0.0000E+00	  0.0000E+00	  0.0000E+00	  0.0000E+00	  0.0000E+00	  0.0000E+00	  0.0000E+00	  0.0000E+00	  0.0000E+00	  0.0000E+00	  0.0000E+00	  0.0000E+00	  0.0000E+00	  0.0000E+00
  0.0000E+00	  0.0000E+00	  0.0000E+00	  0.0000E+00	  0.0000E+00	  0.0000E+00	  0.0000E+00	  0.0000E+00	  0.0000E+00	  0.0000E+00	  0.0000E+00	  0.0000E+00	  0.0000E+00	  0.0000E+00	  0.0000E+00	  0.0000E+00	  0.0000E+00	  0.0000E+00	  4.3258E-01	  2.8835E-01	  3.9984E-01	  9.2493E+00	  2.2080E+01	  4.4067E+01	  6.7212E+01	  1.0480E+02	  1.1412E+02	  1.4216E+02	  1.6027E+02	  1.5251E+02	  1.4167E+02	  1.4049E+02	  1.2746E+02	  1.6457E+02	  2.0378E+02	  1.7745E+02	  1.9655E+02	  2.2199E+02	  2.0808E+02	  2.1496E+02	  2.3144E+02	  2.3497E+02	  2.2500E+02	  2.6571E+02	  2.8133E+02	  2.5849E+02	  2.3350E+02	  2.4055E+02	  2.4762E+02	  2.6552E+02	  2.5623E+02	  2.5871E+02	  3.0717E+02	  2.6983E+02	  2.4137E+02	  2.2767E+02	  2.2537E+02	  2.1305E+02	  2.0927E+02	  1.7360E+02	  1.6733E+02	  1.8964E+02	  1.9514E+02	  2.1435E+02	  2.1674E+02	  2.0771E+02	  1.8440E+02	  1.9450E+02	  2.0790E+02	  2.0695E+02	  2.0733E+02	  1.8492E+02	  1.8029E+02	  1.7496E+02	  1.8381E+02	  1.9325E+02	  2.0008E+02	  1.8413E+02	  1.7263E+02	  1.7585E+02	  1.7584E+02	  1.9499E+02	  1.8785E+02	  1.8794E+02	  1.9720E+02	  2.1602E+02	  2.1392E+02	  2.0478E+02	  2.0274E+02	  1.8956E+02	  1.9138E+02	  1.9692E+02	  2.1610E+02	  1.8026E+02	  1.8661E+02	  1.6776E+02	  1.8015E+02	  1.8817E+02	  1.7898E+02	  1.7862E+02	  1.7137E+02	  1.6507E+02	  1.7237E+02	  1.7541E+02	  1.4835E+02	  1.1217E+02	  6.4707E+01	  1.8201E+01	  1.7199E+00	  3.0715E-02	  0.0000E+00	  0.0000E+00	  0.0000E+00	  0.0000E+00	  0.0000E+00	  0.0000E+00	  0.0000E+00	  0.0000E+00	  0.0000E+00	  0.0000E+00	  0.0000E+00	  0.0000E+00	  0.0000E+00	  0.0000E+00	  0.0000E+00	  0.0000E+00	  0.0000E+00	  0.0000E+00
  0.0000E+00	  0.0000E+00	  0.0000E+00	  0.0000E+00	  0.0000E+00	  0.0000E+00	  0.0000E+00	  0.0000E+00	  0.0000E+00	  0.0000E+00	  0.0000E+00	  0.0000E+00	  0.0000E+00	  0.0000E+00	  0.0000E+00	  0.0000E+00	  0.0000E+00	  0.0000E+00	  8.8964E-01	  4.8020E-01	  9.7928E-01	  1.1141E+01	  2.9685E+01	  5.6096E+01	  7.9406E+01	  1.0674E+02	  1.3016E+02	  1.5566E+02	  1.5556E+02	  1.3917E+02	  1.3517E+02	  1.2659E+02	  1.3547E+02	  1.6066E+02	  2.0253E+02	  2.1282E+02	  2.1499E+02	  2.0371E+02	  1.8652E+02	  2.0660E+02	  2.2495E+02	  2.2977E+02	  2.1186E+02	  2.3317E+02	  2.6472E+02	  2.6062E+02	  2.6274E+02	  2.5082E+02	  2.1886E+02	  2.2892E+02	  2.4786E+02	  2.5124E+02	  2.7515E+02	  2.7801E+02	  2.4860E+02	  2.2491E+02	  2.2894E+02	  2.1681E+02	  2.1532E+02	  2.0120E+02	  1.8019E+02	  1.9628E+02	  2.0883E+02	  2.2537E+02	  2.3796E+02	  2.2259E+02	  1.8100E+02	  1.8075E+02	  2.0584E+02	  2.0476E+02	  1.9534E+02	  1.6893E+02	  1.8538E+02	  1.7420E+02	  1.7035E+02	  1.9038E+02	  1.8787E+02	  1.7972E+02	  1.7757E+02	  2.0053E+02	  2.1023E+02	  1.9208E+02	  1.7010E+02	  1.9765E+02	  2.1834E+02	  1.9492E+02	  2.0012E+02	  1.9468E+02	  1.9605E+02	  1.8742E+02	  1.8609E+02	  2.1109E+02	  1.8442E+02	  1.8418E+02	  1.7134E+02	  1.7420E+02	  1.7595E+02	  1.8625E+02	  1.7075E+02	  1.7389E+02	  1.6696E+02	  1.4050E+02	  1.4864E+02	  1.6649E+02	  1.4201E+02	  1.1273E+02	  5.9963E+01	  1.9150E+01	  5.1256E+00	  1.6313E+00	  0.0000E+00	  0.0000E+00	  0.0000E+00	  0.0000E+00	  0.0000E+00	  0.0000E+00	  0.0000E+00	  0.0000E+00	  0.0000E+00	  0.0000E+00	  0.0000E+00	  0.0000E+00	  0.0000E+00	  0.0000E+00	  0.0000E+00	  0.0000E+00	  0.0000E+00	  0.0000E+00
  0.0000E+00	  0.0000E+00	  0.0000E+00	  0.0000E+00	  0.0000E+00	  0.0000E+00	  0.0000E+00	  0.0000E+00	  0.0000E+00	  0.0000E+00	  0.0000E+00	  0.0000E+00	  0.0000E+00	  0.0000E+00	  0.0000E+00	  0.0000E+00	  0.0000E+00	  3.8664E-01	  2.7768E-01	  2.8049E+00	  3.4733E+00	  1.2500E+01	  3.7441E+01	  7.3983E+01	  1.0068E+02	  1.1942E+02	  1.2286E+02	  1.4698E+02	  1.5424E+02	  1.1594E+02	  1.3721E+02	  1.4957E+02	  1.5647E+02	  1.6886E+02	  1.7268E+02	  2.0439E+02	  2.0572E+02	  1.8390E+02	  1.8543E+02	  2.1804E+02	  2.0789E+02	  2.2999E+02	  2.1287E+02	  2.1618E+02	  2.3773E+02	  2.5606E+02	  2.6678E+02	  2.5471E+02	  2.0975E+02	  2.0159E+02	  2.5872E+02	  2.7305E+02	  2.5808E+02	  2.3103E+02	  2.0533E+02	  1.9594E+02	  2.1486E+02	  2.1359E+02	  2.3025E+02	  2.1079E+02	  2.0205E+02	  2.0176E+02	  2.1506E+02	  2.2171E+02	  2.1866E+02	  1.8481E+02	  1.7476E+02	  1.7309E+02	  1.9413E+02	  1.8271E+02	  1.8217E+02	  1.8553E+02	  1.8810E+02	  1.6321E+02	  1.6312E+02	  2.0368E+02	  1.8445E+02	  1.8518E+02	  1.9139E+02	  2.0544E+02	  1.8771E+02	  1.8163E+02	  1.6353E+02	  1.8850E+02	  1.9231E+02	  1.9802E+02	  2.0406E+02	  1.7984E+02	  1.7306E+02	  1.8939E+02	  1.7820E+02	  2.0852E+02	  1.8721E+02	  1.7588E+02	  1.8921E+02	  1.7628E+02	  1.7262E+02	  1.8947E+02	  1.5727E+02	  1.6807E+02	  1.5642E+02	  1.4678E+02	  1.6259E+02	  1.5326E+02	  1.5368E+02	  1.2660E+02	  6.6720E+01	  2.5638E+01	  6.3554E+00	  8.4964E-01	  0.0000E+00	  0.0000E+00	  0.0000E+00	  0.0000E+00	  0.0000E+00	  0.0000E+00	  0.0000E+00	  0.0000E+00	  0.0000E+00	  0.0000E+00	  0.0000E+00	  0.0000E+00	  0.0000E+00	  0.0000E+00	  0.0000E+00	  0.0000E+00	  0.0000E+00	  0.0000E+00
  0.0000E+00	  0.0000E+00	  0.0000E+00	  0.0000E+00	  0.0000E+00	  0.0000E+00	  0.0000E+00	  0.0000E+00	  0.0000E+00	  0.0000E+00	  0.0000E+00	  0.0000E+00	  0.0000E+00	  0.0000E+00	  0.0000E+00	  0.0000E+00	  0.0000E+00	  2.7646E-01	  1.4684E-01	  3.0422E+00	  6.9341E+00	  2.1158E+01	  4.8858E+01	  8.9629E+01	  1.1172E+02	  1.2672E+02	  1.3056E+02	  1.3389E+02	  1.5622E+02	  1.4129E+02	  1.5310E+02	  1.6951E+02	  1.6501E+02	  1.7444E+02	  1.8469E+02	  2.0449E+02	  2.1017E+02	  1.8819E+02	  1.6900E+02	  2.0869E+02	  2.3162E+02	  2.3688E+02	  2.3859E+02	  2.4845E+02	  2.4992E+02	  2.8179E+02	  2.9674E+02	  2.4142E+02	  2.0629E+02	  1.9982E+02	  2.2850E+02	  2.5847E+02	  2.3425E+02	  2.1772E+02	  2.1469E+02	  2.1044E+02	  2.1713E+02	  2.0537E+02	  2.0612E+02	  2.0479E+02	  2.0450E+02	  2.0968E+02	  1.9205E+02	  1.8997E+02	  2.0891E+02	  1.9904E+02	  1.7085E+02	  1.8080E+02	  1.8548E+02	  1.7640E+02	  1.7586E+02	  1.7299E+02	  1.7270E+02	  1.6374E+02	  1.6002E+02	  1.6956E+02	  1.5946E+02	  1.6883E+02	  1.9128E+02	  1.8989E+02	  1.7577E+02	  1.7718E+02	  1.6750E+02	  1.8677E+02	  2.0522E+02	  2.0371E+02	  1.8454E+02	  1.7309E+02	  1.5500E+02	  1.6997E+02	  1.8861E+02	  1.9042E+02	  1.9498E+02	  1.7042E+02	  1.7325E+02	  1.7539E+02	  1.7945E+02	  1.7759E+02	  1.8334E+02	  1.8101E+02	  1.6096E+02	  1.6505E+02	  1.5143E+02	  1.6585E+02	  1.6300E+02	  1.4057E+02	  8.5693E+01	  3.9983E+01	  7.3016E+00	  5.4914E-01	  0.0000E+00	  0.0000E+00	  0.0000E+00	  0.0000E+00	  0.0000E+00	  0.0000E+00	  0.0000E+00	  0.0000E+00	  0.0000E+00	  0.0000E+00	  0.0000E+00	  0.0000E+00	  0.0000E+00	  0.0000E+00	  0.0000E+00	  0.0000E+00	  0.0000E+00	  0.0000E+00
  0.0000E+00	  0.0000E+00	  0.0000E+00	  0.0000E+00	  0.0000E+00	  0.0000E+00	  0.0000E+00	  0.0000E+00	  0.0000E+00	  0.0000E+00	  0.0000E+00	  0.0000E+00	  0.0000E+00	  0.0000E+00	  0.0000E+00	  0.0000E+00	  0.0000E+00	  0.0000E+00	  8.8618E-02	  4.2099E+00	  1.1790E+01	  2.6478E+01	  5.9927E+01	  9.3996E+01	  1.1442E+02	  1.3176E+02	  1.3951E+02	  1.2925E+02	  1.5597E+02	  1.5604E+02	  1.4145E+02	  1.5924E+02	  1.6835E+02	  1.7086E+02	  1.9168E+02	  2.0339E+02	  1.9741E+02	  1.9978E+02	  1.8360E+02	  2.0332E+02	  2.2979E+02	  2.3205E+02	  2.6206E+02	  2.6954E+02	  2.6956E+02	  2.9789E+02	  3.1914E+02	  2.5191E+02	  2.1184E+02	  2.1937E+02	  2.1196E+02	  2.1028E+02	  2.0946E+02	  1.9070E+02	  2.0708E+02	  2.2826E+02	  2.0611E+02	  2.0426E+02	  2.0994E+02	  2.2582E+02	  1.9750E+02	  2.1206E+02	  2.2597E+02	  1.9837E+02	  1.7563E+02	  2.0697E+02	  1.6235E+02	  1.9010E+02	  1.8980E+02	  1.6883E+02	  1.7177E+02	  1.7400E+02	  1.5949E+02	  1.6180E+02	  1.8309E+02	  1.5844E+02	  1.3407E+02	  1.3741E+02	  1.4484E+02	  1.5558E+02	  1.7964E+02	  1.7412E+02	  1.7771E+02	  1.9106E+02	  2.0393E+02	  2.0003E+02	  1.7019E+02	  1.4805E+02	  1.3636E+02	  1.5974E+02	  1.7956E+02	  1.9032E+02	  1.8636E+02	  1.8296E+02	  1.7306E+02	  1.9028E+02	  1.6987E+02	  1.9061E+02	  2.0708E+02	  1.8495E+02	  1.8896E+02	  1.8161E+02	  1.8116E+02	  1.9665E+02	  1.7831E+02	  1.3373E+02	  1.1207E+02	  5.5160E+01	  1.3673E+01	  4.0146E+00	  7.8495E-01	  3.7139E-01	  0.0000E+00	  0.0000E+00	  0.0000E+00	  0.0000E+00	  0.0000E+00	  0.0000E+00	  0.0000E+00	  0.0000E+00	  0.0000E+00	  0.0000E+00	  0.0000E+00	  0.0000E+00	  0.0000E+00	  0.0000E+00	  0.0000E+00	  0.0000E+00
  0.0000E+00	  0.0000E+00	  0.0000E+00	  0.0000E+00	  0.0000E+00	  0.0000E+00	  0.0000E+00	  0.0000E+00	  0.0000E+00	  0.0000E+00	  0.0000E+00	  0.0000E+00	  0.0000E+00	  0.0000E+00	  0.0000E+00	  0.0000E+00	  0.0000E+00	  0.0000E+00	  6.1501E-01	  3.7057E+00	  1.2439E+01	  2.5533E+01	  6.5110E+01	  9.8066E+01	  1.2750E+02	  1.4374E+02	  1.3000E+02	  1.2215E+02	  1.3657E+02	  1.4208E+02	  1.4069E+02	  1.3299E+02	  1.5839E+02	  1.8159E+02	  1.8438E+02	  2.0020E+02	  2.0100E+02	  2.1438E+02	  2.2170E+02	  2.1167E+02	  2.1776E+02	  2.5591E+02	  2.5238E+02	  2.7057E+02	  2.8622E+02	  3.0852E+02	  2.7642E+02	  2.2729E+02	  2.2788E+02	  2.3255E+02	  2.1691E+02	  2.0326E+02	  2.0168E+02	  2.0703E+02	  2.0438E+02	  1.9607E+02	  1.9453E+02	  2.0625E+02	  1.9446E+02	  1.8155E+02	  2.0136E+02	  1.9667E+02	  2.0962E+02	  1.8057E+02	  1.6509E+02	  1.6268E+02	  1.6877E+02	  1.8177E+02	  1.7348E+02	  1.5792E+02	  1.6307E+02	  1.8107E+02	  1.7616E+02	  1.8615E+02	  1.9178E+02	  1.7603E+02	  1.5208E+02	  1.1637E+02	  1.2377E+02	  1.4069E+02	  1.6412E+02	  1.7382E+02	  1.9752E+02	  1.9832E+02	  2.0250E+02	  1.9599E+02	  1.5765E+02	  1.3469E+02	  1.2060E+02	  1.5481E+02	  1.8401E+02	  1.8807E+02	  1.8663E+02	  1.8775E+02	  1.7211E+02	  1.8732E+02	  1.6987E+02	  1.7927E+02	  1.7937E+02	  1.9354E+02	  2.0306E+02	  2.0633E+02	  2.3168E+02	  2.1710E+02	  1.9760E+02	  1.5605E+02	  1.1921E+02	  6.0561E+01	  1.5275E+01	  4.6461E+00	  3.0152E+00	  4.0739E-01	  0.0000E+00	  0.0000E+00	  0.0000E+00	  0.0000E+00	  0.0000E+00	  0.0000E+00	  0.0000E+00	  0.0000E+00	  0.0000E+00	  0.0000E+00	  0.0000E+00	  0.0000E+00	  0.0000E+00	  0.0000E+00	  0.0000E+00	  0.0000E+00
  0.0000E+00	  0.0000E+00	  0.0000E+00	  0.0000E+00	  0.0000E+00	  0.0000E+00	  0.0000E+00	  0.0000E+00	  0.0000E+00	  0.0000E+00	  0.0000E+00	  0.0000E+00	  0.0000E+00	  0.0000E+00	  0.0000E+00	  0.0000E+00	  0.0000E+00	  4.8856E-02	  3.3963E-01	  2.9253E+00	  1.1655E+01	  2.9749E+01	  6.2605E+01	  1.1438E+02	  1.4579E+02	  1.5829E+02	  1.5903E+02	  1.4409E+02	  1.3116E+02	  1.4263E+02	  1.3504E+02	  1.3971E+02	  1.6420E+02	  1.8650E+02	  1.8638E+02	  2.0304E+02	  2.3631E+02	  2.2975E+02	  2.4480E+02	  2.2067E+02	  2.0587E+02	  2.2288E+02	  2.1952E+02	  2.3220E+02	  2.6051E+02	  2.8654E+02	  2.3078E+02	  2.1786E+02	  2.2844E+02	  2.1354E+02	  2.1653E+02	  2.2319E+02	  2.2148E+02	  2.1268E+02	  2.0835E+02	  2.0864E+02	  1.8614E+02	  1.8778E+02	  1.6525E+02	  1.6624E+02	  1.9804E+02	  1.7934E+02	  1.7916E+02	  1.5678E+02	  1.6265E+02	  1.7315E+02	  1.9189E+02	  1.8646E+02	  1.7303E+02	  1.7742E+02	  1.7816E+02	  1.9659E+02	  1.8978E+02	  1.7370E+02	  1.5817E+02	  1.5629E+02	  1.4090E+02	  1.2226E+02	  1.3333E+02	  1.6652E+02	  1.7601E+02	  1.5846E+02	  1.8241E+02	  1.9817E+02	  1.9309E+02	  1.7550E+02	  1.6885E+02	  1.3684E+02	  1.3513E+02	  1.6964E+02	  1.8635E+02	  1.9204E+02	  1.8605E+02	  1.7667E+02	  1.8270E+02	  1.7833E+02	  1.7156E+02	  1.7081E+02	  1.8218E+02	  1.6843E+02	  2.0218E+02	  2.0978E+02	  2.2059E+02	  2.0145E+02	  1.8063E+02	  1.8201E+02	  1.1898E+02	  6.1954E+01	  2.2535E+01	  1.8384E+00	  2.3553E-01	  0.0000E+00	  0.0000E+00	  0.0000E+00	  0.0000E+00	  0.0000E+00	  0.0000E+00	  0.0000E+00	  0.0000E+00	  0.0000E+00	  0.0000E+00	  0.0000E+00	  0.0000E+00	  0.0000E+00	  0.0000E+00	  0.0000E+00	  0.0000E+00	  0.0000E+00
  0.0000E+00	  0.0000E+00	  0.0000E+00	  0.0000E+00	  0.0000E+00	  0.0000E+00	  0.0000E+00	  0.0000E+00	  0.0000E+00	  0.0000E+00	  0.0000E+00	  0.0000E+00	  0.0000E+00	  0.0000E+00	  0.0000E+00	  0.0000E+00	  0.0000E+00	  6.6082E-01	  1.5610E+00	  7.3616E+00	  2.0117E+01	  3.8866E+01	  6.3226E+01	  9.7112E+01	  1.3780E+02	  1.4935E+02	  1.5676E+02	  1.4304E+02	  1.3138E+02	  1.2862E+02	  1.4015E+02	  1.5066E+02	  1.6193E+02	  1.7369E+02	  1.7068E+02	  2.0983E+02	  2.3863E+02	  2.2929E+02	  2.3298E+02	  1.9981E+02	  2.0750E+02	  2.2186E+02	  2.0477E+02	  2.0044E+02	  2.4343E+02	  2.5531E+02	  2.5469E+02	  2.4012E+02	  2.6078E+02	  2.3121E+02	  2.0018E+02	  2.1733E+02	  1.9176E+02	  1.9753E+02	  1.8690E+02	  1.9242E+02	  1.8302E+02	  1.8324E+02	  1.8260E+02	  1.6625E+02	  1.8894E+02	  1.6706E+02	  1.6244E+02	  1.5699E+02	  1.8492E+02	  1.7279E+02	  1.8250E+02	  1.7652E+02	  1.6211E+02	  1.8249E+02	  1.6050E+02	  1.7428E+02	  1.7205E+02	  1.4773E+02	  1.3091E+02	  1.3168E+02	  1.3112E+02	  1.3688E+02	  1.5385E+02	  2.0243E+02	  1.9055E+02	  2.0480E+02	  2.0207E+02	  2.1503E+02	  1.8375E+02	  1.8233E+02	  1.5952E+02	  1.3622E+02	  1.4520E+02	  1.7450E+02	  1.7421E+02	  1.8786E+02	  1.8785E+02	  1.7400E+02	  1.8041E+02	  1.6538E+02	  1.7097E+02	  1.8985E+02	  1.7780E+02	  1.8018E+02	  1.7600E+02	  1.8633E+02	  1.7927E+02	  1.8042E+02	  1.6106E+02	  1.7139E+02	  1.2624E+02	  6.3084E+01	  2.0531E+01	  1.0653E+01	  4.4098E-01	  0.0000E+00	  0.0000E+00	  0.0000E+00	  0.0000E+00	  0.0000E+00	  0.0000E+00	  0.0000E+00	  0.0000E+00	  0.0000E+00	  0.0000E+00	  0.0000E+00	  0.0000E+00	  0.0000E+00	  0.0000E+00	  0.0000E+00	  0.0000E+00	  0.0000E+00
  0.0000E+00	  0.0000E+00	  0.0000E+00	  0.0000E+00	  0.0000E+00	  0.0000E+00	  0.0000E+00	  0.0000E+00	  0.0000E+00	  0.0000E+00	  0.0000E+00	  0.0000E+00	  0.0000E+00	  0.0000E+00	  0.0000E+00	  0.0000E+00	  0.0000E+00	  6.0844E-01	  2.0928E+00	  9.4539E+00	  2.3398E+01	  4.1357E+01	  6.8294E+01	  9.5467E+01	  1.1752E+02	  1.2521E+02	  1.3279E+02	  1.5154E+02	  1.2223E+02	  1.0066E+02	  1.3194E+02	  1.4621E+02	  1.5989E+02	  1.5903E+02	  1.7448E+02	  1.9392E+02	  2.1079E+02	  2.2932E+02	  1.9929E+02	  1.7666E+02	  1.8640E+02	  2.1460E+02	  2.0408E+02	  1.8667E+02	  1.9203E+02	  2.3252E+02	  2.3629E+02	  2.4111E+02	  2.0588E+02	  2.0092E+02	  1.7471E+02	  1.9199E+02	  2.0079E+02	  1.9430E+02	  1.9138E+02	  1.6871E+02	  1.8124E+02	  1.7878E+02	  1.7659E+02	  1.7722E+02	  1.7103E+02	  1.8821E+02	  1.7631E+02	  1.5604E+02	  1.6791E+02	  1.5492E+02	  1.6825E+02	  1.8782E+02	  1.9490E+02	  1.7144E+02	  1.4809E+02	  1.4660E+02	  1.4419E+02	  1.3018E+02	  1.3720E+02	  1.5696E+02	  1.6157E+02	  1.7989E+02	  1.5851E+02	  1.8565E+02	  1.7987E+02	  1.8940E+02	  1.9943E+02	  1.9243E+02	  1.9792E+02	  1.7993E+02	  1.3863E+02	  1.3110E+02	  1.5162E+02	  1.7963E+02	  2.0252E+02	  2.0782E+02	  1.8628E+02	  1.7132E+02	  1.7993E+02	  1.9763E+02	  1.9660E+02	  1.9715E+02	  1.9041E+02	  1.8518E+02	  1.6111E+02	  1.7798E+02	  1.5818E+02	  1.6225E+02	  1.9057E+02	  1.7462E+02	  1.3263E+02	  7.4802E+01	  3.9989E+01	  1.8672E+01	  4.0336E+00	  4.4734E-01	  0.0000E+00	  0.0000E+00	  0.0000E+00	  0.0000E+00	  0.0000E+00	  0.0000E+00	  0.0000E+00	  0.0000E+00	  0.0000E+00	  0.0000E+00	  0.0000E+00	  0.0000E+00	  0.0000E+00	  0.0000E+00	  0.0000E+00	  0.0000E+00
  0.0000E+00	  0.0000E+00	  0.0000E+00	  0.0000E+00	  0.0000E+00	  0.0000E+00	  0.0000E+00	  0.0000E+00	  0.0000E+00	  0.0000E+00	  0.0000E+00	  0.0000E+00	  0.0000E+00	  0.0000E+00	  0.0000E+00	  9.2068E-02	  2.6547E-01	  1.8964E-01	  2.2345E+00	  1.1156E+01	  2.7690E+01	  4.9738E+01	  6.9042E+01	  9.6320E+01	  1.0458E+02	  1.0623E+02	  1.1505E+02	  1.2335E+02	  1.2529E+02	  1.1701E+02	  1.3458E+02	  1.5544E+02	  1.6095E+02	  1.5448E+02	  1.6961E+02	  1.8505E+02	  1.9934E+02	  2.0611E+02	  1.8367E+02	  1.6924E+02	  1.7540E+02	  1.7335E+02	  1.8023E+02	  1.9511E+02	  1.8175E+02	  2.0959E+02	  2.1270E+02	  2.1592E+02	  1.8873E+02	  1.7595E+02	  1.7137E+02	  1.8880E+02	  1.9645E+02	  1.9531E+02	  1.9541E+02	  1.7639E+02	  1.8145E+02	  1.7771E+02	  1.7596E+02	  1.6911E+02	  1.6581E+02	  1.6798E+02	  1.5213E+02	  1.5910E+02	  1.4936E+02	  1.5417E+02	  1.5943E+02	  1.7009E+02	  1.8143E+02	  1.7161E+02	  1.2973E+02	  1.4437E+02	  1.5195E+02	  1.4190E+02	  1.4469E+02	  1.5022E+02	  1.5880E+02	  1.8027E+02	  1.6895E+02	  1.5597E+02	  1.6520E+02	  1.6728E+02	  1.6547E+02	  1.4843E+02	  1.5446E+02	  1.5711E+02	  1.5279E+02	  1.6442E+02	  1.6554E+02	  1.6864E+02	  1.8068E+02	  1.9661E+02	  1.8046E+02	  1.7492E+02	  1.9993E+02	  2.0584E+02	  2.2553E+02	  2.2978E+02	  1.7431E+02	  1.8494E+02	  1.7880E+02	  1.6756E+02	  1.5382E+02	  1.4635E+02	  1.7125E+02	  1.7684E+02	  1.3627E+02	  8.0639E+01	  3.6730E+01	  1.5872E+01	  5.7077E+00	  1.7875E+00	  0.0000E+00	  0.0000E+00	  0.0000E+00	  0.0000E+00	  0.0000E+00	  0.0000E+00	  0.0000E+00	  0.0000E+00	  0.0000E+00	  0.0000E+00	  0.0000E+00	  0.0000E+00	  0.0000E+00	  0.0000E+00	  0.0000E+00	  0.0000E+00
  0.0000E+00	  0.0000E+00	  0.0000E+00	  0.0000E+00	  0.0000E+00	  0.0000E+00	  0.0000E+00	  0.0000E+00	  0.0000E+00	  0.0000E+00	  0.0000E+00	  0.0000E+00	  0.0000E+00	  0.0000E+00	  0.0000E+00	  1.6619E-01	  1.0760E+00	  1.4455E+00	  5.1350E+00	  1.6172E+01	  5.2556E+01	  7.6554E+01	  8.0880E+01	  1.0970E+02	  1.1667E+02	  1.0052E+02	  1.2799E+02	  1.1579E+02	  1.2791E+02	  1.3203E+02	  1.4650E+02	  1.5905E+02	  1.4763E+02	  1.4947E+02	  1.9409E+02	  1.9469E+02	  1.8540E+02	  1.7082E+02	  1.9154E+02	  1.9157E+02	  1.7794E+02	  1.8090E+02	  1.8304E+02	  2.0509E+02	  2.2631E+02	  2.2762E+02	  1.8835E+02	  1.9621E+02	  1.8397E+02	  1.6382E+02	  1.7215E+02	  1.9821E+02	  2.1327E+02	  2.0727E+02	  2.0551E+02	  1.9158E+02	  1.7391E+02	  1.8061E+02	  1.9154E+02	  1.9232E+02	  1.6664E+02	  1.6972E+02	  1.6177E+02	  1.6684E+02	  1.4758E+02	  1.4431E+02	  1.4007E+02	  1.4309E+02	  1.6199E+02	  1.6561E+02	  1.4851E+02	  1.4838E+02	  1.4577E+02	  1.4207E+02	  1.3247E+02	  1.4296E+02	  1.3934E+02	  1.5953E+02	  1.6256E+02	  1.4886E+02	  1.8136E+02	  1.7475E+02	  1.4460E+02	  1.2871E+02	  1.2532E+02	  1.4442E+02	  1.3605E+02	  1.6771E+02	  1.7082E+02	  1.6073E+02	  1.8304E+02	  1.9252E+02	  1.7482E+02	  1.7607E+02	  1.8639E+02	  2.0451E+02	  2.1679E+02	  2.1962E+02	  2.0462E+02	  1.8567E+02	  1.6796E+02	  1.5127E+02	  1.4592E+02	  1.5104E+02	  1.7712E+02	  2.1721E+02	  1.9009E+02	  1.0799E+02	  3.9195E+01	  1.5514E+01	  6.3759E+00	  4.0306E-01	  0.0000E+00	  0.0000E+00	  0.0000E+00	  0.0000E+00	  0.0000E+00	  0.0000E+00	  0.0000E+00	  0.0000E+00	  0.0000E+00	  0.0000E+00	  0.0000E+00	  0.0000E+00	  0.0000E+00	  0.0000E+00	  0.0000E+00	  0.0000E+00
  0.0000E+00	  0.0000E+00	  0.0000E+00	  0.0000E+00	  0.0000E+00	  0.0000E+00	  0.0000E+00	  0.0000E+00	  0.0000E+00	  0.0000E+00	  0.0000E+00	  0.0000E+00	  0.0000E+00	  0.0000E+00	  0.0000E+00	  4.6173E-02	  1.0129E+00	  2.7474E+00	  1.1402E+01	  2.1612E+01	  4.7788E+01	  7.9943E+01	  9.7318E+01	  1.1039E+02	  1.2393E+02	  1.1839E+02	  1.2230E+02	  1.1814E+02	  1.2861E+02	  1.5541E+02	  1.7266E+02	  1.7878E+02	  1.7404E+02	  1.6469E+02	  1.8732E+02	  1.8880E+02	  1.8948E+02	  1.6570E+02	  1.9002E+02	  1.9348E+02	  1.9888E+02	  2.0178E+02	  1.7585E+02	  2.0157E+02	  2.0389E+02	  1.9914E+02	  1.7506E+02	  1.7006E+02	  1.4838E+02	  1.5860E+02	  1.9278E+02	  2.1162E+02	  2.1179E+02	  2.0258E+02	  1.9380E+02	  1.7160E+02	  1.7426E+02	  1.7628E+02	  1.8517E+02	  1.8958E+02	  1.6589E+02	  1.5938E+02	  1.5127E+02	  1.7021E+02	  1.4667E+02	  1.4659E+02	  1.3682E+02	  1.4445E+02	  1.4774E+02	  1.4900E+02	  1.6192E+02	  1.5850E+02	  1.2752E+02	  1.2787E+02	  1.1933E+02	  1.3808E+02	  1.2369E+02	  1.2934E+02	  1.3752E+02	  1.3818E+02	  1.6586E+02	  1.7682E+02	  1.5278E+02	  1.2529E+02	  1.0708E+02	  1.1460E+02	  1.3794E+02	  1.5895E+02	  1.7121E+02	  1.6394E+02	  1.6202E+02	  1.6729E+02	  1.9599E+02	  1.8032E+02	  1.7882E+02	  1.8571E+02	  2.1955E+02	  2.1510E+02	  1.7330E+02	  1.7143E+02	  1.8372E+02	  1.4608E+02	  1.5137E+02	  1.4891E+02	  1.8279E+02	  2.0150E+02	  1.8411E+02	  1.0721E+02	  5.2071E+01	  1.6332E+01	  7.9160E+00	  1.4492E+00	  0.0000E+00	  0.0000E+00	  0.0000E+00	  0.0000E+00	  0.0000E+00	  0.0000E+00	  0.0000E+00	  0.0000E+00	  0.0000E+00	  0.0000E+00	  0.0000E+00	  0.0000E+00	  0.0000E+00	  0.0000E+00	  0.0000E+00	  0.0000E+00
  0.0000E+00	  0.0000E+00	  0.0000E+00	  0.0000E+00	  0.0000E+00	  0.0000E+00	  0.0000E+00	  0.0000E+00	  0.0000E+00	  0.0000E+00	  0.0000E+00	  0.0000E+00	  0.0000E+00	  0.0000E+00	  0.0000E+00	  7.2388E-02	  7.3637E-01	  1.3725E+00	  1.0517E+01	  2.2738E+01	  4.4895E+01	  6.5862E+01	  9.0663E+01	  8.9935E+01	  9.7019E+01	  1.1368E+02	  1.1678E+02	  1.3334E+02	  1.5472E+02	  1.6246E+02	  1.5960E+02	  1.5125E+02	  1.4911E+02	  1.6253E+02	  1.8638E+02	  1.6853E+02	  1.6448E+02	  1.7535E+02	  1.8738E+02	  1.7292E+02	  2.2364E+02	  2.1739E+02	  2.0018E+02	  1.7998E+02	  1.7939E+02	  1.7049E+02	  1.5123E+02	  1.5549E+02	  1.4194E+02	  1.5730E+02	  1.9686E+02	  2.4013E+02	  2.2348E+02	  2.0456E+02	  1.9481E+02	  1.9452E+02	  2.2521E+02	  2.0995E+02	  1.9902E+02	  1.8440E+02	  1.4775E+02	  1.3743E+02	  1.2977E+02	  1.4743E+02	  1.6077E+02	  1.3440E+02	  1.3811E+02	  1.6256E+02	  1.5954E+02	  1.4657E+02	  1.5078E+02	  1.7696E+02	  1.4833E+02	  1.1943E+02	  1.3929E+02	  1.3219E+02	  1.2883E+02	  1.1087E+02	  1.1377E+02	  1.3779E+02	  1.5839E+02	  1.7535E+02	  1.8445E+02	  1.5394E+02	  1.2215E+02	  1.2983E+02	  1.4255E+02	  1.6185E+02	  1.9254E+02	  1.7393E+02	  1.7445E+02	  1.7333E+02	  1.7831E+02	  2.0285E+02	  1.7935E+02	  1.8450E+02	  2.1069E+02	  1.9051E+02	  1.7726E+02	  1.6364E+02	  1.5315E+02	  1.3241E+02	  1.2235E+02	  1.4197E+02	  1.6518E+02	  1.8733E+02	  1.5792E+02	  1.1155E+02	  5.4707E+01	  2.2140E+01	  8.5564E+00	  1.6847E+00	  1.3709E-01	  0.0000E+00	  0.0000E+00	  0.0000E+00	  0.0000E+00	  0.0000E+00	  0.0000E+00	  0.0000E+00	  0.0000E+00	  0.0000E+00	  0.0000E+00	  0.0000E+00	  0.0000E+00	  0.0000E+00	  0.0000E+00	  0.0000E+00
  0.0000E+00	  0.0000E+00	  0.0000E+00	  0.0000E+00	  0.0000E+00	  0.0000E+00	  0.0000E+00	  0.0000E+00	  0.0000E+00	  0.0000E+00	  0.0000E+00	  0.0000E+00	  0.0000E+00	  0.0000E+00	  5.3185E-03	  1.8839E-01	  1.2135E+00	  2.0173E+00	  1.4292E+01	  2.4314E+01	  4.6251E+01	  6.2079E+01	  8.1096E+01	  7.9071E+01	  9.2259E+01	  1.1864E+02	  1.2734E+02	  1.2545E+02	  1.5497E+02	  1.6747E+02	  1.4893E+02	  1.4314E+02	  1.3218E+02	  1.5855E+02	  1.7111E+02	  1.6190E+02	  1.5874E+02	  1.6667E+02	  1.9511E+02	  1.8741E+02	  1.9380E+02	  1.8435E+02	  2.0942E+02	  1.9062E+02	  1.7805E+02	  1.4628E+02	  1.4316E+02	  1.3806E+02	  1.6165E+02	  1.8228E+02	  2.0613E+02	  2.2202E+02	  2.1545E+02	  2.0125E+02	  2.1104E+02	  2.1006E+02	  2.0786E+02	  2.3814E+02	  1.7808E+02	  1.4613E+02	  1.3425E+02	  1.4400E+02	  1.4281E+02	  1.3642E+02	  1.4946E+02	  1.3393E+02	  1.2741E+02	  1.4455E+02	  1.5453E+02	  1.5347E+02	  1.3417E+02	  1.4766E+02	  1.4548E+02	  1.3213E+02	  1.4745E+02	  1.4220E+02	  1.2927E+02	  1.4054E+02	  1.3499E+02	  1.3537E+02	  1.4105E+02	  1.6250E+02	  1.5875E+02	  1.5851E+02	  1.4820E+02	  1.4540E+02	  1.4570E+02	  1.6255E+02	  1.8669E+02	  1.7445E+02	  1.8138E+02	  1.7906E+02	  1.4558E+02	  1.6008E+02	  1.6656E+02	  1.8088E+02	  1.9094E+02	  1.7392E+02	  1.6276E+02	  1.4138E+02	  1.2646E+02	  1.2044E+02	  1.0569E+02	  1.1314E+02	  1.5093E+02	  1.7417E+02	  1.7363E+02	  1.2168E+02	  5.6860E+01	  3.3541E+01	  1.2791E+01	  4.8133E+00	  1.2026E-01	  0.0000E+00	  0.0000E+00	  0.0000E+00	  0.0000E+00	  0.0000E+00	  0.0000E+00	  0.0000E+00	  0.0000E+00	  0.0000E+00	  0.0000E+00	  0.0000E+00	  0.0000E+00	  0.0000E+00	  0.0000E+00	  0.0000E+00
  0.0000E+00	  0.0000E+00	  0.0000E+00	  0.0000E+00	  0.0000E+00	  0.0000E+00	  0.0000E+00	  0.0000E+00	  0.0000E+00	  0.0000E+00	  0.0000E+00	  0.0000E+00	  0.0000E+00	  0.0000E+00	  3.9577E-01	  1.1582E+00	  2.6954E+00	  5.2893E+00	  1.7144E+01	  2.0892E+01	  3.9167E+01	  5.5590E+01	  6.3241E+01	  8.1575E+01	  1.1995E+02	  1.1641E+02	  1.3370E+02	  1.5157E+02	  1.7304E+02	  1.7053E+02	  1.5112E+02	  1.4614E+02	  1.3782E+02	  1.5008E+02	  1.6022E+02	  1.7829E+02	  1.6270E+02	  1.6372E+02	  2.0324E+02	  1.9233E+02	  1.7046E+02	  1.6882E+02	  1.8789E+02	  1.8306E+02	  1.8895E+02	  1.6789E+02	  1.7511E+02	  1.6444E+02	  1.5699E+02	  2.0420E+02	  2.0137E+02	  2.0036E+02	  1.8669E+02	  1.9269E+02	  2.1020E+02	  2.1767E+02	  2.2371E+02	  2.0467E+02	  1.5734E+02	  1.3314E+02	  1.4884E+02	  1.5026E+02	  1.4545E+02	  1.5891E+02	  1.5503E+02	  1.5489E+02	  1.5288E+02	  1.5806E+02	  1.5482E+02	  1.5590E+02	  1.5609E+02	  1.5048E+02	  1.3294E+02	  1.3361E+02	  1.3821E+02	  1.4776E+02	  1.4189E+02	  1.2980E+02	  1.2762E+02	  1.4744E+02	  1.4358E+02	  1.5778E+02	  1.3979E+02	  1.4310E+02	  1.5199E+02	  1.3488E+02	  1.3018E+02	  1.4625E+02	  1.6595E+02	  1.8063E+02	  1.8296E+02	  1.8441E+02	  1.5310E+02	  1.5232E+02	  1.5515E+02	  1.5227E+02	  1.4751E+02	  1.6009E+02	  1.6491E+02	  1.5316E+02	  1.2970E+02	  1.1040E+02	  1.0963E+02	  1.2280E+02	  1.6078E+02	  1.6176E+02	  1.6436E+02	  1.2727E+02	  8.6126E+01	  3.8924E+01	  1.4045E+01	  1.8293E+00	  7.5485E-02	  0.0000E+00	  0.0000E+00	  0.0000E+00	  0.0000E+00	  0.0000E+00	  0.0000E+00	  0.0000E+00	  0.0000E+00	  0.0000E+00	  0.0000E+00	  0.0000E+00	  0.0000E+00	  0.0000E+00	  0.0000E+00	  0.0000E+00
  0.0000E+00	  0.0000E+00	  0.0000E+00	  0.0000E+00	  0.0000E+00	  0.0000E+00	  0.0000E+00	  0.0000E+00	  0.0000E+00	  0.0000E+00	  0.0000E+00	  0.0000E+00	  0.0000E+00	  0.0000E+00	  0.0000E+00	  1.4531E+00	  1.5354E+00	  3.7856E+00	  1.2850E+01	  1.6689E+01	  3.2502E+01	  4.5658E+01	  6.8427E+01	  1.1199E+02	  1.3426E+02	  1.4570E+02	  1.3049E+02	  1.4825E+02	  1.5103E+02	  1.5711E+02	  1.4375E+02	  1.6174E+02	  1.5006E+02	  1.5513E+02	  1.4211E+02	  1.5805E+02	  1.5596E+02	  1.6269E+02	  1.7392E+02	  1.8288E+02	  1.7893E+02	  1.9533E+02	  1.6434E+02	  1.6638E+02	  1.6362E+02	  1.7614E+02	  1.7575E+02	  1.5758E+02	  1.7158E+02	  1.9190E+02	  1.9419E+02	  1.6458E+02	  1.6382E+02	  1.4629E+02	  1.7155E+02	  2.0995E+02	  2.0617E+02	  2.1140E+02	  1.7463E+02	  1.3566E+02	  1.3939E+02	  1.5228E+02	  1.5737E+02	  1.7585E+02	  1.7461E+02	  1.5477E+02	  1.6490E+02	  1.6862E+02	  1.5198E+02	  1.5298E+02	  1.4803E+02	  1.2754E+02	  1.3586E+02	  1.3984E+02	  1.3375E+02	  1.2609E+02	  1.4035E+02	  1.2031E+02	  1.1644E+02	  1.4359E+02	  1.2088E+02	  1.2154E+02	  1.3370E+02	  1.1465E+02	  1.2606E+02	  1.2889E+02	  1.2542E+02	  1.3843E+02	  1.7203E+02	  1.7974E+02	  1.8801E+02	  1.8987E+02	  1.4996E+02	  1.4956E+02	  1.4347E+02	  1.5737E+02	  1.4292E+02	  1.4281E+02	  1.4818E+02	  1.4766E+02	  1.3293E+02	  1.0994E+02	  1.2723E+02	  1.4767E+02	  1.6359E+02	  1.7546E+02	  1.5010E+02	  1.1919E+02	  8.7379E+01	  3.4338E+01	  1.3751E+01	  1.5441E+00	  5.0671E-01	  0.0000E+00	  0.0000E+00	  0.0000E+00	  0.0000E+00	  0.0000E+00	  0.0000E+00	  0.0000E+00	  0.0000E+00	  0.0000E+00	  0.0000E+00	  0.0000E+00	  0.0000E+00	  0.0000E+00	  0.0000E+00	  0.0000E+00
  0.0000E+00	  0.0000E+00	  0.0000E+00	  0.0000E+00	  0.0000E+00	  0.0000E+00	  0.0000E+00	  0.0000E+00	  0.0000E+00	  0.0000E+00	  0.0000E+00	  0.0000E+00	  0.0000E+00	  0.0000E+00	  1.1695E-01	  7.9442E-01	  3.0056E+00	  6.5057E+00	  1.1275E+01	  1.1255E+01	  2.8398E+01	  4.0963E+01	  6.4708E+01	  1.0770E+02	  1.1097E+02	  1.2765E+02	  1.3470E+02	  1.3524E+02	  1.2239E+02	  1.2220E+02	  1.4974E+02	  1.7393E+02	  1.5699E+02	  1.5473E+02	  1.4549E+02	  1.4240E+02	  1.5036E+02	  1.6355E+02	  1.6364E+02	  1.6590E+02	  1.8487E+02	  1.8479E+02	  1.7602E+02	  1.6647E+02	  1.6735E+02	  1.6444E+02	  1.6766E+02	  1.5856E+02	  1.8461E+02	  1.9079E+02	  1.8355E+02	  1.4822E+02	  1.2800E+02	  1.2342E+02	  1.4720E+02	  1.6227E+02	  1.5060E+02	  1.7543E+02	  1.5704E+02	  1.3661E+02	  1.4254E+02	  1.4392E+02	  1.4601E+02	  1.6393E+02	  1.6303E+02	  1.4791E+02	  1.4654E+02	  1.6326E+02	  1.5500E+02	  1.3439E+02	  1.4260E+02	  1.3293E+02	  1.4872E+02	  1.4929E+02	  1.4462E+02	  1.1946E+02	  1.2153E+02	  1.2636E+02	  1.3608E+02	  1.3328E+02	  1.0352E+02	  1.0073E+02	  1.1227E+02	  1.1162E+02	  1.2665E+02	  1.2614E+02	  1.2674E+02	  1.2873E+02	  1.4605E+02	  1.5913E+02	  1.5808E+02	  1.5595E+02	  1.3921E+02	  1.5490E+02	  1.5510E+02	  1.4250E+02	  1.3635E+02	  1.6685E+02	  1.6984E+02	  1.4465E+02	  1.3156E+02	  1.2798E+02	  1.5208E+02	  1.7192E+02	  1.7408E+02	  1.5942E+02	  1.4345E+02	  1.2888E+02	  8.1018E+01	  3.5606E+01	  1.0636E+01	  2.0506E+00	  5.4170E-01	  2.0051E-02	  0.0000E+00	  0.0000E+00	  0.0000E+00	  0.0000E+00	  0.0000E+00	  0.0000E+00	  0.0000E+00	  0.0000E+00	  0.0000E+00	  0.0000E+00	  0.0000E+00	  0.0000E+00	  0.0000E+00	  0.0000E+00
  0.0000E+00	  0.0000E+00	  0.0000E+00	  0.0000E+00	  0.0000E+00	  0.0000E+00	  0.0000E+00	  0.0000E+00	  0.0000E+00	  0.0000E+00	  0.0000E+00	  0.0000E+00	  0.0000E+00	  4.5438E-01	  1.9283E+00	  1.1976E+00	  2.3850E+00	  5.9930E+00	  1.1066E+01	  1.4356E+01	  2.2768E+01	  4.0053E+01	  8.8012E+01	  1.2389E+02	  1.2208E+02	  1.2197E+02	  1.4226E+02	  1.3814E+02	  1.4010E+02	  1.4206E+02	  1.3967E+02	  1.5677E+02	  1.5982E+02	  1.4952E+02	  1.4959E+02	  1.4628E+02	  1.5749E+02	  1.5962E+02	  1.7447E+02	  1.7936E+02	  1.8584E+02	  1.7577E+02	  1.6656E+02	  1.4069E+02	  1.5208E+02	  1.3832E+02	  1.4951E+02	  1.5131E+02	  1.7831E+02	  1.6138E+02	  1.5105E+02	  1.5587E+02	  1.3537E+02	  1.1415E+02	  1.5438E+02	  1.5438E+02	  1.4911E+02	  1.4481E+02	  1.3237E+02	  1.2767E+02	  1.2972E+02	  1.3763E+02	  1.3884E+02	  1.4851E+02	  1.5427E+02	  1.5575E+02	  1.6256E+02	  1.6696E+02	  1.4580E+02	  1.1748E+02	  1.2184E+02	  1.3211E+02	  1.4883E+02	  1.5149E+02	  1.5153E+02	  1.3919E+02	  1.1868E+02	  1.3212E+02	  1.2131E+02	  1.1796E+02	  1.0675E+02	  9.6050E+01	  9.9053E+01	  1.0587E+02	  1.1615E+02	  1.2557E+02	  1.4121E+02	  1.4746E+02	  1.4891E+02	  1.5224E+02	  1.2552E+02	  1.2204E+02	  1.3853E+02	  1.4575E+02	  1.5990E+02	  1.6844E+02	  1.3792E+02	  1.6733E+02	  1.5479E+02	  1.5587E+02	  1.6976E+02	  1.6845E+02	  1.8584E+02	  1.8686E+02	  1.6935E+02	  1.6278E+02	  1.6714E+02	  1.3324E+02	  7.1864E+01	  4.2706E+01	  1.8113E+01	  4.6150E+00	  1.8452E+00	  4.8625E-01	  5.6768E-01	  0.0000E+00	  0.0000E+00	  0.0000E+00	  0.0000E+00	  0.0000E+00	  0.0000E+00	  0.0000E+00	  0.0000E+00	  0.0000E+00	  0.0000E+00	  0.0000E+00	  0.0000E+00	  0.0000E+00
  0.0000E+00	  0.0000E+00	  0.0000E+00	  0.0000E+00	  0.0000E+00	  0.0000E+00	  0.0000E+00	  0.0000E+00	  0.0000E+00	  0.0000E+00	  0.0000E+00	  0.0000E+00	  0.0000E+00	  1.7027E-01	  1.1971E+00	  1.8321E+00	  2.5706E+00	  5.7633E+00	  5.3171E+00	  1.3872E+01	  2.0471E+01	  4.4993E+01	  9.1126E+01	  1.1298E+02	  1.1893E+02	  1.3339E+02	  1.4186E+02	  1.3993E+02	  1.3904E+02	  1.4237E+02	  1.3978E+02	  1.4188E+02	  1.4416E+02	  1.6500E+02	  1.6583E+02	  1.4074E+02	  1.5299E+02	  1.7324E+02	  1.6482E+02	  1.7806E+02	  1.6084E+02	  1.6363E+02	  1.5359E+02	  1.4658E+02	  1.6135E+02	  1.6176E+02	  1.5379E+02	  1.7731E+02	  1.7441E+02	  1.5413E+02	  1.4886E+02	  1.5705E+02	  1.4553E+02	  1.3580E+02	  1.4542E+02	  1.2364E+02	  1.3480E+02	  1.3410E+02	  1.1856E+02	  1.1990E+02	  1.3778E+02	  1.3218E+02	  1.4076E+02	  1.3474E+02	  1.3531E+02	  1.4749E+02	  1.4589E+02	  1.3822E+02	  1.2393E+02	  1.0488E+02	  9.0366E+01	  1.3400E+02	  1.7492E+02	  1.4828E+02	  1.4049E+02	  1.2745E+02	  1.2225E+02	  1.1512E+02	  1.2128E+02	  1.2814E+02	  1.0516E+02	  9.4770E+01	  1.0250E+02	  1.0665E+02	  1.0900E+02	  1.1924E+02	  1.4761E+02	  1.5380E+02	  1.3681E+02	  1.4664E+02	  1.1208E+02	  1.1573E+02	  1.2834E+02	  1.4890E+02	  1.6559E+02	  1.5434E+02	  1.6019E+02	  1.6656E+02	  1.6379E+02	  1.5824E+02	  1.7097E+02	  1.7910E+02	  1.7441E+02	  1.8916E+02	  1.7515E+02	  1.6336E+02	  1.7005E+02	  1.4541E+02	  1.0053E+02	  5.1101E+01	  2.1212E+01	  9.1262E+00	  2.9421E+00	  1.3467E+00	  2.3499E-01	  0.0000E+00	  0.0000E+00	  0.0000E+00	  0.0000E+00	  0.0000E+00	  0.0000E+00	  0.0000E+00	  0.0000E+00	  0.0000E+00	  0.0000E+00	  0.0000E+00	  0.0000E+00	  0.0000E+00
  0.0000E+00	  0.0000E+00	  0.0000E+00	  0.0000E+00	  0.0000E+00	  0.0000E+00	  0.0000E+00	  0.0000E+00	  0.0000E+00	  0.0000E+00	  0.0000E+00	  0.0000E+00	  2.2602E-01	  1.6256E-01	  3.7241E-01	  1.5878E+00	  1.9244E+00	  2.8035E+00	  3.9100E+00	  1.5080E+01	  2.9951E+01	  5.8713E+01	  9.0579E+01	  1.2534E+02	  1.4829E+02	  1.6318E+02	  1.4237E+02	  1.4279E+02	  1.3953E+02	  1.3742E+02	  1.3398E+02	  1.4365E+02	  1.4790E+02	  1.7780E+02	  1.8067E+02	  1.4369E+02	  1.6056E+02	  1.6801E+02	  1.6162E+02	  1.5710E+02	  1.5033E+02	  1.4249E+02	  1.3839E+02	  1.6084E+02	  1.5774E+02	  1.8188E+02	  1.8538E+02	  1.8825E+02	  1.7581E+02	  1.5540E+02	  1.5883E+02	  1.6898E+02	  1.4798E+02	  1.4331E+02	  1.1829E+02	  1.1460E+02	  1.3164E+02	  1.2429E+02	  1.3541E+02	  1.3336E+02	  1.2672E+02	  1.3561E+02	  1.6641E+02	  1.6190E+02	  1.5040E+02	  1.4276E+02	  1.3801E+02	  1.1972E+02	  1.0093E+02	  1.0017E+02	  1.0087E+02	  1.3288E+02	  1.7776E+02	  1.7678E+02	  1.3374E+02	  1.3180E+02	  1.3023E+02	  1.3292E+02	  1.3225E+02	  1.1579E+02	  1.0867E+02	  1.1145E+02	  1.1729E+02	  1.0371E+02	  1.1000E+02	  1.2222E+02	  1.5257E+02	  1.5126E+02	  1.4045E+02	  1.5136E+02	  1.3095E+02	  1.3774E+02	  1.4640E+02	  1.5342E+02	  1.8292E+02	  1.6318E+02	  1.7097E+02	  1.6731E+02	  1.6583E+02	  1.6873E+02	  1.6841E+02	  1.8445E+02	  1.6888E+02	  1.7713E+02	  1.9453E+02	  1.9381E+02	  1.6799E+02	  1.3261E+02	  1.0220E+02	  5.9894E+01	  2.1183E+01	  1.1116E+01	  2.1745E+00	  6.6247E-01	  2.2027E-01	  0.0000E+00	  0.0000E+00	  0.0000E+00	  0.0000E+00	  0.0000E+00	  0.0000E+00	  0.0000E+00	  0.0000E+00	  0.0000E+00	  0.0000E+00	  0.0000E+00	  0.0000E+00	  0.0000E+00
  0.0000E+00	  0.0000E+00	  0.0000E+00	  0.0000E+00	  0.0000E+00	  0.0000E+00	  0.0000E+00	  0.0000E+00	  0.0000E+00	  0.0000E+00	  0.0000E+00	  0.0000E+00	  3.5515E-01	  4.2825E-01	  3.8772E-01	  2.1461E+00	  9.0599E-01	  7.9332E-01	  1.5794E+00	  8.5632E+00	  2.9808E+01	  5.4079E+01	  8.5363E+01	  1.5166E+02	  1.7207E+02	  1.6512E+02	  1.4598E+02	  1.5062E+02	  1.6404E+02	  1.4928E+02	  1.5631E+02	  1.6155E+02	  1.5030E+02	  1.5294E+02	  1.5745E+02	  1.3723E+02	  1.5532E+02	  1.6206E+02	  1.6485E+02	  1.4352E+02	  1.3747E+02	  1.4537E+02	  1.5449E+02	  1.4581E+02	  1.3787E+02	  1.6247E+02	  1.7849E+02	  1.7609E+02	  1.8374E+02	  1.6658E+02	  1.6048E+02	  1.7072E+02	  1.6057E+02	  1.4598E+02	  1.2614E+02	  1.2328E+02	  1.1329E+02	  1.1355E+02	  1.3617E+02	  1.3014E+02	  1.3241E+02	  1.3746E+02	  1.4472E+02	  1.5012E+02	  1.5460E+02	  1.5605E+02	  1.4542E+02	  1.1459E+02	  9.4243E+01	  1.0834E+02	  1.1675E+02	  1.2052E+02	  1.4260E+02	  1.4488E+02	  1.2914E+02	  1.1139E+02	  1.1993E+02	  1.4131E+02	  1.4683E+02	  1.2398E+02	  1.2333E+02	  1.2780E+02	  1.3366E+02	  1.1907E+02	  1.1987E+02	  1.2825E+02	  1.4523E+02	  1.4225E+02	  1.4658E+02	  1.4679E+02	  1.4352E+02	  1.3385E+02	  1.3857E+02	  1.3762E+02	  1.5492E+02	  1.6023E+02	  1.4529E+02	  1.3840E+02	  1.3360E+02	  1.5497E+02	  1.6645E+02	  1.5591E+02	  1.5878E+02	  1.9506E+02	  2.0260E+02	  1.7862E+02	  1.7203E+02	  1.3885E+02	  1.0484E+02	  6.2107E+01	  2.8791E+01	  1.1756E+01	  5.0717E+00	  8.5835E-01	  2.1634E-01	  0.0000E+00	  0.0000E+00	  0.0000E+00	  0.0000E+00	  0.0000E+00	  0.0000E+00	  0.0000E+00	  0.0000E+00	  0.0000E+00	  0.0000E+00	  0.0000E+00	  0.0000E+00	  0.0000E+00
  0.0000E+00	  0.0000E+00	  0.0000E+00	  0.0000E+00	  0.0000E+00	  0.0000E+00	  0.0000E+00	  0.0000E+00	  0.0000E+00	  0.0000E+00	  0.0000E+00	  0.0000E+00	  0.0000E+00	  6.9108E-01	  1.1049E-01	  7.4815E-01	  8.6640E-01	  0.0000E+00	  4.8964E-02	  1.9610E+00	  1.7834E+01	  5.5231E+01	  8.9693E+01	  1.4366E+02	  1.5723E+02	  1.5941E+02	  1.6071E+02	  1.4269E+02	  1.4694E+02	  1.4495E+02	  1.5966E+02	  1.4186E+02	  1.3591E+02	  1.4944E+02	  1.5658E+02	  1.4158E+02	  1.5232E+02	  1.6757E+02	  1.6205E+02	  1.4262E+02	  1.3498E+02	  1.3074E+02	  1.3749E+02	  1.3663E+02	  1.5007E+02	  1.7805E+02	  1.5683E+02	  1.6577E+02	  1.7108E+02	  1.5726E+02	  1.5614E+02	  1.7233E+02	  1.5880E+02	  1.5572E+02	  1.2846E+02	  1.0357E+02	  1.0139E+02	  1.1568E+02	  1.2208E+02	  1.3521E+02	  1.2247E+02	  1.3096E+02	  1.3608E+02	  1.3894E+02	  1.3366E+02	  1.3979E+02	  1.3452E+02	  1.1135E+02	  9.4081E+01	  1.2173E+02	  1.2489E+02	  1.3867E+02	  1.3864E+02	  1.0636E+02	  1.1955E+02	  1.2540E+02	  1.2040E+02	  1.3176E+02	  1.3514E+02	  1.2562E+02	  1.2847E+02	  1.4554E+02	  1.3118E+02	  1.1747E+02	  1.1661E+02	  1.3567E+02	  1.6250E+02	  1.4585E+02	  1.3504E+02	  1.3509E+02	  1.2543E+02	  1.2411E+02	  1.2679E+02	  1.1398E+02	  1.2261E+02	  1.5574E+02	  1.5120E+02	  1.2594E+02	  1.1557E+02	  1.4016E+02	  1.6396E+02	  1.4535E+02	  1.5131E+02	  1.6925E+02	  1.7158E+02	  1.6404E+02	  1.4347E+02	  1.5468E+02	  1.0518E+02	  6.2581E+01	  2.6841E+01	  1.2187E+01	  5.4703E+00	  6.7776E-01	  0.0000E+00	  0.0000E+00	  0.0000E+00	  0.0000E+00	  0.0000E+00	  0.0000E+00	  0.0000E+00	  0.0000E+00	  0.0000E+00	  0.0000E+00	  0.0000E+00	  0.0000E+00	  0.0000E+00	  0.0000E+00
  0.0000E+00	  0.0000E+00	  0.0000E+00	  0.0000E+00	  0.0000E+00	  0.0000E+00	  0.0000E+00	  0.0000E+00	  0.0000E+00	  0.0000E+00	  0.0000E+00	  0.0000E+00	  0.0000E+00	  1.7966E-01	  3.1612E-01	  1.1906E-03	  9.5260E-04	  0.0000E+00	  7.7425E-01	  3.3808E+00	  1.4936E+01	  5.0019E+01	  9.1553E+01	  1.1540E+02	  1.3371E+02	  1.4081E+02	  1.5753E+02	  1.5421E+02	  1.6121E+02	  1.4581E+02	  1.3500E+02	  1.2904E+02	  1.2891E+02	  1.2715E+02	  1.3589E+02	  1.4383E+02	  1.4343E+02	  1.5357E+02	  1.3009E+02	  1.3829E+02	  1.4877E+02	  1.1594E+02	  1.0767E+02	  1.3778E+02	  1.5258E+02	  1.6556E+02	  1.4226E+02	  1.2128E+02	  1.4125E+02	  1.3769E+02	  1.4940E+02	  1.5666E+02	  1.5366E+02	  1.5269E+02	  1.2209E+02	  1.0567E+02	  1.0187E+02	  1.2039E+02	  1.2002E+02	  1.3070E+02	  1.5687E+02	  1.3468E+02	  1.2744E+02	  1.3057E+02	  1.2057E+02	  1.2493E+02	  1.2625E+02	  9.7886E+01	  1.0448E+02	  1.2131E+02	  1.2039E+02	  1.3788E+02	  1.1215E+02	  1.0754E+02	  1.1744E+02	  1.2911E+02	  1.1751E+02	  1.2766E+02	  1.2960E+02	  1.2911E+02	  1.2279E+02	  1.2399E+02	  1.2142E+02	  1.2214E+02	  1.3751E+02	  1.3195E+02	  1.4503E+02	  1.5158E+02	  1.4402E+02	  1.4976E+02	  1.3475E+02	  1.3613E+02	  1.3991E+02	  1.1312E+02	  1.0780E+02	  1.2125E+02	  1.0050E+02	  1.0300E+02	  9.8144E+01	  1.3373E+02	  1.4535E+02	  1.4779E+02	  1.3710E+02	  1.5487E+02	  1.5683E+02	  1.4655E+02	  1.4343E+02	  1.3470E+02	  1.1521E+02	  5.7635E+01	  2.8250E+01	  1.0595E+01	  3.2091E+00	  2.9861E-01	  0.0000E+00	  0.0000E+00	  0.0000E+00	  0.0000E+00	  0.0000E+00	  0.0000E+00	  0.0000E+00	  0.0000E+00	  0.0000E+00	  0.0000E+00	  0.0000E+00	  0.0000E+00	  0.0000E+00	  0.0000E+00
  0.0000E+00	  0.0000E+00	  0.0000E+00	  0.0000E+00	  0.0000E+00	  0.0000E+00	  0.0000E+00	  0.0000E+00	  0.0000E+00	  0.0000E+00	  0.0000E+00	  0.0000E+00	  0.0000E+00	  1.8242E-01	  3.2097E-01	  0.0000E+00	  0.0000E+00	  0.0000E+00	  9.3798E-01	  4.2149E+00	  1.8251E+01	  4.9926E+01	  7.3373E+01	  8.5392E+01	  1.2242E+02	  1.5135E+02	  1.4608E+02	  1.8017E+02	  1.6780E+02	  1.8252E+02	  1.3945E+02	  1.3223E+02	  1.3176E+02	  1.1427E+02	  1.1764E+02	  1.4614E+02	  1.4143E+02	  1.4892E+02	  1.4708E+02	  1.4043E+02	  1.2156E+02	  9.8772E+01	  1.2448E+02	  1.4320E+02	  1.4869E+02	  1.3838E+02	  1.1973E+02	  1.0885E+02	  1.2453E+02	  1.3424E+02	  1.3099E+02	  1.3347E+02	  1.2746E+02	  1.3951E+02	  1.3731E+02	  1.2173E+02	  9.9880E+01	  1.0176E+02	  9.8778E+01	  1.2396E+02	  1.4126E+02	  1.3187E+02	  1.3641E+02	  1.2904E+02	  1.2026E+02	  1.0382E+02	  1.0392E+02	  1.1209E+02	  1.2435E+02	  1.0640E+02	  1.1538E+02	  1.2220E+02	  1.1870E+02	  9.1624E+01	  1.0006E+02	  1.1142E+02	  1.1898E+02	  1.3112E+02	  1.2572E+02	  1.4195E+02	  1.1989E+02	  1.1090E+02	  1.0427E+02	  1.0230E+02	  1.1736E+02	  1.3605E+02	  1.3805E+02	  1.4515E+02	  1.4055E+02	  1.3081E+02	  1.1660E+02	  1.4133E+02	  1.3495E+02	  1.2010E+02	  1.1009E+02	  1.0475E+02	  1.0662E+02	  1.0163E+02	  1.1136E+02	  1.2183E+02	  1.0821E+02	  1.2339E+02	  1.2499E+02	  1.5132E+02	  1.3772E+02	  1.3630E+02	  1.3922E+02	  1.2785E+02	  1.1505E+02	  7.6803E+01	  4.3828E+01	  2.1076E+01	  4.5270E+00	  7.7310E-01	  0.0000E+00	  0.0000E+00	  0.0000E+00	  0.0000E+00	  0.0000E+00	  0.0000E+00	  0.0000E+00	  0.0000E+00	  0.0000E+00	  0.0000E+00	  0.0000E+00	  0.0000E+00	  0.0000E+00	  0.0000E+00
  0.0000E+00	  0.0000E+00	  0.0000E+00	  0.0000E+00	  0.0000E+00	  0.0000E+00	  0.0000E+00	  0.0000E+00	  0.0000E+00	  0.0000E+00	  0.0000E+00	  0.0000E+00	  0.0000E+00	  0.0000E+00	  0.0000E+00	  0.0000E+00	  0.0000E+00	  0.0000E+00	  1.8221E-01	  1.2280E+00	  6.5655E+00	  2.2497E+01	  4.0888E+01	  6.3827E+01	  9.7269E+01	  1.3177E+02	  1.7146E+02	  1.8685E+02	  1.8176E+02	  1.9765E+02	  1.5486E+02	  1.5070E+02	  1.3911E+02	  1.1078E+02	  1.1034E+02	  1.2866E+02	  1.4396E+02	  1.4189E+02	  1.3624E+02	  1.1803E+02	  1.1200E+02	  1.1663E+02	  1.2861E+02	  1.3327E+02	  1.2217E+02	  1.1096E+02	  1.0238E+02	  1.2237E+02	  1.1976E+02	  1.0025E+02	  1.1320E+02	  1.1511E+02	  1.2104E+02	  1.1954E+02	  1.2247E+02	  1.1382E+02	  1.0330E+02	  9.0740E+01	  9.1701E+01	  1.2206E+02	  1.2751E+02	  1.2650E+02	  1.4502E+02	  1.2080E+02	  1.0823E+02	  9.9815E+01	  8.0242E+01	  9.8366E+01	  1.1704E+02	  1.0143E+02	  1.2281E+02	  1.3153E+02	  1.3155E+02	  1.0689E+02	  1.0275E+02	  1.0755E+02	  1.1146E+02	  1.2146E+02	  1.1921E+02	  1.2772E+02	  1.0852E+02	  1.1103E+02	  8.7879E+01	  8.9172E+01	  1.0886E+02	  1.3553E+02	  1.4364E+02	  1.3839E+02	  1.3725E+02	  1.3914E+02	  1.2689E+02	  1.4030E+02	  1.2175E+02	  1.2599E+02	  1.1388E+02	  1.1653E+02	  1.2946E+02	  1.2155E+02	  1.0853E+02	  1.3805E+02	  1.3606E+02	  1.3635E+02	  1.5214E+02	  1.4225E+02	  1.4163E+02	  1.5802E+02	  1.6804E+02	  1.4548E+02	  1.1628E+02	  6.8033E+01	  3.2123E+01	  1.3443E+01	  6.6290E+00	  2.5826E+00	  6.5033E-01	  4.1174E-02	  0.0000E+00	  0.0000E+00	  0.0000E+00	  0.0000E+00	  0.0000E+00	  0.0000E+00	  0.0000E+00	  0.0000E+00	  0.0000E+00	  0.0000E+00	  0.0000E+00	  0.0000E+00
  0.0000E+00	  0.0000E+00	  0.0000E+00	  0.0000E+00	  0.0000E+00	  0.0000E+00	  0.0000E+00	  0.0000E+00	  0.0000E+00	  0.0000E+00	  0.0000E+00	  0.0000E+00	  0.0000E+00	  0.0000E+00	  0.0000E+00	  0.0000E+00	  0.0000E+00	  0.0000E+00	  5.5911E-03	  6.0204E-01	  1.7249E+00	  9.6931E+00	  2.3444E+01	  4.8279E+01	  7.7087E+01	  1.0803E+02	  1.6153E+02	  1.9112E+02	  1.9357E+02	  1.7029E+02	  1.6363E+02	  1.6161E+02	  1.4943E+02	  1.2508E+02	  1.4766E+02	  1.4494E+02	  1.6193E+02	  1.6212E+02	  1.2484E+02	  1.2712E+02	  1.1558E+02	  1.2596E+02	  1.2402E+02	  1.1521E+02	  1.2051E+02	  1.0007E+02	  1.0394E+02	  1.0774E+02	  1.0025E+02	  8.6693E+01	  9.8727E+01	  9.9883E+01	  1.0051E+02	  1.1789E+02	  1.2518E+02	  1.2286E+02	  1.0668E+02	  1.1520E+02	  9.9878E+01	  1.0463E+02	  1.1494E+02	  1.0861E+02	  1.1978E+02	  1.1072E+02	  9.8535E+01	  9.5162E+01	  1.0129E+02	  8.7710E+01	  9.8372E+01	  1.0667E+02	  1.2883E+02	  1.4144E+02	  1.2498E+02	  1.0700E+02	  1.1339E+02	  1.1247E+02	  1.1421E+02	  1.0970E+02	  1.1344E+02	  1.1432E+02	  8.8777E+01	  8.5768E+01	  8.6092E+01	  8.1472E+01	  1.2037E+02	  1.2778E+02	  1.3022E+02	  1.1881E+02	  1.0441E+02	  1.3526E+02	  1.2259E+02	  1.3485E+02	  1.2582E+02	  1.1789E+02	  1.2661E+02	  1.3228E+02	  1.3286E+02	  1.4092E+02	  1.2908E+02	  1.3031E+02	  1.3078E+02	  1.3250E+02	  1.4908E+02	  1.5391E+02	  1.6393E+02	  1.6170E+02	  1.5887E+02	  1.3350E+02	  1.0351E+02	  6.9973E+01	  3.0827E+01	  1.2668E+01	  2.7266E+00	  6.8705E-01	  6.6030E-01	  1.4100E-01	  0.0000E+00	  0.0000E+00	  0.0000E+00	  0.0000E+00	  0.0000E+00	  0.0000E+00	  0.0000E+00	  0.0000E+00	  0.0000E+00	  0.0000E+00	  0.0000E+00	  0.0000E+00
  0.0000E+00	  0.0000E+00	  0.0000E+00	  0.0000E+00	  0.0000E+00	  0.0000E+00	  0.0000E+00	  0.0000E+00	  0.0000E+00	  0.0000E+00	  0.0000E+00	  0.0000E+00	  0.0000E+00	  0.0000E+00	  0.0000E+00	  0.0000E+00	  0.0000E+00	  0.0000E+00	  3.6028E-03	  4.3571E-01	  1.5688E+00	  6.8531E+00	  1.2234E+01	  3.3432E+01	  5.1957E+01	  8.7931E+01	  1.2158E+02	  1.5055E+02	  1.6518E+02	  1.7592E+02	  1.6695E+02	  1.7242E+02	  1.6024E+02	  1.5691E+02	  1.6928E+02	  1.6278E+02	  1.6757E+02	  1.4495E+02	  1.2725E+02	  1.1270E+02	  1.0565E+02	  1.1457E+02	  1.1495E+02	  1.0465E+02	  1.1402E+02	  9.0301E+01	  1.0626E+02	  1.3203E+02	  1.2427E+02	  1.2275E+02	  1.1245E+02	  1.1775E+02	  1.1281E+02	  1.2530E+02	  1.2643E+02	  1.2833E+02	  1.1941E+02	  1.1621E+02	  1.0178E+02	  8.6801E+01	  9.0771E+01	  9.2628E+01	  9.9471E+01	  1.1261E+02	  8.6721E+01	  7.3605E+01	  8.2957E+01	  8.4043E+01	  9.1212E+01	  1.1236E+02	  1.0974E+02	  1.0315E+02	  9.7314E+01	  9.6450E+01	  1.0324E+02	  1.0609E+02	  9.5042E+01	  1.0331E+02	  1.0739E+02	  1.1264E+02	  8.6487E+01	  7.3481E+01	  7.6413E+01	  7.7951E+01	  1.1178E+02	  1.0738E+02	  1.1929E+02	  1.0862E+02	  9.8035E+01	  1.1111E+02	  1.1671E+02	  1.2961E+02	  1.4269E+02	  1.3230E+02	  1.2431E+02	  1.2385E+02	  1.4309E+02	  1.3941E+02	  1.3799E+02	  1.3761E+02	  1.3968E+02	  1.2146E+02	  1.3897E+02	  1.5070E+02	  1.5422E+02	  1.5000E+02	  1.2613E+02	  1.2152E+02	  1.0376E+02	  6.9216E+01	  2.7068E+01	  1.1707E+01	  3.0002E+00	  1.0458E+00	  0.0000E+00	  0.0000E+00	  0.0000E+00	  0.0000E+00	  0.0000E+00	  0.0000E+00	  0.0000E+00	  0.0000E+00	  0.0000E+00	  0.0000E+00	  0.0000E+00	  0.0000E+00	  0.0000E+00	  0.0000E+00
  0.0000E+00	  0.0000E+00	  0.0000E+00	  0.0000E+00	  0.0000E+00	  0.0000E+00	  0.0000E+00	  0.0000E+00	  0.0000E+00	  0.0000E+00	  0.0000E+00	  0.0000E+00	  0.0000E+00	  0.0000E+00	  0.0000E+00	  0.0000E+00	  0.0000E+00	  0.0000E+00	  0.0000E+00	  2.0373E-01	  9.8164E-01	  2.8709E+00	  7.9438E+00	  1.7643E+01	  3.6525E+01	  6.3642E+01	  1.0443E+02	  1.4143E+02	  1.6945E+02	  1.7976E+02	  1.5755E+02	  1.3699E+02	  1.3514E+02	  1.5288E+02	  1.5917E+02	  1.5271E+02	  1.8041E+02	  1.4602E+02	  1.2651E+02	  1.3263E+02	  1.1197E+02	  1.0524E+02	  1.0444E+02	  1.0884E+02	  9.6035E+01	  9.2250E+01	  1.0732E+02	  1.2340E+02	  1.2219E+02	  1.2420E+02	  1.1821E+02	  1.2008E+02	  1.1794E+02	  1.1875E+02	  1.2808E+02	  1.1852E+02	  1.0450E+02	  1.1941E+02	  1.1172E+02	  8.4150E+01	  8.1457E+01	  8.5765E+01	  9.7520E+01	  9.6380E+01	  8.2429E+01	  8.6003E+01	  9.9235E+01	  8.7364E+01	  7.6482E+01	  9.0597E+01	  9.6626E+01	  8.1619E+01	  7.6700E+01	  9.0229E+01	  1.2189E+02	  1.2347E+02	  1.0445E+02	  1.0157E+02	  1.0462E+02	  8.7258E+01	  8.5922E+01	  7.4381E+01	  7.3244E+01	  8.6865E+01	  1.2149E+02	  1.1619E+02	  1.2504E+02	  9.8328E+01	  8.8405E+01	  8.6376E+01	  9.9308E+01	  1.1618E+02	  1.2518E+02	  1.1721E+02	  1.1682E+02	  1.1936E+02	  1.2768E+02	  1.3943E+02	  1.4262E+02	  1.3999E+02	  1.3734E+02	  1.4222E+02	  1.2707E+02	  1.3160E+02	  1.5430E+02	  1.4409E+02	  1.4062E+02	  1.3775E+02	  1.0501E+02	  6.5146E+01	  2.9403E+01	  1.2524E+01	  5.2240E+00	  4.5869E+00	  3.2566E-01	  0.0000E+00	  0.0000E+00	  0.0000E+00	  0.0000E+00	  0.0000E+00	  0.0000E+00	  0.0000E+00	  0.0000E+00	  0.0000E+00	  0.0000E+00	  0.0000E+00	  0.0000E+00	  0.0000E+00
  0.0000E+00	  0.0000E+00	  0.0000E+00	  0.0000E+00	  0.0000E+00	  0.0000E+00	  0.0000E+00	  0.0000E+00	  0.0000E+00	  0.0000E+00	  0.0000E+00	  0.0000E+00	  0.0000E+00	  0.0000E+00	  0.0000E+00	  0.0000E+00	  0.0000E+00	  0.0000E+00	  0.0000E+00	  0.0000E+00	  0.0000E+00	  1.0755E+00	  3.7674E+00	  1.4376E+01	  2.8656E+01	  4.4704E+01	  8.0836E+01	  1.1407E+02	  1.4807E+02	  1.4871E+02	  1.2694E+02	  1.1036E+02	  1.2105E+02	  1.4710E+02	  1.5749E+02	  1.6858E+02	  1.6474E+02	  1.5071E+02	  1.4409E+02	  1.3697E+02	  1.1820E+02	  1.0800E+02	  1.0541E+02	  9.8952E+01	  1.0045E+02	  1.0031E+02	  1.1289E+02	  1.2435E+02	  1.2704E+02	  1.4855E+02	  1.5594E+02	  1.2022E+02	  1.1613E+02	  1.1048E+02	  1.1294E+02	  1.0559E+02	  9.4401E+01	  9.1686E+01	  1.0817E+02	  1.0155E+02	  9.8130E+01	  8.8570E+01	  9.4253E+01	  9.6895E+01	  1.1455E+02	  1.0607E+02	  1.0206E+02	  9.3353E+01	  9.0707E+01	  8.9514E+01	  7.2133E+01	  7.8385E+01	  8.5392E+01	  8.3995E+01	  1.0819E+02	  1.1762E+02	  1.0545E+02	  1.0492E+02	  9.9310E+01	  8.2117E+01	  7.9742E+01	  8.1971E+01	  7.9965E+01	  8.4667E+01	  9.7820E+01	  9.3070E+01	  9.2217E+01	  9.6068E+01	  9.4902E+01	  9.3734E+01	  8.6323E+01	  9.9096E+01	  1.0684E+02	  1.0202E+02	  9.9933E+01	  1.1907E+02	  1.1885E+02	  1.2929E+02	  1.4022E+02	  1.4474E+02	  1.4369E+02	  1.3973E+02	  1.1812E+02	  1.1565E+02	  1.3370E+02	  1.1133E+02	  1.2752E+02	  1.2231E+02	  9.5347E+01	  6.2583E+01	  3.3354E+01	  1.0066E+01	  3.6496E+00	  3.7972E+00	  3.9985E-01	  0.0000E+00	  0.0000E+00	  0.0000E+00	  0.0000E+00	  0.0000E+00	  0.0000E+00	  0.0000E+00	  0.0000E+00	  0.0000E+00	  0.0000E+00	  0.0000E+00	  0.0000E+00	  0.0000E+00
  0.0000E+00	  0.0000E+00	  0.0000E+00	  0.0000E+00	  0.0000E+00	  0.0000E+00	  0.0000E+00	  0.0000E+00	  0.0000E+00	  0.0000E+00	  0.0000E+00	  0.0000E+00	  0.0000E+00	  0.0000E+00	  0.0000E+00	  0.0000E+00	  0.0000E+00	  0.0000E+00	  0.0000E+00	  0.0000E+00	  0.0000E+00	  5.7375E-01	  2.5312E+00	  6.1562E+00	  1.2358E+01	  3.2272E+01	  7.0816E+01	  9.1362E+01	  1.0590E+02	  1.1981E+02	  1.0538E+02	  1.0106E+02	  1.1063E+02	  1.2179E+02	  1.5807E+02	  1.7943E+02	  1.7820E+02	  1.6119E+02	  1.3387E+02	  1.3713E+02	  1.1385E+02	  9.5549E+01	  1.0397E+02	  9.6725E+01	  9.3496E+01	  1.0550E+02	  1.2536E+02	  1.3534E+02	  1.3574E+02	  1.4123E+02	  1.3940E+02	  1.3376E+02	  1.0944E+02	  1.1271E+02	  8.0999E+01	  9.5894E+01	  9.6671E+01	  9.9700E+01	  1.1191E+02	  1.1696E+02	  1.0402E+02	  8.2476E+01	  8.6106E+01	  1.1243E+02	  1.0039E+02	  8.8425E+01	  9.2362E+01	  8.2955E+01	  9.2916E+01	  8.3022E+01	  8.1951E+01	  8.1018E+01	  8.3037E+01	  8.5580E+01	  1.0666E+02	  1.2481E+02	  1.3899E+02	  1.2938E+02	  1.1579E+02	  7.7767E+01	  6.8979E+01	  7.0425E+01	  8.1022E+01	  7.5582E+01	  7.9914E+01	  9.6722E+01	  1.0246E+02	  1.0065E+02	  1.1666E+02	  1.0546E+02	  7.8929E+01	  9.2772E+01	  1.0055E+02	  9.6679E+01	  9.2555E+01	  1.0056E+02	  1.1532E+02	  1.3126E+02	  1.5319E+02	  1.4307E+02	  1.3286E+02	  9.0974E+01	  1.0700E+02	  1.2101E+02	  1.2696E+02	  1.3323E+02	  1.2246E+02	  1.1574E+02	  1.1831E+02	  6.9564E+01	  3.4262E+01	  5.8245E+00	  2.8208E+00	  7.7479E-01	  6.1364E-02	  0.0000E+00	  0.0000E+00	  0.0000E+00	  0.0000E+00	  0.0000E+00	  0.0000E+00	  0.0000E+00	  0.0000E+00	  0.0000E+00	  0.0000E+00	  0.0000E+00	  0.0000E+00	  0.0000E+00
  0.0000E+00	  0.0000E+00	  0.0000E+00	  0.0000E+00	  0.0000E+00	  0.0000E+00	  0.0000E+00	  0.0000E+00	  0.0000E+00	  0.0000E+00	  0.0000E+00	  0.0000E+00	  0.0000E+00	  0.0000E+00	  0.0000E+00	  0.0000E+00	  0.0000E+00	  0.0000E+00	  0.0000E+00	  0.0000E+00	  0.0000E+00	  0.0000E+00	  9.4979E-01	  4.1848E+00	  5.7846E+00	  1.5558E+01	  4.5391E+01	  7.7062E+01	  7.4671E+01	  9.2507E+01	  1.0873E+02	  1.1043E+02	  1.1181E+02	  1.1768E+02	  1.4274E+02	  1.7082E+02	  1.8765E+02	  1.6407E+02	  1.2744E+02	  1.3069E+02	  1.1248E+02	  1.0828E+02	  1.1769E+02	  1.1198E+02	  1.0296E+02	  1.0973E+02	  1.1913E+02	  1.4257E+02	  1.3580E+02	  1.0601E+02	  1.1200E+02	  1.2874E+02	  1.1367E+02	  1.0508E+02	  1.1270E+02	  1.1260E+02	  1.1366E+02	  1.1352E+02	  1.0525E+02	  9.7635E+01	  9.6358E+01	  1.0985E+02	  9.9828E+01	  1.0096E+02	  8.9822E+01	  7.6715E+01	  9.7536E+01	  9.8420E+01	  8.4350E+01	  7.4091E+01	  7.9164E+01	  9.9289E+01	  1.0055E+02	  1.0391E+02	  1.0423E+02	  1.1709E+02	  1.2904E+02	  1.2887E+02	  1.1024E+02	  8.3020E+01	  7.1830E+01	  6.9505E+01	  7.3965E+01	  8.7921E+01	  9.0435E+01	  9.3398E+01	  1.0053E+02	  1.0621E+02	  1.0538E+02	  9.3671E+01	  7.4224E+01	  8.4591E+01	  9.0112E+01	  9.9852E+01	  9.9153E+01	  9.7388E+01	  1.1120E+02	  1.2369E+02	  1.2886E+02	  1.3793E+02	  1.0465E+02	  8.3557E+01	  1.0789E+02	  1.0958E+02	  1.2480E+02	  1.1538E+02	  9.6665E+01	  1.1659E+02	  1.0962E+02	  6.0665E+01	  2.5618E+01	  6.5257E+00	  4.7369E-01	  0.0000E+00	  0.0000E+00	  0.0000E+00	  0.0000E+00	  0.0000E+00	  0.0000E+00	  0.0000E+00	  0.0000E+00	  0.0000E+00	  0.0000E+00	  0.0000E+00	  0.0000E+00	  0.0000E+00	  0.0000E+00	  0.0000E+00
  0.0000E+00	  0.0000E+00	  0.0000E+00	  0.0000E+00	  0.0000E+00	  0.0000E+00	  0.0000E+00	  0.0000E+00	  0.0000E+00	  0.0000E+00	  0.0000E+00	  0.0000E+00	  0.0000E+00	  0.0000E+00	  0.0000E+00	  0.0000E+00	  0.0000E+00	  0.0000E+00	  0.0000E+00	  0.0000E+00	  0.0000E+00	  0.0000E+00	  0.0000E+00	  4.9694E-01	  2.9462E+00	  8.9036E+00	  2.6593E+01	  4.2352E+01	  5.6798E+01	  7.5284E+01	  8.3425E+01	  9.8701E+01	  1.0334E+02	  1.2589E+02	  1.5307E+02	  1.6343E+02	  1.6173E+02	  1.4706E+02	  1.2634E+02	  1.4063E+02	  1.4175E+02	  1.3944E+02	  1.2830E+02	  1.1293E+02	  1.0748E+02	  9.3001E+01	  1.0459E+02	  1.2679E+02	  1.2739E+02	  1.1683E+02	  8.6870E+01	  1.1308E+02	  1.1447E+02	  1.0560E+02	  1.2608E+02	  1.2653E+02	  1.0988E+02	  9.7954E+01	  1.0003E+02	  9.1892E+01	  9.8530E+01	  9.6988E+01	  8.9185E+01	  8.7994E+01	  7.8574E+01	  7.5015E+01	  8.9868E+01	  9.1068E+01	  8.5823E+01	  8.3181E+01	  7.6650E+01	  1.0738E+02	  1.2155E+02	  1.0820E+02	  1.0863E+02	  1.0056E+02	  9.9997E+01	  1.1409E+02	  1.0178E+02	  9.1827E+01	  7.9036E+01	  8.9155E+01	  8.0190E+01	  8.4672E+01	  9.4992E+01	  1.1345E+02	  9.2332E+01	  9.4410E+01	  1.0740E+02	  9.8544E+01	  9.0532E+01	  9.4850E+01	  9.0660E+01	  9.8294E+01	  1.0717E+02	  9.8906E+01	  1.1478E+02	  1.0606E+02	  1.0380E+02	  1.1902E+02	  1.1450E+02	  9.3297E+01	  9.1015E+01	  9.1633E+01	  9.5443E+01	  9.0869E+01	  1.0316E+02	  1.0956E+02	  8.9780E+01	  4.2735E+01	  1.9590E+01	  3.4987E+00	  7.4271E-01	  3.4032E-01	  0.0000E+00	  0.0000E+00	  0.0000E+00	  0.0000E+00	  0.0000E+00	  0.0000E+00	  0.0000E+00	  0.0000E+00	  0.0000E+00	  0.0000E+00	  0.0000E+00	  0.0000E+00	  0.0000E+00	  0.0000E+00
  0.0000E+00	  0.0000E+00	  0.0000E+00	  0.0000E+00	  0.0000E+00	  0.0000E+00	  0.0000E+00	  0.0000E+00	  0.0000E+00	  0.0000E+00	  0.0000E+00	  0.0000E+00	  0.0000E+00	  0.0000E+00	  0.0000E+00	  0.0000E+00	  0.0000E+00	  0.0000E+00	  0.0000E+00	  0.0000E+00	  0.0000E+00	  0.0000E+00	  0.0000E+00	  3.1884E-01	  1.2281E+00	  2.9339E+00	  8.8407E+00	  2.8063E+01	  3.2739E+01	  5.3560E+01	  6.7620E+01	  7.3739E+01	  9.5525E+01	  1.1086E+02	  1.3197E+02	  1.4750E+02	  1.5319E+02	  1.4203E+02	  1.4666E+02	  1.5960E+02	  1.4661E+02	  1.3754E+02	  1.3703E+02	  1.2347E+02	  1.0885E+02	  1.0514E+02	  1.1238E+02	  1.2178E+02	  1.0108E+02	  1.0953E+02	  1.0055E+02	  1.0294E+02	  1.0445E+02	  1.0750E+02	  1.1413E+02	  1.1141E+02	  1.1594E+02	  9.8193E+01	  9.3692E+01	  9.2165E+01	  8.4385E+01	  8.2990E+01	  9.2903E+01	  8.0056E+01	  8.9369E+01	  7.1173E+01	  7.1162E+01	  7.9709E+01	  8.0900E+01	  7.7060E+01	  7.4674E+01	  9.2361E+01	  1.1247E+02	  9.2660E+01	  9.2529E+01	  7.7864E+01	  8.1625E+01	  9.6813E+01	  9.3797E+01	  1.0017E+02	  8.7426E+01	  8.3257E+01	  8.2941E+01	  8.1953E+01	  8.6100E+01	  9.2904E+01	  8.9937E+01	  8.5279E+01	  9.7454E+01	  9.6263E+01	  1.1077E+02	  9.7907E+01	  1.0284E+02	  9.8119E+01	  1.0399E+02	  1.1299E+02	  1.1521E+02	  1.1178E+02	  1.1467E+02	  1.2626E+02	  1.1064E+02	  9.0913E+01	  7.7994E+01	  9.1884E+01	  1.0881E+02	  1.3161E+02	  1.1764E+02	  1.0305E+02	  6.4586E+01	  3.5173E+01	  1.5083E+01	  1.5541E+00	  7.1276E-01	  2.4203E-01	  0.0000E+00	  0.0000E+00	  0.0000E+00	  0.0000E+00	  0.0000E+00	  0.0000E+00	  0.0000E+00	  0.0000E+00	  0.0000E+00	  0.0000E+00	  0.0000E+00	  0.0000E+00	  0.0000E+00	  0.0000E+00
  0.0000E+00	  0.0000E+00	  0.0000E+00	  0.0000E+00	  0.0000E+00	  0.0000E+00	  0.0000E+00	  0.0000E+00	  0.0000E+00	  0.0000E+00	  0.0000E+00	  0.0000E+00	  0.0000E+00	  0.0000E+00	  0.0000E+00	  0.0000E+00	  0.0000E+00	  0.0000E+00	  0.0000E+00	  0.0000E+00	  0.0000E+00	  0.0000E+00	  0.0000E+00	  0.0000E+00	  5.9378E-01	  6.7191E-01	  2.3033E+00	  1.1226E+01	  2.4779E+01	  4.1073E+01	  5.8347E+01	  6.8120E+01	  9.1117E+01	  1.0031E+02	  1.3178E+02	  1.3343E+02	  1.3659E+02	  1.3234E+02	  1.3808E+02	  1.4917E+02	  1.4524E+02	  1.4156E+02	  1.3599E+02	  1.2557E+02	  1.0807E+02	  1.0414E+02	  1.2882E+02	  1.1706E+02	  8.8399E+01	  9.2129E+01	  1.0042E+02	  1.0277E+02	  9.4745E+01	  1.0443E+02	  9.2498E+01	  1.0140E+02	  1.0207E+02	  1.0401E+02	  7.8830E+01	  7.6419E+01	  7.5319E+01	  6.9498E+01	  7.6509E+01	  8.0355E+01	  9.0489E+01	  7.1696E+01	  7.2520E+01	  6.9295E+01	  6.8135E+01	  7.8694E+01	  7.9744E+01	  8.7596E+01	  9.1220E+01	  7.5521E+01	  6.5072E+01	  8.3451E+01	  8.1721E+01	  8.2561E+01	  8.7874E+01	  9.3241E+01	  7.8285E+01	  8.5417E+01	  9.0474E+01	  1.0558E+02	  8.7239E+01	  9.7022E+01	  9.6208E+01	  9.2748E+01	  9.9493E+01	  1.0896E+02	  1.0021E+02	  9.9569E+01	  9.3208E+01	  1.1092E+02	  1.1542E+02	  1.1705E+02	  1.1718E+02	  9.8598E+01	  1.1438E+02	  1.1916E+02	  1.2476E+02	  1.0785E+02	  8.8159E+01	  1.0857E+02	  1.2755E+02	  1.4462E+02	  1.1184E+02	  8.2583E+01	  5.0712E+01	  2.0646E+01	  6.0108E+00	  1.5407E+00	  4.9670E-02	  0.0000E+00	  0.0000E+00	  0.0000E+00	  0.0000E+00	  0.0000E+00	  0.0000E+00	  0.0000E+00	  0.0000E+00	  0.0000E+00	  0.0000E+00	  0.0000E+00	  0.0000E+00	  0.0000E+00	  0.0000E+00	  0.0000E+00
  0.0000E+00	  0.0000E+00	  0.0000E+00	  0.0000E+00	  0.0000E+00	  0.0000E+00	  0.0000E+00	  0.0000E+00	  0.0000E+00	  0.0000E+00	  0.0000E+00	  0.0000E+00	  0.0000E+00	  0.0000E+00	  0.0000E+00	  0.0000E+00	  0.0000E+00	  0.0000E+00	  0.0000E+00	  0.0000E+00	  0.0000E+00	  0.0000E+00	  0.0000E+00	  0.0000E+00	  0.0000E+00	  0.0000E+00	  9.9277E-02	  2.4387E+00	  8.2333E+00	  1.5636E+01	  3.4294E+01	  5.6813E+01	  7.2511E+01	  9.3148E+01	  1.0797E+02	  1.2115E+02	  1.2529E+02	  1.1794E+02	  1.3713E+02	  1.4805E+02	  1.3918E+02	  1.4245E+02	  1.2773E+02	  1.3122E+02	  1.1629E+02	  1.2272E+02	  1.2858E+02	  1.1655E+02	  8.9857E+01	  8.6202E+01	  7.8555E+01	  9.3949E+01	  9.1485E+01	  8.7199E+01	  8.3679E+01	  8.8690E+01	  1.0301E+02	  1.0637E+02	  8.4426E+01	  6.6392E+01	  6.3875E+01	  5.4471E+01	  7.1711E+01	  8.5173E+01	  9.6555E+01	  8.6523E+01	  7.6175E+01	  7.3081E+01	  7.6328E+01	  7.1324E+01	  9.1616E+01	  8.3838E+01	  8.8056E+01	  7.9574E+01	  6.9250E+01	  7.8286E+01	  8.6288E+01	  7.8264E+01	  8.2117E+01	  9.3885E+01	  9.7687E+01	  8.9852E+01	  8.1377E+01	  8.4050E+01	  7.9104E+01	  8.3491E+01	  8.9788E+01	  8.0870E+01	  7.2987E+01	  7.9941E+01	  8.1580E+01	  7.9171E+01	  8.2901E+01	  9.1457E+01	  1.1439E+02	  1.1905E+02	  1.0429E+02	  9.5434E+01	  1.0278E+02	  1.2774E+02	  1.4176E+02	  1.4486E+02	  1.1970E+02	  1.1631E+02	  1.1567E+02	  1.1504E+02	  1.1997E+02	  7.9453E+01	  4.8761E+01	  2.1206E+01	  7.8626E+00	  3.8022E+00	  1.3270E-01	  0.0000E+00	  0.0000E+00	  0.0000E+00	  0.0000E+00	  0.0000E+00	  0.0000E+00	  0.0000E+00	  0.0000E+00	  0.0000E+00	  0.0000E+00	  0.0000E+00	  0.0000E+00	  0.0000E+00	  0.0000E+00	  0.0000E+00
  0.0000E+00	  0.0000E+00	  0.0000E+00	  0.0000E+00	  0.0000E+00	  0.0000E+00	  0.0000E+00	  0.0000E+00	  0.0000E+00	  0.0000E+00	  0.0000E+00	  0.0000E+00	  0.0000E+00	  0.0000E+00	  0.0000E+00	  0.0000E+00	  0.0000E+00	  0.0000E+00	  0.0000E+00	  0.0000E+00	  0.0000E+00	  0.0000E+00	  0.0000E+00	  0.0000E+00	  0.0000E+00	  0.0000E+00	  0.0000E+00	  4.4221E-01	  2.9460E+00	  5.4244E+00	  1.4129E+01	  2.7036E+01	  3.6835E+01	  5.3960E+01	  7.8071E+01	  1.0459E+02	  1.1467E+02	  1.2110E+02	  1.1835E+02	  1.1884E+02	  1.2078E+02	  1.2470E+02	  1.3245E+02	  1.4384E+02	  1.3947E+02	  1.3797E+02	  1.3667E+02	  1.2415E+02	  9.7222E+01	  9.4309E+01	  8.2056E+01	  6.8354E+01	  6.9948E+01	  8.4414E+01	  8.7851E+01	  9.2616E+01	  1.0722E+02	  1.1611E+02	  8.3959E+01	  6.0354E+01	  5.5167E+01	  6.7286E+01	  6.9396E+01	  8.3534E+01	  1.0767E+02	  1.0743E+02	  9.1550E+01	  6.9532E+01	  7.2503E+01	  7.7085E+01	  8.1890E+01	  7.4476E+01	  9.7103E+01	  9.6358E+01	  8.2612E+01	  1.0206E+02	  9.4717E+01	  7.0417E+01	  6.3104E+01	  7.9983E+01	  1.0063E+02	  7.0854E+01	  7.1960E+01	  7.1179E+01	  8.1327E+01	  7.2178E+01	  9.3026E+01	  8.9839E+01	  7.2830E+01	  8.2653E+01	  7.7835E+01	  8.7377E+01	  9.1974E+01	  8.4829E+01	  1.0407E+02	  1.0904E+02	  1.0393E+02	  1.0095E+02	  1.0353E+02	  1.2734E+02	  1.3520E+02	  1.4267E+02	  1.4959E+02	  1.3844E+02	  1.0146E+02	  9.9752E+01	  8.4976E+01	  5.1858E+01	  3.7310E+01	  1.7847E+01	  1.0546E+01	  2.9655E+00	  0.0000E+00	  0.0000E+00	  0.0000E+00	  0.0000E+00	  0.0000E+00	  0.0000E+00	  0.0000E+00	  0.0000E+00	  0.0000E+00	  0.0000E+00	  0.0000E+00	  0.0000E+00	  0.0000E+00	  0.0000E+00	  0.0000E+00	  0.0000E+00
  0.0000E+00	  0.0000E+00	  0.0000E+00	  0.0000E+00	  0.0000E+00	  0.0000E+00	  0.0000E+00	  0.0000E+00	  0.0000E+00	  0.0000E+00	  0.0000E+00	  0.0000E+00	  0.0000E+00	  0.0000E+00	  0.0000E+00	  0.0000E+00	  0.0000E+00	  0.0000E+00	  0.0000E+00	  0.0000E+00	  0.0000E+00	  0.0000E+00	  0.0000E+00	  0.0000E+00	  0.0000E+00	  0.0000E+00	  0.0000E+00	  0.0000E+00	  0.0000E+00	  1.3303E+00	  5.2104E+00	  9.6364E+00	  1.6613E+01	  2.3306E+01	  4.6444E+01	  6.6141E+01	  8.2298E+01	  1.0390E+02	  1.0363E+02	  1.0732E+02	  1.2637E+02	  1.1357E+02	  1.3005E+02	  1.3952E+02	  1.6097E+02	  1.6252E+02	  1.3869E+02	  1.1259E+02	  8.6877E+01	  7.0543E+01	  7.9112E+01	  8.7147E+01	  7.8863E+01	  8.3257E+01	  9.6819E+01	  9.4094E+01	  1.0133E+02	  9.8119E+01	  7.3724E+01	  5.7522E+01	  7.8190E+01	  7.5239E+01	  7.3038E+01	  9.8498E+01	  1.0771E+02	  8.6285E+01	  8.1453E+01	  8.5209E+01	  8.3995E+01	  7.8307E+01	  6.7750E+01	  8.1868E+01	  1.0108E+02	  1.1328E+02	  9.0232E+01	  1.1005E+02	  1.0903E+02	  8.2931E+01	  7.6456E+01	  8.1481E+01	  8.8154E+01	  7.0634E+01	  6.3703E+01	  7.6819E+01	  7.1548E+01	  6.3177E+01	  7.7402E+01	  8.5840E+01	  6.9166E+01	  6.9732E+01	  8.7311E+01	  8.7613E+01	  8.5660E+01	  7.6903E+01	  8.8245E+01	  9.8311E+01	  9.2922E+01	  1.0736E+02	  1.1874E+02	  1.1130E+02	  1.0785E+02	  1.3079E+02	  1.4612E+02	  1.3069E+02	  1.0692E+02	  9.0326E+01	  6.2887E+01	  3.3448E+01	  2.2107E+01	  9.6443E+00	  2.9166E+00	  6.7530E-01	  0.0000E+00	  0.0000E+00	  0.0000E+00	  0.0000E+00	  0.0000E+00	  0.0000E+00	  0.0000E+00	  0.0000E+00	  0.0000E+00	  0.0000E+00	  0.0000E+00	  0.0000E+00	  0.0000E+00	  0.0000E+00	  0.0000E+00	  0.0000E+00
  0.0000E+00	  0.0000E+00	  0.0000E+00	  0.0000E+00	  0.0000E+00	  0.0000E+00	  0.0000E+00	  0.0000E+00	  0.0000E+00	  0.0000E+00	  0.0000E+00	  0.0000E+00	  0.0000E+00	  0.0000E+00	  0.0000E+00	  0.0000E+00	  0.0000E+00	  0.0000E+00	  0.0000E+00	  0.0000E+00	  0.0000E+00	  0.0000E+00	  0.0000E+00	  0.0000E+00	  0.0000E+00	  0.0000E+00	  0.0000E+00	  0.0000E+00	  0.0000E+00	  6.2376E-02	  1.8020E+00	  3.0779E+00	  2.4233E+00	  1.0494E+01	  1.9315E+01	  4.1965E+01	  4.7462E+01	  5.9442E+01	  8.0461E+01	  1.0244E+02	  1.1158E+02	  1.0769E+02	  1.1943E+02	  1.3203E+02	  1.5199E+02	  1.6473E+02	  1.1977E+02	  1.0219E+02	  1.0184E+02	  1.0566E+02	  1.2151E+02	  1.0367E+02	  9.7748E+01	  1.0768E+02	  9.5862E+01	  1.0329E+02	  1.2463E+02	  1.2039E+02	  8.7404E+01	  7.6729E+01	  9.9786E+01	  9.7029E+01	  1.0142E+02	  9.6752E+01	  9.9454E+01	  9.3150E+01	  9.4282E+01	  9.1391E+01	  9.1544E+01	  8.8594E+01	  7.4125E+01	  8.6166E+01	  8.6966E+01	  9.6502E+01	  9.4720E+01	  9.5943E+01	  8.2060E+01	  9.0937E+01	  8.4106E+01	  7.3903E+01	  6.2384E+01	  6.5474E+01	  6.3043E+01	  8.5631E+01	  7.7847E+01	  7.4203E+01	  7.2840E+01	  8.2972E+01	  8.2805E+01	  8.1517E+01	  7.5831E+01	  8.2745E+01	  6.9587E+01	  7.0449E+01	  8.0415E+01	  9.0737E+01	  8.5293E+01	  8.4402E+01	  1.0344E+02	  1.1011E+02	  1.0772E+02	  1.2425E+02	  1.1979E+02	  1.0695E+02	  7.2813E+01	  6.5593E+01	  3.5198E+01	  2.0188E+01	  1.1559E+01	  2.5540E+00	  8.8003E-02	  0.0000E+00	  0.0000E+00	  0.0000E+00	  0.0000E+00	  0.0000E+00	  0.0000E+00	  0.0000E+00	  0.0000E+00	  0.0000E+00	  0.0000E+00	  0.0000E+00	  0.0000E+00	  0.0000E+00	  0.0000E+00	  0.0000E+00	  0.0000E+00	  0.0000E+00
  0.0000E+00	  0.0000E+00	  0.0000E+00	  0.0000E+00	  0.0000E+00	  0.0000E+00	  0.0000E+00	  0.0000E+00	  0.0000E+00	  0.0000E+00	  0.0000E+00	  0.0000E+00	  0.0000E+00	  0.0000E+00	  0.0000E+00	  0.0000E+00	  0.0000E+00	  0.0000E+00	  0.0000E+00	  0.0000E+00	  0.0000E+00	  0.0000E+00	  0.0000E+00	  0.0000E+00	  0.0000E+00	  0.0000E+00	  0.0000E+00	  0.0000E+00	  0.0000E+00	  0.0000E+00	  1.4037E+00	  3.8445E-01	  2.5400E-01	  1.7340E+00	  5.0022E+00	  1.7596E+01	  2.7207E+01	  3.3061E+01	  5.0801E+01	  7.0941E+01	  7.0038E+01	  7.9930E+01	  1.0264E+02	  9.3590E+01	  9.6621E+01	  1.0107E+02	  9.0298E+01	  8.6210E+01	  1.2161E+02	  1.3945E+02	  1.4880E+02	  1.2821E+02	  1.0201E+02	  1.0242E+02	  1.0959E+02	  1.2610E+02	  1.3350E+02	  1.2303E+02	  1.0221E+02	  9.8698E+01	  9.9410E+01	  9.6798E+01	  8.5173E+01	  8.7281E+01	  8.5010E+01	  8.9553E+01	  9.8193E+01	  1.1163E+02	  1.0145E+02	  7.5116E+01	  6.2021E+01	  7.0134E+01	  8.8063E+01	  8.8466E+01	  9.3543E+01	  8.6862E+01	  8.2553E+01	  8.3383E+01	  8.2506E+01	  7.5814E+01	  6.5095E+01	  7.1162E+01	  7.8795E+01	  1.0553E+02	  8.6348E+01	  7.6090E+01	  6.4509E+01	  8.4200E+01	  9.5284E+01	  8.2590E+01	  7.5627E+01	  6.9583E+01	  6.9359E+01	  7.3546E+01	  9.4812E+01	  1.0556E+02	  1.0896E+02	  9.3870E+01	  1.1893E+02	  1.2754E+02	  1.1852E+02	  1.3877E+02	  9.7202E+01	  7.3076E+01	  4.9281E+01	  3.4987E+01	  1.6572E+01	  1.0738E+01	  4.4406E+00	  6.7301E-01	  0.0000E+00	  0.0000E+00	  0.0000E+00	  0.0000E+00	  0.0000E+00	  0.0000E+00	  0.0000E+00	  0.0000E+00	  0.0000E+00	  0.0000E+00	  0.0000E+00	  0.0000E+00	  0.0000E+00	  0.0000E+00	  0.0000E+00	  0.0000E+00	  0.0000E+00	  0.0000E+00
  0.0000E+00	  0.0000E+00	  0.0000E+00	  0.0000E+00	  0.0000E+00	  0.0000E+00	  0.0000E+00	  0.0000E+00	  0.0000E+00	  0.0000E+00	  0.0000E+00	  0.0000E+00	  0.0000E+00	  0.0000E+00	  0.0000E+00	  0.0000E+00	  0.0000E+00	  0.0000E+00	  0.0000E+00	  0.0000E+00	  0.0000E+00	  0.0000E+00	  0.0000E+00	  0.0000E+00	  0.0000E+00	  0.0000E+00	  0.0000E+00	  0.0000E+00	  0.0000E+00	  0.0000E+00	  0.0000E+00	  0.0000E+00	  0.0000E+00	  1.1376E-01	  1.2919E+00	  5.1297E+00	  8.0110E+00	  1.9247E+01	  2.8799E+01	  4.3698E+01	  4.9062E+01	  5.0549E+01	  5.3810E+01	  6.0557E+01	  5.8431E+01	  6.7400E+01	  8.3571E+01	  1.1378E+02	  1.4143E+02	  1.4435E+02	  1.3361E+02	  1.5026E+02	  1.3362E+02	  1.1649E+02	  1.1657E+02	  1.2116E+02	  1.2171E+02	  1.1778E+02	  9.3616E+01	  1.0858E+02	  1.1783E+02	  9.7653E+01	  8.7623E+01	  8.9853E+01	  8.4962E+01	  8.1210E+01	  9.7181E+01	  1.1001E+02	  9.1341E+01	  7.1706E+01	  6.6711E+01	  6.9974E+01	  8.3314E+01	  8.5542E+01	  7.5723E+01	  8.2604E+01	  8.4690E+01	  8.2157E+01	  8.2496E+01	  7.3983E+01	  8.4465E+01	  9.7360E+01	  9.9951E+01	  9.6971E+01	  8.4919E+01	  6.6216E+01	  8.0007E+01	  9.4955E+01	  9.5253E+01	  8.3116E+01	  9.4488E+01	  8.9133E+01	  6.5347E+01	  8.5980E+01	  1.1507E+02	  1.0762E+02	  1.0428E+02	  1.0056E+02	  1.1955E+02	  1.1962E+02	  1.2885E+02	  1.2875E+02	  9.0510E+01	  4.9236E+01	  2.9059E+01	  1.5862E+01	  7.2943E+00	  3.0739E+00	  1.8303E+00	  5.0348E-01	  0.0000E+00	  0.0000E+00	  0.0000E+00	  0.0000E+00	  0.0000E+00	  0.0000E+00	  0.0000E+00	  0.0000E+00	  0.0000E+00	  0.0000E+00	  0.0000E+00	  0.0000E+00	  0.0000E+00	  0.0000E+00	  0.0000E+00	  0.0000E+00	  0.0000E+00	  0.0000E+00
  0.0000E+00	  0.0000E+00	  0.0000E+00	  0.0000E+00	  0.0000E+00	  0.0000E+00	  0.0000E+00	  0.0000E+00	  0.0000E+00	  0.0000E+00	  0.0000E+00	  0.0000E+00	  0.0000E+00	  0.0000E+00	  0.0000E+00	  0.0000E+00	  0.0000E+00	  0.0000E+00	  0.0000E+00	  0.0000E+00	  0.0000E+00	  0.0000E+00	  0.0000E+00	  0.0000E+00	  0.0000E+00	  0.0000E+00	  0.0000E+00	  0.0000E+00	  0.0000E+00	  0.0000E+00	  0.0000E+00	  0.0000E+00	  0.0000E+00	  0.0000E+00	  1.0567E-02	  1.0910E+00	  4.0412E+00	  5.4721E+00	  1.1685E+01	  2.3541E+01	  2.2116E+01	  2.1264E+01	  2.2280E+01	  2.7372E+01	  3.0511E+01	  3.5921E+01	  5.7083E+01	  8.2515E+01	  1.1863E+02	  1.2722E+02	  1.2605E+02	  1.3981E+02	  1.2405E+02	  1.3365E+02	  1.2210E+02	  1.1891E+02	  1.1058E+02	  9.9525E+01	  1.0147E+02	  9.9914E+01	  1.1010E+02	  9.5664E+01	  9.6395E+01	  9.3861E+01	  9.8984E+01	  9.4542E+01	  1.0171E+02	  8.6577E+01	  6.9595E+01	  7.2400E+01	  7.2924E+01	  7.6430E+01	  9.3955E+01	  1.1266E+02	  1.1074E+02	  7.5844E+01	  8.9558E+01	  1.0013E+02	  1.1036E+02	  9.5166E+01	  9.3712E+01	  8.6229E+01	  7.1511E+01	  6.9622E+01	  7.6437E+01	  6.9701E+01	  1.0626E+02	  9.8208E+01	  9.9526E+01	  8.3073E+01	  8.0782E+01	  9.2855E+01	  9.9143E+01	  9.9747E+01	  1.3120E+02	  1.1906E+02	  1.0696E+02	  1.0932E+02	  1.1293E+02	  1.0776E+02	  1.1207E+02	  9.1547E+01	  5.9339E+01	  3.5703E+01	  1.7001E+01	  1.3079E+01	  4.6886E+00	  6.5075E-01	  2.0942E+00	  1.1415E+00	  0.0000E+00	  0.0000E+00	  0.0000E+00	  0.0000E+00	  0.0000E+00	  0.0000E+00	  0.0000E+00	  0.0000E+00	  0.0000E+00	  0.0000E+00	  0.0000E+00	  0.0000E+00	  0.0000E+00	  0.0000E+00	  0.0000E+00	  0.0000E+00	  0.0000E+00	  0.0000E+00
  0.0000E+00	  0.0000E+00	  0.0000E+00	  0.0000E+00	  0.0000E+00	  0.0000E+00	  0.0000E+00	  0.0000E+00	  0.0000E+00	  0.0000E+00	  0.0000E+00	  0.0000E+00	  0.0000E+00	  0.0000E+00	  0.0000E+00	  0.0000E+00	  0.0000E+00	  0.0000E+00	  0.0000E+00	  0.0000E+00	  0.0000E+00	  0.0000E+00	  0.0000E+00	  0.0000E+00	  0.0000E+00	  0.0000E+00	  0.0000E+00	  0.0000E+00	  0.0000E+00	  0.0000E+00	  0.0000E+00	  0.0000E+00	  0.0000E+00	  0.0000E+00	  6.6946E-03	  3.8261E-01	  2.1716E+00	  3.0987E+00	  4.0962E+00	  4.3703E+00	  9.9275E+00	  1.0491E+01	  6.7248E+00	  6.4901E+00	  1.0057E+01	  2.1939E+01	  3.5211E+01	  4.7638E+01	  6.4620E+01	  8.1228E+01	  9.3296E+01	  9.4846E+01	  9.8755E+01	  1.1020E+02	  1.0813E+02	  1.2252E+02	  1.1602E+02	  8.5252E+01	  7.3061E+01	  7.7006E+01	  9.1287E+01	  1.1001E+02	  1.0757E+02	  9.3814E+01	  1.0050E+02	  1.0264E+02	  7.7772E+01	  6.8794E+01	  7.6845E+01	  8.5773E+01	  9.6105E+01	  7.9537E+01	  8.8390E+01	  9.2506E+01	  1.0913E+02	  9.4124E+01	  1.0369E+02	  1.1743E+02	  1.1613E+02	  9.6725E+01	  8.0190E+01	  8.3088E+01	  5.3078E+01	  6.5750E+01	  9.0205E+01	  8.1013E+01	  1.0180E+02	  1.0104E+02	  9.7994E+01	  8.8141E+01	  8.2190E+01	  9.1124E+01	  1.0324E+02	  1.2528E+02	  1.1863E+02	  1.1444E+02	  1.0093E+02	  9.6818E+01	  9.7255E+01	  8.4069E+01	  8.0850E+01	  6.7144E+01	  4.4093E+01	  2.1890E+01	  1.1392E+01	  4.8216E+00	  3.8980E+00	  2.1941E-01	  9.8295E-02	  0.0000E+00	  0.0000E+00	  0.0000E+00	  0.0000E+00	  0.0000E+00	  0.0000E+00	  0.0000E+00	  0.0000E+00	  0.0000E+00	  0.0000E+00	  0.0000E+00	  0.0000E+00	  0.0000E+00	  0.0000E+00	  0.0000E+00	  0.0000E+00	  0.0000E+00	  0.0000E+00	  0.0000E+00
  0.0000E+00	  0.0000E+00	  0.0000E+00	  0.0000E+00	  0.0000E+00	  0.0000E+00	  0.0000E+00	  0.0000E+00	  0.0000E+00	  0.0000E+00	  0.0000E+00	  0.0000E+00	  0.0000E+00	  0.0000E+00	  0.0000E+00	  0.0000E+00	  0.0000E+00	  0.0000E+00	  0.0000E+00	  0.0000E+00	  0.0000E+00	  0.0000E+00	  0.0000E+00	  0.0000E+00	  0.0000E+00	  0.0000E+00	  0.0000E+00	  0.0000E+00	  0.0000E+00	  0.0000E+00	  0.0000E+00	  0.0000E+00	  0.0000E+00	  0.0000E+00	  0.0000E+00	  0.0000E+00	  8.5614E-01	  1.8890E+00	  7.0475E-01	  1.2198E+00	  3.0874E+00	  3.1557E+00	  1.9530E+00	  1.4081E+00	  4.6281E+00	  9.7218E+00	  1.6657E+01	  2.3691E+01	  3.0106E+01	  3.5925E+01	  4.6524E+01	  5.7602E+01	  5.9638E+01	  7.2080E+01	  7.9683E+01	  8.9589E+01	  9.9049E+01	  7.4086E+01	  5.5173E+01	  7.3884E+01	  9.2997E+01	  1.1017E+02	  9.8272E+01	  1.0249E+02	  1.1414E+02	  9.3719E+01	  8.5022E+01	  8.1342E+01	  1.1986E+02	  1.0283E+02	  8.6948E+01	  7.7262E+01	  8.5377E+01	  8.8837E+01	  1.1820E+02	  1.1048E+02	  1.2641E+02	  1.3523E+02	  1.1527E+02	  8.9387E+01	  6.8576E+01	  6.3961E+01	  6.5877E+01	  9.1508E+01	  1.1359E+02	  1.0138E+02	  9.6926E+01	  9.9585E+01	  1.0230E+02	  9.7808E+01	  8.3535E+01	  8.1686E+01	  1.0520E+02	  1.0540E+02	  1.1270E+02	  1.1185E+02	  9.1776E+01	  7.6745E+01	  7.6620E+01	  6.6110E+01	  5.7160E+01	  3.2992E+01	  1.7799E+01	  9.5653E+00	  3.8424E+00	  1.6093E+00	  1.2431E+00	  0.0000E+00	  0.0000E+00	  0.0000E+00	  0.0000E+00	  0.0000E+00	  0.0000E+00	  0.0000E+00	  0.0000E+00	  0.0000E+00	  0.0000E+00	  0.0000E+00	  0.0000E+00	  0.0000E+00	  0.0000E+00	  0.0000E+00	  0.0000E+00	  0.0000E+00	  0.0000E+00	  0.0000E+00	  0.0000E+00	  0.0000E+00
  0.0000E+00	  0.0000E+00	  0.0000E+00	  0.0000E+00	  0.0000E+00	  0.0000E+00	  0.0000E+00	  0.0000E+00	  0.0000E+00	  0.0000E+00	  0.0000E+00	  0.0000E+00	  0.0000E+00	  0.0000E+00	  0.0000E+00	  0.0000E+00	  0.0000E+00	  0.0000E+00	  0.0000E+00	  0.0000E+00	  0.0000E+00	  0.0000E+00	  0.0000E+00	  0.0000E+00	  0.0000E+00	  0.0000E+00	  0.0000E+00	  0.0000E+00	  0.0000E+00	  0.0000E+00	  0.0000E+00	  0.0000E+00	  0.0000E+00	  0.0000E+00	  0.0000E+00	  0.0000E+00	  0.0000E+00	  0.0000E+00	  0.0000E+00	  7.8204E-01	  9.7555E-01	  7.8737E-01	  6.4630E-01	  1.6404E+00	  2.9525E+00	  2.7788E+00	  5.5481E+00	  7.6894E+00	  6.0207E+00	  1.0935E+01	  1.6754E+01	  3.0341E+01	  3.8569E+01	  3.8701E+01	  4.6640E+01	  5.5521E+01	  4.4638E+01	  3.7385E+01	  4.6152E+01	  5.3269E+01	  7.0564E+01	  8.3278E+01	  8.7177E+01	  7.9188E+01	  9.1538E+01	  7.9621E+01	  7.8598E+01	  7.7148E+01	  1.0102E+02	  1.0873E+02	  1.0758E+02	  8.0584E+01	  7.5890E+01	  9.5164E+01	  1.0875E+02	  9.9760E+01	  1.1009E+02	  1.3617E+02	  9.4486E+01	  7.7416E+01	  8.2469E+01	  7.0999E+01	  8.8322E+01	  1.1499E+02	  1.3186E+02	  1.1060E+02	  9.1973E+01	  8.3186E+01	  7.0677E+01	  7.2172E+01	  7.4933E+01	  8.1078E+01	  1.0583E+02	  1.2685E+02	  1.2858E+02	  1.2028E+02	  7.3284E+01	  5.2129E+01	  4.7867E+01	  4.4124E+01	  3.8208E+01	  9.7261E+00	  1.5056E+00	  1.0473E+00	  1.0802E+00	  5.3713E-01	  3.7601E-02	  0.0000E+00	  0.0000E+00	  0.0000E+00	  0.0000E+00	  0.0000E+00	  0.0000E+00	  0.0000E+00	  0.0000E+00	  0.0000E+00	  0.0000E+00	  0.0000E+00	  0.0000E+00	  0.0000E+00	  0.0000E+00	  0.0000E+00	  0.0000E+00	  0.0000E+00	  0.0000E+00	  0.0000E+00	  0.0000E+00	  0.0000E+00
  0.0000E+00	  0.0000E+00	  0.0000E+00	  0.0000E+00	  0.0000E+00	  0.0000E+00	  0.0000E+00	  0.0000E+00	  0.0000E+00	  0.0000E+00	  0.0000E+00	  0.0000E+00	  0.0000E+00	  0.0000E+00	  0.0000E+00	  0.0000E+00	  0.0000E+00	  0.0000E+00	  0.0000E+00	  0.0000E+00	  0.0000E+00	  0.0000E+00	  0.0000E+00	  0.0000E+00	  0.0000E+00	  0.0000E+00	  0.0000E+00	  0.0000E+00	  0.0000E+00	  0.0000E+00	  0.0000E+00	  0.0000E+00	  0.0000E+00	  0.0000E+00	  0.0000E+00	  0.0000E+00	  0.0000E+00	  0.0000E+00	  0.0000E+00	  0.0000E+00	  0.0000E+00	  0.0000E+00	  2.7009E-01	  1.1261E+00	  1.5464E+00	  1.9219E+00	  9.6546E-01	  1.9682E+00	  2.9974E+00	  2.3672E+00	  7.3016E+00	  1.0143E+01	  1.6393E+01	  1.6240E+01	  1.7362E+01	  2.3036E+01	  2.0212E+01	  1.7225E+01	  2.4282E+01	  2.6013E+01	  4.7992E+01	  6.7644E+01	  7.2726E+01	  6.9474E+01	  6.8774E+01	  8.6043E+01	  7.4798E+01	  6.8983E+01	  6.5669E+01	  8.2811E+01	  7.7292E+01	  4.5721E+01	  6.5898E+01	  8.5911E+01	  8.6174E+01	  9.9606E+01	  1.0636E+02	  1.1500E+02	  8.4699E+01	  8.4457E+01	  8.1518E+01	  6.6970E+01	  8.4483E+01	  9.9116E+01	  1.1960E+02	  1.1161E+02	  9.3768E+01	  7.8904E+01	  6.6509E+01	  6.6393E+01	  6.1999E+01	  6.8833E+01	  9.0565E+01	  1.1683E+02	  1.0095E+02	  8.5548E+01	  5.8868E+01	  2.9659E+01	  2.1792E+01	  2.0780E+01	  1.1491E+01	  2.4311E+00	  9.3362E-02	  0.0000E+00	  0.0000E+00	  3.9668E-01	  2.7769E-02	  0.0000E+00	  0.0000E+00	  0.0000E+00	  0.0000E+00	  0.0000E+00	  0.0000E+00	  0.0000E+00	  0.0000E+00	  0.0000E+00	  0.0000E+00	  0.0000E+00	  0.0000E+00	  0.0000E+00	  0.0000E+00	  0.0000E+00	  0.0000E+00	  0.0000E+00	  0.0000E+00	  0.0000E+00	  0.0000E+00	  0.0000E+00
  0.0000E+00	  0.0000E+00	  0.0000E+00	  0.0000E+00	  0.0000E+00	  0.0000E+00	  0.0000E+00	  0.0000E+00	  0.0000E+00	  0.0000E+00	  0.0000E+00	  0.0000E+00	  0.0000E+00	  0.0000E+00	  0.0000E+00	  0.0000E+00	  0.0000E+00	  0.0000E+00	  0.0000E+00	  0.0000E+00	  0.0000E+00	  0.0000E+00	  0.0000E+00	  0.0000E+00	  0.0000E+00	  0.0000E+00	  0.0000E+00	  0.0000E+00	  0.0000E+00	  0.0000E+00	  0.0000E+00	  0.0000E+00	  0.0000E+00	  0.0000E+00	  0.0000E+00	  0.0000E+00	  0.0000E+00	  0.0000E+00	  0.0000E+00	  0.0000E+00	  0.0000E+00	  0.0000E+00	  1.2732E-01	  6.1775E-01	  6.2827E-01	  2.4985E+00	  2.6502E+00	  8.3791E-02	  1.0694E+00	  1.3109E+00	  1.1414E+00	  2.0861E+00	  6.5461E+00	  5.3205E+00	  9.3669E-01	  2.7265E+00	  5.7014E+00	  5.7186E+00	  8.9576E+00	  1.6369E+01	  2.2367E+01	  2.6865E+01	  4.0697E+01	  5.3388E+01	  4.1413E+01	  4.3015E+01	  4.8892E+01	  4.7918E+01	  3.5022E+01	  4.0372E+01	  5.4400E+01	  4.3400E+01	  5.1956E+01	  5.5576E+01	  5.4793E+01	  6.3893E+01	  8.4975E+01	  1.0840E+02	  9.4717E+01	  9.9169E+01	  7.8782E+01	  6.2537E+01	  6.2983E+01	  7.5691E+01	  8.7299E+01	  8.4678E+01	  8.9486E+01	  8.8453E+01	  6.7657E+01	  7.0852E+01	  6.8972E+01	  7.3644E+01	  7.2249E+01	  7.3993E+01	  5.6654E+01	  5.4606E+01	  3.9082E+01	  1.7752E+01	  8.3695E+00	  3.2254E+00	  2.4666E+00	  4.7493E-01	  3.1052E-03	  0.0000E+00	  0.0000E+00	  0.0000E+00	  0.0000E+00	  0.0000E+00	  0.0000E+00	  0.0000E+00	  0.0000E+00	  0.0000E+00	  0.0000E+00	  0.0000E+00	  0.0000E+00	  0.0000E+00	  0.0000E+00	  0.0000E+00	  0.0000E+00	  0.0000E+00	  0.0000E+00	  0.0000E+00	  0.0000E+00	  0.0000E+00	  0.0000E+00	  0.0000E+00	  0.0000E+00	  0.0000E+00
  0.0000E+00	  0.0000E+00	  0.0000E+00	  0.0000E+00	  0.0000E+00	  0.0000E+00	  0.0000E+00	  0.0000E+00	  0.0000E+00	  0.0000E+00	  0.0000E+00	  0.0000E+00	  0.0000E+00	  0.0000E+00	  0.0000E+00	  0.0000E+00	  0.0000E+00	  0.0000E+00	  0.0000E+00	  0.0000E+00	  0.0000E+00	  0.0000E+00	  0.0000E+00	  0.0000E+00	  0.0000E+00	  0.0000E+00	  0.0000E+00	  0.0000E+00	  0.0000E+00	  0.0000E+00	  0.0000E+00	  0.0000E+00	  0.0000E+00	  0.0000E+00	  0.0000E+00	  0.0000E+00	  0.0000E+00	  0.0000E+00	  0.0000E+00	  0.0000E+00	  0.0000E+00	  0.0000E+00	  0.0000E+00	  0.0000E+00	  0.0000E+00	  3.0501E-01	  2.9486E-01	  4.2168E-05	  0.0000E+00	  0.0000E+00	  1.2754E-02	  7.2173E-02	  9.4776E-01	  1.2630E+00	  3.9028E-02	  7.3191E-01	  1.5822E+00	  1.2462E+00	  2.8850E+00	  8.7353E+00	  9.8675E+00	  1.0739E+01	  1.3250E+01	  2.3862E+01	  1.9792E+01	  2.0120E+01	  3.4376E+01	  4.0914E+01	  2.8152E+01	  2.1732E+01	  2.9631E+01	  3.5285E+01	  3.1695E+01	  2.3287E+01	  2.4533E+01	  2.8623E+01	  3.7110E+01	  5.0097E+01	  6.5029E+01	  6.9910E+01	  5.0745E+01	  4.6478E+01	  3.3968E+01	  4.6601E+01	  5.8460E+01	  6.1865E+01	  5.2671E+01	  5.0712E+01	  5.5448E+01	  5.6803E+01	  6.1307E+01	  4.4758E+01	  4.7028E+01	  4.5106E+01	  3.2916E+01	  2.8722E+01	  2.1847E+01	  1.2400E+01	  5.3107E+00	  1.7699E-01	  0.0000E+00	  7.5515E-01	  1.0161E-02	  0.0000E+00	  0.0000E+00	  0.0000E+00	  0.0000E+00	  0.0000E+00	  0.0000E+00	  0.0000E+00	  0.0000E+00	  0.0000E+00	  0.0000E+00	  0.0000E+00	  0.0000E+00	  0.0000E+00	  0.0000E+00	  0.0000E+00	  0.0000E+00	  0.0000E+00	  0.0000E+00	  0.0000E+00	  0.0000E+00	  0.0000E+00	  0.0000E+00	  0.0000E+00	  0.0000E+00	  0.0000E+00
  0.0000E+00	  0.0000E+00	  0.0000E+00	  0.0000E+00	  0.0000E+00	  0.0000E+00	  0.0000E+00	  0.0000E+00	  0.0000E+00	  0.0000E+00	  0.0000E+00	  0.0000E+00	  0.0000E+00	  0.0000E+00	  0.0000E+00	  0.0000E+00	  0.0000E+00	  0.0000E+00	  0.0000E+00	  0.0000E+00	  0.0000E+00	  0.0000E+00	  0.0000E+00	  0.0000E+00	  0.0000E+00	  0.0000E+00	  0.0000E+00	  0.0000E+00	  0.0000E+00	  0.0000E+00	  0.0000E+00	  0.0000E+00	  0.0000E+00	  0.0000E+00	  0.0000E+00	  0.0000E+00	  0.0000E+00	  0.0000E+00	  0.0000E+00	  0.0000E+00	  0.0000E+00	  0.0000E+00	  0.0000E+00	  0.0000E+00	  0.0000E+00	  0.0000E+00	  0.0000E+00	  0.0000E+00	  0.0000E+00	  0.0000E+00	  0.0000E+00	  0.0000E+00	  0.0000E+00	  0.0000E+00	  0.0000E+00	  0.0000E+00	  6.3150E-02	  7.5641E-03	  1.3422E+00	  2.7972E+00	  2.2092E+00	  4.8997E+00	  5.5485E+00	  7.3764E+00	  7.1160E+00	  7.1591E+00	  7.6730E+00	  1.0199E+01	  1.0920E+01	  6.1218E+00	  1.4426E+01	  1.8569E+01	  2.1948E+01	  1.6837E+01	  9.6768E+00	  4.5914E+00	  1.3486E+01	  1.7525E+01	  2.4298E+01	  2.6566E+01	  2.8433E+01	  1.8837E+01	  1.7829E+01	  2.2708E+01	  3.0155E+01	  2.9924E+01	  1.6566E+01	  1.5686E+01	  2.5817E+01	  2.4923E+01	  3.1912E+01	  2.5469E+01	  2.2249E+01	  1.4893E+01	  1.0276E+01	  9.2651E+00	  7.4392E+00	  2.1370E+00	  2.0218E+00	  0.0000E+00	  0.0000E+00	  0.0000E+00	  0.0000E+00	  0.0000E+00	  0.0000E+00	  0.0000E+00	  0.0000E+00	  0.0000E+00	  0.0000E+00	  0.0000E+00	  0.0000E+00	  0.0000E+00	  0.0000E+00	  0.0000E+00	  0.0000E+00	  0.0000E+00	  0.0000E+00	  0.0000E+00	  0.0000E+00	  0.0000E+00	  0.0000E+00	  0.0000E+00	  0.0000E+00	  0.0000E+00	  0.0000E+00	  0.0000E+00	  0.0000E+00	  0.0000E+00
  0.0000E+00	  0.0000E+00	  0.0000E+00	  0.0000E+00	  0.0000E+00	  0.0000E+00	  0.0000E+00	  0.0000E+00	  0.0000E+00	  0.0000E+00	  0.0000E+00	  0.0000E+00	  0.0000E+00	  0.0000E+00	  0.0000E+00	  0.0000E+00	  0.0000E+00	  0.0000E+00	  0.0000E+00	  0.0000E+00	  0.0000E+00	  0.0000E+00	  0.0000E+00	  0.0000E+00	  0.0000E+00	  0.0000E+00	  0.0000E+00	  0.0000E+00	  0.0000E+00	  0.0000E+00	  0.0000E+00	  0.0000E+00	  0.0000E+00	  0.0000E+00	  0.0000E+00	  0.0000E+00	  0.0000E+00	  0.0000E+00	  0.0000E+00	  0.0000E+00	  0.0000E+00	  0.0000E+00	  0.0000E+00	  0.0000E+00	  0.0000E+00	  0.0000E+00	  0.0000E+00	  0.0000E+00	  0.0000E+00	  0.0000E+00	  0.0000E+00	  0.0000E+00	  0.0000E+00	  0.0000E+00	  0.0000E+00	  0.0000E+00	  0.0000E+00	  0.0000E+00	  3.6816E-01	  1.5648E+00	  7.3641E-01	  7.7249E-01	  8.9350E-01	  0.0000E+00	  8.2312E-02	  9.7832E-01	  1.9127E+00	  1.5656E+00	  1.6353E+00	  2.5121E+00	  7.8788E+00	  7.7177E+00	  9.6094E+00	  1.0284E+01	  3.8124E+00	  9.7590E-01	  2.2777E+00	  5.0675E+00	  4.9314E+00	  8.5186E+00	  8.8230E+00	  4.0326E+00	  3.8675E+00	  6.3856E+00	  9.3723E+00	  8.9545E+00	  2.5409E+00	  3.6991E+00	  8.6227E+00	  9.3674E+00	  1.0676E+01	  7.1282E+00	  1.0511E+00	  2.1777E+00	  1.1197E+00	  8.1677E-01	  7.4788E-02	  0.0000E+00	  0.0000E+00	  0.0000E+00	  0.0000E+00	  0.0000E+00	  0.0000E+00	  0.0000E+00	  0.0000E+00	  0.0000E+00	  0.0000E+00	  0.0000E+00	  0.0000E+00	  0.0000E+00	  0.0000E+00	  0.0000E+00	  0.0000E+00	  0.0000E+00	  0.0000E+00	  0.0000E+00	  0.0000E+00	  0.0000E+00	  0.0000E+00	  0.0000E+00	  0.0000E+00	  0.0000E+00	  0.0000E+00	  0.0000E+00	  0.0000E+00	  0.0000E+00	  0.0000E+00	  0.0000E+00
  0.0000E+00	  0.0000E+00	  0.0000E+00	  0.0000E+00	  0.0000E+00	  0.0000E+00	  0.0000E+00	  0.0000E+00	  0.0000E+00	  0.0000E+00	  0.0000E+00	  0.0000E+00	  0.0000E+00	  0.0000E+00	  0.0000E+00	  0.0000E+00	  0.0000E+00	  0.0000E+00	  0.0000E+00	  0.0000E+00	  0.0000E+00	  0.0000E+00	  0.0000E+00	  0.0000E+00	  0.0000E+00	  0.0000E+00	  0.0000E+00	  0.0000E+00	  0.0000E+00	  0.0000E+00	  0.0000E+00	  0.0000E+00	  0.0000E+00	  0.0000E+00	  0.0000E+00	  0.0000E+00	  0.0000E+00	  0.0000E+00	  0.0000E+00	  0.0000E+00	  0.0000E+00	  0.0000E+00	  0.0000E+00	  0.0000E+00	  0.0000E+00	  0.0000E+00	  0.0000E+00	  0.0000E+00	  0.0000E+00	  0.0000E+00	  0.0000E+00	  0.0000E+00	  0.0000E+00	  0.0000E+00	  0.0000E+00	  0.0000E+00	  0.0000E+00	  0.0000E+00	  6.0187E-02	  1.7139E-01	  0.0000E+00	  0.0000E+00	  0.0000E+00	  0.0000E+00	  0.0000E+00	  7.1164E-01	  7.6947E-01	  4.8979E-02	  0.0000E+00	  1.0284E+00	  2.9628E+00	  2.7685E+00	  1.8236E+00	  2.9386E+00	  1.5519E+00	  0.0000E+00	  0.0000E+00	  1.1614E+00	  1.2437E+00	  1.8334E+00	  1.7657E+00	  1.3193E+00	  1.5818E+00	  7.6314E-01	  1.3318E+00	  6.2751E-01	  2.1447E-01	  8.1574E-01	  1.6571E+00	  2.8000E+00	  3.4989E+00	  1.9692E+00	  1.5765E+00	  2.7063E-01	  6.0026E-01	  1.0452E-02	  0.0000E+00	  0.0000E+00	  0.0000E+00	  0.0000E+00	  0.0000E+00	  0.0000E+00	  0.0000E+00	  0.0000E+00	  0.0000E+00	  0.0000E+00	  0.0000E+00	  0.0000E+00	  0.0000E+00	  0.0000E+00	  0.0000E+00	  0.0000E+00	  0.0000E+00	  0.0000E+00	  0.0000E+00	  0.0000E+00	  0.0000E+00	  0.0000E+00	  0.0000E+00	  0.0000E+00	  0.0000E+00	  0.0000E+00	  0.0000E+00	  0.0000E+00	  0.0000E+00	  0.0000E+00	  0.0000E+00	  0.0000E+00
  0.0000E+00	  0.0000E+00	  0.0000E+00	  0.0000E+00	  0.0000E+00	  0.0000E+00	  0.0000E+00	  0.0000E+00	  0.0000E+00	  0.0000E+00	  0.0000E+00	  0.0000E+00	  0.0000E+00	  0.0000E+00	  0.0000E+00	  0.0000E+00	  0.0000E+00	  0.0000E+00	  0.0000E+00	  0.0000E+00	  0.0000E+00	  0.0000E+00	  0.0000E+00	  0.0000E+00	  0.0000E+00	  0.0000E+00	  0.0000E+00	  0.0000E+00	  0.0000E+00	  0.0000E+00	  0.0000E+00	  0.0000E+00	  0.0000E+00	  0.0000E+00	  0.0000E+00	  0.0000E+00	  0.0000E+00	  0.0000E+00	  0.0000E+00	  0.0000E+00	  0.0000E+00	  0.0000E+00	  0.0000E+00	  0.0000E+00	  0.0000E+00	  0.0000E+00	  0.0000E+00	  0.0000E+00	  0.0000E+00	  0.0000E+00	  0.0000E+00	  0.0000E+00	  0.0000E+00	  0.0000E+00	  0.0000E+00	  0.0000E+00	  0.0000E+00	  0.0000E+00	  0.0000E+00	  0.0000E+00	  0.0000E+00	  0.0000E+00	  0.0000E+00	  0.0000E+00	  0.0000E+00	  0.0000E+00	  0.0000E+00	  0.0000E+00	  0.0000E+00	  2.2273E-02	  3.1622E-02	  5.3562E-01	  1.0416E+00	  9.4054E-01	  3.9412E-01	  0.0000E+00	  0.0000E+00	  0.0000E+00	  9.0377E-02	  4.9574E-02	  0.0000E+00	  1.3604E-02	  6.1612E-01	  2.5905E+00	  4.8681E-01	  1.8003E-01	  1.4118E+00	  4.9678E-01	  6.6450E-01	  6.9098E-01	  8.0857E-02	  1.4984E+00	  4.3778E-01	  1.7664E-01	  0.0000E+00	  0.0000E+00	  0.0000E+00	  0.0000E+00	  0.0000E+00	  0.0000E+00	  0.0000E+00	  0.0000E+00	  0.0000E+00	  0.0000E+00	  0.0000E+00	  0.0000E+00	  0.0000E+00	  0.0000E+00	  0.0000E+00	  0.0000E+00	  0.0000E+00	  0.0000E+00	  0.0000E+00	  0.0000E+00	  0.0000E+00	  0.0000E+00	  0.0000E+00	  0.0000E+00	  0.0000E+00	  0.0000E+00	  0.0000E+00	  0.0000E+00	  0.0000E+00	  0.0000E+00	  0.0000E+00	  0.0000E+00	  0.0000E+00	  0.0000E+00
  0.0000E+00	  0.0000E+00	  0.0000E+00	  0.0000E+00	  0.0000E+00	  0.0000E+00	  0.0000E+00	  0.0000E+00	  0.0000E+00	  0.0000E+00	  0.0000E+00	  0.0000E+00	  0.0000E+00	  0.0000E+00	  0.0000E+00	  0.0000E+00	  0.0000E+00	  0.0000E+00	  0.0000E+00	  0.0000E+00	  0.0000E+00	  0.0000E+00	  0.0000E+00	  0.0000E+00	  0.0000E+00	  0.0000E+00	  0.0000E+00	  0.0000E+00	  0.0000E+00	  0.0000E+00	  0.0000E+00	  0.0000E+00	  0.0000E+00	  0.0000E+00	  0.0000E+00	  0.0000E+00	  0.0000E+00	  0.0000E+00	  0.0000E+00	  0.0000E+00	  0.0000E+00	  0.0000E+00	  0.0000E+00	  0.0000E+00	  0.0000E+00	  0.0000E+00	  0.0000E+00	  0.0000E+00	  0.0000E+00	  0.0000E+00	  0.0000E+00	  0.0000E+00	  0.0000E+00	  0.0000E+00	  0.0000E+00	  0.0000E+00	  0.0000E+00	  0.0000E+00	  0.0000E+00	  0.0000E+00	  0.0000E+00	  0.0000E+00	  0.0000E+00	  0.0000E+00	  0.0000E+00	  0.0000E+00	  0.0000E+00	  0.0000E+00	  0.0000E+00	  0.0000E+00	  0.0000E+00	  0.0000E+00	  0.0000E+00	  4.2168E-01	  4.0194E-01	  0.0000E+00	  0.0000E+00	  0.0000E+00	  0.0000E+00	  0.0000E+00	  0.0000E+00	  1.3015E-02	  4.7552E-01	  0.0000E+00	  0.0000E+00	  7.7571E-02	  4.8793E-01	  0.0000E+00	  0.0000E+00	  0.0000E+00	  0.0000E+00	  0.0000E+00	  0.0000E+00	  0.0000E+00	  0.0000E+00	  0.0000E+00	  0.0000E+00	  0.0000E+00	  0.0000E+00	  0.0000E+00	  0.0000E+00	  0.0000E+00	  0.0000E+00	  0.0000E+00	  0.0000E+00	  0.0000E+00	  0.0000E+00	  0.0000E+00	  0.0000E+00	  0.0000E+00	  0.0000E+00	  0.0000E+00	  0.0000E+00	  0.0000E+00	  0.0000E+00	  0.0000E+00	  0.0000E+00	  0.0000E+00	  0.0000E+00	  0.0000E+00	  0.0000E+00	  0.0000E+00	  0.0000E+00	  0.0000E+00	  0.0000E+00	  0.0000E+00	  0.0000E+00	  0.0000E+00
  0.0000E+00	  0.0000E+00	  0.0000E+00	  0.0000E+00	  0.0000E+00	  0.0000E+00	  0.0000E+00	  0.0000E+00	  0.0000E+00	  0.0000E+00	  0.0000E+00	  0.0000E+00	  0.0000E+00	  0.0000E+00	  0.0000E+00	  0.0000E+00	  0.0000E+00	  0.0000E+00	  0.0000E+00	  0.0000E+00	  0.0000E+00	  0.0000E+00	  0.0000E+00	  0.0000E+00	  0.0000E+00	  0.0000E+00	  0.0000E+00	  0.0000E+00	  0.0000E+00	  0.0000E+00	  0.0000E+00	  0.0000E+00	  0.0000E+00	  0.0000E+00	  0.0000E+00	  0.0000E+00	  0.0000E+00	  0.0000E+00	  0.0000E+00	  0.0000E+00	  0.0000E+00	  0.0000E+00	  0.0000E+00	  0.0000E+00	  0.0000E+00	  0.0000E+00	  0.0000E+00	  0.0000E+00	  0.0000E+00	  0.0000E+00	  0.0000E+00	  0.0000E+00	  0.0000E+00	  0.0000E+00	  0.0000E+00	  0.0000E+00	  0.0000E+00	  0.0000E+00	  0.0000E+00	  0.0000E+00	  0.0000E+00	  0.0000E+00	  0.0000E+00	  0.0000E+00	  0.0000E+00	  0.0000E+00	  0.0000E+00	  0.0000E+00	  0.0000E+00	  0.0000E+00	  0.0000E+00	  0.0000E+00	  0.0000E+00	  0.0000E+00	  0.0000E+00	  0.0000E+00	  0.0000E+00	  0.0000E+00	  0.0000E+00	  0.0000E+00	  0.0000E+00	  0.0000E+00	  0.0000E+00	  0.0000E+00	  0.0000E+00	  0.0000E+00	  0.0000E+00	  0.0000E+00	  0.0000E+00	  0.0000E+00	  0.0000E+00	  0.0000E+00	  0.0000E+00	  0.0000E+00	  0.0000E+00	  0.0000E+00	  0.0000E+00	  0.0000E+00	  0.0000E+00	  0.0000E+00	  0.0000E+00	  0.0000E+00	  0.0000E+00	  0.0000E+00	  0.0000E+00	  0.0000E+00	  0.0000E+00	  0.0000E+00	  0.0000E+00	  0.0000E+00	  0.0000E+00	  0.0000E+00	  0.0000E+00	  0.0000E+00	  0.0000E+00	  0.0000E+00	  0.0000E+00	  0.0000E+00	  0.0000E+00	  0.0000E+00	  0.0000E+00	  0.0000E+00	  0.0000E+00	  0.0000E+00	  0.0000E+00	  0.0000E+00	  0.0000E+00	  0.0000E+00
  0.0000E+00	  0.0000E+00	  0.0000E+00	  0.0000E+00	  0.0000E+00	  0.0000E+00	  0.0000E+00	  0.0000E+00	  0.0000E+00	  0.0000E+00	  0.0000E+00	  0.0000E+00	  0.0000E+00	  0.0000E+00	  0.0000E+00	  0.0000E+00	  0.0000E+00	  0.0000E+00	  0.0000E+00	  0.0000E+00	  0.0000E+00	  0.0000E+00	  0.0000E+00	  0.0000E+00	  0.0000E+00	  0.0000E+00	  0.0000E+00	  0.0000E+00	  0.0000E+00	  0.0000E+00	  0.0000E+00	  0.0000E+00	  0.0000E+00	  0.0000E+00	  0.0000E+00	  0.0000E+00	  0.0000E+00	  0.0000E+00	  0.0000E+00	  0.0000E+00	  0.0000E+00	  0.0000E+00	  0.0000E+00	  0.0000E+00	  0.0000E+00	  0.0000E+00	  0.0000E+00	  0.0000E+00	  0.0000E+00	  0.0000E+00	  0.0000E+00	  0.0000E+00	  0.0000E+00	  0.0000E+00	  0.0000E+00	  0.0000E+00	  0.0000E+00	  0.0000E+00	  0.0000E+00	  0.0000E+00	  0.0000E+00	  0.0000E+00	  0.0000E+00	  0.0000E+00	  0.0000E+00	  0.0000E+00	  0.0000E+00	  0.0000E+00	  0.0000E+00	  0.0000E+00	  0.0000E+00	  0.0000E+00	  0.0000E+00	  0.0000E+00	  0.0000E+00	  0.0000E+00	  0.0000E+00	  0.0000E+00	  0.0000E+00	  0.0000E+00	  0.0000E+00	  0.0000E+00	  0.0000E+00	  0.0000E+00	  0.0000E+00	  0.0000E+00	  0.0000E+00	  0.0000E+00	  0.0000E+00	  0.0000E+00	  0.0000E+00	  0.0000E+00	  0.0000E+00	  0.0000E+00	  0.0000E+00	  0.0000E+00	  0.0000E+00	  0.0000E+00	  0.0000E+00	  0.0000E+00	  0.0000E+00	  0.0000E+00	  0.0000E+00	  0.0000E+00	  0.0000E+00	  0.0000E+00	  0.0000E+00	  0.0000E+00	  0.0000E+00	  0.0000E+00	  0.0000E+00	  0.0000E+00	  0.0000E+00	  0.0000E+00	  0.0000E+00	  0.0000E+00	  0.0000E+00	  0.0000E+00	  0.0000E+00	  0.0000E+00	  0.0000E+00	  0.0000E+00	  0.0000E+00	  0.0000E+00	  0.0000E+00	  0.0000E+00	  0.0000E+00	  0.0000E+00
  0.0000E+00	  0.0000E+00	  0.0000E+00	  0.0000E+00	  0.0000E+00	  0.0000E+00	  0.0000E+00	  0.0000E+00	  0.0000E+00	  0.0000E+00	  0.0000E+00	  0.0000E+00	  0.0000E+00	  0.0000E+00	  0.0000E+00	  0.0000E+00	  0.0000E+00	  0.0000E+00	  0.0000E+00	  0.0000E+00	  0.0000E+00	  0.0000E+00	  0.0000E+00	  0.0000E+00	  0.0000E+00	  0.0000E+00	  0.0000E+00	  0.0000E+00	  0.0000E+00	  0.0000E+00	  0.0000E+00	  0.0000E+00	  0.0000E+00	  0.0000E+00	  0.0000E+00	  0.0000E+00	  0.0000E+00	  0.0000E+00	  0.0000E+00	  0.0000E+00	  0.0000E+00	  0.0000E+00	  0.0000E+00	  0.0000E+00	  0.0000E+00	  0.0000E+00	  0.0000E+00	  0.0000E+00	  0.0000E+00	  0.0000E+00	  0.0000E+00	  0.0000E+00	  0.0000E+00	  0.0000E+00	  0.0000E+00	  0.0000E+00	  0.0000E+00	  0.0000E+00	  0.0000E+00	  0.0000E+00	  0.0000E+00	  0.0000E+00	  0.0000E+00	  0.0000E+00	  0.0000E+00	  0.0000E+00	  0.0000E+00	  0.0000E+00	  0.0000E+00	  0.0000E+00	  0.0000E+00	  0.0000E+00	  0.0000E+00	  0.0000E+00	  0.0000E+00	  0.0000E+00	  0.0000E+00	  0.0000E+00	  0.0000E+00	  0.0000E+00	  0.0000E+00	  0.0000E+00	  0.0000E+00	  0.0000E+00	  0.0000E+00	  0.0000E+00	  0.0000E+00	  0.0000E+00	  0.0000E+00	  0.0000E+00	  0.0000E+00	  0.0000E+00	  0.0000E+00	  0.0000E+00	  0.0000E+00	  0.0000E+00	  0.0000E+00	  0.0000E+00	  0.0000E+00	  0.0000E+00	  0.0000E+00	  0.0000E+00	  0.0000E+00	  0.0000E+00	  0.0000E+00	  0.0000E+00	  0.0000E+00	  0.0000E+00	  0.0000E+00	  0.0000E+00	  0.0000E+00	  0.0000E+00	  0.0000E+00	  0.0000E+00	  0.0000E+00	  0.0000E+00	  0.0000E+00	  0.0000E+00	  0.0000E+00	  0.0000E+00	  0.0000E+00	  0.0000E+00	  0.0000E+00	  0.0000E+00	  0.0000E+00	  0.0000E+00	  0.0000E+00	  0.0000E+00
  0.0000E+00	  0.0000E+00	  0.0000E+00	  0.0000E+00	  0.0000E+00	  0.0000E+00	  0.0000E+00	  0.0000E+00	  0.0000E+00	  0.0000E+00	  0.0000E+00	  0.0000E+00	  0.0000E+00	  0.0000E+00	  0.0000E+00	  0.0000E+00	  0.0000E+00	  0.0000E+00	  0.0000E+00	  0.0000E+00	  0.0000E+00	  0.0000E+00	  0.0000E+00	  0.0000E+00	  0.0000E+00	  0.0000E+00	  0.0000E+00	  0.0000E+00	  0.0000E+00	  0.0000E+00	  0.0000E+00	  0.0000E+00	  0.0000E+00	  0.0000E+00	  0.0000E+00	  0.0000E+00	  0.0000E+00	  0.0000E+00	  0.0000E+00	  0.0000E+00	  0.0000E+00	  0.0000E+00	  0.0000E+00	  0.0000E+00	  0.0000E+00	  0.0000E+00	  0.0000E+00	  0.0000E+00	  0.0000E+00	  0.0000E+00	  0.0000E+00	  0.0000E+00	  0.0000E+00	  0.0000E+00	  0.0000E+00	  0.0000E+00	  0.0000E+00	  0.0000E+00	  0.0000E+00	  0.0000E+00	  0.0000E+00	  0.0000E+00	  0.0000E+00	  0.0000E+00	  0.0000E+00	  0.0000E+00	  0.0000E+00	  0.0000E+00	  0.0000E+00	  0.0000E+00	  0.0000E+00	  0.0000E+00	  0.0000E+00	  0.0000E+00	  0.0000E+00	  0.0000E+00	  0.0000E+00	  0.0000E+00	  0.0000E+00	  0.0000E+00	  0.0000E+00	  0.0000E+00	  0.0000E+00	  0.0000E+00	  0.0000E+00	  0.0000E+00	  0.0000E+00	  0.0000E+00	  0.0000E+00	  0.0000E+00	  0.0000E+00	  0.0000E+00	  0.0000E+00	  0.0000E+00	  0.0000E+00	  0.0000E+00	  0.0000E+00	  0.0000E+00	  0.0000E+00	  0.0000E+00	  0.0000E+00	  0.0000E+00	  0.0000E+00	  0.0000E+00	  0.0000E+00	  0.0000E+00	  0.0000E+00	  0.0000E+00	  0.0000E+00	  0.0000E+00	  0.0000E+00	  0.0000E+00	  0.0000E+00	  0.0000E+00	  0.0000E+00	  0.0000E+00	  0.0000E+00	  0.0000E+00	  0.0000E+00	  0.0000E+00	  0.0000E+00	  0.0000E+00	  0.0000E+00	  0.0000E+00	  0.0000E+00	  0.0000E+00	  0.0000E+00	  0.0000E+00
  0.0000E+00	  0.0000E+00	  0.0000E+00	  0.0000E+00	  0.0000E+00	  0.0000E+00	  0.0000E+00	  0.0000E+00	  0.0000E+00	  0.0000E+00	  0.0000E+00	  0.0000E+00	  0.0000E+00	  0.0000E+00	  0.0000E+00	  0.0000E+00	  0.0000E+00	  0.0000E+00	  0.0000E+00	  0.0000E+00	  0.0000E+00	  0.0000E+00	  0.0000E+00	  0.0000E+00	  0.0000E+00	  0.0000E+00	  0.0000E+00	  0.0000E+00	  0.0000E+00	  0.0000E+00	  0.0000E+00	  0.0000E+00	  0.0000E+00	  0.0000E+00	  0.0000E+00	  0.0000E+00	  0.0000E+00	  0.0000E+00	  0.0000E+00	  0.0000E+00	  0.0000E+00	  0.0000E+00	  0.0000E+00	  0.0000E+00	  0.0000E+00	  0.0000E+00	  0.0000E+00	  0.0000E+00	  0.0000E+00	  0.0000E+00	  0.0000E+00	  0.0000E+00	  0.0000E+00	  0.0000E+00	  0.0000E+00	  0.0000E+00	  0.0000E+00	  0.0000E+00	  0.0000E+00	  0.0000E+00	  0.0000E+00	  0.0000E+00	  0.0000E+00	  0.0000E+00	  0.0000E+00	  0.0000E+00	  0.0000E+00	  0.0000E+00	  0.0000E+00	  0.0000E+00	  0.0000E+00	  0.0000E+00	  0.0000E+00	  0.0000E+00	  0.0000E+00	  0.0000E+00	  0.0000E+00	  0.0000E+00	  0.0000E+00	  0.0000E+00	  0.0000E+00	  0.0000E+00	  0.0000E+00	  0.0000E+00	  0.0000E+00	  0.0000E+00	  0.0000E+00	  0.0000E+00	  0.0000E+00	  0.0000E+00	  0.0000E+00	  0.0000E+00	  0.0000E+00	  0.0000E+00	  0.0000E+00	  0.0000E+00	  0.0000E+00	  0.0000E+00	  0.0000E+00	  0.0000E+00	  0.0000E+00	  0.0000E+00	  0.0000E+00	  0.0000E+00	  0.0000E+00	  0.0000E+00	  0.0000E+00	  0.0000E+00	  0.0000E+00	  0.0000E+00	  0.0000E+00	  0.0000E+00	  0.0000E+00	  0.0000E+00	  0.0000E+00	  0.0000E+00	  0.0000E+00	  0.0000E+00	  0.0000E+00	  0.0000E+00	  0.0000E+00	  0.0000E+00	  0.0000E+00	  0.0000E+00	  0.0000E+00	  0.0000E+00	  0.0000E+00	  0.0000E+00
  0.0000E+00	  0.0000E+00	  0.0000E+00	  0.0000E+00	  0.0000E+00	  0.0000E+00	  0.0000E+00	  0.0000E+00	  0.0000E+00	  0.0000E+00	  0.0000E+00	  0.0000E+00	  0.0000E+00	  0.0000E+00	  0.0000E+00	  0.0000E+00	  0.0000E+00	  0.0000E+00	  0.0000E+00	  0.0000E+00	  0.0000E+00	  0.0000E+00	  0.0000E+00	  0.0000E+00	  0.0000E+00	  0.0000E+00	  0.0000E+00	  0.0000E+00	  0.0000E+00	  0.0000E+00	  0.0000E+00	  0.0000E+00	  0.0000E+00	  0.0000E+00	  0.0000E+00	  0.0000E+00	  0.0000E+00	  0.0000E+00	  0.0000E+00	  0.0000E+00	  0.0000E+00	  0.0000E+00	  0.0000E+00	  0.0000E+00	  0.0000E+00	  0.0000E+00	  0.0000E+00	  0.0000E+00	  0.0000E+00	  0.0000E+00	  0.0000E+00	  0.0000E+00	  0.0000E+00	  0.0000E+00	  0.0000E+00	  0.0000E+00	  0.0000E+00	  0.0000E+00	  0.0000E+00	  0.0000E+00	  0.0000E+00	  0.0000E+00	  0.0000E+00	  0.0000E+00	  0.0000E+00	  0.0000E+00	  0.0000E+00	  0.0000E+00	  0.0000E+00	  0.0000E+00	  0.0000E+00	  0.0000E+00	  0.0000E+00	  0.0000E+00	  0.0000E+00	  0.0000E+00	  0.0000E+00	  0.0000E+00	  0.0000E+00	  0.0000E+00	  0.0000E+00	  0.0000E+00	  0.0000E+00	  0.0000E+00	  0.0000E+00	  0.0000E+00	  0.0000E+00	  0.0000E+00	  0.0000E+00	  0.0000E+00	  0.0000E+00	  0.0000E+00	  0.0000E+00	  0.0000E+00	  0.0000E+00	  0.0000E+00	  0.0000E+00	  0.0000E+00	  0.0000E+00	  0.0000E+00	  0.0000E+00	  0.0000E+00	  0.0000E+00	  0.0000E+00	  0.0000E+00	  0.0000E+00	  0.0000E+00	  0.0000E+00	  0.0000E+00	  0.0000E+00	  0.0000E+00	  0.0000E+00	  0.0000E+00	  0.0000E+00	  0.0000E+00	  0.0000E+00	  0.0000E+00	  0.0000E+00	  0.0000E+00	  0.0000E+00	  0.0000E+00	  0.0000E+00	  0.0000E+00	  0.0000E+00	  0.0000E+00	  0.0000E+00	  0.0000E+00	  0.0000E+00
  0.0000E+00	  0.0000E+00	  0.0000E+00	  0.0000E+00	  0.0000E+00	  0.0000E+00	  0.0000E+00	  0.0000E+00	  0.0000E+00	  0.0000E+00	  0.0000E+00	  0.0000E+00	  0.0000E+00	  0.0000E+00	  0.0000E+00	  0.0000E+00	  0.0000E+00	  0.0000E+00	  0.0000E+00	  0.0000E+00	  0.0000E+00	  0.0000E+00	  0.0000E+00	  0.0000E+00	  0.0000E+00	  0.0000E+00	  0.0000E+00	  0.0000E+00	  0.0000E+00	  0.0000E+00	  0.0000E+00	  0.0000E+00	  0.0000E+00	  0.0000E+00	  0.0000E+00	  0.0000E+00	  0.0000E+00	  0.0000E+00	  0.0000E+00	  0.0000E+00	  0.0000E+00	  0.0000E+00	  0.0000E+00	  0.0000E+00	  0.0000E+00	  0.0000E+00	  0.0000E+00	  0.0000E+00	  0.0000E+00	  0.0000E+00	  0.0000E+00	  0.0000E+00	  0.0000E+00	  0.0000E+00	  0.0000E+00	  0.0000E+00	  0.0000E+00	  0.0000E+00	  0.0000E+00	  0.0000E+00	  0.0000E+00	  0.0000E+00	  0.0000E+00	  0.0000E+00	  0.0000E+00	  0.0000E+00	  0.0000E+00	  0.0000E+00	  0.0000E+00	  0.0000E+00	  0.0000E+00	  0.0000E+00	  0.0000E+00	  0.0000E+00	  0.0000E+00	  0.0000E+00	  0.0000E+00	  0.0000E+00	  0.0000E+00	  0.0000E+00	  0.0000E+00	  0.0000E+00	  0.0000E+00	  0.0000E+00	  0.0000E+00	  0.0000E+00	  0.0000E+00	  0.0000E+00	  0.0000E+00	  0.0000E+00	  0.0000E+00	  0.0000E+00	  0.0000E+00	  0.0000E+00	  0.0000E+00	  0.0000E+00	  0.0000E+00	  0.0000E+00	  0.0000E+00	  0.0000E+00	  0.0000E+00	  0.0000E+00	  0.0000E+00	  0.0000E+00	  0.0000E+00	  0.0000E+00	  0.0000E+00	  0.0000E+00	  0.0000E+00	  0.0000E+00	  0.0000E+00	  0.0000E+00	  0.0000E+00	  0.0000E+00	  0.0000E+00	  0.0000E+00	  0.0000E+00	  0.0000E+00	  0.0000E+00	  0.0000E+00	  0.0000E+00	  0.0000E+00	  0.0000E+00	  0.0000E+00	  0.0000E+00	  0.0000E+00	  0.0000E+00	  0.0000E+00
  0.0000E+00	  0.0000E+00	  0.0000E+00	  0.0000E+00	  0.0000E+00	  0.0000E+00	  0.0000E+00	  0.0000E+00	  0.0000E+00	  0.0000E+00	  0.0000E+00	  0.0000E+00	  0.0000E+00	  0.0000E+00	  0.0000E+00	  0.0000E+00	  0.0000E+00	  0.0000E+00	  0.0000E+00	  0.0000E+00	  0.0000E+00	  0.0000E+00	  0.0000E+00	  0.0000E+00	  0.0000E+00	  0.0000E+00	  0.0000E+00	  0.0000E+00	  0.0000E+00	  0.0000E+00	  0.0000E+00	  0.0000E+00	  0.0000E+00	  0.0000E+00	  0.0000E+00	  0.0000E+00	  0.0000E+00	  0.0000E+00	  0.0000E+00	  0.0000E+00	  0.0000E+00	  0.0000E+00	  0.0000E+00	  0.0000E+00	  0.0000E+00	  0.0000E+00	  0.0000E+00	  0.0000E+00	  0.0000E+00	  0.0000E+00	  0.0000E+00	  0.0000E+00	  0.0000E+00	  0.0000E+00	  0.0000E+00	  0.0000E+00	  0.0000E+00	  0.0000E+00	  0.0000E+00	  0.0000E+00	  0.0000E+00	  0.0000E+00	  0.0000E+00	  0.0000E+00	  0.0000E+00	  0.0000E+00	  0.0000E+00	  0.0000E+00	  0.0000E+00	  0.0000E+00	  0.0000E+00	  0.0000E+00	  0.0000E+00	  0.0000E+00	  0.0000E+00	  0.0000E+00	  0.0000E+00	  0.0000E+00	  0.0000E+00	  0.0000E+00	  0.0000E+00	  0.0000E+00	  0.0000E+00	  0.0000E+00	  0.0000E+00	  0.0000E+00	  0.0000E+00	  0.0000E+00	  0.0000E+00	  0.0000E+00	  0.0000E+00	  0.0000E+00	  0.0000E+00	  0.0000E+00	  0.0000E+00	  0.0000E+00	  0.0000E+00	  0.0000E+00	  0.0000E+00	  0.0000E+00	  0.0000E+00	  0.0000E+00	  0.0000E+00	  0.0000E+00	  0.0000E+00	  0.0000E+00	  0.0000E+00	  0.0000E+00	  0.0000E+00	  0.0000E+00	  0.0000E+00	  0.0000E+00	  0.0000E+00	  0.0000E+00	  0.0000E+00	  0.0000E+00	  0.0000E+00	  0.0000E+00	  0.0000E+00	  0.0000E+00	  0.0000E+00	  0.0000E+00	  0.0000E+00	  0.0000E+00	  0.0000E+00	  0.0000E+00	  0.0000E+00	  0.0000E+00
  0.0000E+00	  0.0000E+00	  0.0000E+00	  0.0000E+00	  0.0000E+00	  0.0000E+00	  0.0000E+00	  0.0000E+00	  0.0000E+00	  0.0000E+00	  0.0000E+00	  0.0000E+00	  0.0000E+00	  0.0000E+00	  0.0000E+00	  0.0000E+00	  0.0000E+00	  0.0000E+00	  0.0000E+00	  0.0000E+00	  0.0000E+00	  0.0000E+00	  0.0000E+00	  0.0000E+00	  0.0000E+00	  0.0000E+00	  0.0000E+00	  0.0000E+00	  0.0000E+00	  0.0000E+00	  0.0000E+00	  0.0000E+00	  0.0000E+00	  0.0000E+00	  0.0000E+00	  0.0000E+00	  0.0000E+00	  0.0000E+00	  0.0000E+00	  0.0000E+00	  0.0000E+00	  0.0000E+00	  0.0000E+00	  0.0000E+00	  0.0000E+00	  0.0000E+00	  0.0000E+00	  0.0000E+00	  0.0000E+00	  0.0000E+00	  0.0000E+00	  0.0000E+00	  0.0000E+00	  0.0000E+00	  0.0000E+00	  0.0000E+00	  0.0000E+00	  0.0000E+00	  0.0000E+00	  0.0000E+00	  0.0000E+00	  0.0000E+00	  0.0000E+00	  0.0000E+00	  0.0000E+00	  0.0000E+00	  0.0000E+00	  0.0000E+00	  0.0000E+00	  0.0000E+00	  0.0000E+00	  0.0000E+00	  0.0000E+00	  0.0000E+00	  0.0000E+00	  0.0000E+00	  0.0000E+00	  0.0000E+00	  0.0000E+00	  0.0000E+00	  0.0000E+00	  0.0000E+00	  0.0000E+00	  0.0000E+00	  0.0000E+00	  0.0000E+00	  0.0000E+00	  0.0000E+00	  0.0000E+00	  0.0000E+00	  0.0000E+00	  0.0000E+00	  0.0000E+00	  0.0000E+00	  0.0000E+00	  0.0000E+00	  0.0000E+00	  0.0000E+00	  0.0000E+00	  0.0000E+00	  0.0000E+00	  0.0000E+00	  0.0000E+00	  0.0000E+00	  0.0000E+00	  0.0000E+00	  0.0000E+00	  0.0000E+00	  0.0000E+00	  0.0000E+00	  0.0000E+00	  0.0000E+00	  0.0000E+00	  0.0000E+00	  0.0000E+00	  0.0000E+00	  0.0000E+00	  0.0000E+00	  0.0000E+00	  0.0000E+00	  0.0000E+00	  0.0000E+00	  0.0000E+00	  0.0000E+00	  0.0000E+00	  0.0000E+00	  0.0000E+00	  0.0000E+00
  0.0000E+00	  0.0000E+00	  0.0000E+00	  0.0000E+00	  0.0000E+00	  0.0000E+00	  0.0000E+00	  0.0000E+00	  0.0000E+00	  0.0000E+00	  0.0000E+00	  0.0000E+00	  0.0000E+00	  0.0000E+00	  0.0000E+00	  0.0000E+00	  0.0000E+00	  0.0000E+00	  0.0000E+00	  0.0000E+00	  0.0000E+00	  0.0000E+00	  0.0000E+00	  0.0000E+00	  0.0000E+00	  0.0000E+00	  0.0000E+00	  0.0000E+00	  0.0000E+00	  0.0000E+00	  0.0000E+00	  0.0000E+00	  0.0000E+00	  0.0000E+00	  0.0000E+00	  0.0000E+00	  0.0000E+00	  0.0000E+00	  0.0000E+00	  0.0000E+00	  0.0000E+00	  0.0000E+00	  0.0000E+00	  0.0000E+00	  0.0000E+00	  0.0000E+00	  0.0000E+00	  0.0000E+00	  0.0000E+00	  0.0000E+00	  0.0000E+00	  0.0000E+00	  0.0000E+00	  0.0000E+00	  0.0000E+00	  0.0000E+00	  0.0000E+00	  0.0000E+00	  0.0000E+00	  0.0000E+00	  0.0000E+00	  0.0000E+00	  0.0000E+00	  0.0000E+00	  0.0000E+00	  0.0000E+00	  0.0000E+00	  0.0000E+00	  0.0000E+00	  0.0000E+00	  0.0000E+00	  0.0000E+00	  0.0000E+00	  0.0000E+00	  0.0000E+00	  0.0000E+00	  0.0000E+00	  0.0000E+00	  0.0000E+00	  0.0000E+00	  0.0000E+00	  0.0000E+00	  0.0000E+00	  0.0000E+00	  0.0000E+00	  0.0000E+00	  0.0000E+00	  0.0000E+00	  0.0000E+00	  0.0000E+00	  0.0000E+00	  0.0000E+00	  0.0000E+00	  0.0000E+00	  0.0000E+00	  0.0000E+00	  0.0000E+00	  0.0000E+00	  0.0000E+00	  0.0000E+00	  0.0000E+00	  0.0000E+00	  0.0000E+00	  0.0000E+00	  0.0000E+00	  0.0000E+00	  0.0000E+00	  0.0000E+00	  0.0000E+00	  0.0000E+00	  0.0000E+00	  0.0000E+00	  0.0000E+00	  0.0000E+00	  0.0000E+00	  0.0000E+00	  0.0000E+00	  0.0000E+00	  0.0000E+00	  0.0000E+00	  0.0000E+00	  0.0000E+00	  0.0000E+00	  0.0000E+00	  0.0000E+00	  0.0000E+00	  0.0000E+00	  0.0000E+00
  0.0000E+00	  0.0000E+00	  0.0000E+00	  0.0000E+00	  0.0000E+00	  0.0000E+00	  0.0000E+00	  0.0000E+00	  0.0000E+00	  0.0000E+00	  0.0000E+00	  0.0000E+00	  0.0000E+00	  0.0000E+00	  0.0000E+00	  0.0000E+00	  0.0000E+00	  0.0000E+00	  0.0000E+00	  0.0000E+00	  0.0000E+00	  0.0000E+00	  0.0000E+00	  0.0000E+00	  0.0000E+00	  0.0000E+00	  0.0000E+00	  0.0000E+00	  0.0000E+00	  0.0000E+00	  0.0000E+00	  0.0000E+00	  0.0000E+00	  0.0000E+00	  0.0000E+00	  0.0000E+00	  0.0000E+00	  0.0000E+00	  0.0000E+00	  0.0000E+00	  0.0000E+00	  0.0000E+00	  0.0000E+00	  0.0000E+00	  0.0000E+00	  0.0000E+00	  0.0000E+00	  0.0000E+00	  0.0000E+00	  0.0000E+00	  0.0000E+00	  0.0000E+00	  0.0000E+00	  0.0000E+00	  0.0000E+00	  0.0000E+00	  0.0000E+00	  0.0000E+00	  0.0000E+00	  0.0000E+00	  0.0000E+00	  0.0000E+00	  0.0000E+00	  0.0000E+00	  0.0000E+00	  0.0000E+00	  0.0000E+00	  0.0000E+00	  0.0000E+00	  0.0000E+00	  0.0000E+00	  0.0000E+00	  0.0000E+00	  0.0000E+00	  0.0000E+00	  0.0000E+00	  0.0000E+00	  0.0000E+00	  0.0000E+00	  0.0000E+00	  0.0000E+00	  0.0000E+00	  0.0000E+00	  0.0000E+00	  0.0000E+00	  0.0000E+00	  0.0000E+00	  0.0000E+00	  0.0000E+00	  0.0000E+00	  0.0000E+00	  0.0000E+00	  0.0000E+00	  0.0000E+00	  0.0000E+00	  0.0000E+00	  0.0000E+00	  0.0000E+00	  0.0000E+00	  0.0000E+00	  0.0000E+00	  0.0000E+00	  0.0000E+00	  0.0000E+00	  0.0000E+00	  0.0000E+00	  0.0000E+00	  0.0000E+00	  0.0000E+00	  0.0000E+00	  0.0000E+00	  0.0000E+00	  0.0000E+00	  0.0000E+00	  0.0000E+00	  0.0000E+00	  0.0000E+00	  0.0000E+00	  0.0000E+00	  0.0000E+00	  0.0000E+00	  0.0000E+00	  0.0000E+00	  0.0000E+00	  0.0000E+00	  0.0000E+00	  0.0000E+00	  0.0000E+00
  0.0000E+00	  0.0000E+00	  0.0000E+00	  0.0000E+00	  0.0000E+00	  0.0000E+00	  0.0000E+00	  0.0000E+00	  0.0000E+00	  0.0000E+00	  0.0000E+00	  0.0000E+00	  0.0000E+00	  0.0000E+00	  0.0000E+00	  0.0000E+00	  0.0000E+00	  0.0000E+00	  0.0000E+00	  0.0000E+00	  0.0000E+00	  0.0000E+00	  0.0000E+00	  0.0000E+00	  0.0000E+00	  0.0000E+00	  0.0000E+00	  0.0000E+00	  0.0000E+00	  0.0000E+00	  0.0000E+00	  0.0000E+00	  0.0000E+00	  0.0000E+00	  0.0000E+00	  0.0000E+00	  0.0000E+00	  0.0000E+00	  0.0000E+00	  0.0000E+00	  0.0000E+00	  0.0000E+00	  0.0000E+00	  0.0000E+00	  0.0000E+00	  0.0000E+00	  0.0000E+00	  0.0000E+00	  0.0000E+00	  0.0000E+00	  0.0000E+00	  0.0000E+00	  0.0000E+00	  0.0000E+00	  0.0000E+00	  0.0000E+00	  0.0000E+00	  0.0000E+00	  0.0000E+00	  0.0000E+00	  0.0000E+00	  0.0000E+00	  0.0000E+00	  0.0000E+00	  0.0000E+00	  0.0000E+00	  0.0000E+00	  0.0000E+00	  0.0000E+00	  0.0000E+00	  0.0000E+00	  0.0000E+00	  0.0000E+00	  0.0000E+00	  0.0000E+00	  0.0000E+00	  0.0000E+00	  0.0000E+00	  0.0000E+00	  0.0000E+00	  0.0000E+00	  0.0000E+00	  0.0000E+00	  0.0000E+00	  0.0000E+00	  0.0000E+00	  0.0000E+00	  0.0000E+00	  0.0000E+00	  0.0000E+00	  0.0000E+00	  0.0000E+00	  0.0000E+00	  0.0000E+00	  0.0000E+00	  0.0000E+00	  0.0000E+00	  0.0000E+00	  0.0000E+00	  0.0000E+00	  0.0000E+00	  0.0000E+00	  0.0000E+00	  0.0000E+00	  0.0000E+00	  0.0000E+00	  0.0000E+00	  0.0000E+00	  0.0000E+00	  0.0000E+00	  0.0000E+00	  0.0000E+00	  0.0000E+00	  0.0000E+00	  0.0000E+00	  0.0000E+00	  0.0000E+00	  0.0000E+00	  0.0000E+00	  0.0000E+00	  0.0000E+00	  0.0000E+00	  0.0000E+00	  0.0000E+00	  0.0000E+00	  0.0000E+00	  0.0000E+00	  0.0000E+00
  0.0000E+00	  0.0000E+00	  0.0000E+00	  0.0000E+00	  0.0000E+00	  0.0000E+00	  0.0000E+00	  0.0000E+00	  0.0000E+00	  0.0000E+00	  0.0000E+00	  0.0000E+00	  0.0000E+00	  0.0000E+00	  0.0000E+00	  0.0000E+00	  0.0000E+00	  0.0000E+00	  0.0000E+00	  0.0000E+00	  0.0000E+00	  0.0000E+00	  0.0000E+00	  0.0000E+00	  0.0000E+00	  0.0000E+00	  0.0000E+00	  0.0000E+00	  0.0000E+00	  0.0000E+00	  0.0000E+00	  0.0000E+00	  0.0000E+00	  0.0000E+00	  0.0000E+00	  0.0000E+00	  0.0000E+00	  0.0000E+00	  0.0000E+00	  0.0000E+00	  0.0000E+00	  0.0000E+00	  0.0000E+00	  0.0000E+00	  0.0000E+00	  0.0000E+00	  0.0000E+00	  0.0000E+00	  0.0000E+00	  0.0000E+00	  0.0000E+00	  0.0000E+00	  0.0000E+00	  0.0000E+00	  0.0000E+00	  0.0000E+00	  0.0000E+00	  0.0000E+00	  0.0000E+00	  0.0000E+00	  0.0000E+00	  0.0000E+00	  0.0000E+00	  0.0000E+00	  0.0000E+00	  0.0000E+00	  0.0000E+00	  0.0000E+00	  0.0000E+00	  0.0000E+00	  0.0000E+00	  0.0000E+00	  0.0000E+00	  0.0000E+00	  0.0000E+00	  0.0000E+00	  0.0000E+00	  0.0000E+00	  0.0000E+00	  0.0000E+00	  0.0000E+00	  0.0000E+00	  0.0000E+00	  0.0000E+00	  0.0000E+00	  0.0000E+00	  0.0000E+00	  0.0000E+00	  0.0000E+00	  0.0000E+00	  0.0000E+00	  0.0000E+00	  0.0000E+00	  0.0000E+00	  0.0000E+00	  0.0000E+00	  0.0000E+00	  0.0000E+00	  0.0000E+00	  0.0000E+00	  0.0000E+00	  0.0000E+00	  0.0000E+00	  0.0000E+00	  0.0000E+00	  0.0000E+00	  0.0000E+00	  0.0000E+00	  0.0000E+00	  0.0000E+00	  0.0000E+00	  0.0000E+00	  0.0000E+00	  0.0000E+00	  0.0000E+00	  0.0000E+00	  0.0000E+00	  0.0000E+00	  0.0000E+00	  0.0000E+00	  0.0000E+00	  0.0000E+00	  0.0000E+00	  0.0000E+00	  0.0000E+00	  0.0000E+00	  0.0000E+00	  0.0000E+00
