Image analysis histogram listing

File : C:\Users\Jason Fucik\OneDrive - California Institute of Technology\zrepo\UVEX\20250326B_UVEX_FULLSYS_DESIGN_SIM.zmx
Title: UVEX Full System
Date : 8/26/2026
Configuration 3 of 3

Consider changing the field type to object height for improved accuracy. See Help Files for more details.
Field Width                    : 1e-06 degrees
Image Width                    : 0.128 Millimeters
Number of pixels               : 128 x 128
Total Weight of Rays Attempted :   1.000825E+06
Total Weight of Rays Passed    :   9.665220E+05
Total Rays Launched            : 1000825
Percent Efficiency             :   96.57 %
Total flux in watts            : 9.657E-01
Units                          : Watts/Millimeters squared

  0.0000E+00	  0.0000E+00	  0.0000E+00	  0.0000E+00	  0.0000E+00	  0.0000E+00	  0.0000E+00	  0.0000E+00	  0.0000E+00	  0.0000E+00	  0.0000E+00	  0.0000E+00	  0.0000E+00	  0.0000E+00	  0.0000E+00	  0.0000E+00	  0.0000E+00	  0.0000E+00	  0.0000E+00	  0.0000E+00	  0.0000E+00	  0.0000E+00	  0.0000E+00	  0.0000E+00	  0.0000E+00	  0.0000E+00	  0.0000E+00	  0.0000E+00	  0.0000E+00	  0.0000E+00	  0.0000E+00	  0.0000E+00	  0.0000E+00	  0.0000E+00	  0.0000E+00	  0.0000E+00	  0.0000E+00	  0.0000E+00	  0.0000E+00	  0.0000E+00	  0.0000E+00	  0.0000E+00	  0.0000E+00	  0.0000E+00	  0.0000E+00	  0.0000E+00	  0.0000E+00	  0.0000E+00	  0.0000E+00	  0.0000E+00	  0.0000E+00	  0.0000E+00	  0.0000E+00	  0.0000E+00	  0.0000E+00	  0.0000E+00	  0.0000E+00	  0.0000E+00	  0.0000E+00	  0.0000E+00	  0.0000E+00	  0.0000E+00	  0.0000E+00	  0.0000E+00	  0.0000E+00	  0.0000E+00	  0.0000E+00	  0.0000E+00	  0.0000E+00	  0.0000E+00	  0.0000E+00	  0.0000E+00	  0.0000E+00	  0.0000E+00	  0.0000E+00	  0.0000E+00	  0.0000E+00	  0.0000E+00	  0.0000E+00	  0.0000E+00	  0.0000E+00	  0.0000E+00	  0.0000E+00	  0.0000E+00	  0.0000E+00	  0.0000E+00	  0.0000E+00	  0.0000E+00	  0.0000E+00	  0.0000E+00	  0.0000E+00	  0.0000E+00	  0.0000E+00	  0.0000E+00	  0.0000E+00	  0.0000E+00	  0.0000E+00	  0.0000E+00	  0.0000E+00	  0.0000E+00	  0.0000E+00	  0.0000E+00	  0.0000E+00	  0.0000E+00	  0.0000E+00	  0.0000E+00	  0.0000E+00	  0.0000E+00	  0.0000E+00	  0.0000E+00	  0.0000E+00	  0.0000E+00	  0.0000E+00	  0.0000E+00	  0.0000E+00	  0.0000E+00	  0.0000E+00	  0.0000E+00	  0.0000E+00	  0.0000E+00	  0.0000E+00	  0.0000E+00	  0.0000E+00	  0.0000E+00	  0.0000E+00	  0.0000E+00	  0.0000E+00	  0.0000E+00
  0.0000E+00	  0.0000E+00	  0.0000E+00	  0.0000E+00	  0.0000E+00	  0.0000E+00	  0.0000E+00	  0.0000E+00	  0.0000E+00	  0.0000E+00	  0.0000E+00	  0.0000E+00	  0.0000E+00	  0.0000E+00	  0.0000E+00	  0.0000E+00	  0.0000E+00	  0.0000E+00	  0.0000E+00	  0.0000E+00	  0.0000E+00	  0.0000E+00	  0.0000E+00	  0.0000E+00	  0.0000E+00	  0.0000E+00	  0.0000E+00	  0.0000E+00	  0.0000E+00	  0.0000E+00	  0.0000E+00	  0.0000E+00	  0.0000E+00	  0.0000E+00	  0.0000E+00	  0.0000E+00	  0.0000E+00	  0.0000E+00	  0.0000E+00	  0.0000E+00	  0.0000E+00	  0.0000E+00	  0.0000E+00	  0.0000E+00	  0.0000E+00	  0.0000E+00	  0.0000E+00	  0.0000E+00	  0.0000E+00	  0.0000E+00	  0.0000E+00	  0.0000E+00	  0.0000E+00	  0.0000E+00	  0.0000E+00	  0.0000E+00	  0.0000E+00	  0.0000E+00	  0.0000E+00	  0.0000E+00	  0.0000E+00	  0.0000E+00	  0.0000E+00	  0.0000E+00	  0.0000E+00	  0.0000E+00	  0.0000E+00	  0.0000E+00	  0.0000E+00	  0.0000E+00	  0.0000E+00	  0.0000E+00	  0.0000E+00	  0.0000E+00	  0.0000E+00	  0.0000E+00	  0.0000E+00	  0.0000E+00	  0.0000E+00	  0.0000E+00	  0.0000E+00	  0.0000E+00	  0.0000E+00	  0.0000E+00	  0.0000E+00	  0.0000E+00	  0.0000E+00	  0.0000E+00	  0.0000E+00	  0.0000E+00	  0.0000E+00	  0.0000E+00	  0.0000E+00	  0.0000E+00	  0.0000E+00	  0.0000E+00	  0.0000E+00	  0.0000E+00	  0.0000E+00	  0.0000E+00	  0.0000E+00	  0.0000E+00	  0.0000E+00	  0.0000E+00	  0.0000E+00	  0.0000E+00	  0.0000E+00	  0.0000E+00	  0.0000E+00	  0.0000E+00	  0.0000E+00	  0.0000E+00	  0.0000E+00	  0.0000E+00	  0.0000E+00	  0.0000E+00	  0.0000E+00	  0.0000E+00	  0.0000E+00	  0.0000E+00	  0.0000E+00	  0.0000E+00	  0.0000E+00	  0.0000E+00	  0.0000E+00	  0.0000E+00	  0.0000E+00	  0.0000E+00
  0.0000E+00	  0.0000E+00	  0.0000E+00	  0.0000E+00	  0.0000E+00	  0.0000E+00	  0.0000E+00	  0.0000E+00	  0.0000E+00	  0.0000E+00	  0.0000E+00	  0.0000E+00	  0.0000E+00	  0.0000E+00	  0.0000E+00	  0.0000E+00	  0.0000E+00	  0.0000E+00	  0.0000E+00	  0.0000E+00	  0.0000E+00	  0.0000E+00	  0.0000E+00	  0.0000E+00	  0.0000E+00	  0.0000E+00	  0.0000E+00	  0.0000E+00	  0.0000E+00	  0.0000E+00	  0.0000E+00	  0.0000E+00	  0.0000E+00	  0.0000E+00	  0.0000E+00	  0.0000E+00	  0.0000E+00	  0.0000E+00	  0.0000E+00	  0.0000E+00	  0.0000E+00	  0.0000E+00	  0.0000E+00	  0.0000E+00	  0.0000E+00	  0.0000E+00	  0.0000E+00	  0.0000E+00	  0.0000E+00	  0.0000E+00	  0.0000E+00	  0.0000E+00	  0.0000E+00	  0.0000E+00	  0.0000E+00	  0.0000E+00	  0.0000E+00	  0.0000E+00	  0.0000E+00	  0.0000E+00	  0.0000E+00	  0.0000E+00	  0.0000E+00	  0.0000E+00	  0.0000E+00	  0.0000E+00	  0.0000E+00	  0.0000E+00	  0.0000E+00	  0.0000E+00	  0.0000E+00	  0.0000E+00	  0.0000E+00	  0.0000E+00	  0.0000E+00	  0.0000E+00	  0.0000E+00	  0.0000E+00	  0.0000E+00	  0.0000E+00	  0.0000E+00	  0.0000E+00	  0.0000E+00	  0.0000E+00	  0.0000E+00	  0.0000E+00	  0.0000E+00	  0.0000E+00	  0.0000E+00	  0.0000E+00	  0.0000E+00	  0.0000E+00	  0.0000E+00	  0.0000E+00	  0.0000E+00	  0.0000E+00	  0.0000E+00	  0.0000E+00	  0.0000E+00	  0.0000E+00	  0.0000E+00	  0.0000E+00	  0.0000E+00	  0.0000E+00	  0.0000E+00	  0.0000E+00	  0.0000E+00	  0.0000E+00	  0.0000E+00	  0.0000E+00	  0.0000E+00	  0.0000E+00	  0.0000E+00	  0.0000E+00	  0.0000E+00	  0.0000E+00	  0.0000E+00	  0.0000E+00	  0.0000E+00	  0.0000E+00	  0.0000E+00	  0.0000E+00	  0.0000E+00	  0.0000E+00	  0.0000E+00	  0.0000E+00	  0.0000E+00	  0.0000E+00
  0.0000E+00	  0.0000E+00	  0.0000E+00	  0.0000E+00	  0.0000E+00	  0.0000E+00	  0.0000E+00	  0.0000E+00	  0.0000E+00	  0.0000E+00	  0.0000E+00	  0.0000E+00	  0.0000E+00	  0.0000E+00	  0.0000E+00	  0.0000E+00	  0.0000E+00	  0.0000E+00	  0.0000E+00	  0.0000E+00	  0.0000E+00	  0.0000E+00	  0.0000E+00	  0.0000E+00	  0.0000E+00	  0.0000E+00	  0.0000E+00	  0.0000E+00	  0.0000E+00	  0.0000E+00	  0.0000E+00	  0.0000E+00	  0.0000E+00	  0.0000E+00	  0.0000E+00	  0.0000E+00	  0.0000E+00	  0.0000E+00	  0.0000E+00	  0.0000E+00	  0.0000E+00	  0.0000E+00	  0.0000E+00	  0.0000E+00	  0.0000E+00	  0.0000E+00	  0.0000E+00	  0.0000E+00	  0.0000E+00	  0.0000E+00	  0.0000E+00	  0.0000E+00	  0.0000E+00	  0.0000E+00	  0.0000E+00	  0.0000E+00	  0.0000E+00	  0.0000E+00	  0.0000E+00	  0.0000E+00	  0.0000E+00	  0.0000E+00	  0.0000E+00	  0.0000E+00	  0.0000E+00	  0.0000E+00	  0.0000E+00	  0.0000E+00	  0.0000E+00	  0.0000E+00	  0.0000E+00	  0.0000E+00	  0.0000E+00	  0.0000E+00	  0.0000E+00	  0.0000E+00	  0.0000E+00	  0.0000E+00	  0.0000E+00	  0.0000E+00	  0.0000E+00	  0.0000E+00	  0.0000E+00	  0.0000E+00	  0.0000E+00	  0.0000E+00	  0.0000E+00	  0.0000E+00	  0.0000E+00	  0.0000E+00	  0.0000E+00	  0.0000E+00	  0.0000E+00	  0.0000E+00	  0.0000E+00	  0.0000E+00	  0.0000E+00	  0.0000E+00	  0.0000E+00	  0.0000E+00	  0.0000E+00	  0.0000E+00	  0.0000E+00	  0.0000E+00	  0.0000E+00	  0.0000E+00	  0.0000E+00	  0.0000E+00	  0.0000E+00	  0.0000E+00	  0.0000E+00	  0.0000E+00	  0.0000E+00	  0.0000E+00	  0.0000E+00	  0.0000E+00	  0.0000E+00	  0.0000E+00	  0.0000E+00	  0.0000E+00	  0.0000E+00	  0.0000E+00	  0.0000E+00	  0.0000E+00	  0.0000E+00	  0.0000E+00	  0.0000E+00	  0.0000E+00
  0.0000E+00	  0.0000E+00	  0.0000E+00	  0.0000E+00	  0.0000E+00	  0.0000E+00	  0.0000E+00	  0.0000E+00	  0.0000E+00	  0.0000E+00	  0.0000E+00	  0.0000E+00	  0.0000E+00	  0.0000E+00	  0.0000E+00	  0.0000E+00	  0.0000E+00	  0.0000E+00	  0.0000E+00	  0.0000E+00	  0.0000E+00	  0.0000E+00	  0.0000E+00	  0.0000E+00	  0.0000E+00	  0.0000E+00	  0.0000E+00	  0.0000E+00	  0.0000E+00	  0.0000E+00	  0.0000E+00	  0.0000E+00	  0.0000E+00	  0.0000E+00	  0.0000E+00	  0.0000E+00	  0.0000E+00	  0.0000E+00	  0.0000E+00	  0.0000E+00	  0.0000E+00	  0.0000E+00	  0.0000E+00	  0.0000E+00	  0.0000E+00	  0.0000E+00	  0.0000E+00	  0.0000E+00	  0.0000E+00	  0.0000E+00	  0.0000E+00	  0.0000E+00	  0.0000E+00	  0.0000E+00	  0.0000E+00	  0.0000E+00	  0.0000E+00	  0.0000E+00	  0.0000E+00	  0.0000E+00	  0.0000E+00	  0.0000E+00	  0.0000E+00	  0.0000E+00	  0.0000E+00	  0.0000E+00	  0.0000E+00	  0.0000E+00	  0.0000E+00	  0.0000E+00	  0.0000E+00	  0.0000E+00	  0.0000E+00	  0.0000E+00	  0.0000E+00	  0.0000E+00	  0.0000E+00	  0.0000E+00	  0.0000E+00	  0.0000E+00	  0.0000E+00	  0.0000E+00	  0.0000E+00	  0.0000E+00	  0.0000E+00	  0.0000E+00	  0.0000E+00	  0.0000E+00	  0.0000E+00	  0.0000E+00	  0.0000E+00	  0.0000E+00	  0.0000E+00	  0.0000E+00	  0.0000E+00	  0.0000E+00	  0.0000E+00	  0.0000E+00	  0.0000E+00	  0.0000E+00	  0.0000E+00	  0.0000E+00	  0.0000E+00	  0.0000E+00	  0.0000E+00	  0.0000E+00	  0.0000E+00	  0.0000E+00	  0.0000E+00	  0.0000E+00	  0.0000E+00	  0.0000E+00	  0.0000E+00	  0.0000E+00	  0.0000E+00	  0.0000E+00	  0.0000E+00	  0.0000E+00	  0.0000E+00	  0.0000E+00	  0.0000E+00	  0.0000E+00	  0.0000E+00	  0.0000E+00	  0.0000E+00	  0.0000E+00	  0.0000E+00	  0.0000E+00
  0.0000E+00	  0.0000E+00	  0.0000E+00	  0.0000E+00	  0.0000E+00	  0.0000E+00	  0.0000E+00	  0.0000E+00	  0.0000E+00	  0.0000E+00	  0.0000E+00	  0.0000E+00	  0.0000E+00	  0.0000E+00	  0.0000E+00	  0.0000E+00	  0.0000E+00	  0.0000E+00	  0.0000E+00	  0.0000E+00	  0.0000E+00	  0.0000E+00	  0.0000E+00	  0.0000E+00	  0.0000E+00	  0.0000E+00	  0.0000E+00	  0.0000E+00	  0.0000E+00	  0.0000E+00	  0.0000E+00	  0.0000E+00	  0.0000E+00	  0.0000E+00	  0.0000E+00	  0.0000E+00	  0.0000E+00	  0.0000E+00	  0.0000E+00	  0.0000E+00	  0.0000E+00	  0.0000E+00	  0.0000E+00	  0.0000E+00	  0.0000E+00	  0.0000E+00	  0.0000E+00	  0.0000E+00	  0.0000E+00	  0.0000E+00	  0.0000E+00	  0.0000E+00	  0.0000E+00	  0.0000E+00	  0.0000E+00	  0.0000E+00	  0.0000E+00	  0.0000E+00	  0.0000E+00	  0.0000E+00	  0.0000E+00	  0.0000E+00	  0.0000E+00	  0.0000E+00	  0.0000E+00	  0.0000E+00	  0.0000E+00	  0.0000E+00	  0.0000E+00	  0.0000E+00	  0.0000E+00	  0.0000E+00	  0.0000E+00	  0.0000E+00	  0.0000E+00	  0.0000E+00	  0.0000E+00	  0.0000E+00	  0.0000E+00	  0.0000E+00	  0.0000E+00	  0.0000E+00	  0.0000E+00	  0.0000E+00	  0.0000E+00	  0.0000E+00	  0.0000E+00	  0.0000E+00	  0.0000E+00	  0.0000E+00	  0.0000E+00	  0.0000E+00	  0.0000E+00	  0.0000E+00	  0.0000E+00	  0.0000E+00	  0.0000E+00	  0.0000E+00	  0.0000E+00	  0.0000E+00	  0.0000E+00	  0.0000E+00	  0.0000E+00	  0.0000E+00	  0.0000E+00	  0.0000E+00	  0.0000E+00	  0.0000E+00	  0.0000E+00	  0.0000E+00	  0.0000E+00	  0.0000E+00	  0.0000E+00	  0.0000E+00	  0.0000E+00	  0.0000E+00	  0.0000E+00	  0.0000E+00	  0.0000E+00	  0.0000E+00	  0.0000E+00	  0.0000E+00	  0.0000E+00	  0.0000E+00	  0.0000E+00	  0.0000E+00	  0.0000E+00	  0.0000E+00
  0.0000E+00	  0.0000E+00	  0.0000E+00	  0.0000E+00	  0.0000E+00	  0.0000E+00	  0.0000E+00	  0.0000E+00	  0.0000E+00	  0.0000E+00	  0.0000E+00	  0.0000E+00	  0.0000E+00	  0.0000E+00	  0.0000E+00	  0.0000E+00	  0.0000E+00	  0.0000E+00	  0.0000E+00	  0.0000E+00	  0.0000E+00	  0.0000E+00	  0.0000E+00	  0.0000E+00	  0.0000E+00	  0.0000E+00	  0.0000E+00	  0.0000E+00	  0.0000E+00	  0.0000E+00	  0.0000E+00	  0.0000E+00	  0.0000E+00	  0.0000E+00	  0.0000E+00	  0.0000E+00	  0.0000E+00	  0.0000E+00	  0.0000E+00	  0.0000E+00	  0.0000E+00	  0.0000E+00	  0.0000E+00	  0.0000E+00	  0.0000E+00	  0.0000E+00	  0.0000E+00	  0.0000E+00	  0.0000E+00	  0.0000E+00	  0.0000E+00	  0.0000E+00	  0.0000E+00	  0.0000E+00	  0.0000E+00	  0.0000E+00	  0.0000E+00	  0.0000E+00	  0.0000E+00	  0.0000E+00	  0.0000E+00	  0.0000E+00	  0.0000E+00	  0.0000E+00	  0.0000E+00	  0.0000E+00	  0.0000E+00	  0.0000E+00	  0.0000E+00	  0.0000E+00	  0.0000E+00	  0.0000E+00	  0.0000E+00	  0.0000E+00	  0.0000E+00	  0.0000E+00	  0.0000E+00	  0.0000E+00	  0.0000E+00	  0.0000E+00	  0.0000E+00	  0.0000E+00	  0.0000E+00	  0.0000E+00	  0.0000E+00	  0.0000E+00	  0.0000E+00	  0.0000E+00	  0.0000E+00	  0.0000E+00	  0.0000E+00	  0.0000E+00	  0.0000E+00	  0.0000E+00	  0.0000E+00	  0.0000E+00	  0.0000E+00	  0.0000E+00	  0.0000E+00	  0.0000E+00	  0.0000E+00	  0.0000E+00	  0.0000E+00	  0.0000E+00	  0.0000E+00	  0.0000E+00	  0.0000E+00	  0.0000E+00	  0.0000E+00	  0.0000E+00	  0.0000E+00	  0.0000E+00	  0.0000E+00	  0.0000E+00	  0.0000E+00	  0.0000E+00	  0.0000E+00	  0.0000E+00	  0.0000E+00	  0.0000E+00	  0.0000E+00	  0.0000E+00	  0.0000E+00	  0.0000E+00	  0.0000E+00	  0.0000E+00	  0.0000E+00	  0.0000E+00
  0.0000E+00	  0.0000E+00	  0.0000E+00	  0.0000E+00	  0.0000E+00	  0.0000E+00	  0.0000E+00	  0.0000E+00	  0.0000E+00	  0.0000E+00	  0.0000E+00	  0.0000E+00	  0.0000E+00	  0.0000E+00	  0.0000E+00	  0.0000E+00	  0.0000E+00	  0.0000E+00	  0.0000E+00	  0.0000E+00	  0.0000E+00	  0.0000E+00	  0.0000E+00	  0.0000E+00	  0.0000E+00	  0.0000E+00	  0.0000E+00	  0.0000E+00	  0.0000E+00	  0.0000E+00	  0.0000E+00	  0.0000E+00	  0.0000E+00	  0.0000E+00	  0.0000E+00	  0.0000E+00	  0.0000E+00	  0.0000E+00	  0.0000E+00	  0.0000E+00	  0.0000E+00	  0.0000E+00	  0.0000E+00	  0.0000E+00	  0.0000E+00	  0.0000E+00	  0.0000E+00	  0.0000E+00	  0.0000E+00	  0.0000E+00	  0.0000E+00	  0.0000E+00	  0.0000E+00	  0.0000E+00	  0.0000E+00	  0.0000E+00	  0.0000E+00	  0.0000E+00	  0.0000E+00	  0.0000E+00	  0.0000E+00	  0.0000E+00	  0.0000E+00	  0.0000E+00	  0.0000E+00	  0.0000E+00	  0.0000E+00	  0.0000E+00	  0.0000E+00	  0.0000E+00	  0.0000E+00	  0.0000E+00	  0.0000E+00	  0.0000E+00	  0.0000E+00	  0.0000E+00	  0.0000E+00	  0.0000E+00	  0.0000E+00	  0.0000E+00	  0.0000E+00	  0.0000E+00	  0.0000E+00	  0.0000E+00	  0.0000E+00	  0.0000E+00	  0.0000E+00	  0.0000E+00	  0.0000E+00	  0.0000E+00	  0.0000E+00	  0.0000E+00	  0.0000E+00	  0.0000E+00	  0.0000E+00	  0.0000E+00	  0.0000E+00	  0.0000E+00	  0.0000E+00	  0.0000E+00	  0.0000E+00	  0.0000E+00	  0.0000E+00	  0.0000E+00	  0.0000E+00	  0.0000E+00	  0.0000E+00	  0.0000E+00	  0.0000E+00	  0.0000E+00	  0.0000E+00	  0.0000E+00	  0.0000E+00	  0.0000E+00	  0.0000E+00	  0.0000E+00	  0.0000E+00	  0.0000E+00	  0.0000E+00	  0.0000E+00	  0.0000E+00	  0.0000E+00	  0.0000E+00	  0.0000E+00	  0.0000E+00	  0.0000E+00	  0.0000E+00	  0.0000E+00
  0.0000E+00	  0.0000E+00	  0.0000E+00	  0.0000E+00	  0.0000E+00	  0.0000E+00	  0.0000E+00	  0.0000E+00	  0.0000E+00	  0.0000E+00	  0.0000E+00	  0.0000E+00	  0.0000E+00	  0.0000E+00	  0.0000E+00	  0.0000E+00	  0.0000E+00	  0.0000E+00	  0.0000E+00	  0.0000E+00	  0.0000E+00	  0.0000E+00	  0.0000E+00	  0.0000E+00	  0.0000E+00	  0.0000E+00	  0.0000E+00	  0.0000E+00	  0.0000E+00	  0.0000E+00	  0.0000E+00	  0.0000E+00	  0.0000E+00	  0.0000E+00	  0.0000E+00	  0.0000E+00	  0.0000E+00	  0.0000E+00	  0.0000E+00	  0.0000E+00	  0.0000E+00	  0.0000E+00	  0.0000E+00	  0.0000E+00	  0.0000E+00	  0.0000E+00	  0.0000E+00	  0.0000E+00	  0.0000E+00	  0.0000E+00	  0.0000E+00	  0.0000E+00	  0.0000E+00	  0.0000E+00	  0.0000E+00	  0.0000E+00	  0.0000E+00	  0.0000E+00	  0.0000E+00	  0.0000E+00	  0.0000E+00	  0.0000E+00	  0.0000E+00	  0.0000E+00	  0.0000E+00	  0.0000E+00	  0.0000E+00	  0.0000E+00	  0.0000E+00	  0.0000E+00	  0.0000E+00	  0.0000E+00	  0.0000E+00	  0.0000E+00	  0.0000E+00	  0.0000E+00	  0.0000E+00	  0.0000E+00	  0.0000E+00	  0.0000E+00	  0.0000E+00	  0.0000E+00	  0.0000E+00	  0.0000E+00	  0.0000E+00	  0.0000E+00	  0.0000E+00	  0.0000E+00	  0.0000E+00	  0.0000E+00	  0.0000E+00	  0.0000E+00	  0.0000E+00	  0.0000E+00	  0.0000E+00	  0.0000E+00	  0.0000E+00	  0.0000E+00	  0.0000E+00	  0.0000E+00	  0.0000E+00	  0.0000E+00	  0.0000E+00	  0.0000E+00	  0.0000E+00	  0.0000E+00	  0.0000E+00	  0.0000E+00	  0.0000E+00	  0.0000E+00	  0.0000E+00	  0.0000E+00	  0.0000E+00	  0.0000E+00	  0.0000E+00	  0.0000E+00	  0.0000E+00	  0.0000E+00	  0.0000E+00	  0.0000E+00	  0.0000E+00	  0.0000E+00	  0.0000E+00	  0.0000E+00	  0.0000E+00	  0.0000E+00	  0.0000E+00	  0.0000E+00
  0.0000E+00	  0.0000E+00	  0.0000E+00	  0.0000E+00	  0.0000E+00	  0.0000E+00	  0.0000E+00	  0.0000E+00	  0.0000E+00	  0.0000E+00	  0.0000E+00	  0.0000E+00	  0.0000E+00	  0.0000E+00	  0.0000E+00	  0.0000E+00	  0.0000E+00	  0.0000E+00	  0.0000E+00	  0.0000E+00	  0.0000E+00	  0.0000E+00	  0.0000E+00	  0.0000E+00	  0.0000E+00	  0.0000E+00	  0.0000E+00	  0.0000E+00	  0.0000E+00	  0.0000E+00	  0.0000E+00	  0.0000E+00	  0.0000E+00	  0.0000E+00	  0.0000E+00	  0.0000E+00	  0.0000E+00	  0.0000E+00	  0.0000E+00	  0.0000E+00	  0.0000E+00	  0.0000E+00	  0.0000E+00	  0.0000E+00	  0.0000E+00	  0.0000E+00	  0.0000E+00	  0.0000E+00	  0.0000E+00	  0.0000E+00	  0.0000E+00	  0.0000E+00	  0.0000E+00	  0.0000E+00	  0.0000E+00	  0.0000E+00	  0.0000E+00	  0.0000E+00	  0.0000E+00	  0.0000E+00	  0.0000E+00	  0.0000E+00	  0.0000E+00	  0.0000E+00	  0.0000E+00	  0.0000E+00	  0.0000E+00	  0.0000E+00	  0.0000E+00	  0.0000E+00	  0.0000E+00	  0.0000E+00	  0.0000E+00	  0.0000E+00	  0.0000E+00	  0.0000E+00	  0.0000E+00	  0.0000E+00	  0.0000E+00	  0.0000E+00	  0.0000E+00	  0.0000E+00	  0.0000E+00	  0.0000E+00	  0.0000E+00	  0.0000E+00	  0.0000E+00	  0.0000E+00	  0.0000E+00	  0.0000E+00	  0.0000E+00	  0.0000E+00	  0.0000E+00	  0.0000E+00	  0.0000E+00	  0.0000E+00	  0.0000E+00	  0.0000E+00	  0.0000E+00	  0.0000E+00	  0.0000E+00	  0.0000E+00	  0.0000E+00	  0.0000E+00	  0.0000E+00	  0.0000E+00	  0.0000E+00	  0.0000E+00	  0.0000E+00	  0.0000E+00	  0.0000E+00	  0.0000E+00	  0.0000E+00	  0.0000E+00	  0.0000E+00	  0.0000E+00	  0.0000E+00	  0.0000E+00	  0.0000E+00	  0.0000E+00	  0.0000E+00	  0.0000E+00	  0.0000E+00	  0.0000E+00	  0.0000E+00	  0.0000E+00	  0.0000E+00	  0.0000E+00
  0.0000E+00	  0.0000E+00	  0.0000E+00	  0.0000E+00	  0.0000E+00	  0.0000E+00	  0.0000E+00	  0.0000E+00	  0.0000E+00	  0.0000E+00	  0.0000E+00	  0.0000E+00	  0.0000E+00	  0.0000E+00	  0.0000E+00	  0.0000E+00	  0.0000E+00	  0.0000E+00	  0.0000E+00	  0.0000E+00	  0.0000E+00	  0.0000E+00	  0.0000E+00	  0.0000E+00	  0.0000E+00	  0.0000E+00	  0.0000E+00	  0.0000E+00	  0.0000E+00	  0.0000E+00	  0.0000E+00	  0.0000E+00	  0.0000E+00	  0.0000E+00	  0.0000E+00	  0.0000E+00	  0.0000E+00	  0.0000E+00	  0.0000E+00	  0.0000E+00	  0.0000E+00	  0.0000E+00	  0.0000E+00	  0.0000E+00	  0.0000E+00	  0.0000E+00	  0.0000E+00	  0.0000E+00	  0.0000E+00	  0.0000E+00	  0.0000E+00	  0.0000E+00	  0.0000E+00	  0.0000E+00	  0.0000E+00	  0.0000E+00	  0.0000E+00	  0.0000E+00	  0.0000E+00	  0.0000E+00	  0.0000E+00	  0.0000E+00	  0.0000E+00	  0.0000E+00	  0.0000E+00	  0.0000E+00	  0.0000E+00	  0.0000E+00	  0.0000E+00	  0.0000E+00	  0.0000E+00	  0.0000E+00	  0.0000E+00	  0.0000E+00	  0.0000E+00	  0.0000E+00	  0.0000E+00	  0.0000E+00	  0.0000E+00	  0.0000E+00	  0.0000E+00	  0.0000E+00	  0.0000E+00	  0.0000E+00	  0.0000E+00	  0.0000E+00	  0.0000E+00	  0.0000E+00	  0.0000E+00	  0.0000E+00	  0.0000E+00	  0.0000E+00	  0.0000E+00	  0.0000E+00	  0.0000E+00	  0.0000E+00	  0.0000E+00	  0.0000E+00	  0.0000E+00	  0.0000E+00	  0.0000E+00	  0.0000E+00	  0.0000E+00	  0.0000E+00	  0.0000E+00	  0.0000E+00	  0.0000E+00	  0.0000E+00	  0.0000E+00	  0.0000E+00	  0.0000E+00	  0.0000E+00	  0.0000E+00	  0.0000E+00	  0.0000E+00	  0.0000E+00	  0.0000E+00	  0.0000E+00	  0.0000E+00	  0.0000E+00	  0.0000E+00	  0.0000E+00	  0.0000E+00	  0.0000E+00	  0.0000E+00	  0.0000E+00	  0.0000E+00	  0.0000E+00
  0.0000E+00	  0.0000E+00	  0.0000E+00	  0.0000E+00	  0.0000E+00	  0.0000E+00	  0.0000E+00	  0.0000E+00	  0.0000E+00	  0.0000E+00	  0.0000E+00	  0.0000E+00	  0.0000E+00	  0.0000E+00	  0.0000E+00	  0.0000E+00	  0.0000E+00	  0.0000E+00	  0.0000E+00	  0.0000E+00	  0.0000E+00	  0.0000E+00	  0.0000E+00	  0.0000E+00	  0.0000E+00	  0.0000E+00	  0.0000E+00	  0.0000E+00	  0.0000E+00	  0.0000E+00	  0.0000E+00	  0.0000E+00	  0.0000E+00	  0.0000E+00	  0.0000E+00	  0.0000E+00	  0.0000E+00	  0.0000E+00	  0.0000E+00	  0.0000E+00	  0.0000E+00	  0.0000E+00	  0.0000E+00	  0.0000E+00	  0.0000E+00	  0.0000E+00	  0.0000E+00	  0.0000E+00	  0.0000E+00	  0.0000E+00	  0.0000E+00	  0.0000E+00	  0.0000E+00	  0.0000E+00	  0.0000E+00	  0.0000E+00	  0.0000E+00	  0.0000E+00	  0.0000E+00	  0.0000E+00	  0.0000E+00	  0.0000E+00	  0.0000E+00	  0.0000E+00	  0.0000E+00	  0.0000E+00	  0.0000E+00	  0.0000E+00	  0.0000E+00	  0.0000E+00	  0.0000E+00	  0.0000E+00	  0.0000E+00	  0.0000E+00	  0.0000E+00	  0.0000E+00	  0.0000E+00	  0.0000E+00	  0.0000E+00	  0.0000E+00	  0.0000E+00	  0.0000E+00	  0.0000E+00	  0.0000E+00	  0.0000E+00	  0.0000E+00	  0.0000E+00	  0.0000E+00	  0.0000E+00	  0.0000E+00	  0.0000E+00	  0.0000E+00	  0.0000E+00	  0.0000E+00	  0.0000E+00	  0.0000E+00	  0.0000E+00	  0.0000E+00	  0.0000E+00	  0.0000E+00	  0.0000E+00	  0.0000E+00	  0.0000E+00	  0.0000E+00	  0.0000E+00	  0.0000E+00	  0.0000E+00	  0.0000E+00	  0.0000E+00	  0.0000E+00	  0.0000E+00	  0.0000E+00	  0.0000E+00	  0.0000E+00	  0.0000E+00	  0.0000E+00	  0.0000E+00	  0.0000E+00	  0.0000E+00	  0.0000E+00	  0.0000E+00	  0.0000E+00	  0.0000E+00	  0.0000E+00	  0.0000E+00	  0.0000E+00	  0.0000E+00	  0.0000E+00
  0.0000E+00	  0.0000E+00	  0.0000E+00	  0.0000E+00	  0.0000E+00	  0.0000E+00	  0.0000E+00	  0.0000E+00	  0.0000E+00	  0.0000E+00	  0.0000E+00	  0.0000E+00	  0.0000E+00	  0.0000E+00	  0.0000E+00	  0.0000E+00	  0.0000E+00	  0.0000E+00	  0.0000E+00	  0.0000E+00	  0.0000E+00	  0.0000E+00	  0.0000E+00	  0.0000E+00	  0.0000E+00	  0.0000E+00	  0.0000E+00	  0.0000E+00	  0.0000E+00	  0.0000E+00	  0.0000E+00	  0.0000E+00	  0.0000E+00	  0.0000E+00	  0.0000E+00	  0.0000E+00	  0.0000E+00	  0.0000E+00	  0.0000E+00	  0.0000E+00	  0.0000E+00	  0.0000E+00	  0.0000E+00	  0.0000E+00	  0.0000E+00	  0.0000E+00	  0.0000E+00	  0.0000E+00	  0.0000E+00	  0.0000E+00	  0.0000E+00	  0.0000E+00	  0.0000E+00	  0.0000E+00	  0.0000E+00	  0.0000E+00	  0.0000E+00	  0.0000E+00	  0.0000E+00	  0.0000E+00	  0.0000E+00	  0.0000E+00	  0.0000E+00	  0.0000E+00	  0.0000E+00	  0.0000E+00	  0.0000E+00	  0.0000E+00	  0.0000E+00	  0.0000E+00	  0.0000E+00	  0.0000E+00	  0.0000E+00	  0.0000E+00	  0.0000E+00	  0.0000E+00	  0.0000E+00	  0.0000E+00	  0.0000E+00	  0.0000E+00	  0.0000E+00	  0.0000E+00	  0.0000E+00	  0.0000E+00	  0.0000E+00	  0.0000E+00	  0.0000E+00	  0.0000E+00	  0.0000E+00	  0.0000E+00	  0.0000E+00	  0.0000E+00	  0.0000E+00	  0.0000E+00	  0.0000E+00	  0.0000E+00	  0.0000E+00	  0.0000E+00	  0.0000E+00	  0.0000E+00	  0.0000E+00	  0.0000E+00	  0.0000E+00	  0.0000E+00	  0.0000E+00	  0.0000E+00	  0.0000E+00	  0.0000E+00	  0.0000E+00	  0.0000E+00	  0.0000E+00	  0.0000E+00	  0.0000E+00	  0.0000E+00	  0.0000E+00	  0.0000E+00	  0.0000E+00	  0.0000E+00	  0.0000E+00	  0.0000E+00	  0.0000E+00	  0.0000E+00	  0.0000E+00	  0.0000E+00	  0.0000E+00	  0.0000E+00	  0.0000E+00	  0.0000E+00
  0.0000E+00	  0.0000E+00	  0.0000E+00	  0.0000E+00	  0.0000E+00	  0.0000E+00	  0.0000E+00	  0.0000E+00	  0.0000E+00	  0.0000E+00	  0.0000E+00	  0.0000E+00	  0.0000E+00	  0.0000E+00	  0.0000E+00	  0.0000E+00	  0.0000E+00	  0.0000E+00	  0.0000E+00	  0.0000E+00	  0.0000E+00	  0.0000E+00	  0.0000E+00	  0.0000E+00	  0.0000E+00	  0.0000E+00	  0.0000E+00	  0.0000E+00	  0.0000E+00	  0.0000E+00	  0.0000E+00	  0.0000E+00	  0.0000E+00	  0.0000E+00	  0.0000E+00	  0.0000E+00	  0.0000E+00	  0.0000E+00	  0.0000E+00	  0.0000E+00	  0.0000E+00	  0.0000E+00	  0.0000E+00	  0.0000E+00	  0.0000E+00	  0.0000E+00	  0.0000E+00	  0.0000E+00	  0.0000E+00	  0.0000E+00	  0.0000E+00	  0.0000E+00	  0.0000E+00	  0.0000E+00	  0.0000E+00	  0.0000E+00	  0.0000E+00	  0.0000E+00	  0.0000E+00	  0.0000E+00	  0.0000E+00	  0.0000E+00	  0.0000E+00	  0.0000E+00	  0.0000E+00	  0.0000E+00	  0.0000E+00	  0.0000E+00	  0.0000E+00	  0.0000E+00	  0.0000E+00	  0.0000E+00	  0.0000E+00	  0.0000E+00	  0.0000E+00	  0.0000E+00	  0.0000E+00	  0.0000E+00	  0.0000E+00	  0.0000E+00	  0.0000E+00	  0.0000E+00	  0.0000E+00	  0.0000E+00	  0.0000E+00	  0.0000E+00	  0.0000E+00	  0.0000E+00	  0.0000E+00	  0.0000E+00	  0.0000E+00	  0.0000E+00	  0.0000E+00	  0.0000E+00	  0.0000E+00	  0.0000E+00	  0.0000E+00	  0.0000E+00	  0.0000E+00	  0.0000E+00	  0.0000E+00	  0.0000E+00	  0.0000E+00	  0.0000E+00	  0.0000E+00	  0.0000E+00	  0.0000E+00	  0.0000E+00	  0.0000E+00	  0.0000E+00	  0.0000E+00	  0.0000E+00	  0.0000E+00	  0.0000E+00	  0.0000E+00	  0.0000E+00	  0.0000E+00	  0.0000E+00	  0.0000E+00	  0.0000E+00	  0.0000E+00	  0.0000E+00	  0.0000E+00	  0.0000E+00	  0.0000E+00	  0.0000E+00	  0.0000E+00	  0.0000E+00
  0.0000E+00	  0.0000E+00	  0.0000E+00	  0.0000E+00	  0.0000E+00	  0.0000E+00	  0.0000E+00	  0.0000E+00	  0.0000E+00	  0.0000E+00	  0.0000E+00	  0.0000E+00	  0.0000E+00	  0.0000E+00	  0.0000E+00	  0.0000E+00	  0.0000E+00	  0.0000E+00	  0.0000E+00	  0.0000E+00	  0.0000E+00	  0.0000E+00	  0.0000E+00	  0.0000E+00	  0.0000E+00	  0.0000E+00	  0.0000E+00	  0.0000E+00	  0.0000E+00	  0.0000E+00	  0.0000E+00	  0.0000E+00	  0.0000E+00	  0.0000E+00	  0.0000E+00	  0.0000E+00	  0.0000E+00	  0.0000E+00	  0.0000E+00	  0.0000E+00	  0.0000E+00	  0.0000E+00	  0.0000E+00	  0.0000E+00	  0.0000E+00	  0.0000E+00	  0.0000E+00	  0.0000E+00	  0.0000E+00	  0.0000E+00	  0.0000E+00	  0.0000E+00	  0.0000E+00	  0.0000E+00	  0.0000E+00	  0.0000E+00	  0.0000E+00	  0.0000E+00	  0.0000E+00	  0.0000E+00	  0.0000E+00	  0.0000E+00	  0.0000E+00	  0.0000E+00	  0.0000E+00	  0.0000E+00	  0.0000E+00	  0.0000E+00	  0.0000E+00	  0.0000E+00	  0.0000E+00	  0.0000E+00	  0.0000E+00	  0.0000E+00	  0.0000E+00	  0.0000E+00	  0.0000E+00	  0.0000E+00	  0.0000E+00	  0.0000E+00	  0.0000E+00	  0.0000E+00	  0.0000E+00	  0.0000E+00	  0.0000E+00	  0.0000E+00	  0.0000E+00	  0.0000E+00	  0.0000E+00	  0.0000E+00	  0.0000E+00	  0.0000E+00	  0.0000E+00	  0.0000E+00	  0.0000E+00	  0.0000E+00	  0.0000E+00	  0.0000E+00	  0.0000E+00	  0.0000E+00	  0.0000E+00	  0.0000E+00	  0.0000E+00	  0.0000E+00	  0.0000E+00	  0.0000E+00	  0.0000E+00	  0.0000E+00	  0.0000E+00	  0.0000E+00	  0.0000E+00	  0.0000E+00	  0.0000E+00	  0.0000E+00	  0.0000E+00	  0.0000E+00	  0.0000E+00	  0.0000E+00	  0.0000E+00	  0.0000E+00	  0.0000E+00	  0.0000E+00	  0.0000E+00	  0.0000E+00	  0.0000E+00	  0.0000E+00	  0.0000E+00	  0.0000E+00
  0.0000E+00	  0.0000E+00	  0.0000E+00	  0.0000E+00	  0.0000E+00	  0.0000E+00	  0.0000E+00	  0.0000E+00	  0.0000E+00	  0.0000E+00	  0.0000E+00	  0.0000E+00	  0.0000E+00	  0.0000E+00	  0.0000E+00	  0.0000E+00	  0.0000E+00	  0.0000E+00	  0.0000E+00	  0.0000E+00	  0.0000E+00	  0.0000E+00	  0.0000E+00	  0.0000E+00	  0.0000E+00	  0.0000E+00	  0.0000E+00	  0.0000E+00	  0.0000E+00	  0.0000E+00	  0.0000E+00	  0.0000E+00	  0.0000E+00	  0.0000E+00	  0.0000E+00	  0.0000E+00	  0.0000E+00	  0.0000E+00	  0.0000E+00	  0.0000E+00	  0.0000E+00	  0.0000E+00	  0.0000E+00	  0.0000E+00	  0.0000E+00	  0.0000E+00	  0.0000E+00	  0.0000E+00	  0.0000E+00	  0.0000E+00	  0.0000E+00	  0.0000E+00	  0.0000E+00	  0.0000E+00	  0.0000E+00	  0.0000E+00	  0.0000E+00	  0.0000E+00	  0.0000E+00	  0.0000E+00	  0.0000E+00	  0.0000E+00	  0.0000E+00	  0.0000E+00	  0.0000E+00	  0.0000E+00	  0.0000E+00	  0.0000E+00	  0.0000E+00	  0.0000E+00	  0.0000E+00	  0.0000E+00	  0.0000E+00	  0.0000E+00	  0.0000E+00	  0.0000E+00	  0.0000E+00	  0.0000E+00	  0.0000E+00	  0.0000E+00	  0.0000E+00	  0.0000E+00	  0.0000E+00	  0.0000E+00	  0.0000E+00	  0.0000E+00	  0.0000E+00	  0.0000E+00	  0.0000E+00	  0.0000E+00	  0.0000E+00	  0.0000E+00	  0.0000E+00	  0.0000E+00	  0.0000E+00	  0.0000E+00	  0.0000E+00	  0.0000E+00	  0.0000E+00	  0.0000E+00	  0.0000E+00	  0.0000E+00	  0.0000E+00	  0.0000E+00	  0.0000E+00	  0.0000E+00	  0.0000E+00	  0.0000E+00	  0.0000E+00	  0.0000E+00	  0.0000E+00	  0.0000E+00	  0.0000E+00	  0.0000E+00	  0.0000E+00	  0.0000E+00	  0.0000E+00	  0.0000E+00	  0.0000E+00	  0.0000E+00	  0.0000E+00	  0.0000E+00	  0.0000E+00	  0.0000E+00	  0.0000E+00	  0.0000E+00	  0.0000E+00	  0.0000E+00
  0.0000E+00	  0.0000E+00	  0.0000E+00	  0.0000E+00	  0.0000E+00	  0.0000E+00	  0.0000E+00	  0.0000E+00	  0.0000E+00	  0.0000E+00	  0.0000E+00	  0.0000E+00	  0.0000E+00	  0.0000E+00	  0.0000E+00	  0.0000E+00	  0.0000E+00	  0.0000E+00	  0.0000E+00	  0.0000E+00	  0.0000E+00	  0.0000E+00	  0.0000E+00	  0.0000E+00	  0.0000E+00	  0.0000E+00	  0.0000E+00	  0.0000E+00	  0.0000E+00	  0.0000E+00	  0.0000E+00	  0.0000E+00	  0.0000E+00	  0.0000E+00	  0.0000E+00	  0.0000E+00	  0.0000E+00	  0.0000E+00	  0.0000E+00	  0.0000E+00	  0.0000E+00	  0.0000E+00	  0.0000E+00	  0.0000E+00	  0.0000E+00	  0.0000E+00	  0.0000E+00	  0.0000E+00	  0.0000E+00	  0.0000E+00	  0.0000E+00	  0.0000E+00	  0.0000E+00	  0.0000E+00	  0.0000E+00	  0.0000E+00	  0.0000E+00	  0.0000E+00	  0.0000E+00	  0.0000E+00	  0.0000E+00	  0.0000E+00	  0.0000E+00	  0.0000E+00	  0.0000E+00	  0.0000E+00	  0.0000E+00	  0.0000E+00	  0.0000E+00	  0.0000E+00	  0.0000E+00	  0.0000E+00	  0.0000E+00	  0.0000E+00	  0.0000E+00	  0.0000E+00	  0.0000E+00	  0.0000E+00	  0.0000E+00	  0.0000E+00	  0.0000E+00	  0.0000E+00	  0.0000E+00	  0.0000E+00	  0.0000E+00	  0.0000E+00	  0.0000E+00	  0.0000E+00	  0.0000E+00	  0.0000E+00	  0.0000E+00	  0.0000E+00	  0.0000E+00	  0.0000E+00	  0.0000E+00	  0.0000E+00	  0.0000E+00	  0.0000E+00	  0.0000E+00	  0.0000E+00	  0.0000E+00	  0.0000E+00	  0.0000E+00	  0.0000E+00	  0.0000E+00	  0.0000E+00	  0.0000E+00	  0.0000E+00	  0.0000E+00	  0.0000E+00	  0.0000E+00	  0.0000E+00	  0.0000E+00	  0.0000E+00	  0.0000E+00	  0.0000E+00	  0.0000E+00	  0.0000E+00	  0.0000E+00	  0.0000E+00	  0.0000E+00	  0.0000E+00	  0.0000E+00	  0.0000E+00	  0.0000E+00	  0.0000E+00	  0.0000E+00	  0.0000E+00
  0.0000E+00	  0.0000E+00	  0.0000E+00	  0.0000E+00	  0.0000E+00	  0.0000E+00	  0.0000E+00	  0.0000E+00	  0.0000E+00	  0.0000E+00	  0.0000E+00	  0.0000E+00	  0.0000E+00	  0.0000E+00	  0.0000E+00	  0.0000E+00	  0.0000E+00	  0.0000E+00	  0.0000E+00	  0.0000E+00	  0.0000E+00	  0.0000E+00	  0.0000E+00	  0.0000E+00	  0.0000E+00	  0.0000E+00	  0.0000E+00	  0.0000E+00	  0.0000E+00	  0.0000E+00	  0.0000E+00	  0.0000E+00	  0.0000E+00	  0.0000E+00	  0.0000E+00	  0.0000E+00	  0.0000E+00	  0.0000E+00	  0.0000E+00	  0.0000E+00	  0.0000E+00	  0.0000E+00	  0.0000E+00	  0.0000E+00	  0.0000E+00	  0.0000E+00	  0.0000E+00	  0.0000E+00	  0.0000E+00	  0.0000E+00	  0.0000E+00	  0.0000E+00	  0.0000E+00	  0.0000E+00	  0.0000E+00	  0.0000E+00	  0.0000E+00	  0.0000E+00	  0.0000E+00	  0.0000E+00	  0.0000E+00	  0.0000E+00	  0.0000E+00	  0.0000E+00	  0.0000E+00	  0.0000E+00	  0.0000E+00	  0.0000E+00	  0.0000E+00	  0.0000E+00	  0.0000E+00	  0.0000E+00	  0.0000E+00	  0.0000E+00	  0.0000E+00	  0.0000E+00	  0.0000E+00	  0.0000E+00	  0.0000E+00	  0.0000E+00	  0.0000E+00	  0.0000E+00	  0.0000E+00	  0.0000E+00	  0.0000E+00	  0.0000E+00	  0.0000E+00	  0.0000E+00	  0.0000E+00	  0.0000E+00	  0.0000E+00	  0.0000E+00	  0.0000E+00	  0.0000E+00	  0.0000E+00	  0.0000E+00	  0.0000E+00	  0.0000E+00	  0.0000E+00	  0.0000E+00	  0.0000E+00	  0.0000E+00	  0.0000E+00	  0.0000E+00	  0.0000E+00	  0.0000E+00	  0.0000E+00	  0.0000E+00	  0.0000E+00	  0.0000E+00	  0.0000E+00	  0.0000E+00	  0.0000E+00	  0.0000E+00	  0.0000E+00	  0.0000E+00	  0.0000E+00	  0.0000E+00	  0.0000E+00	  0.0000E+00	  0.0000E+00	  0.0000E+00	  0.0000E+00	  0.0000E+00	  0.0000E+00	  0.0000E+00	  0.0000E+00	  0.0000E+00
  0.0000E+00	  0.0000E+00	  0.0000E+00	  0.0000E+00	  0.0000E+00	  0.0000E+00	  0.0000E+00	  0.0000E+00	  0.0000E+00	  0.0000E+00	  0.0000E+00	  0.0000E+00	  0.0000E+00	  0.0000E+00	  0.0000E+00	  0.0000E+00	  0.0000E+00	  0.0000E+00	  0.0000E+00	  0.0000E+00	  0.0000E+00	  0.0000E+00	  0.0000E+00	  0.0000E+00	  0.0000E+00	  0.0000E+00	  0.0000E+00	  0.0000E+00	  0.0000E+00	  0.0000E+00	  0.0000E+00	  0.0000E+00	  0.0000E+00	  0.0000E+00	  0.0000E+00	  0.0000E+00	  0.0000E+00	  0.0000E+00	  0.0000E+00	  0.0000E+00	  0.0000E+00	  0.0000E+00	  0.0000E+00	  0.0000E+00	  0.0000E+00	  0.0000E+00	  0.0000E+00	  0.0000E+00	  0.0000E+00	  0.0000E+00	  0.0000E+00	  0.0000E+00	  0.0000E+00	  0.0000E+00	  0.0000E+00	  0.0000E+00	  0.0000E+00	  0.0000E+00	  0.0000E+00	  0.0000E+00	  0.0000E+00	  0.0000E+00	  0.0000E+00	  0.0000E+00	  0.0000E+00	  0.0000E+00	  0.0000E+00	  0.0000E+00	  0.0000E+00	  0.0000E+00	  0.0000E+00	  0.0000E+00	  0.0000E+00	  0.0000E+00	  0.0000E+00	  0.0000E+00	  0.0000E+00	  0.0000E+00	  0.0000E+00	  0.0000E+00	  0.0000E+00	  0.0000E+00	  0.0000E+00	  0.0000E+00	  0.0000E+00	  0.0000E+00	  0.0000E+00	  0.0000E+00	  0.0000E+00	  0.0000E+00	  0.0000E+00	  0.0000E+00	  0.0000E+00	  0.0000E+00	  0.0000E+00	  0.0000E+00	  0.0000E+00	  0.0000E+00	  0.0000E+00	  0.0000E+00	  0.0000E+00	  0.0000E+00	  0.0000E+00	  0.0000E+00	  0.0000E+00	  0.0000E+00	  0.0000E+00	  0.0000E+00	  0.0000E+00	  0.0000E+00	  0.0000E+00	  0.0000E+00	  0.0000E+00	  0.0000E+00	  0.0000E+00	  0.0000E+00	  0.0000E+00	  0.0000E+00	  0.0000E+00	  0.0000E+00	  0.0000E+00	  0.0000E+00	  0.0000E+00	  0.0000E+00	  0.0000E+00	  0.0000E+00	  0.0000E+00	  0.0000E+00
  0.0000E+00	  0.0000E+00	  0.0000E+00	  0.0000E+00	  0.0000E+00	  0.0000E+00	  0.0000E+00	  0.0000E+00	  0.0000E+00	  0.0000E+00	  0.0000E+00	  0.0000E+00	  0.0000E+00	  0.0000E+00	  0.0000E+00	  0.0000E+00	  0.0000E+00	  0.0000E+00	  0.0000E+00	  0.0000E+00	  0.0000E+00	  0.0000E+00	  0.0000E+00	  0.0000E+00	  0.0000E+00	  0.0000E+00	  0.0000E+00	  0.0000E+00	  0.0000E+00	  0.0000E+00	  0.0000E+00	  0.0000E+00	  0.0000E+00	  0.0000E+00	  0.0000E+00	  0.0000E+00	  0.0000E+00	  0.0000E+00	  0.0000E+00	  0.0000E+00	  0.0000E+00	  0.0000E+00	  0.0000E+00	  0.0000E+00	  0.0000E+00	  0.0000E+00	  0.0000E+00	  0.0000E+00	  0.0000E+00	  0.0000E+00	  0.0000E+00	  0.0000E+00	  0.0000E+00	  0.0000E+00	  0.0000E+00	  0.0000E+00	  0.0000E+00	  0.0000E+00	  0.0000E+00	  0.0000E+00	  0.0000E+00	  0.0000E+00	  0.0000E+00	  0.0000E+00	  0.0000E+00	  0.0000E+00	  0.0000E+00	  0.0000E+00	  0.0000E+00	  0.0000E+00	  0.0000E+00	  0.0000E+00	  0.0000E+00	  0.0000E+00	  0.0000E+00	  0.0000E+00	  0.0000E+00	  0.0000E+00	  0.0000E+00	  0.0000E+00	  0.0000E+00	  0.0000E+00	  0.0000E+00	  0.0000E+00	  0.0000E+00	  0.0000E+00	  0.0000E+00	  0.0000E+00	  0.0000E+00	  0.0000E+00	  0.0000E+00	  0.0000E+00	  0.0000E+00	  0.0000E+00	  0.0000E+00	  0.0000E+00	  0.0000E+00	  0.0000E+00	  0.0000E+00	  0.0000E+00	  0.0000E+00	  0.0000E+00	  0.0000E+00	  0.0000E+00	  0.0000E+00	  0.0000E+00	  0.0000E+00	  0.0000E+00	  0.0000E+00	  0.0000E+00	  0.0000E+00	  0.0000E+00	  0.0000E+00	  0.0000E+00	  0.0000E+00	  0.0000E+00	  0.0000E+00	  0.0000E+00	  0.0000E+00	  0.0000E+00	  0.0000E+00	  0.0000E+00	  0.0000E+00	  0.0000E+00	  0.0000E+00	  0.0000E+00	  0.0000E+00	  0.0000E+00
  0.0000E+00	  0.0000E+00	  0.0000E+00	  0.0000E+00	  0.0000E+00	  0.0000E+00	  0.0000E+00	  0.0000E+00	  0.0000E+00	  0.0000E+00	  0.0000E+00	  0.0000E+00	  0.0000E+00	  0.0000E+00	  0.0000E+00	  0.0000E+00	  0.0000E+00	  0.0000E+00	  0.0000E+00	  0.0000E+00	  0.0000E+00	  0.0000E+00	  0.0000E+00	  0.0000E+00	  0.0000E+00	  0.0000E+00	  0.0000E+00	  0.0000E+00	  0.0000E+00	  0.0000E+00	  0.0000E+00	  0.0000E+00	  0.0000E+00	  0.0000E+00	  0.0000E+00	  0.0000E+00	  0.0000E+00	  0.0000E+00	  0.0000E+00	  0.0000E+00	  0.0000E+00	  0.0000E+00	  0.0000E+00	  0.0000E+00	  0.0000E+00	  0.0000E+00	  0.0000E+00	  0.0000E+00	  0.0000E+00	  0.0000E+00	  0.0000E+00	  0.0000E+00	  0.0000E+00	  0.0000E+00	  0.0000E+00	  0.0000E+00	  0.0000E+00	  0.0000E+00	  0.0000E+00	  0.0000E+00	  0.0000E+00	  0.0000E+00	  0.0000E+00	  0.0000E+00	  0.0000E+00	  0.0000E+00	  0.0000E+00	  0.0000E+00	  0.0000E+00	  0.0000E+00	  0.0000E+00	  0.0000E+00	  0.0000E+00	  0.0000E+00	  0.0000E+00	  0.0000E+00	  0.0000E+00	  0.0000E+00	  0.0000E+00	  0.0000E+00	  0.0000E+00	  0.0000E+00	  0.0000E+00	  0.0000E+00	  0.0000E+00	  0.0000E+00	  0.0000E+00	  0.0000E+00	  0.0000E+00	  0.0000E+00	  0.0000E+00	  0.0000E+00	  0.0000E+00	  0.0000E+00	  0.0000E+00	  0.0000E+00	  0.0000E+00	  0.0000E+00	  0.0000E+00	  0.0000E+00	  0.0000E+00	  0.0000E+00	  0.0000E+00	  0.0000E+00	  0.0000E+00	  0.0000E+00	  0.0000E+00	  0.0000E+00	  0.0000E+00	  0.0000E+00	  0.0000E+00	  0.0000E+00	  0.0000E+00	  0.0000E+00	  0.0000E+00	  0.0000E+00	  0.0000E+00	  0.0000E+00	  0.0000E+00	  0.0000E+00	  0.0000E+00	  0.0000E+00	  0.0000E+00	  0.0000E+00	  0.0000E+00	  0.0000E+00	  0.0000E+00	  0.0000E+00
  0.0000E+00	  0.0000E+00	  0.0000E+00	  0.0000E+00	  0.0000E+00	  0.0000E+00	  0.0000E+00	  0.0000E+00	  0.0000E+00	  0.0000E+00	  0.0000E+00	  0.0000E+00	  0.0000E+00	  0.0000E+00	  0.0000E+00	  0.0000E+00	  0.0000E+00	  0.0000E+00	  0.0000E+00	  0.0000E+00	  0.0000E+00	  0.0000E+00	  0.0000E+00	  0.0000E+00	  0.0000E+00	  0.0000E+00	  0.0000E+00	  0.0000E+00	  0.0000E+00	  0.0000E+00	  0.0000E+00	  0.0000E+00	  0.0000E+00	  0.0000E+00	  0.0000E+00	  0.0000E+00	  0.0000E+00	  0.0000E+00	  0.0000E+00	  0.0000E+00	  0.0000E+00	  0.0000E+00	  0.0000E+00	  0.0000E+00	  0.0000E+00	  0.0000E+00	  0.0000E+00	  0.0000E+00	  0.0000E+00	  0.0000E+00	  0.0000E+00	  0.0000E+00	  0.0000E+00	  0.0000E+00	  0.0000E+00	  0.0000E+00	  0.0000E+00	  0.0000E+00	  0.0000E+00	  0.0000E+00	  0.0000E+00	  0.0000E+00	  0.0000E+00	  0.0000E+00	  0.0000E+00	  0.0000E+00	  0.0000E+00	  0.0000E+00	  0.0000E+00	  0.0000E+00	  0.0000E+00	  0.0000E+00	  0.0000E+00	  0.0000E+00	  0.0000E+00	  0.0000E+00	  0.0000E+00	  0.0000E+00	  0.0000E+00	  0.0000E+00	  0.0000E+00	  0.0000E+00	  0.0000E+00	  0.0000E+00	  0.0000E+00	  0.0000E+00	  0.0000E+00	  0.0000E+00	  0.0000E+00	  0.0000E+00	  0.0000E+00	  0.0000E+00	  0.0000E+00	  0.0000E+00	  0.0000E+00	  0.0000E+00	  0.0000E+00	  0.0000E+00	  0.0000E+00	  0.0000E+00	  0.0000E+00	  0.0000E+00	  0.0000E+00	  0.0000E+00	  0.0000E+00	  0.0000E+00	  0.0000E+00	  0.0000E+00	  0.0000E+00	  0.0000E+00	  0.0000E+00	  0.0000E+00	  0.0000E+00	  0.0000E+00	  0.0000E+00	  0.0000E+00	  0.0000E+00	  0.0000E+00	  0.0000E+00	  0.0000E+00	  0.0000E+00	  0.0000E+00	  0.0000E+00	  0.0000E+00	  0.0000E+00	  0.0000E+00	  0.0000E+00	  0.0000E+00
  0.0000E+00	  0.0000E+00	  0.0000E+00	  0.0000E+00	  0.0000E+00	  0.0000E+00	  0.0000E+00	  0.0000E+00	  0.0000E+00	  0.0000E+00	  0.0000E+00	  0.0000E+00	  0.0000E+00	  0.0000E+00	  0.0000E+00	  0.0000E+00	  0.0000E+00	  0.0000E+00	  0.0000E+00	  0.0000E+00	  0.0000E+00	  0.0000E+00	  0.0000E+00	  0.0000E+00	  0.0000E+00	  0.0000E+00	  0.0000E+00	  0.0000E+00	  0.0000E+00	  0.0000E+00	  0.0000E+00	  0.0000E+00	  0.0000E+00	  0.0000E+00	  0.0000E+00	  0.0000E+00	  0.0000E+00	  0.0000E+00	  0.0000E+00	  0.0000E+00	  0.0000E+00	  0.0000E+00	  0.0000E+00	  0.0000E+00	  0.0000E+00	  0.0000E+00	  0.0000E+00	  0.0000E+00	  0.0000E+00	  0.0000E+00	  0.0000E+00	  0.0000E+00	  0.0000E+00	  0.0000E+00	  0.0000E+00	  0.0000E+00	  0.0000E+00	  0.0000E+00	  0.0000E+00	  0.0000E+00	  0.0000E+00	  0.0000E+00	  0.0000E+00	  0.0000E+00	  0.0000E+00	  0.0000E+00	  0.0000E+00	  0.0000E+00	  0.0000E+00	  0.0000E+00	  0.0000E+00	  0.0000E+00	  0.0000E+00	  0.0000E+00	  0.0000E+00	  0.0000E+00	  0.0000E+00	  0.0000E+00	  0.0000E+00	  0.0000E+00	  0.0000E+00	  0.0000E+00	  0.0000E+00	  0.0000E+00	  0.0000E+00	  0.0000E+00	  0.0000E+00	  0.0000E+00	  0.0000E+00	  0.0000E+00	  0.0000E+00	  0.0000E+00	  0.0000E+00	  0.0000E+00	  0.0000E+00	  0.0000E+00	  0.0000E+00	  0.0000E+00	  0.0000E+00	  0.0000E+00	  0.0000E+00	  0.0000E+00	  0.0000E+00	  0.0000E+00	  0.0000E+00	  0.0000E+00	  0.0000E+00	  0.0000E+00	  0.0000E+00	  0.0000E+00	  0.0000E+00	  0.0000E+00	  0.0000E+00	  0.0000E+00	  0.0000E+00	  0.0000E+00	  0.0000E+00	  0.0000E+00	  0.0000E+00	  0.0000E+00	  0.0000E+00	  0.0000E+00	  0.0000E+00	  0.0000E+00	  0.0000E+00	  0.0000E+00	  0.0000E+00	  0.0000E+00
  0.0000E+00	  0.0000E+00	  0.0000E+00	  0.0000E+00	  0.0000E+00	  0.0000E+00	  0.0000E+00	  0.0000E+00	  0.0000E+00	  0.0000E+00	  0.0000E+00	  0.0000E+00	  0.0000E+00	  0.0000E+00	  0.0000E+00	  0.0000E+00	  0.0000E+00	  0.0000E+00	  0.0000E+00	  0.0000E+00	  0.0000E+00	  0.0000E+00	  0.0000E+00	  0.0000E+00	  0.0000E+00	  0.0000E+00	  0.0000E+00	  0.0000E+00	  0.0000E+00	  0.0000E+00	  0.0000E+00	  0.0000E+00	  0.0000E+00	  0.0000E+00	  0.0000E+00	  0.0000E+00	  0.0000E+00	  0.0000E+00	  0.0000E+00	  0.0000E+00	  0.0000E+00	  0.0000E+00	  0.0000E+00	  0.0000E+00	  0.0000E+00	  0.0000E+00	  0.0000E+00	  0.0000E+00	  0.0000E+00	  0.0000E+00	  0.0000E+00	  0.0000E+00	  0.0000E+00	  0.0000E+00	  0.0000E+00	  0.0000E+00	  0.0000E+00	  0.0000E+00	  0.0000E+00	  0.0000E+00	  0.0000E+00	  0.0000E+00	  0.0000E+00	  0.0000E+00	  0.0000E+00	  0.0000E+00	  0.0000E+00	  0.0000E+00	  0.0000E+00	  0.0000E+00	  0.0000E+00	  0.0000E+00	  0.0000E+00	  0.0000E+00	  0.0000E+00	  0.0000E+00	  0.0000E+00	  0.0000E+00	  0.0000E+00	  0.0000E+00	  0.0000E+00	  0.0000E+00	  0.0000E+00	  0.0000E+00	  0.0000E+00	  0.0000E+00	  0.0000E+00	  0.0000E+00	  0.0000E+00	  0.0000E+00	  0.0000E+00	  0.0000E+00	  0.0000E+00	  0.0000E+00	  0.0000E+00	  0.0000E+00	  0.0000E+00	  0.0000E+00	  0.0000E+00	  0.0000E+00	  0.0000E+00	  0.0000E+00	  0.0000E+00	  0.0000E+00	  0.0000E+00	  0.0000E+00	  0.0000E+00	  0.0000E+00	  0.0000E+00	  0.0000E+00	  0.0000E+00	  0.0000E+00	  0.0000E+00	  0.0000E+00	  0.0000E+00	  0.0000E+00	  0.0000E+00	  0.0000E+00	  0.0000E+00	  0.0000E+00	  0.0000E+00	  0.0000E+00	  0.0000E+00	  0.0000E+00	  0.0000E+00	  0.0000E+00	  0.0000E+00	  0.0000E+00
  0.0000E+00	  0.0000E+00	  0.0000E+00	  0.0000E+00	  0.0000E+00	  0.0000E+00	  0.0000E+00	  0.0000E+00	  0.0000E+00	  0.0000E+00	  0.0000E+00	  0.0000E+00	  0.0000E+00	  0.0000E+00	  0.0000E+00	  0.0000E+00	  0.0000E+00	  0.0000E+00	  0.0000E+00	  0.0000E+00	  0.0000E+00	  0.0000E+00	  0.0000E+00	  0.0000E+00	  0.0000E+00	  0.0000E+00	  0.0000E+00	  0.0000E+00	  0.0000E+00	  0.0000E+00	  0.0000E+00	  0.0000E+00	  0.0000E+00	  0.0000E+00	  0.0000E+00	  0.0000E+00	  0.0000E+00	  0.0000E+00	  0.0000E+00	  0.0000E+00	  0.0000E+00	  0.0000E+00	  0.0000E+00	  0.0000E+00	  0.0000E+00	  0.0000E+00	  0.0000E+00	  0.0000E+00	  0.0000E+00	  0.0000E+00	  0.0000E+00	  0.0000E+00	  0.0000E+00	  0.0000E+00	  0.0000E+00	  0.0000E+00	  0.0000E+00	  0.0000E+00	  0.0000E+00	  0.0000E+00	  0.0000E+00	  0.0000E+00	  0.0000E+00	  0.0000E+00	  0.0000E+00	  0.0000E+00	  0.0000E+00	  0.0000E+00	  0.0000E+00	  0.0000E+00	  0.0000E+00	  0.0000E+00	  0.0000E+00	  0.0000E+00	  0.0000E+00	  0.0000E+00	  0.0000E+00	  0.0000E+00	  0.0000E+00	  0.0000E+00	  0.0000E+00	  0.0000E+00	  0.0000E+00	  0.0000E+00	  0.0000E+00	  0.0000E+00	  0.0000E+00	  0.0000E+00	  0.0000E+00	  0.0000E+00	  0.0000E+00	  0.0000E+00	  0.0000E+00	  0.0000E+00	  0.0000E+00	  0.0000E+00	  0.0000E+00	  0.0000E+00	  0.0000E+00	  0.0000E+00	  0.0000E+00	  0.0000E+00	  0.0000E+00	  0.0000E+00	  0.0000E+00	  0.0000E+00	  0.0000E+00	  0.0000E+00	  0.0000E+00	  0.0000E+00	  0.0000E+00	  0.0000E+00	  0.0000E+00	  0.0000E+00	  0.0000E+00	  0.0000E+00	  0.0000E+00	  0.0000E+00	  0.0000E+00	  0.0000E+00	  0.0000E+00	  0.0000E+00	  0.0000E+00	  0.0000E+00	  0.0000E+00	  0.0000E+00	  0.0000E+00	  0.0000E+00
  0.0000E+00	  0.0000E+00	  0.0000E+00	  0.0000E+00	  0.0000E+00	  0.0000E+00	  0.0000E+00	  0.0000E+00	  0.0000E+00	  0.0000E+00	  0.0000E+00	  0.0000E+00	  0.0000E+00	  0.0000E+00	  0.0000E+00	  0.0000E+00	  0.0000E+00	  0.0000E+00	  0.0000E+00	  0.0000E+00	  0.0000E+00	  0.0000E+00	  0.0000E+00	  0.0000E+00	  0.0000E+00	  0.0000E+00	  0.0000E+00	  0.0000E+00	  0.0000E+00	  0.0000E+00	  0.0000E+00	  0.0000E+00	  0.0000E+00	  0.0000E+00	  0.0000E+00	  0.0000E+00	  0.0000E+00	  0.0000E+00	  0.0000E+00	  0.0000E+00	  0.0000E+00	  0.0000E+00	  0.0000E+00	  0.0000E+00	  0.0000E+00	  0.0000E+00	  0.0000E+00	  0.0000E+00	  0.0000E+00	  0.0000E+00	  0.0000E+00	  0.0000E+00	  0.0000E+00	  0.0000E+00	  0.0000E+00	  0.0000E+00	  0.0000E+00	  0.0000E+00	  0.0000E+00	  0.0000E+00	  0.0000E+00	  0.0000E+00	  0.0000E+00	  0.0000E+00	  0.0000E+00	  0.0000E+00	  0.0000E+00	  0.0000E+00	  0.0000E+00	  0.0000E+00	  0.0000E+00	  0.0000E+00	  0.0000E+00	  0.0000E+00	  0.0000E+00	  0.0000E+00	  0.0000E+00	  0.0000E+00	  0.0000E+00	  0.0000E+00	  0.0000E+00	  0.0000E+00	  0.0000E+00	  0.0000E+00	  0.0000E+00	  0.0000E+00	  0.0000E+00	  0.0000E+00	  0.0000E+00	  0.0000E+00	  0.0000E+00	  0.0000E+00	  0.0000E+00	  0.0000E+00	  0.0000E+00	  0.0000E+00	  0.0000E+00	  0.0000E+00	  0.0000E+00	  0.0000E+00	  0.0000E+00	  0.0000E+00	  0.0000E+00	  0.0000E+00	  0.0000E+00	  0.0000E+00	  0.0000E+00	  0.0000E+00	  0.0000E+00	  0.0000E+00	  0.0000E+00	  0.0000E+00	  0.0000E+00	  0.0000E+00	  0.0000E+00	  0.0000E+00	  0.0000E+00	  0.0000E+00	  0.0000E+00	  0.0000E+00	  0.0000E+00	  0.0000E+00	  0.0000E+00	  0.0000E+00	  0.0000E+00	  0.0000E+00	  0.0000E+00	  0.0000E+00
  0.0000E+00	  0.0000E+00	  0.0000E+00	  0.0000E+00	  0.0000E+00	  0.0000E+00	  0.0000E+00	  0.0000E+00	  0.0000E+00	  0.0000E+00	  0.0000E+00	  0.0000E+00	  0.0000E+00	  0.0000E+00	  0.0000E+00	  0.0000E+00	  0.0000E+00	  0.0000E+00	  0.0000E+00	  0.0000E+00	  0.0000E+00	  0.0000E+00	  0.0000E+00	  0.0000E+00	  0.0000E+00	  0.0000E+00	  0.0000E+00	  0.0000E+00	  0.0000E+00	  0.0000E+00	  0.0000E+00	  0.0000E+00	  0.0000E+00	  0.0000E+00	  0.0000E+00	  0.0000E+00	  0.0000E+00	  0.0000E+00	  0.0000E+00	  0.0000E+00	  0.0000E+00	  0.0000E+00	  0.0000E+00	  0.0000E+00	  0.0000E+00	  0.0000E+00	  0.0000E+00	  0.0000E+00	  0.0000E+00	  0.0000E+00	  0.0000E+00	  0.0000E+00	  0.0000E+00	  0.0000E+00	  0.0000E+00	  0.0000E+00	  0.0000E+00	  0.0000E+00	  0.0000E+00	  0.0000E+00	  0.0000E+00	  0.0000E+00	  0.0000E+00	  0.0000E+00	  0.0000E+00	  0.0000E+00	  0.0000E+00	  0.0000E+00	  0.0000E+00	  0.0000E+00	  0.0000E+00	  0.0000E+00	  0.0000E+00	  0.0000E+00	  0.0000E+00	  0.0000E+00	  0.0000E+00	  0.0000E+00	  0.0000E+00	  0.0000E+00	  0.0000E+00	  0.0000E+00	  0.0000E+00	  0.0000E+00	  0.0000E+00	  0.0000E+00	  0.0000E+00	  0.0000E+00	  0.0000E+00	  0.0000E+00	  0.0000E+00	  0.0000E+00	  0.0000E+00	  0.0000E+00	  0.0000E+00	  0.0000E+00	  0.0000E+00	  0.0000E+00	  0.0000E+00	  0.0000E+00	  0.0000E+00	  0.0000E+00	  0.0000E+00	  0.0000E+00	  0.0000E+00	  0.0000E+00	  0.0000E+00	  0.0000E+00	  0.0000E+00	  0.0000E+00	  0.0000E+00	  0.0000E+00	  0.0000E+00	  0.0000E+00	  0.0000E+00	  0.0000E+00	  0.0000E+00	  0.0000E+00	  0.0000E+00	  0.0000E+00	  0.0000E+00	  0.0000E+00	  0.0000E+00	  0.0000E+00	  0.0000E+00	  0.0000E+00	  0.0000E+00	  0.0000E+00
  0.0000E+00	  0.0000E+00	  0.0000E+00	  0.0000E+00	  0.0000E+00	  0.0000E+00	  0.0000E+00	  0.0000E+00	  0.0000E+00	  0.0000E+00	  0.0000E+00	  0.0000E+00	  0.0000E+00	  0.0000E+00	  0.0000E+00	  0.0000E+00	  0.0000E+00	  0.0000E+00	  0.0000E+00	  0.0000E+00	  0.0000E+00	  0.0000E+00	  0.0000E+00	  0.0000E+00	  0.0000E+00	  0.0000E+00	  0.0000E+00	  0.0000E+00	  0.0000E+00	  0.0000E+00	  0.0000E+00	  0.0000E+00	  0.0000E+00	  0.0000E+00	  0.0000E+00	  0.0000E+00	  0.0000E+00	  0.0000E+00	  0.0000E+00	  0.0000E+00	  0.0000E+00	  0.0000E+00	  0.0000E+00	  0.0000E+00	  0.0000E+00	  0.0000E+00	  0.0000E+00	  0.0000E+00	  0.0000E+00	  0.0000E+00	  0.0000E+00	  0.0000E+00	  0.0000E+00	  0.0000E+00	  0.0000E+00	  0.0000E+00	  0.0000E+00	  0.0000E+00	  0.0000E+00	  0.0000E+00	  0.0000E+00	  0.0000E+00	  0.0000E+00	  0.0000E+00	  0.0000E+00	  0.0000E+00	  0.0000E+00	  0.0000E+00	  0.0000E+00	  0.0000E+00	  0.0000E+00	  4.0027E-03	  4.1862E-02	  8.9768E-03	  0.0000E+00	  0.0000E+00	  0.0000E+00	  0.0000E+00	  0.0000E+00	  0.0000E+00	  0.0000E+00	  0.0000E+00	  0.0000E+00	  0.0000E+00	  0.0000E+00	  0.0000E+00	  5.4002E-02	  4.7892E-02	  0.0000E+00	  0.0000E+00	  0.0000E+00	  0.0000E+00	  0.0000E+00	  0.0000E+00	  0.0000E+00	  0.0000E+00	  0.0000E+00	  0.0000E+00	  0.0000E+00	  0.0000E+00	  0.0000E+00	  0.0000E+00	  0.0000E+00	  0.0000E+00	  0.0000E+00	  0.0000E+00	  0.0000E+00	  0.0000E+00	  0.0000E+00	  0.0000E+00	  0.0000E+00	  0.0000E+00	  0.0000E+00	  0.0000E+00	  0.0000E+00	  0.0000E+00	  0.0000E+00	  0.0000E+00	  0.0000E+00	  0.0000E+00	  0.0000E+00	  0.0000E+00	  0.0000E+00	  0.0000E+00	  0.0000E+00	  0.0000E+00	  0.0000E+00	  0.0000E+00
  0.0000E+00	  0.0000E+00	  0.0000E+00	  0.0000E+00	  0.0000E+00	  0.0000E+00	  0.0000E+00	  0.0000E+00	  0.0000E+00	  0.0000E+00	  0.0000E+00	  0.0000E+00	  0.0000E+00	  0.0000E+00	  0.0000E+00	  0.0000E+00	  0.0000E+00	  0.0000E+00	  0.0000E+00	  0.0000E+00	  0.0000E+00	  0.0000E+00	  0.0000E+00	  0.0000E+00	  0.0000E+00	  0.0000E+00	  0.0000E+00	  0.0000E+00	  0.0000E+00	  0.0000E+00	  0.0000E+00	  0.0000E+00	  0.0000E+00	  0.0000E+00	  0.0000E+00	  0.0000E+00	  0.0000E+00	  0.0000E+00	  0.0000E+00	  0.0000E+00	  0.0000E+00	  0.0000E+00	  0.0000E+00	  0.0000E+00	  0.0000E+00	  0.0000E+00	  0.0000E+00	  0.0000E+00	  0.0000E+00	  0.0000E+00	  0.0000E+00	  0.0000E+00	  0.0000E+00	  0.0000E+00	  0.0000E+00	  0.0000E+00	  0.0000E+00	  0.0000E+00	  0.0000E+00	  0.0000E+00	  0.0000E+00	  0.0000E+00	  0.0000E+00	  0.0000E+00	  0.0000E+00	  0.0000E+00	  0.0000E+00	  0.0000E+00	  0.0000E+00	  0.0000E+00	  0.0000E+00	  3.3068E-01	  2.1101E+00	  3.9839E-01	  4.3826E-02	  0.0000E+00	  0.0000E+00	  4.9943E-01	  1.3390E+00	  1.7374E+00	  2.6064E-01	  0.0000E+00	  0.0000E+00	  0.0000E+00	  0.0000E+00	  1.2342E-03	  8.7655E-01	  7.2743E-01	  2.8332E-01	  0.0000E+00	  0.0000E+00	  0.0000E+00	  0.0000E+00	  0.0000E+00	  4.0775E-01	  2.4631E-01	  0.0000E+00	  0.0000E+00	  0.0000E+00	  0.0000E+00	  0.0000E+00	  0.0000E+00	  0.0000E+00	  0.0000E+00	  0.0000E+00	  0.0000E+00	  0.0000E+00	  0.0000E+00	  0.0000E+00	  0.0000E+00	  0.0000E+00	  0.0000E+00	  0.0000E+00	  0.0000E+00	  0.0000E+00	  0.0000E+00	  0.0000E+00	  0.0000E+00	  0.0000E+00	  0.0000E+00	  0.0000E+00	  0.0000E+00	  0.0000E+00	  0.0000E+00	  0.0000E+00	  0.0000E+00	  0.0000E+00	  0.0000E+00
  0.0000E+00	  0.0000E+00	  0.0000E+00	  0.0000E+00	  0.0000E+00	  0.0000E+00	  0.0000E+00	  0.0000E+00	  0.0000E+00	  0.0000E+00	  0.0000E+00	  0.0000E+00	  0.0000E+00	  0.0000E+00	  0.0000E+00	  0.0000E+00	  0.0000E+00	  0.0000E+00	  0.0000E+00	  0.0000E+00	  0.0000E+00	  0.0000E+00	  0.0000E+00	  0.0000E+00	  0.0000E+00	  0.0000E+00	  0.0000E+00	  0.0000E+00	  0.0000E+00	  0.0000E+00	  0.0000E+00	  0.0000E+00	  0.0000E+00	  0.0000E+00	  0.0000E+00	  0.0000E+00	  0.0000E+00	  0.0000E+00	  0.0000E+00	  0.0000E+00	  0.0000E+00	  0.0000E+00	  0.0000E+00	  0.0000E+00	  0.0000E+00	  0.0000E+00	  0.0000E+00	  0.0000E+00	  0.0000E+00	  0.0000E+00	  0.0000E+00	  0.0000E+00	  0.0000E+00	  0.0000E+00	  0.0000E+00	  0.0000E+00	  1.5942E-01	  1.6389E-02	  0.0000E+00	  0.0000E+00	  0.0000E+00	  0.0000E+00	  2.3754E-01	  7.2153E-01	  1.0612E+00	  0.0000E+00	  2.4334E-03	  5.9019E-01	  3.1463E-01	  1.4484E+00	  7.4772E-01	  2.9563E+00	  3.2220E+00	  1.1009E+00	  8.2721E-01	  9.3140E-01	  1.5229E+00	  1.1232E+00	  3.5532E+00	  5.0225E+00	  1.6715E+00	  1.2171E-01	  6.9140E-01	  1.3744E+00	  8.1052E-01	  8.0788E-01	  4.2213E+00	  3.4242E+00	  1.8472E+00	  7.1226E-02	  0.0000E+00	  0.0000E+00	  0.0000E+00	  0.0000E+00	  2.1515E-01	  1.2997E-01	  4.3290E-01	  9.7033E-02	  0.0000E+00	  0.0000E+00	  0.0000E+00	  0.0000E+00	  0.0000E+00	  0.0000E+00	  0.0000E+00	  0.0000E+00	  0.0000E+00	  0.0000E+00	  0.0000E+00	  0.0000E+00	  0.0000E+00	  0.0000E+00	  0.0000E+00	  0.0000E+00	  0.0000E+00	  0.0000E+00	  0.0000E+00	  0.0000E+00	  0.0000E+00	  0.0000E+00	  0.0000E+00	  0.0000E+00	  0.0000E+00	  0.0000E+00	  0.0000E+00	  0.0000E+00	  0.0000E+00	  0.0000E+00
  0.0000E+00	  0.0000E+00	  0.0000E+00	  0.0000E+00	  0.0000E+00	  0.0000E+00	  0.0000E+00	  0.0000E+00	  0.0000E+00	  0.0000E+00	  0.0000E+00	  0.0000E+00	  0.0000E+00	  0.0000E+00	  0.0000E+00	  0.0000E+00	  0.0000E+00	  0.0000E+00	  0.0000E+00	  0.0000E+00	  0.0000E+00	  0.0000E+00	  0.0000E+00	  0.0000E+00	  0.0000E+00	  0.0000E+00	  0.0000E+00	  0.0000E+00	  0.0000E+00	  0.0000E+00	  0.0000E+00	  0.0000E+00	  0.0000E+00	  0.0000E+00	  0.0000E+00	  0.0000E+00	  0.0000E+00	  0.0000E+00	  0.0000E+00	  0.0000E+00	  0.0000E+00	  0.0000E+00	  0.0000E+00	  0.0000E+00	  0.0000E+00	  0.0000E+00	  0.0000E+00	  0.0000E+00	  0.0000E+00	  0.0000E+00	  0.0000E+00	  0.0000E+00	  0.0000E+00	  0.0000E+00	  3.4603E-02	  7.5349E-01	  1.3048E+00	  7.6755E-02	  2.5294E-01	  9.5073E-02	  3.6670E-01	  0.0000E+00	  8.2587E-01	  2.8403E+00	  3.8186E+00	  2.6225E+00	  2.3232E-01	  1.9897E+00	  3.1445E+00	  4.2750E+00	  7.1412E+00	  1.0888E+01	  8.7169E+00	  6.2859E+00	  5.0679E+00	  5.5813E+00	  6.3238E+00	  9.6517E+00	  1.0182E+01	  8.6129E+00	  7.7308E+00	  4.8499E+00	  2.5916E+00	  5.6977E+00	  7.3300E+00	  7.4990E+00	  1.1041E+01	  6.6312E+00	  3.8075E+00	  2.1013E+00	  1.9482E+00	  3.6555E-01	  1.0974E+00	  5.9567E-01	  3.4155E-01	  1.0946E-02	  3.8332E-01	  1.2348E+00	  7.6051E-01	  0.0000E+00	  0.0000E+00	  0.0000E+00	  0.0000E+00	  0.0000E+00	  0.0000E+00	  0.0000E+00	  0.0000E+00	  0.0000E+00	  0.0000E+00	  0.0000E+00	  0.0000E+00	  0.0000E+00	  0.0000E+00	  0.0000E+00	  0.0000E+00	  0.0000E+00	  0.0000E+00	  0.0000E+00	  0.0000E+00	  0.0000E+00	  0.0000E+00	  0.0000E+00	  0.0000E+00	  0.0000E+00	  0.0000E+00	  0.0000E+00	  0.0000E+00	  0.0000E+00
  0.0000E+00	  0.0000E+00	  0.0000E+00	  0.0000E+00	  0.0000E+00	  0.0000E+00	  0.0000E+00	  0.0000E+00	  0.0000E+00	  0.0000E+00	  0.0000E+00	  0.0000E+00	  0.0000E+00	  0.0000E+00	  0.0000E+00	  0.0000E+00	  0.0000E+00	  0.0000E+00	  0.0000E+00	  0.0000E+00	  0.0000E+00	  0.0000E+00	  0.0000E+00	  0.0000E+00	  0.0000E+00	  0.0000E+00	  0.0000E+00	  0.0000E+00	  0.0000E+00	  0.0000E+00	  0.0000E+00	  0.0000E+00	  0.0000E+00	  0.0000E+00	  0.0000E+00	  0.0000E+00	  0.0000E+00	  0.0000E+00	  0.0000E+00	  0.0000E+00	  0.0000E+00	  0.0000E+00	  0.0000E+00	  0.0000E+00	  0.0000E+00	  0.0000E+00	  0.0000E+00	  0.0000E+00	  0.0000E+00	  0.0000E+00	  4.8373E-01	  7.4429E-01	  2.0496E-01	  9.3328E-01	  8.0967E-01	  6.5134E-01	  9.0391E-02	  1.4848E+00	  3.4972E+00	  2.8130E+00	  1.0447E+00	  8.9130E-01	  2.4034E+00	  7.7569E+00	  1.0533E+01	  1.2081E+01	  3.5575E+00	  3.1613E+00	  9.0107E+00	  1.1614E+01	  1.3327E+01	  1.6194E+01	  1.7492E+01	  2.0721E+01	  1.4649E+01	  1.1688E+01	  1.6835E+01	  1.4807E+01	  1.6430E+01	  1.8900E+01	  1.6776E+01	  1.3709E+01	  9.5824E+00	  9.7381E+00	  1.8879E+01	  1.0958E+01	  1.2663E+01	  1.2054E+01	  7.0253E+00	  3.8645E+00	  4.1495E+00	  3.6687E+00	  4.8032E+00	  4.5096E+00	  4.7395E+00	  1.4461E+00	  4.8243E-01	  8.2285E-01	  1.0105E+00	  1.6026E-02	  0.0000E+00	  0.0000E+00	  0.0000E+00	  0.0000E+00	  0.0000E+00	  0.0000E+00	  0.0000E+00	  0.0000E+00	  0.0000E+00	  0.0000E+00	  0.0000E+00	  0.0000E+00	  0.0000E+00	  0.0000E+00	  0.0000E+00	  0.0000E+00	  0.0000E+00	  0.0000E+00	  0.0000E+00	  0.0000E+00	  0.0000E+00	  0.0000E+00	  0.0000E+00	  0.0000E+00	  0.0000E+00	  0.0000E+00	  0.0000E+00	  0.0000E+00
  0.0000E+00	  0.0000E+00	  0.0000E+00	  0.0000E+00	  0.0000E+00	  0.0000E+00	  0.0000E+00	  0.0000E+00	  0.0000E+00	  0.0000E+00	  0.0000E+00	  0.0000E+00	  0.0000E+00	  0.0000E+00	  0.0000E+00	  0.0000E+00	  0.0000E+00	  0.0000E+00	  0.0000E+00	  0.0000E+00	  0.0000E+00	  0.0000E+00	  0.0000E+00	  0.0000E+00	  0.0000E+00	  0.0000E+00	  0.0000E+00	  0.0000E+00	  0.0000E+00	  0.0000E+00	  0.0000E+00	  0.0000E+00	  0.0000E+00	  0.0000E+00	  0.0000E+00	  0.0000E+00	  0.0000E+00	  0.0000E+00	  0.0000E+00	  0.0000E+00	  0.0000E+00	  0.0000E+00	  0.0000E+00	  0.0000E+00	  0.0000E+00	  0.0000E+00	  0.0000E+00	  0.0000E+00	  2.6088E-01	  9.3945E-01	  1.9793E+00	  3.9982E+00	  1.6117E+00	  9.1563E-01	  3.1915E+00	  4.1753E+00	  7.6174E+00	  1.1307E+01	  8.5420E+00	  8.0962E+00	  9.6847E+00	  1.0856E+01	  6.7760E+00	  1.1404E+01	  1.6816E+01	  2.5351E+01	  1.6796E+01	  2.1739E+01	  3.0827E+01	  2.3344E+01	  2.8456E+01	  2.6470E+01	  3.8494E+01	  3.8010E+01	  3.0556E+01	  2.9695E+01	  3.0262E+01	  2.5150E+01	  2.8580E+01	  3.6508E+01	  3.4080E+01	  2.9070E+01	  4.1818E+01	  2.9774E+01	  2.9660E+01	  2.3406E+01	  1.8242E+01	  1.9032E+01	  1.5241E+01	  1.4392E+01	  1.9619E+01	  1.7581E+01	  1.8266E+01	  1.4625E+01	  8.4733E+00	  6.1984E+00	  2.9149E+00	  1.6485E+00	  8.6512E-01	  8.2288E-02	  0.0000E+00	  0.0000E+00	  0.0000E+00	  0.0000E+00	  0.0000E+00	  0.0000E+00	  0.0000E+00	  0.0000E+00	  0.0000E+00	  0.0000E+00	  0.0000E+00	  0.0000E+00	  0.0000E+00	  0.0000E+00	  0.0000E+00	  0.0000E+00	  0.0000E+00	  0.0000E+00	  0.0000E+00	  0.0000E+00	  0.0000E+00	  0.0000E+00	  0.0000E+00	  0.0000E+00	  0.0000E+00	  0.0000E+00	  0.0000E+00	  0.0000E+00
  0.0000E+00	  0.0000E+00	  0.0000E+00	  0.0000E+00	  0.0000E+00	  0.0000E+00	  0.0000E+00	  0.0000E+00	  0.0000E+00	  0.0000E+00	  0.0000E+00	  0.0000E+00	  0.0000E+00	  0.0000E+00	  0.0000E+00	  0.0000E+00	  0.0000E+00	  0.0000E+00	  0.0000E+00	  0.0000E+00	  0.0000E+00	  0.0000E+00	  0.0000E+00	  0.0000E+00	  0.0000E+00	  0.0000E+00	  0.0000E+00	  0.0000E+00	  0.0000E+00	  0.0000E+00	  0.0000E+00	  0.0000E+00	  0.0000E+00	  0.0000E+00	  0.0000E+00	  0.0000E+00	  0.0000E+00	  0.0000E+00	  0.0000E+00	  0.0000E+00	  0.0000E+00	  0.0000E+00	  0.0000E+00	  3.5760E-01	  1.0369E-01	  3.9759E-02	  7.5432E-01	  3.3961E+00	  4.7393E+00	  8.3268E+00	  3.0457E+00	  4.2218E+00	  7.5510E+00	  8.2890E+00	  9.1197E+00	  1.3375E+01	  1.3325E+01	  1.4158E+01	  1.6404E+01	  2.1382E+01	  2.7637E+01	  3.0600E+01	  3.1866E+01	  2.0067E+01	  2.9358E+01	  4.3653E+01	  4.7008E+01	  5.4281E+01	  6.3218E+01	  5.6648E+01	  5.0254E+01	  5.6962E+01	  6.0836E+01	  5.6703E+01	  5.3281E+01	  6.8914E+01	  6.2748E+01	  7.8637E+01	  7.5667E+01	  6.5169E+01	  6.0374E+01	  6.4716E+01	  7.2615E+01	  6.3754E+01	  6.1683E+01	  6.5099E+01	  5.5227E+01	  4.6685E+01	  3.7912E+01	  4.2069E+01	  4.1171E+01	  4.3524E+01	  3.7804E+01	  2.0537E+01	  1.6290E+01	  1.2424E+01	  7.8517E+00	  5.0297E+00	  3.0402E+00	  5.6039E-01	  0.0000E+00	  0.0000E+00	  0.0000E+00	  0.0000E+00	  0.0000E+00	  0.0000E+00	  0.0000E+00	  0.0000E+00	  0.0000E+00	  0.0000E+00	  0.0000E+00	  0.0000E+00	  0.0000E+00	  0.0000E+00	  0.0000E+00	  0.0000E+00	  0.0000E+00	  0.0000E+00	  0.0000E+00	  0.0000E+00	  0.0000E+00	  0.0000E+00	  0.0000E+00	  0.0000E+00	  0.0000E+00	  0.0000E+00	  0.0000E+00	  0.0000E+00
  0.0000E+00	  0.0000E+00	  0.0000E+00	  0.0000E+00	  0.0000E+00	  0.0000E+00	  0.0000E+00	  0.0000E+00	  0.0000E+00	  0.0000E+00	  0.0000E+00	  0.0000E+00	  0.0000E+00	  0.0000E+00	  0.0000E+00	  0.0000E+00	  0.0000E+00	  0.0000E+00	  0.0000E+00	  0.0000E+00	  0.0000E+00	  0.0000E+00	  0.0000E+00	  0.0000E+00	  0.0000E+00	  0.0000E+00	  0.0000E+00	  0.0000E+00	  0.0000E+00	  0.0000E+00	  0.0000E+00	  0.0000E+00	  0.0000E+00	  0.0000E+00	  0.0000E+00	  0.0000E+00	  0.0000E+00	  0.0000E+00	  0.0000E+00	  0.0000E+00	  0.0000E+00	  6.2558E-01	  2.6634E-01	  9.1291E-01	  3.4930E-01	  2.4017E+00	  4.8283E+00	  7.9660E+00	  1.1319E+01	  1.7172E+01	  1.4058E+01	  1.6542E+01	  2.0725E+01	  2.4222E+01	  2.3005E+01	  2.0226E+01	  2.3431E+01	  2.9343E+01	  3.9053E+01	  3.4937E+01	  4.0528E+01	  6.2278E+01	  6.2084E+01	  4.0322E+01	  6.1443E+01	  7.0371E+01	  7.6887E+01	  8.9874E+01	  8.8210E+01	  7.8571E+01	  7.4112E+01	  9.1014E+01	  8.5190E+01	  7.5934E+01	  8.4016E+01	  9.7756E+01	  9.5321E+01	  1.1365E+02	  1.1821E+02	  9.2239E+01	  8.5637E+01	  9.7767E+01	  9.9752E+01	  9.8805E+01	  1.0193E+02	  9.9953E+01	  9.0190E+01	  8.1226E+01	  7.4238E+01	  7.6839E+01	  7.6040E+01	  8.2169E+01	  5.3259E+01	  3.5759E+01	  3.2218E+01	  2.6946E+01	  1.8587E+01	  1.5194E+01	  5.2382E+00	  1.2334E+00	  3.7814E-01	  2.6218E-03	  0.0000E+00	  3.9773E-01	  1.8320E-01	  0.0000E+00	  0.0000E+00	  0.0000E+00	  0.0000E+00	  0.0000E+00	  0.0000E+00	  0.0000E+00	  0.0000E+00	  0.0000E+00	  0.0000E+00	  0.0000E+00	  0.0000E+00	  0.0000E+00	  0.0000E+00	  0.0000E+00	  0.0000E+00	  0.0000E+00	  0.0000E+00	  0.0000E+00	  0.0000E+00	  0.0000E+00	  0.0000E+00	  0.0000E+00
  0.0000E+00	  0.0000E+00	  0.0000E+00	  0.0000E+00	  0.0000E+00	  0.0000E+00	  0.0000E+00	  0.0000E+00	  0.0000E+00	  0.0000E+00	  0.0000E+00	  0.0000E+00	  0.0000E+00	  0.0000E+00	  0.0000E+00	  0.0000E+00	  0.0000E+00	  0.0000E+00	  0.0000E+00	  0.0000E+00	  0.0000E+00	  0.0000E+00	  0.0000E+00	  0.0000E+00	  0.0000E+00	  0.0000E+00	  0.0000E+00	  0.0000E+00	  0.0000E+00	  0.0000E+00	  0.0000E+00	  0.0000E+00	  0.0000E+00	  0.0000E+00	  0.0000E+00	  0.0000E+00	  0.0000E+00	  0.0000E+00	  7.7599E-01	  1.0203E+00	  9.8791E-01	  1.3988E+00	  1.5906E+00	  1.0110E+00	  2.5644E+00	  2.4473E+00	  9.2332E+00	  1.2817E+01	  2.0715E+01	  2.3732E+01	  2.8281E+01	  4.0433E+01	  4.3577E+01	  5.1181E+01	  5.9235E+01	  6.2712E+01	  5.4271E+01	  5.6144E+01	  8.1313E+01	  7.0995E+01	  6.7474E+01	  9.7779E+01	  9.9977E+01	  7.3230E+01	  8.0257E+01	  9.1388E+01	  9.2706E+01	  1.2127E+02	  1.1028E+02	  8.5872E+01	  7.7667E+01	  1.0095E+02	  1.2044E+02	  1.1701E+02	  1.0835E+02	  1.2873E+02	  1.4030E+02	  1.3565E+02	  1.4176E+02	  1.3516E+02	  1.3615E+02	  1.4077E+02	  1.3204E+02	  1.2432E+02	  1.2103E+02	  1.3375E+02	  1.3979E+02	  1.3545E+02	  1.4681E+02	  1.4118E+02	  1.3241E+02	  1.1610E+02	  8.6692E+01	  7.1115E+01	  5.6097E+01	  4.6380E+01	  3.9741E+01	  2.6888E+01	  1.7674E+01	  9.5107E+00	  5.1326E+00	  8.4282E-01	  4.2403E-02	  2.8635E-01	  1.3190E-01	  0.0000E+00	  0.0000E+00	  0.0000E+00	  0.0000E+00	  0.0000E+00	  0.0000E+00	  0.0000E+00	  0.0000E+00	  0.0000E+00	  0.0000E+00	  0.0000E+00	  0.0000E+00	  0.0000E+00	  0.0000E+00	  0.0000E+00	  0.0000E+00	  0.0000E+00	  0.0000E+00	  0.0000E+00	  0.0000E+00	  0.0000E+00	  0.0000E+00	  0.0000E+00
  0.0000E+00	  0.0000E+00	  0.0000E+00	  0.0000E+00	  0.0000E+00	  0.0000E+00	  0.0000E+00	  0.0000E+00	  0.0000E+00	  0.0000E+00	  0.0000E+00	  0.0000E+00	  0.0000E+00	  0.0000E+00	  0.0000E+00	  0.0000E+00	  0.0000E+00	  0.0000E+00	  0.0000E+00	  0.0000E+00	  0.0000E+00	  0.0000E+00	  0.0000E+00	  0.0000E+00	  0.0000E+00	  0.0000E+00	  0.0000E+00	  0.0000E+00	  0.0000E+00	  0.0000E+00	  0.0000E+00	  0.0000E+00	  0.0000E+00	  0.0000E+00	  1.3663E-01	  2.5321E-01	  0.0000E+00	  2.9527E-01	  3.7970E+00	  4.2295E+00	  6.5754E+00	  5.6955E+00	  5.5672E+00	  1.9725E+00	  5.4517E+00	  1.1596E+01	  2.0514E+01	  3.2067E+01	  3.9523E+01	  3.9185E+01	  5.0323E+01	  6.3797E+01	  6.3231E+01	  8.7720E+01	  1.0140E+02	  1.0105E+02	  7.3180E+01	  6.7618E+01	  1.0279E+02	  1.1144E+02	  1.1152E+02	  1.0948E+02	  1.1035E+02	  9.4857E+01	  9.9743E+01	  1.1171E+02	  1.1601E+02	  1.2991E+02	  1.0978E+02	  8.9040E+01	  8.2794E+01	  1.1543E+02	  1.4010E+02	  1.3322E+02	  1.2199E+02	  1.4836E+02	  1.6216E+02	  1.4564E+02	  1.4911E+02	  1.6318E+02	  1.6305E+02	  1.6040E+02	  1.4756E+02	  1.6091E+02	  1.5976E+02	  1.6931E+02	  1.8391E+02	  1.9430E+02	  1.9685E+02	  1.8273E+02	  1.6617E+02	  1.4554E+02	  1.2296E+02	  1.0171E+02	  9.4032E+01	  8.9654E+01	  7.4866E+01	  5.5312E+01	  4.3609E+01	  2.2481E+01	  6.8614E+00	  3.7097E+00	  1.3855E+00	  4.2396E-01	  5.2465E-01	  5.3075E-01	  0.0000E+00	  0.0000E+00	  0.0000E+00	  0.0000E+00	  0.0000E+00	  0.0000E+00	  0.0000E+00	  0.0000E+00	  0.0000E+00	  0.0000E+00	  0.0000E+00	  0.0000E+00	  0.0000E+00	  0.0000E+00	  0.0000E+00	  0.0000E+00	  0.0000E+00	  0.0000E+00	  0.0000E+00	  0.0000E+00	  0.0000E+00	  0.0000E+00
  0.0000E+00	  0.0000E+00	  0.0000E+00	  0.0000E+00	  0.0000E+00	  0.0000E+00	  0.0000E+00	  0.0000E+00	  0.0000E+00	  0.0000E+00	  0.0000E+00	  0.0000E+00	  0.0000E+00	  0.0000E+00	  0.0000E+00	  0.0000E+00	  0.0000E+00	  0.0000E+00	  0.0000E+00	  0.0000E+00	  0.0000E+00	  0.0000E+00	  0.0000E+00	  0.0000E+00	  0.0000E+00	  0.0000E+00	  0.0000E+00	  0.0000E+00	  0.0000E+00	  0.0000E+00	  0.0000E+00	  0.0000E+00	  0.0000E+00	  6.4913E-02	  2.6256E-01	  5.8452E-01	  1.2517E+00	  3.2008E+00	  8.7178E+00	  7.2373E+00	  1.5080E+01	  1.6763E+01	  1.4739E+01	  1.6719E+01	  2.1518E+01	  2.9429E+01	  3.6523E+01	  4.8672E+01	  6.5954E+01	  7.5269E+01	  7.7283E+01	  9.6714E+01	  9.3757E+01	  8.8972E+01	  9.5962E+01	  8.7896E+01	  1.0068E+02	  1.0093E+02	  1.0888E+02	  1.1201E+02	  1.2171E+02	  1.3064E+02	  1.2355E+02	  1.2031E+02	  1.2133E+02	  1.4099E+02	  1.2164E+02	  1.3547E+02	  1.1060E+02	  8.9425E+01	  9.1564E+01	  1.0836E+02	  1.2798E+02	  1.2824E+02	  1.5015E+02	  1.7273E+02	  1.7583E+02	  1.6478E+02	  1.7882E+02	  1.6938E+02	  1.6404E+02	  1.7166E+02	  1.6203E+02	  1.8548E+02	  2.0720E+02	  2.1652E+02	  2.2067E+02	  2.2067E+02	  2.2506E+02	  2.1838E+02	  1.9927E+02	  1.7363E+02	  1.4847E+02	  1.3047E+02	  1.4298E+02	  1.4541E+02	  1.2514E+02	  9.5096E+01	  7.1525E+01	  4.1135E+01	  2.0071E+01	  8.7978E+00	  6.7161E+00	  7.7546E+00	  3.5518E+00	  2.0024E-01	  0.0000E+00	  0.0000E+00	  0.0000E+00	  0.0000E+00	  0.0000E+00	  0.0000E+00	  0.0000E+00	  0.0000E+00	  0.0000E+00	  0.0000E+00	  0.0000E+00	  0.0000E+00	  0.0000E+00	  0.0000E+00	  0.0000E+00	  0.0000E+00	  0.0000E+00	  0.0000E+00	  0.0000E+00	  0.0000E+00	  0.0000E+00	  0.0000E+00
  0.0000E+00	  0.0000E+00	  0.0000E+00	  0.0000E+00	  0.0000E+00	  0.0000E+00	  0.0000E+00	  0.0000E+00	  0.0000E+00	  0.0000E+00	  0.0000E+00	  0.0000E+00	  0.0000E+00	  0.0000E+00	  0.0000E+00	  0.0000E+00	  0.0000E+00	  0.0000E+00	  0.0000E+00	  0.0000E+00	  0.0000E+00	  0.0000E+00	  0.0000E+00	  0.0000E+00	  0.0000E+00	  0.0000E+00	  0.0000E+00	  0.0000E+00	  0.0000E+00	  0.0000E+00	  0.0000E+00	  2.2530E-01	  7.2966E-02	  6.9086E-01	  1.1141E+00	  3.9010E+00	  4.6311E+00	  8.4133E+00	  1.6292E+01	  1.5332E+01	  2.2609E+01	  3.6409E+01	  3.8851E+01	  4.0841E+01	  4.8152E+01	  5.0440E+01	  5.8490E+01	  8.2223E+01	  1.0959E+02	  9.7495E+01	  1.0609E+02	  1.1909E+02	  1.1405E+02	  1.0881E+02	  9.9785E+01	  1.0060E+02	  9.4488E+01	  1.1485E+02	  1.2699E+02	  1.2233E+02	  1.1438E+02	  1.5461E+02	  1.3687E+02	  1.2949E+02	  1.4483E+02	  1.4128E+02	  1.5772E+02	  1.8410E+02	  1.3238E+02	  1.3837E+02	  1.4192E+02	  1.2405E+02	  1.3557E+02	  1.3706E+02	  1.5374E+02	  1.7505E+02	  1.6260E+02	  1.7458E+02	  1.7588E+02	  1.6315E+02	  1.6583E+02	  1.7841E+02	  1.7693E+02	  1.8919E+02	  2.0553E+02	  2.4102E+02	  2.4900E+02	  2.6357E+02	  2.1843E+02	  2.0635E+02	  2.0280E+02	  1.7188E+02	  1.6872E+02	  1.4859E+02	  1.7269E+02	  1.7886E+02	  1.7649E+02	  1.4650E+02	  1.0885E+02	  5.9202E+01	  3.6192E+01	  2.0737E+01	  1.6345E+01	  8.3388E+00	  4.8116E+00	  1.2323E+00	  5.5746E-01	  0.0000E+00	  0.0000E+00	  0.0000E+00	  0.0000E+00	  0.0000E+00	  0.0000E+00	  0.0000E+00	  0.0000E+00	  0.0000E+00	  0.0000E+00	  0.0000E+00	  0.0000E+00	  0.0000E+00	  0.0000E+00	  0.0000E+00	  0.0000E+00	  0.0000E+00	  0.0000E+00	  0.0000E+00	  0.0000E+00	  0.0000E+00
  0.0000E+00	  0.0000E+00	  0.0000E+00	  0.0000E+00	  0.0000E+00	  0.0000E+00	  0.0000E+00	  0.0000E+00	  0.0000E+00	  0.0000E+00	  0.0000E+00	  0.0000E+00	  0.0000E+00	  0.0000E+00	  0.0000E+00	  0.0000E+00	  0.0000E+00	  0.0000E+00	  0.0000E+00	  0.0000E+00	  0.0000E+00	  0.0000E+00	  0.0000E+00	  0.0000E+00	  0.0000E+00	  0.0000E+00	  0.0000E+00	  0.0000E+00	  0.0000E+00	  0.0000E+00	  5.1640E-01	  2.2759E+00	  8.1245E-01	  4.8497E+00	  8.6090E+00	  1.1629E+01	  1.4161E+01	  1.9106E+01	  3.1035E+01	  3.5831E+01	  4.8700E+01	  5.9683E+01	  5.8678E+01	  6.6193E+01	  7.7600E+01	  7.9493E+01	  8.4518E+01	  9.6699E+01	  1.2217E+02	  1.0511E+02	  1.1951E+02	  1.1956E+02	  1.3429E+02	  1.0688E+02	  1.1793E+02	  1.0525E+02	  1.1435E+02	  1.2980E+02	  1.4115E+02	  1.5728E+02	  1.5063E+02	  1.5046E+02	  1.6094E+02	  1.5617E+02	  1.6311E+02	  1.6159E+02	  1.7009E+02	  1.7851E+02	  1.7918E+02	  1.7327E+02	  1.7214E+02	  1.6676E+02	  1.5552E+02	  1.7491E+02	  1.7452E+02	  1.7569E+02	  1.8809E+02	  2.1117E+02	  1.8913E+02	  1.7523E+02	  1.8144E+02	  1.8591E+02	  1.8277E+02	  1.9272E+02	  2.0903E+02	  2.3296E+02	  2.4508E+02	  2.7884E+02	  2.4526E+02	  2.0816E+02	  1.9556E+02	  1.7487E+02	  1.7976E+02	  1.9233E+02	  1.9913E+02	  2.0887E+02	  1.9570E+02	  1.9016E+02	  1.4457E+02	  1.0249E+02	  5.8854E+01	  3.9880E+01	  2.2898E+01	  1.2220E+01	  4.4588E+00	  2.8442E+00	  1.9702E+00	  5.4811E-02	  0.0000E+00	  0.0000E+00	  0.0000E+00	  0.0000E+00	  0.0000E+00	  0.0000E+00	  0.0000E+00	  0.0000E+00	  0.0000E+00	  0.0000E+00	  0.0000E+00	  0.0000E+00	  0.0000E+00	  0.0000E+00	  0.0000E+00	  0.0000E+00	  0.0000E+00	  0.0000E+00	  0.0000E+00	  0.0000E+00
  0.0000E+00	  0.0000E+00	  0.0000E+00	  0.0000E+00	  0.0000E+00	  0.0000E+00	  0.0000E+00	  0.0000E+00	  0.0000E+00	  0.0000E+00	  0.0000E+00	  0.0000E+00	  0.0000E+00	  0.0000E+00	  0.0000E+00	  0.0000E+00	  0.0000E+00	  0.0000E+00	  0.0000E+00	  0.0000E+00	  0.0000E+00	  0.0000E+00	  0.0000E+00	  0.0000E+00	  0.0000E+00	  0.0000E+00	  0.0000E+00	  0.0000E+00	  2.7537E-01	  8.8866E-01	  3.9470E+00	  5.5560E+00	  7.1961E+00	  2.1942E+01	  2.7259E+01	  3.0342E+01	  3.6979E+01	  3.8460E+01	  4.8065E+01	  5.8236E+01	  7.4612E+01	  8.2317E+01	  8.8904E+01	  1.0281E+02	  1.0841E+02	  1.1143E+02	  1.0756E+02	  1.2578E+02	  1.3220E+02	  1.3748E+02	  1.3986E+02	  1.1959E+02	  1.2218E+02	  1.2229E+02	  1.2757E+02	  1.2722E+02	  1.0623E+02	  1.3185E+02	  1.4952E+02	  1.7036E+02	  1.5051E+02	  1.5199E+02	  1.5271E+02	  1.6165E+02	  1.5288E+02	  1.4967E+02	  1.6835E+02	  1.7609E+02	  1.8553E+02	  1.9201E+02	  1.7541E+02	  1.9978E+02	  2.0329E+02	  1.9572E+02	  1.7286E+02	  1.6827E+02	  2.0278E+02	  2.0382E+02	  1.9898E+02	  1.8812E+02	  1.7274E+02	  1.8694E+02	  1.8813E+02	  1.7281E+02	  2.1443E+02	  2.3555E+02	  2.3017E+02	  2.3683E+02	  2.2616E+02	  2.0153E+02	  1.9348E+02	  1.9227E+02	  1.7891E+02	  2.1835E+02	  2.1933E+02	  1.9800E+02	  1.8999E+02	  1.9478E+02	  1.6867E+02	  1.2574E+02	  9.8823E+01	  7.1856E+01	  4.7241E+01	  2.9751E+01	  1.1947E+01	  4.3686E+00	  2.0256E+00	  5.4185E-01	  0.0000E+00	  0.0000E+00	  0.0000E+00	  0.0000E+00	  0.0000E+00	  0.0000E+00	  0.0000E+00	  0.0000E+00	  0.0000E+00	  0.0000E+00	  0.0000E+00	  0.0000E+00	  0.0000E+00	  0.0000E+00	  0.0000E+00	  0.0000E+00	  0.0000E+00	  0.0000E+00	  0.0000E+00	  0.0000E+00
  0.0000E+00	  0.0000E+00	  0.0000E+00	  0.0000E+00	  0.0000E+00	  0.0000E+00	  0.0000E+00	  0.0000E+00	  0.0000E+00	  0.0000E+00	  0.0000E+00	  0.0000E+00	  0.0000E+00	  0.0000E+00	  0.0000E+00	  0.0000E+00	  0.0000E+00	  0.0000E+00	  0.0000E+00	  0.0000E+00	  0.0000E+00	  0.0000E+00	  0.0000E+00	  0.0000E+00	  0.0000E+00	  0.0000E+00	  0.0000E+00	  1.1721E-02	  1.6293E-01	  3.1708E+00	  9.9254E+00	  1.6890E+01	  1.9579E+01	  2.7352E+01	  3.8862E+01	  4.9179E+01	  6.6092E+01	  6.2218E+01	  7.5973E+01	  8.2665E+01	  1.0052E+02	  1.2159E+02	  1.4548E+02	  1.4007E+02	  1.2970E+02	  1.4044E+02	  1.4931E+02	  1.5339E+02	  1.5731E+02	  1.4619E+02	  1.6643E+02	  1.5091E+02	  1.4275E+02	  1.2447E+02	  1.3352E+02	  1.2259E+02	  1.2896E+02	  1.3540E+02	  1.5113E+02	  1.6460E+02	  1.5870E+02	  1.6810E+02	  1.5455E+02	  1.6417E+02	  1.6012E+02	  1.4919E+02	  1.6341E+02	  1.8431E+02	  1.8765E+02	  2.0329E+02	  2.0594E+02	  2.1483E+02	  2.1586E+02	  1.9786E+02	  1.9455E+02	  1.7111E+02	  2.2441E+02	  2.4716E+02	  2.3760E+02	  2.0403E+02	  1.7443E+02	  1.6916E+02	  1.7069E+02	  1.9157E+02	  2.0056E+02	  2.3720E+02	  2.2791E+02	  2.1647E+02	  1.9479E+02	  1.8875E+02	  1.9590E+02	  1.8813E+02	  2.0400E+02	  2.0929E+02	  2.1186E+02	  1.9790E+02	  1.7822E+02	  1.9195E+02	  1.5852E+02	  1.5202E+02	  1.0784E+02	  8.4947E+01	  6.4572E+01	  4.4074E+01	  1.8313E+01	  1.3157E+01	  2.7644E+00	  9.2019E-01	  1.5275E-01	  0.0000E+00	  0.0000E+00	  0.0000E+00	  0.0000E+00	  0.0000E+00	  0.0000E+00	  0.0000E+00	  0.0000E+00	  0.0000E+00	  0.0000E+00	  0.0000E+00	  0.0000E+00	  0.0000E+00	  0.0000E+00	  0.0000E+00	  0.0000E+00	  0.0000E+00	  0.0000E+00	  0.0000E+00
  0.0000E+00	  0.0000E+00	  0.0000E+00	  0.0000E+00	  0.0000E+00	  0.0000E+00	  0.0000E+00	  0.0000E+00	  0.0000E+00	  0.0000E+00	  0.0000E+00	  0.0000E+00	  0.0000E+00	  0.0000E+00	  0.0000E+00	  0.0000E+00	  0.0000E+00	  0.0000E+00	  0.0000E+00	  0.0000E+00	  0.0000E+00	  0.0000E+00	  0.0000E+00	  0.0000E+00	  1.5953E-01	  5.5816E-01	  4.2295E-01	  1.6737E+00	  3.4863E+00	  8.5254E+00	  1.6011E+01	  3.0961E+01	  4.4448E+01	  5.4288E+01	  6.3238E+01	  6.4843E+01	  8.3127E+01	  9.8374E+01	  1.0103E+02	  9.5826E+01	  1.1871E+02	  1.3425E+02	  1.3354E+02	  1.4393E+02	  1.4126E+02	  1.3572E+02	  1.4460E+02	  1.4844E+02	  1.7778E+02	  1.7134E+02	  1.9254E+02	  1.8306E+02	  1.5131E+02	  1.3197E+02	  1.3587E+02	  1.4940E+02	  1.5721E+02	  1.5842E+02	  1.6483E+02	  1.8082E+02	  1.8343E+02	  1.9207E+02	  1.6877E+02	  1.7449E+02	  1.7494E+02	  1.6564E+02	  1.6693E+02	  1.7585E+02	  1.8518E+02	  1.9825E+02	  2.0439E+02	  1.9888E+02	  2.0614E+02	  2.0312E+02	  1.9149E+02	  2.0630E+02	  2.6360E+02	  2.4747E+02	  2.4136E+02	  2.2194E+02	  1.9521E+02	  1.7510E+02	  1.9845E+02	  2.2172E+02	  1.9259E+02	  2.0814E+02	  2.0293E+02	  2.0420E+02	  1.8217E+02	  1.8282E+02	  1.7698E+02	  1.6587E+02	  2.1178E+02	  2.3308E+02	  2.1225E+02	  2.0242E+02	  1.8592E+02	  1.8533E+02	  1.6215E+02	  1.4819E+02	  1.1569E+02	  7.8042E+01	  6.6606E+01	  5.7854E+01	  2.8301E+01	  9.2914E+00	  3.4289E+00	  1.4114E+00	  6.1343E-01	  0.0000E+00	  0.0000E+00	  0.0000E+00	  0.0000E+00	  0.0000E+00	  0.0000E+00	  0.0000E+00	  0.0000E+00	  0.0000E+00	  0.0000E+00	  0.0000E+00	  0.0000E+00	  0.0000E+00	  0.0000E+00	  0.0000E+00	  0.0000E+00	  0.0000E+00	  0.0000E+00	  0.0000E+00
  0.0000E+00	  0.0000E+00	  0.0000E+00	  0.0000E+00	  0.0000E+00	  0.0000E+00	  0.0000E+00	  0.0000E+00	  0.0000E+00	  0.0000E+00	  0.0000E+00	  0.0000E+00	  0.0000E+00	  0.0000E+00	  0.0000E+00	  0.0000E+00	  0.0000E+00	  0.0000E+00	  0.0000E+00	  0.0000E+00	  0.0000E+00	  0.0000E+00	  0.0000E+00	  0.0000E+00	  2.7761E-01	  1.2809E+00	  3.6024E+00	  2.8247E+00	  1.2422E+01	  2.3636E+01	  3.8387E+01	  5.3328E+01	  8.1186E+01	  8.8421E+01	  9.7584E+01	  9.5357E+01	  1.1549E+02	  1.3328E+02	  1.1231E+02	  1.2035E+02	  1.6353E+02	  1.6781E+02	  1.4294E+02	  1.5489E+02	  1.5518E+02	  1.3051E+02	  1.3913E+02	  1.5306E+02	  1.8895E+02	  2.0242E+02	  1.9720E+02	  1.8607E+02	  1.5986E+02	  1.4463E+02	  1.5024E+02	  1.6651E+02	  1.7584E+02	  1.8272E+02	  2.1064E+02	  2.1757E+02	  2.1789E+02	  2.0999E+02	  1.9520E+02	  2.0739E+02	  1.9766E+02	  1.9349E+02	  2.0920E+02	  2.2959E+02	  2.2203E+02	  2.0899E+02	  2.2894E+02	  2.0062E+02	  1.9648E+02	  1.9122E+02	  1.8937E+02	  1.9857E+02	  2.2801E+02	  2.3480E+02	  2.5913E+02	  2.3258E+02	  2.1183E+02	  2.0336E+02	  2.0576E+02	  2.2323E+02	  2.1405E+02	  2.4208E+02	  2.3834E+02	  1.9903E+02	  1.7713E+02	  1.8207E+02	  1.7529E+02	  1.7322E+02	  1.9775E+02	  2.1964E+02	  2.0250E+02	  2.0807E+02	  1.8733E+02	  1.6987E+02	  1.5278E+02	  1.5217E+02	  1.3200E+02	  9.5336E+01	  8.2241E+01	  5.3589E+01	  2.8742E+01	  1.3921E+01	  5.3802E+00	  1.9245E+00	  0.0000E+00	  0.0000E+00	  0.0000E+00	  0.0000E+00	  0.0000E+00	  0.0000E+00	  0.0000E+00	  0.0000E+00	  0.0000E+00	  0.0000E+00	  0.0000E+00	  0.0000E+00	  0.0000E+00	  0.0000E+00	  0.0000E+00	  0.0000E+00	  0.0000E+00	  0.0000E+00	  0.0000E+00	  0.0000E+00
  0.0000E+00	  0.0000E+00	  0.0000E+00	  0.0000E+00	  0.0000E+00	  0.0000E+00	  0.0000E+00	  0.0000E+00	  0.0000E+00	  0.0000E+00	  0.0000E+00	  0.0000E+00	  0.0000E+00	  0.0000E+00	  0.0000E+00	  0.0000E+00	  0.0000E+00	  0.0000E+00	  0.0000E+00	  0.0000E+00	  0.0000E+00	  0.0000E+00	  2.0607E-01	  8.1230E-01	  1.8452E+00	  3.1964E+00	  8.2401E+00	  1.1037E+01	  2.7961E+01	  4.1990E+01	  6.6331E+01	  8.5477E+01	  1.0939E+02	  1.2921E+02	  1.3432E+02	  1.2721E+02	  1.5168E+02	  1.4807E+02	  1.2449E+02	  1.3805E+02	  1.8787E+02	  1.9194E+02	  1.7055E+02	  1.8831E+02	  1.8300E+02	  1.5735E+02	  1.3876E+02	  1.4925E+02	  1.9066E+02	  1.9836E+02	  1.9487E+02	  1.8747E+02	  1.9985E+02	  1.7188E+02	  1.5849E+02	  1.9664E+02	  2.1517E+02	  2.1910E+02	  2.3485E+02	  2.3507E+02	  2.3982E+02	  2.2413E+02	  2.1710E+02	  2.2028E+02	  2.3322E+02	  2.4154E+02	  2.4331E+02	  2.2966E+02	  2.4786E+02	  2.4316E+02	  2.4889E+02	  2.2382E+02	  2.0534E+02	  1.9979E+02	  2.1805E+02	  2.3056E+02	  2.5117E+02	  2.4746E+02	  2.6181E+02	  2.3922E+02	  2.3440E+02	  2.3908E+02	  2.4595E+02	  2.4720E+02	  2.4841E+02	  2.4401E+02	  2.2755E+02	  2.0615E+02	  2.0390E+02	  1.9219E+02	  1.9073E+02	  1.9422E+02	  1.8362E+02	  1.8838E+02	  1.9672E+02	  2.3632E+02	  2.1440E+02	  1.6074E+02	  1.4704E+02	  1.4601E+02	  1.5337E+02	  1.1255E+02	  9.5382E+01	  5.9307E+01	  3.5193E+01	  2.4380E+01	  9.8457E+00	  1.9966E+00	  6.0311E-01	  4.5625E-01	  0.0000E+00	  0.0000E+00	  0.0000E+00	  0.0000E+00	  0.0000E+00	  0.0000E+00	  0.0000E+00	  0.0000E+00	  0.0000E+00	  0.0000E+00	  0.0000E+00	  0.0000E+00	  0.0000E+00	  0.0000E+00	  0.0000E+00	  0.0000E+00	  0.0000E+00	  0.0000E+00
  0.0000E+00	  0.0000E+00	  0.0000E+00	  0.0000E+00	  0.0000E+00	  0.0000E+00	  0.0000E+00	  0.0000E+00	  0.0000E+00	  0.0000E+00	  0.0000E+00	  0.0000E+00	  0.0000E+00	  0.0000E+00	  0.0000E+00	  0.0000E+00	  0.0000E+00	  0.0000E+00	  0.0000E+00	  0.0000E+00	  4.5687E-01	  1.7570E+00	  2.6085E+00	  6.4368E+00	  1.0788E+01	  1.5754E+01	  2.0621E+01	  2.5213E+01	  4.6047E+01	  7.0104E+01	  8.5143E+01	  9.9387E+01	  1.2341E+02	  1.3700E+02	  1.4765E+02	  1.4665E+02	  1.5780E+02	  1.5693E+02	  1.4895E+02	  1.4601E+02	  1.8679E+02	  2.2263E+02	  1.9256E+02	  1.9739E+02	  1.8739E+02	  1.9484E+02	  1.9074E+02	  1.8590E+02	  1.9574E+02	  2.1067E+02	  2.2421E+02	  2.1039E+02	  2.2656E+02	  2.2554E+02	  1.9323E+02	  2.1887E+02	  2.4410E+02	  2.4726E+02	  2.4227E+02	  2.4298E+02	  2.3472E+02	  2.6544E+02	  2.5120E+02	  2.4794E+02	  2.5727E+02	  2.7380E+02	  2.7391E+02	  2.6530E+02	  2.5925E+02	  2.7992E+02	  2.6499E+02	  2.5509E+02	  2.1424E+02	  2.3569E+02	  2.8435E+02	  3.0446E+02	  2.9806E+02	  2.9698E+02	  2.6866E+02	  2.7522E+02	  2.7187E+02	  2.7266E+02	  2.5167E+02	  2.5634E+02	  2.3241E+02	  2.5234E+02	  2.1915E+02	  2.1436E+02	  2.2682E+02	  2.3838E+02	  2.2051E+02	  2.1686E+02	  1.8719E+02	  1.7012E+02	  1.8185E+02	  1.8912E+02	  1.9301E+02	  1.7936E+02	  2.0125E+02	  1.6883E+02	  1.6618E+02	  1.2775E+02	  1.2603E+02	  7.9268E+01	  6.2138E+01	  3.7342E+01	  1.2644E+01	  4.9091E+00	  1.9355E+00	  8.3608E-01	  0.0000E+00	  0.0000E+00	  0.0000E+00	  0.0000E+00	  0.0000E+00	  0.0000E+00	  0.0000E+00	  0.0000E+00	  0.0000E+00	  0.0000E+00	  0.0000E+00	  0.0000E+00	  0.0000E+00	  0.0000E+00	  0.0000E+00	  0.0000E+00	  0.0000E+00	  0.0000E+00
  0.0000E+00	  0.0000E+00	  0.0000E+00	  0.0000E+00	  0.0000E+00	  0.0000E+00	  0.0000E+00	  0.0000E+00	  0.0000E+00	  0.0000E+00	  0.0000E+00	  0.0000E+00	  0.0000E+00	  0.0000E+00	  0.0000E+00	  0.0000E+00	  0.0000E+00	  0.0000E+00	  0.0000E+00	  1.9619E-01	  3.4122E+00	  5.3363E+00	  1.1926E+01	  1.8906E+01	  2.3442E+01	  3.3723E+01	  4.0553E+01	  4.1867E+01	  5.9303E+01	  9.2772E+01	  1.1004E+02	  1.5306E+02	  1.5968E+02	  1.6390E+02	  1.8139E+02	  1.6908E+02	  1.6521E+02	  1.5582E+02	  1.7001E+02	  1.6478E+02	  1.8174E+02	  1.9941E+02	  1.9312E+02	  1.8686E+02	  1.9514E+02	  1.9252E+02	  2.0522E+02	  2.0384E+02	  2.1104E+02	  2.4887E+02	  2.6273E+02	  2.3231E+02	  2.3315E+02	  2.5043E+02	  2.3382E+02	  2.2458E+02	  2.5086E+02	  2.5139E+02	  2.4933E+02	  2.3386E+02	  2.4240E+02	  2.9365E+02	  2.4828E+02	  2.6982E+02	  2.9163E+02	  3.0634E+02	  3.0551E+02	  3.3183E+02	  3.2260E+02	  3.2993E+02	  2.9938E+02	  2.8848E+02	  2.4787E+02	  2.8059E+02	  3.1304E+02	  3.5943E+02	  3.3862E+02	  2.9511E+02	  2.7798E+02	  2.9719E+02	  3.0143E+02	  2.8516E+02	  2.7070E+02	  2.6498E+02	  2.5068E+02	  2.6149E+02	  2.4328E+02	  2.4315E+02	  2.3655E+02	  2.3316E+02	  2.2887E+02	  2.0421E+02	  2.0166E+02	  1.7721E+02	  1.7797E+02	  1.6590E+02	  1.7577E+02	  1.8405E+02	  2.0811E+02	  2.1724E+02	  1.8464E+02	  1.4164E+02	  1.3262E+02	  1.1153E+02	  9.1137E+01	  4.7137E+01	  2.1570E+01	  9.1278E+00	  4.7933E+00	  2.0746E+00	  5.3831E-01	  0.0000E+00	  0.0000E+00	  0.0000E+00	  0.0000E+00	  0.0000E+00	  0.0000E+00	  0.0000E+00	  0.0000E+00	  0.0000E+00	  0.0000E+00	  0.0000E+00	  0.0000E+00	  0.0000E+00	  0.0000E+00	  0.0000E+00	  0.0000E+00	  0.0000E+00
  0.0000E+00	  0.0000E+00	  0.0000E+00	  0.0000E+00	  0.0000E+00	  0.0000E+00	  0.0000E+00	  0.0000E+00	  0.0000E+00	  0.0000E+00	  0.0000E+00	  0.0000E+00	  0.0000E+00	  0.0000E+00	  0.0000E+00	  0.0000E+00	  0.0000E+00	  0.0000E+00	  0.0000E+00	  2.5078E-01	  4.7643E+00	  1.1393E+01	  1.9197E+01	  2.5383E+01	  3.8597E+01	  5.3676E+01	  5.6292E+01	  7.0999E+01	  1.0192E+02	  1.2277E+02	  1.4243E+02	  1.6905E+02	  1.7852E+02	  1.9429E+02	  1.9879E+02	  1.9277E+02	  2.0435E+02	  1.8630E+02	  1.8495E+02	  1.8053E+02	  2.1345E+02	  2.0538E+02	  1.8845E+02	  2.1297E+02	  1.8817E+02	  1.8950E+02	  2.2394E+02	  2.5589E+02	  2.4125E+02	  2.4865E+02	  2.5473E+02	  2.5705E+02	  2.7037E+02	  2.8812E+02	  2.6780E+02	  2.5277E+02	  2.5589E+02	  2.7570E+02	  2.5646E+02	  2.6637E+02	  2.6979E+02	  2.8261E+02	  2.7947E+02	  2.7647E+02	  3.0433E+02	  3.0863E+02	  3.4936E+02	  3.6546E+02	  3.4233E+02	  3.0536E+02	  2.9899E+02	  2.8795E+02	  2.8521E+02	  3.1738E+02	  3.2271E+02	  3.4803E+02	  3.2129E+02	  2.9301E+02	  2.8433E+02	  2.9039E+02	  3.0330E+02	  2.7879E+02	  2.6804E+02	  2.8175E+02	  2.5305E+02	  2.3220E+02	  2.5170E+02	  2.5201E+02	  2.1417E+02	  2.2069E+02	  2.2363E+02	  2.0262E+02	  2.0761E+02	  1.8977E+02	  1.7795E+02	  1.5715E+02	  1.7630E+02	  1.9357E+02	  1.8215E+02	  2.3092E+02	  1.9513E+02	  1.5147E+02	  1.4976E+02	  1.3618E+02	  9.6522E+01	  5.4215E+01	  2.8134E+01	  1.3857E+01	  4.9754E+00	  2.5140E+00	  5.4191E-01	  0.0000E+00	  0.0000E+00	  0.0000E+00	  0.0000E+00	  0.0000E+00	  0.0000E+00	  0.0000E+00	  0.0000E+00	  0.0000E+00	  0.0000E+00	  0.0000E+00	  0.0000E+00	  0.0000E+00	  0.0000E+00	  0.0000E+00	  0.0000E+00	  0.0000E+00
  0.0000E+00	  0.0000E+00	  0.0000E+00	  0.0000E+00	  0.0000E+00	  0.0000E+00	  0.0000E+00	  0.0000E+00	  0.0000E+00	  0.0000E+00	  0.0000E+00	  0.0000E+00	  0.0000E+00	  0.0000E+00	  0.0000E+00	  0.0000E+00	  0.0000E+00	  0.0000E+00	  9.2215E-01	  2.1502E+00	  7.7294E+00	  1.6509E+01	  2.4262E+01	  3.6299E+01	  4.5211E+01	  6.0638E+01	  6.4321E+01	  8.3782E+01	  1.1098E+02	  1.1228E+02	  1.5575E+02	  1.7008E+02	  1.8640E+02	  2.0148E+02	  1.8712E+02	  1.9289E+02	  1.8374E+02	  1.6120E+02	  1.7615E+02	  2.0565E+02	  2.1399E+02	  2.1129E+02	  2.0066E+02	  1.8838E+02	  2.0152E+02	  2.0592E+02	  2.3160E+02	  2.3642E+02	  2.2116E+02	  2.3671E+02	  2.6422E+02	  2.7894E+02	  3.2332E+02	  3.1943E+02	  2.8051E+02	  2.8876E+02	  2.9680E+02	  2.9643E+02	  2.7584E+02	  2.9127E+02	  3.0367E+02	  2.9326E+02	  3.0068E+02	  3.1326E+02	  3.2306E+02	  3.3428E+02	  3.5261E+02	  3.6399E+02	  3.4487E+02	  2.8743E+02	  2.9688E+02	  2.8586E+02	  2.8601E+02	  2.7649E+02	  3.0026E+02	  3.2355E+02	  3.3373E+02	  3.1951E+02	  2.7794E+02	  2.9176E+02	  2.8872E+02	  2.8385E+02	  2.4392E+02	  2.5965E+02	  2.3569E+02	  2.0666E+02	  2.2998E+02	  2.4920E+02	  2.1699E+02	  2.2044E+02	  2.1240E+02	  1.8939E+02	  1.9894E+02	  2.0130E+02	  1.6352E+02	  1.8449E+02	  1.7094E+02	  1.8723E+02	  1.7892E+02	  1.9895E+02	  1.8728E+02	  1.5664E+02	  1.5978E+02	  1.5586E+02	  1.1770E+02	  6.9675E+01	  3.3270E+01	  1.6305E+01	  8.3898E+00	  2.5416E+00	  4.8241E-01	  0.0000E+00	  0.0000E+00	  0.0000E+00	  0.0000E+00	  0.0000E+00	  0.0000E+00	  0.0000E+00	  0.0000E+00	  0.0000E+00	  0.0000E+00	  0.0000E+00	  0.0000E+00	  0.0000E+00	  0.0000E+00	  0.0000E+00	  0.0000E+00	  0.0000E+00
  0.0000E+00	  0.0000E+00	  0.0000E+00	  0.0000E+00	  0.0000E+00	  0.0000E+00	  0.0000E+00	  0.0000E+00	  0.0000E+00	  0.0000E+00	  0.0000E+00	  0.0000E+00	  0.0000E+00	  0.0000E+00	  0.0000E+00	  1.1711E-01	  1.3188E-01	  0.0000E+00	  1.8786E+00	  2.6811E+00	  7.4048E+00	  2.8614E+01	  4.0767E+01	  5.7397E+01	  6.7555E+01	  8.1157E+01	  7.9648E+01	  9.4111E+01	  1.1163E+02	  1.3743E+02	  1.5365E+02	  1.8161E+02	  1.9147E+02	  1.9495E+02	  1.7080E+02	  1.4800E+02	  1.4020E+02	  1.5273E+02	  1.8082E+02	  2.4230E+02	  2.2981E+02	  1.9572E+02	  2.1990E+02	  2.0464E+02	  2.3172E+02	  2.2573E+02	  2.2057E+02	  2.4594E+02	  2.4525E+02	  2.6428E+02	  2.9796E+02	  3.2106E+02	  3.1618E+02	  3.1178E+02	  3.3510E+02	  3.4452E+02	  3.5381E+02	  3.3603E+02	  3.3375E+02	  3.1571E+02	  3.0751E+02	  3.1964E+02	  3.3664E+02	  3.5780E+02	  3.2995E+02	  3.1879E+02	  3.0741E+02	  3.3659E+02	  3.1716E+02	  3.0558E+02	  2.9935E+02	  3.2831E+02	  3.2376E+02	  3.0410E+02	  3.0457E+02	  3.3560E+02	  3.1627E+02	  3.1935E+02	  2.7792E+02	  2.7053E+02	  2.6164E+02	  2.6412E+02	  2.4026E+02	  2.2321E+02	  2.3314E+02	  2.1346E+02	  2.0503E+02	  2.0752E+02	  2.0196E+02	  1.9159E+02	  1.8289E+02	  1.8775E+02	  1.9007E+02	  2.0185E+02	  1.8947E+02	  1.8499E+02	  1.7600E+02	  1.9491E+02	  1.8580E+02	  1.9786E+02	  1.7993E+02	  1.6451E+02	  1.5713E+02	  1.4670E+02	  1.4481E+02	  9.3950E+01	  5.4139E+01	  1.9152E+01	  1.3429E+01	  3.8817E+00	  2.8766E-01	  0.0000E+00	  0.0000E+00	  0.0000E+00	  0.0000E+00	  0.0000E+00	  0.0000E+00	  0.0000E+00	  0.0000E+00	  0.0000E+00	  0.0000E+00	  0.0000E+00	  0.0000E+00	  0.0000E+00	  0.0000E+00	  0.0000E+00	  0.0000E+00	  0.0000E+00
  0.0000E+00	  0.0000E+00	  0.0000E+00	  0.0000E+00	  0.0000E+00	  0.0000E+00	  0.0000E+00	  0.0000E+00	  0.0000E+00	  0.0000E+00	  0.0000E+00	  0.0000E+00	  0.0000E+00	  0.0000E+00	  5.1878E-02	  7.6935E-01	  3.9735E-01	  1.6373E+00	  4.3391E+00	  6.3761E+00	  1.1213E+01	  3.3142E+01	  5.7711E+01	  8.2536E+01	  1.1078E+02	  1.0682E+02	  9.4181E+01	  1.1415E+02	  1.1130E+02	  1.3827E+02	  1.8100E+02	  1.9211E+02	  2.0635E+02	  2.0187E+02	  1.6167E+02	  1.5692E+02	  1.5476E+02	  1.6491E+02	  2.0040E+02	  2.0655E+02	  2.2653E+02	  2.2425E+02	  2.5606E+02	  2.4786E+02	  2.4924E+02	  2.5129E+02	  2.8632E+02	  3.0061E+02	  2.6579E+02	  2.6944E+02	  2.8899E+02	  3.1039E+02	  3.1756E+02	  3.4404E+02	  3.7410E+02	  3.5624E+02	  3.6111E+02	  3.8811E+02	  3.7880E+02	  3.3271E+02	  3.2128E+02	  3.2129E+02	  3.4057E+02	  3.8990E+02	  3.6011E+02	  3.6272E+02	  2.9941E+02	  3.1141E+02	  3.2091E+02	  3.0526E+02	  3.3302E+02	  3.3133E+02	  3.0821E+02	  2.9149E+02	  3.0130E+02	  3.1246E+02	  2.8919E+02	  2.7925E+02	  2.8067E+02	  2.5196E+02	  2.6136E+02	  2.5303E+02	  2.4621E+02	  2.2469E+02	  2.5553E+02	  2.1662E+02	  2.0559E+02	  2.0154E+02	  1.7710E+02	  1.5869E+02	  1.6497E+02	  1.6471E+02	  1.8110E+02	  1.8879E+02	  1.8985E+02	  1.9596E+02	  1.6568E+02	  1.7337E+02	  1.8497E+02	  1.8669E+02	  1.8995E+02	  2.0471E+02	  1.8662E+02	  1.8143E+02	  1.6859E+02	  1.2669E+02	  6.2684E+01	  2.8088E+01	  1.0820E+01	  2.4369E+00	  2.3169E+00	  2.3060E-01	  0.0000E+00	  0.0000E+00	  0.0000E+00	  0.0000E+00	  0.0000E+00	  0.0000E+00	  0.0000E+00	  0.0000E+00	  0.0000E+00	  0.0000E+00	  0.0000E+00	  0.0000E+00	  0.0000E+00	  0.0000E+00	  0.0000E+00	  0.0000E+00
  0.0000E+00	  0.0000E+00	  0.0000E+00	  0.0000E+00	  0.0000E+00	  0.0000E+00	  0.0000E+00	  0.0000E+00	  0.0000E+00	  0.0000E+00	  0.0000E+00	  0.0000E+00	  0.0000E+00	  0.0000E+00	  5.9575E-02	  9.5353E-01	  2.0046E+00	  2.7342E+00	  6.0278E+00	  1.2805E+01	  2.3590E+01	  3.8470E+01	  5.5776E+01	  8.2129E+01	  1.0946E+02	  1.2773E+02	  1.2210E+02	  1.1140E+02	  1.2495E+02	  1.3698E+02	  1.7338E+02	  1.8088E+02	  1.9171E+02	  1.8304E+02	  1.8456E+02	  1.7474E+02	  1.9811E+02	  1.9454E+02	  2.0915E+02	  2.0878E+02	  2.2362E+02	  2.2357E+02	  2.2652E+02	  2.2428E+02	  2.4125E+02	  2.4340E+02	  2.9948E+02	  3.3077E+02	  2.8601E+02	  2.7183E+02	  2.7247E+02	  2.6653E+02	  2.5972E+02	  3.0359E+02	  3.6792E+02	  3.6649E+02	  3.7094E+02	  3.7589E+02	  3.7465E+02	  3.2778E+02	  2.9919E+02	  2.9604E+02	  3.2530E+02	  3.3429E+02	  3.3808E+02	  3.2705E+02	  3.0696E+02	  3.2202E+02	  3.0655E+02	  2.8515E+02	  3.1710E+02	  3.3309E+02	  2.8623E+02	  2.8582E+02	  2.8765E+02	  2.6458E+02	  2.7334E+02	  2.7147E+02	  2.7658E+02	  2.4543E+02	  2.4065E+02	  2.6553E+02	  2.8352E+02	  2.4825E+02	  2.4734E+02	  2.2521E+02	  2.1906E+02	  2.0604E+02	  2.1422E+02	  1.7746E+02	  1.5814E+02	  1.6665E+02	  1.5792E+02	  1.5872E+02	  1.4953E+02	  1.6605E+02	  1.7000E+02	  1.7364E+02	  1.8435E+02	  1.8848E+02	  1.8417E+02	  1.9553E+02	  1.8151E+02	  1.9630E+02	  1.5469E+02	  1.2450E+02	  7.5829E+01	  3.3794E+01	  9.3915E+00	  4.0880E+00	  2.5363E+00	  1.7695E-01	  0.0000E+00	  0.0000E+00	  0.0000E+00	  0.0000E+00	  0.0000E+00	  0.0000E+00	  0.0000E+00	  0.0000E+00	  0.0000E+00	  0.0000E+00	  0.0000E+00	  0.0000E+00	  0.0000E+00	  0.0000E+00	  0.0000E+00	  0.0000E+00
  0.0000E+00	  0.0000E+00	  0.0000E+00	  0.0000E+00	  0.0000E+00	  0.0000E+00	  0.0000E+00	  0.0000E+00	  0.0000E+00	  0.0000E+00	  0.0000E+00	  0.0000E+00	  0.0000E+00	  0.0000E+00	  6.7381E-01	  2.2301E+00	  3.1970E+00	  5.1145E+00	  1.3059E+01	  3.0416E+01	  5.0123E+01	  5.9452E+01	  6.1576E+01	  9.8779E+01	  1.2346E+02	  1.4032E+02	  1.4184E+02	  1.2658E+02	  1.4228E+02	  1.4597E+02	  1.5622E+02	  1.5330E+02	  1.8679E+02	  1.8457E+02	  2.1715E+02	  1.8738E+02	  1.9560E+02	  2.2272E+02	  2.3685E+02	  2.3463E+02	  2.1816E+02	  2.3066E+02	  2.2950E+02	  2.4528E+02	  2.4357E+02	  2.5727E+02	  2.9655E+02	  3.0872E+02	  3.1650E+02	  3.1613E+02	  3.0714E+02	  2.7796E+02	  2.7462E+02	  2.9173E+02	  3.3318E+02	  3.5078E+02	  3.3943E+02	  3.3188E+02	  3.6888E+02	  3.5382E+02	  2.9288E+02	  2.9867E+02	  3.0831E+02	  3.0374E+02	  3.1983E+02	  3.3189E+02	  3.3496E+02	  3.1683E+02	  2.8427E+02	  2.8041E+02	  3.1810E+02	  3.2020E+02	  2.9135E+02	  2.8211E+02	  2.4402E+02	  2.5796E+02	  2.5026E+02	  2.5316E+02	  2.4236E+02	  2.6935E+02	  2.4750E+02	  2.6976E+02	  2.8055E+02	  2.6369E+02	  2.4451E+02	  2.2696E+02	  2.1787E+02	  2.2561E+02	  2.3110E+02	  1.9371E+02	  1.7978E+02	  1.8230E+02	  1.7981E+02	  1.6260E+02	  1.5204E+02	  1.5548E+02	  1.3590E+02	  1.5811E+02	  1.7530E+02	  1.6693E+02	  1.7576E+02	  1.9937E+02	  2.1225E+02	  1.9368E+02	  1.5642E+02	  1.1902E+02	  7.2479E+01	  3.7243E+01	  1.3138E+01	  6.8902E+00	  2.3014E+00	  3.4854E-02	  0.0000E+00	  0.0000E+00	  0.0000E+00	  0.0000E+00	  0.0000E+00	  0.0000E+00	  0.0000E+00	  0.0000E+00	  0.0000E+00	  0.0000E+00	  0.0000E+00	  0.0000E+00	  0.0000E+00	  0.0000E+00	  0.0000E+00	  0.0000E+00
  0.0000E+00	  0.0000E+00	  0.0000E+00	  0.0000E+00	  0.0000E+00	  0.0000E+00	  0.0000E+00	  0.0000E+00	  0.0000E+00	  0.0000E+00	  0.0000E+00	  0.0000E+00	  0.0000E+00	  0.0000E+00	  8.1089E-01	  4.6373E+00	  7.1149E+00	  1.4723E+01	  2.6917E+01	  4.2716E+01	  5.4918E+01	  6.5067E+01	  9.1258E+01	  1.3089E+02	  1.3712E+02	  1.6915E+02	  1.6335E+02	  1.3741E+02	  1.3055E+02	  1.2824E+02	  1.5771E+02	  1.5830E+02	  1.7119E+02	  1.7767E+02	  1.9887E+02	  2.1087E+02	  2.0429E+02	  2.3408E+02	  2.4992E+02	  2.4361E+02	  2.3626E+02	  2.4951E+02	  2.6141E+02	  2.3379E+02	  2.2134E+02	  2.3161E+02	  2.6816E+02	  2.7932E+02	  2.9147E+02	  3.0522E+02	  3.0922E+02	  2.8429E+02	  2.8806E+02	  2.9762E+02	  3.0135E+02	  3.2617E+02	  2.8703E+02	  2.7957E+02	  2.9147E+02	  3.0103E+02	  2.9975E+02	  3.0158E+02	  3.0441E+02	  2.9217E+02	  3.1896E+02	  3.5007E+02	  3.3565E+02	  3.1994E+02	  2.8484E+02	  2.8611E+02	  2.8189E+02	  2.7481E+02	  2.5805E+02	  2.3921E+02	  2.4380E+02	  2.4931E+02	  2.4504E+02	  2.4783E+02	  2.4074E+02	  2.6515E+02	  2.3295E+02	  2.4460E+02	  3.0683E+02	  2.9076E+02	  2.7086E+02	  2.6263E+02	  2.2748E+02	  2.3581E+02	  2.2379E+02	  2.1692E+02	  2.0270E+02	  1.8671E+02	  1.7732E+02	  1.5826E+02	  1.6426E+02	  1.6452E+02	  1.6706E+02	  1.8314E+02	  1.7706E+02	  1.8485E+02	  1.8646E+02	  1.9855E+02	  1.9337E+02	  1.8341E+02	  1.5005E+02	  1.3181E+02	  1.0008E+02	  5.2396E+01	  2.5383E+01	  8.4959E+00	  1.5090E+00	  0.0000E+00	  0.0000E+00	  0.0000E+00	  0.0000E+00	  0.0000E+00	  0.0000E+00	  0.0000E+00	  0.0000E+00	  0.0000E+00	  0.0000E+00	  0.0000E+00	  0.0000E+00	  0.0000E+00	  0.0000E+00	  0.0000E+00	  0.0000E+00	  0.0000E+00
  0.0000E+00	  0.0000E+00	  0.0000E+00	  0.0000E+00	  0.0000E+00	  0.0000E+00	  0.0000E+00	  0.0000E+00	  0.0000E+00	  0.0000E+00	  0.0000E+00	  3.5065E-01	  5.0610E-01	  6.3898E-02	  6.1611E-01	  2.9459E+00	  9.6142E+00	  2.3044E+01	  3.0222E+01	  5.7117E+01	  7.4645E+01	  8.3060E+01	  1.2381E+02	  1.5363E+02	  1.6450E+02	  1.6510E+02	  1.5240E+02	  1.3107E+02	  1.4030E+02	  1.5561E+02	  1.5933E+02	  1.7987E+02	  1.6972E+02	  1.8550E+02	  2.1983E+02	  2.3713E+02	  2.2927E+02	  2.5306E+02	  2.4836E+02	  2.5185E+02	  2.4547E+02	  2.6208E+02	  2.4781E+02	  2.3269E+02	  2.3958E+02	  2.8574E+02	  3.0260E+02	  2.9413E+02	  2.9828E+02	  3.0820E+02	  3.2692E+02	  3.2125E+02	  2.7945E+02	  2.9299E+02	  2.9181E+02	  2.7026E+02	  2.6992E+02	  2.7804E+02	  2.8860E+02	  2.9520E+02	  2.7870E+02	  2.7518E+02	  2.6548E+02	  2.7535E+02	  2.9699E+02	  3.2719E+02	  3.4109E+02	  3.2761E+02	  3.1071E+02	  2.8103E+02	  2.7274E+02	  2.4658E+02	  2.5227E+02	  2.3074E+02	  2.0481E+02	  2.3618E+02	  2.6481E+02	  2.6312E+02	  2.2449E+02	  2.1508E+02	  2.1691E+02	  2.3536E+02	  2.8295E+02	  2.7285E+02	  2.5869E+02	  2.5954E+02	  2.4429E+02	  2.4272E+02	  2.2226E+02	  2.2404E+02	  2.1733E+02	  1.7960E+02	  1.7574E+02	  1.8043E+02	  1.8890E+02	  1.8854E+02	  1.7457E+02	  1.6852E+02	  1.5437E+02	  1.5690E+02	  1.4944E+02	  1.5776E+02	  1.7243E+02	  1.5810E+02	  1.6438E+02	  1.2797E+02	  9.6149E+01	  7.5200E+01	  4.1077E+01	  1.1773E+01	  1.9066E+00	  0.0000E+00	  0.0000E+00	  0.0000E+00	  0.0000E+00	  0.0000E+00	  0.0000E+00	  0.0000E+00	  0.0000E+00	  0.0000E+00	  0.0000E+00	  0.0000E+00	  0.0000E+00	  0.0000E+00	  0.0000E+00	  0.0000E+00	  0.0000E+00	  0.0000E+00
  0.0000E+00	  0.0000E+00	  0.0000E+00	  0.0000E+00	  0.0000E+00	  0.0000E+00	  0.0000E+00	  0.0000E+00	  0.0000E+00	  0.0000E+00	  0.0000E+00	  5.8290E-02	  5.7532E-01	  1.5036E+00	  3.2896E+00	  4.4727E+00	  1.3835E+01	  2.4250E+01	  4.3792E+01	  6.3433E+01	  9.3634E+01	  1.0025E+02	  1.5852E+02	  1.4627E+02	  1.4985E+02	  1.6415E+02	  1.5155E+02	  1.3467E+02	  1.5894E+02	  1.8275E+02	  1.6771E+02	  1.8501E+02	  1.7453E+02	  1.9792E+02	  2.2980E+02	  2.3891E+02	  2.3030E+02	  2.5647E+02	  2.6078E+02	  2.5685E+02	  2.6296E+02	  2.6613E+02	  2.4403E+02	  2.6935E+02	  2.7255E+02	  3.0920E+02	  2.7695E+02	  2.9601E+02	  3.0540E+02	  2.9833E+02	  3.2237E+02	  3.3512E+02	  3.1672E+02	  3.0573E+02	  2.7808E+02	  2.7834E+02	  2.8914E+02	  2.8029E+02	  2.7203E+02	  2.5542E+02	  2.5797E+02	  2.7111E+02	  2.7847E+02	  2.7690E+02	  2.6520E+02	  2.5533E+02	  2.8353E+02	  3.1631E+02	  3.1397E+02	  2.5746E+02	  2.4039E+02	  2.2767E+02	  2.1904E+02	  2.1859E+02	  2.1297E+02	  2.1679E+02	  2.2944E+02	  2.2171E+02	  2.3512E+02	  1.9015E+02	  2.0749E+02	  2.5566E+02	  2.5648E+02	  2.4192E+02	  2.4657E+02	  2.3875E+02	  2.1720E+02	  2.1194E+02	  2.0183E+02	  2.1673E+02	  1.9882E+02	  1.6777E+02	  1.7112E+02	  1.7478E+02	  1.6951E+02	  1.8679E+02	  1.6635E+02	  1.6257E+02	  1.6664E+02	  1.3706E+02	  1.1753E+02	  1.1542E+02	  1.3714E+02	  1.3303E+02	  1.2962E+02	  1.2080E+02	  1.1415E+02	  9.0765E+01	  5.3960E+01	  1.6846E+01	  9.7110E-01	  0.0000E+00	  0.0000E+00	  0.0000E+00	  0.0000E+00	  0.0000E+00	  0.0000E+00	  0.0000E+00	  0.0000E+00	  0.0000E+00	  0.0000E+00	  0.0000E+00	  0.0000E+00	  0.0000E+00	  0.0000E+00	  0.0000E+00	  0.0000E+00	  0.0000E+00
  0.0000E+00	  0.0000E+00	  0.0000E+00	  0.0000E+00	  0.0000E+00	  0.0000E+00	  0.0000E+00	  0.0000E+00	  0.0000E+00	  0.0000E+00	  0.0000E+00	  1.9035E-02	  1.9406E+00	  1.6277E+00	  4.9226E+00	  1.0999E+01	  1.6769E+01	  2.7847E+01	  5.5597E+01	  6.9066E+01	  9.4241E+01	  1.2952E+02	  1.6263E+02	  1.7955E+02	  1.5765E+02	  1.6614E+02	  1.5859E+02	  1.4477E+02	  1.5983E+02	  1.9116E+02	  1.7637E+02	  1.8366E+02	  1.8412E+02	  1.7767E+02	  1.9743E+02	  1.9854E+02	  2.2332E+02	  2.6137E+02	  2.6757E+02	  2.5125E+02	  2.7979E+02	  2.6747E+02	  2.8017E+02	  2.9654E+02	  2.8492E+02	  2.7535E+02	  2.8029E+02	  2.8369E+02	  3.2155E+02	  3.1825E+02	  2.9919E+02	  3.0841E+02	  3.1434E+02	  2.8877E+02	  2.7292E+02	  2.6041E+02	  2.7253E+02	  2.8623E+02	  2.7979E+02	  2.6581E+02	  2.6254E+02	  2.8096E+02	  3.0071E+02	  2.8877E+02	  2.7271E+02	  2.4976E+02	  2.6431E+02	  2.7245E+02	  2.7629E+02	  2.4210E+02	  2.3993E+02	  2.4439E+02	  2.2193E+02	  2.1826E+02	  2.3422E+02	  2.2286E+02	  2.0347E+02	  2.0045E+02	  2.2163E+02	  2.0731E+02	  2.1284E+02	  2.2518E+02	  2.1339E+02	  2.1993E+02	  2.5441E+02	  2.4586E+02	  2.2081E+02	  1.8908E+02	  1.8301E+02	  1.9483E+02	  2.0131E+02	  1.7617E+02	  1.6239E+02	  1.5981E+02	  1.5705E+02	  1.7539E+02	  1.6771E+02	  1.6289E+02	  1.5173E+02	  1.4572E+02	  1.2960E+02	  1.0307E+02	  1.2746E+02	  1.3905E+02	  1.3889E+02	  1.1649E+02	  1.0950E+02	  9.4638E+01	  6.4560E+01	  2.3590E+01	  2.5350E+00	  2.6155E-01	  0.0000E+00	  0.0000E+00	  0.0000E+00	  0.0000E+00	  0.0000E+00	  0.0000E+00	  0.0000E+00	  0.0000E+00	  0.0000E+00	  0.0000E+00	  0.0000E+00	  0.0000E+00	  0.0000E+00	  0.0000E+00	  0.0000E+00	  0.0000E+00
  0.0000E+00	  0.0000E+00	  0.0000E+00	  0.0000E+00	  0.0000E+00	  0.0000E+00	  0.0000E+00	  0.0000E+00	  0.0000E+00	  0.0000E+00	  0.0000E+00	  2.3954E-02	  7.0859E-01	  1.7912E+00	  8.7480E+00	  1.1238E+01	  1.7707E+01	  4.5002E+01	  6.5798E+01	  8.7252E+01	  1.0964E+02	  1.3159E+02	  1.5676E+02	  1.8471E+02	  1.7597E+02	  1.7209E+02	  1.6584E+02	  1.4848E+02	  1.5438E+02	  1.9865E+02	  1.8404E+02	  1.8202E+02	  1.7911E+02	  1.9158E+02	  2.0667E+02	  1.9443E+02	  1.8581E+02	  2.0583E+02	  2.5594E+02	  2.4975E+02	  2.4522E+02	  2.6934E+02	  2.6543E+02	  2.7668E+02	  2.8632E+02	  2.6017E+02	  2.6736E+02	  2.6533E+02	  2.8144E+02	  2.8839E+02	  2.7446E+02	  3.0652E+02	  3.1533E+02	  2.8924E+02	  2.6579E+02	  2.5447E+02	  2.8378E+02	  2.8912E+02	  2.5139E+02	  2.4864E+02	  2.6128E+02	  2.7011E+02	  2.6693E+02	  2.5901E+02	  2.4925E+02	  2.3270E+02	  2.5558E+02	  2.3916E+02	  2.5863E+02	  2.2341E+02	  2.2848E+02	  2.1218E+02	  2.2460E+02	  2.2637E+02	  2.6379E+02	  2.2693E+02	  2.0236E+02	  1.8180E+02	  1.9848E+02	  1.8772E+02	  2.0858E+02	  2.3705E+02	  2.3004E+02	  2.1493E+02	  2.2289E+02	  2.2148E+02	  2.2790E+02	  2.0912E+02	  1.6103E+02	  1.7432E+02	  1.9692E+02	  1.7051E+02	  1.6951E+02	  1.8167E+02	  1.7358E+02	  1.8522E+02	  1.6896E+02	  1.6919E+02	  1.5708E+02	  1.3640E+02	  1.1013E+02	  1.0154E+02	  1.3601E+02	  1.4310E+02	  1.4578E+02	  1.3199E+02	  1.2156E+02	  1.0846E+02	  6.6323E+01	  2.8055E+01	  1.0402E+01	  3.9297E+00	  8.7302E-01	  0.0000E+00	  0.0000E+00	  0.0000E+00	  0.0000E+00	  0.0000E+00	  0.0000E+00	  0.0000E+00	  0.0000E+00	  0.0000E+00	  0.0000E+00	  0.0000E+00	  0.0000E+00	  0.0000E+00	  0.0000E+00	  0.0000E+00
  0.0000E+00	  0.0000E+00	  0.0000E+00	  0.0000E+00	  0.0000E+00	  0.0000E+00	  0.0000E+00	  0.0000E+00	  0.0000E+00	  0.0000E+00	  1.8831E-01	  1.5597E+00	  1.5254E+00	  4.0459E+00	  9.1342E+00	  1.0642E+01	  2.9125E+01	  4.9246E+01	  6.1187E+01	  8.5794E+01	  1.0588E+02	  1.2847E+02	  1.4767E+02	  1.4944E+02	  1.5119E+02	  1.5461E+02	  1.4254E+02	  1.5126E+02	  1.5406E+02	  1.6890E+02	  1.6558E+02	  1.5026E+02	  1.4383E+02	  1.7822E+02	  1.9186E+02	  1.7454E+02	  1.8760E+02	  1.8185E+02	  2.2207E+02	  2.2995E+02	  2.3324E+02	  2.4950E+02	  2.7123E+02	  2.4172E+02	  2.3358E+02	  2.3998E+02	  2.3392E+02	  2.7067E+02	  2.9013E+02	  2.6295E+02	  2.6924E+02	  2.7382E+02	  2.6997E+02	  2.3966E+02	  2.4701E+02	  2.6025E+02	  2.7358E+02	  2.6103E+02	  2.3205E+02	  2.0323E+02	  2.3512E+02	  2.3788E+02	  2.3966E+02	  2.3335E+02	  2.2365E+02	  2.3063E+02	  2.6433E+02	  2.5003E+02	  2.4206E+02	  2.1951E+02	  2.2968E+02	  2.2788E+02	  2.1905E+02	  2.1688E+02	  2.2763E+02	  2.1085E+02	  2.0496E+02	  1.9836E+02	  2.0331E+02	  1.9652E+02	  2.0404E+02	  2.1003E+02	  2.2674E+02	  2.0410E+02	  1.9053E+02	  2.0145E+02	  2.1224E+02	  2.1023E+02	  1.7899E+02	  1.8308E+02	  1.8348E+02	  1.7289E+02	  1.7161E+02	  1.8780E+02	  1.9083E+02	  2.1603E+02	  2.0348E+02	  1.8594E+02	  1.6023E+02	  1.2683E+02	  1.2307E+02	  1.3086E+02	  1.3690E+02	  1.5842E+02	  1.5861E+02	  1.5967E+02	  1.4050E+02	  1.0204E+02	  5.0574E+01	  2.9361E+01	  1.3980E+01	  2.8618E+00	  4.9387E-01	  0.0000E+00	  0.0000E+00	  0.0000E+00	  0.0000E+00	  0.0000E+00	  0.0000E+00	  0.0000E+00	  0.0000E+00	  0.0000E+00	  0.0000E+00	  0.0000E+00	  0.0000E+00	  0.0000E+00	  0.0000E+00	  0.0000E+00
  0.0000E+00	  0.0000E+00	  0.0000E+00	  0.0000E+00	  0.0000E+00	  0.0000E+00	  0.0000E+00	  0.0000E+00	  0.0000E+00	  0.0000E+00	  1.1315E-01	  1.0565E+00	  3.2653E+00	  6.9019E+00	  1.0221E+01	  2.3675E+01	  4.4856E+01	  5.3129E+01	  8.3343E+01	  1.0529E+02	  1.1635E+02	  1.1494E+02	  1.2831E+02	  1.3867E+02	  1.4664E+02	  1.4438E+02	  1.4413E+02	  1.3999E+02	  1.4139E+02	  1.6252E+02	  1.5798E+02	  1.4076E+02	  1.4773E+02	  1.4645E+02	  1.6278E+02	  1.6360E+02	  1.7368E+02	  1.8763E+02	  2.1889E+02	  2.0476E+02	  1.9896E+02	  2.1658E+02	  2.5249E+02	  2.3134E+02	  2.3983E+02	  2.6967E+02	  2.5361E+02	  2.8252E+02	  2.9186E+02	  2.4795E+02	  2.3942E+02	  2.2437E+02	  2.4032E+02	  2.2327E+02	  2.3017E+02	  2.5538E+02	  2.7851E+02	  2.5570E+02	  2.4366E+02	  2.1057E+02	  2.1444E+02	  2.1128E+02	  2.3100E+02	  2.3210E+02	  2.1392E+02	  2.2697E+02	  2.6128E+02	  2.4260E+02	  2.3887E+02	  2.3797E+02	  2.4097E+02	  2.4455E+02	  2.0900E+02	  1.9626E+02	  1.9945E+02	  2.1209E+02	  1.8345E+02	  1.8080E+02	  2.1198E+02	  2.1943E+02	  2.0041E+02	  1.9385E+02	  2.1718E+02	  1.9861E+02	  1.5961E+02	  1.6158E+02	  1.9739E+02	  1.9607E+02	  1.8592E+02	  1.8441E+02	  1.7060E+02	  1.6021E+02	  1.5133E+02	  1.6600E+02	  1.7928E+02	  2.0540E+02	  1.7802E+02	  1.8103E+02	  1.6076E+02	  1.2636E+02	  1.4340E+02	  1.4777E+02	  1.5521E+02	  1.7226E+02	  1.7431E+02	  1.7677E+02	  1.5576E+02	  9.5208E+01	  5.3215E+01	  2.8125E+01	  1.3720E+01	  4.8770E-01	  8.7490E-02	  0.0000E+00	  0.0000E+00	  0.0000E+00	  0.0000E+00	  0.0000E+00	  0.0000E+00	  0.0000E+00	  0.0000E+00	  0.0000E+00	  0.0000E+00	  0.0000E+00	  0.0000E+00	  0.0000E+00	  0.0000E+00	  0.0000E+00
  0.0000E+00	  0.0000E+00	  0.0000E+00	  0.0000E+00	  0.0000E+00	  0.0000E+00	  0.0000E+00	  0.0000E+00	  0.0000E+00	  0.0000E+00	  1.7362E-01	  1.5599E+00	  3.1050E+00	  8.1947E+00	  1.9054E+01	  3.1933E+01	  4.9969E+01	  6.0422E+01	  1.0924E+02	  1.3928E+02	  1.3522E+02	  1.1700E+02	  1.4285E+02	  1.5091E+02	  1.5509E+02	  1.5525E+02	  1.4403E+02	  1.2608E+02	  1.3791E+02	  1.4183E+02	  1.4274E+02	  1.5104E+02	  1.6469E+02	  1.7482E+02	  1.7857E+02	  1.8928E+02	  2.0307E+02	  2.3190E+02	  2.3739E+02	  1.9947E+02	  2.0791E+02	  2.0816E+02	  2.0599E+02	  2.2943E+02	  2.5575E+02	  2.6067E+02	  2.5998E+02	  2.7057E+02	  2.6541E+02	  2.4913E+02	  2.2378E+02	  2.1921E+02	  2.2573E+02	  2.1246E+02	  1.9585E+02	  2.3270E+02	  2.6976E+02	  2.5490E+02	  2.4652E+02	  2.1198E+02	  2.0031E+02	  2.0318E+02	  1.8651E+02	  2.0413E+02	  2.0641E+02	  1.9551E+02	  2.1409E+02	  2.3849E+02	  2.2333E+02	  2.3146E+02	  2.3685E+02	  2.5401E+02	  2.1332E+02	  1.8992E+02	  1.8417E+02	  1.8810E+02	  1.6906E+02	  1.8305E+02	  2.0937E+02	  2.0108E+02	  1.9325E+02	  2.2431E+02	  2.1189E+02	  2.0424E+02	  1.6646E+02	  1.8913E+02	  2.0799E+02	  2.2495E+02	  2.0842E+02	  1.8130E+02	  1.7233E+02	  1.7669E+02	  1.6605E+02	  1.5528E+02	  1.5453E+02	  1.5065E+02	  1.4397E+02	  1.5252E+02	  1.7851E+02	  1.8280E+02	  1.4872E+02	  1.5144E+02	  1.5191E+02	  1.3891E+02	  1.5493E+02	  1.9229E+02	  1.7132E+02	  1.0503E+02	  5.7720E+01	  3.6972E+01	  1.0343E+01	  1.0460E+00	  4.1349E-01	  0.0000E+00	  0.0000E+00	  0.0000E+00	  0.0000E+00	  0.0000E+00	  0.0000E+00	  0.0000E+00	  0.0000E+00	  0.0000E+00	  0.0000E+00	  0.0000E+00	  0.0000E+00	  0.0000E+00	  0.0000E+00	  0.0000E+00
  0.0000E+00	  0.0000E+00	  0.0000E+00	  0.0000E+00	  0.0000E+00	  0.0000E+00	  0.0000E+00	  0.0000E+00	  0.0000E+00	  0.0000E+00	  6.1279E-01	  4.3852E+00	  4.6004E+00	  6.9417E+00	  2.0073E+01	  3.8078E+01	  5.8814E+01	  8.3434E+01	  1.2562E+02	  1.3624E+02	  1.3674E+02	  1.3015E+02	  1.4421E+02	  1.4296E+02	  1.3336E+02	  1.3903E+02	  1.3365E+02	  1.3469E+02	  1.3063E+02	  1.3292E+02	  1.6045E+02	  1.7536E+02	  1.7337E+02	  1.7045E+02	  1.8378E+02	  2.2064E+02	  2.2202E+02	  2.0770E+02	  2.1496E+02	  1.9981E+02	  2.0922E+02	  1.9413E+02	  2.0360E+02	  2.1417E+02	  2.1279E+02	  2.3231E+02	  2.2704E+02	  2.2382E+02	  2.3651E+02	  2.4216E+02	  2.2951E+02	  1.9837E+02	  2.0184E+02	  2.1195E+02	  1.9440E+02	  1.9203E+02	  2.1827E+02	  2.3386E+02	  2.0757E+02	  2.0119E+02	  1.9838E+02	  2.0186E+02	  1.8496E+02	  2.0374E+02	  1.8563E+02	  1.7996E+02	  1.9705E+02	  2.3270E+02	  2.1809E+02	  2.1130E+02	  2.0585E+02	  2.2466E+02	  2.1589E+02	  2.1613E+02	  1.7784E+02	  1.6077E+02	  1.8011E+02	  1.8647E+02	  1.9006E+02	  2.0307E+02	  2.0851E+02	  2.1618E+02	  2.0717E+02	  2.0110E+02	  2.0032E+02	  2.0528E+02	  2.2097E+02	  2.2215E+02	  2.1461E+02	  1.9733E+02	  1.5604E+02	  1.5801E+02	  1.7995E+02	  1.7507E+02	  1.4777E+02	  1.4973E+02	  1.2538E+02	  1.4820E+02	  1.7642E+02	  1.9723E+02	  1.5281E+02	  1.4300E+02	  1.3341E+02	  1.4048E+02	  1.5733E+02	  1.8111E+02	  1.5325E+02	  1.1713E+02	  7.8070E+01	  3.5517E+01	  7.5486E+00	  3.4174E+00	  1.2720E+00	  0.0000E+00	  0.0000E+00	  0.0000E+00	  0.0000E+00	  0.0000E+00	  0.0000E+00	  0.0000E+00	  0.0000E+00	  0.0000E+00	  0.0000E+00	  0.0000E+00	  0.0000E+00	  0.0000E+00	  0.0000E+00	  0.0000E+00
  0.0000E+00	  0.0000E+00	  0.0000E+00	  0.0000E+00	  0.0000E+00	  0.0000E+00	  0.0000E+00	  0.0000E+00	  0.0000E+00	  4.1849E-02	  2.2450E-01	  1.4377E+00	  3.9685E+00	  8.5333E+00	  2.5741E+01	  4.3625E+01	  6.1607E+01	  1.0205E+02	  1.1441E+02	  1.3963E+02	  1.4217E+02	  1.3924E+02	  1.3566E+02	  1.3193E+02	  1.2887E+02	  1.2469E+02	  1.4748E+02	  1.2667E+02	  1.2742E+02	  1.4834E+02	  1.7645E+02	  1.7843E+02	  1.8315E+02	  1.9659E+02	  2.1075E+02	  2.4334E+02	  2.2192E+02	  2.0200E+02	  1.9963E+02	  2.1034E+02	  1.9454E+02	  1.9063E+02	  2.2494E+02	  2.1623E+02	  2.3951E+02	  2.0736E+02	  1.9920E+02	  2.0542E+02	  2.2683E+02	  2.1769E+02	  2.1366E+02	  2.0100E+02	  2.1321E+02	  2.0748E+02	  2.0077E+02	  1.8622E+02	  2.0601E+02	  2.2695E+02	  2.0586E+02	  2.0364E+02	  1.9415E+02	  1.9825E+02	  2.0664E+02	  2.0085E+02	  1.8838E+02	  1.7504E+02	  2.1029E+02	  2.2898E+02	  2.1118E+02	  2.1489E+02	  2.1725E+02	  2.0792E+02	  1.9616E+02	  2.0028E+02	  1.9209E+02	  1.9637E+02	  2.1917E+02	  2.1183E+02	  1.9348E+02	  1.9776E+02	  2.1262E+02	  2.2819E+02	  2.0783E+02	  2.2147E+02	  2.1367E+02	  2.1466E+02	  2.2862E+02	  2.2444E+02	  2.2379E+02	  1.9982E+02	  1.7230E+02	  1.6808E+02	  1.8895E+02	  1.8501E+02	  1.4797E+02	  1.3989E+02	  1.2621E+02	  1.3331E+02	  1.5900E+02	  1.6436E+02	  1.4620E+02	  1.4738E+02	  1.4004E+02	  1.6609E+02	  1.5596E+02	  1.8812E+02	  1.3830E+02	  1.2500E+02	  7.8059E+01	  2.9385E+01	  8.8043E+00	  2.8028E+00	  6.0717E-01	  0.0000E+00	  0.0000E+00	  0.0000E+00	  0.0000E+00	  0.0000E+00	  0.0000E+00	  0.0000E+00	  0.0000E+00	  0.0000E+00	  0.0000E+00	  0.0000E+00	  0.0000E+00	  0.0000E+00	  0.0000E+00	  0.0000E+00
  0.0000E+00	  0.0000E+00	  0.0000E+00	  0.0000E+00	  0.0000E+00	  0.0000E+00	  0.0000E+00	  0.0000E+00	  0.0000E+00	  1.2310E-01	  6.4484E-01	  1.6938E+00	  3.5686E+00	  1.7395E+01	  4.1229E+01	  5.7333E+01	  6.8127E+01	  9.5124E+01	  1.0834E+02	  1.1037E+02	  1.2682E+02	  1.2900E+02	  1.4227E+02	  1.2626E+02	  1.1743E+02	  1.1156E+02	  1.3582E+02	  1.3038E+02	  1.3285E+02	  1.4580E+02	  1.6683E+02	  1.7045E+02	  1.8139E+02	  1.9711E+02	  2.2074E+02	  2.3521E+02	  2.1460E+02	  2.1870E+02	  2.1708E+02	  1.9381E+02	  1.6852E+02	  1.9482E+02	  1.9889E+02	  2.1280E+02	  2.4680E+02	  2.0174E+02	  2.0090E+02	  2.0273E+02	  2.0613E+02	  2.1922E+02	  2.1211E+02	  1.8200E+02	  1.8355E+02	  2.0418E+02	  1.9652E+02	  1.7842E+02	  1.9802E+02	  2.2801E+02	  2.2889E+02	  2.0999E+02	  1.8854E+02	  1.8840E+02	  2.1424E+02	  1.7017E+02	  1.8483E+02	  1.8954E+02	  2.1216E+02	  2.0781E+02	  2.0580E+02	  2.0652E+02	  2.0014E+02	  1.8572E+02	  1.7361E+02	  1.7516E+02	  1.7127E+02	  2.0841E+02	  2.3055E+02	  2.1767E+02	  2.0432E+02	  2.2141E+02	  2.2624E+02	  2.1367E+02	  2.0297E+02	  1.9342E+02	  1.9085E+02	  2.2051E+02	  2.4304E+02	  2.2804E+02	  2.1099E+02	  1.9738E+02	  1.9384E+02	  1.8501E+02	  1.6227E+02	  1.6403E+02	  1.4142E+02	  1.1329E+02	  1.0442E+02	  1.3695E+02	  1.4736E+02	  1.6020E+02	  1.6069E+02	  1.4391E+02	  1.5000E+02	  1.5445E+02	  1.4496E+02	  1.6574E+02	  1.3359E+02	  1.2054E+02	  8.7160E+01	  3.2519E+01	  7.6435E+00	  3.5812E+00	  4.2409E-01	  0.0000E+00	  0.0000E+00	  0.0000E+00	  0.0000E+00	  0.0000E+00	  0.0000E+00	  0.0000E+00	  0.0000E+00	  0.0000E+00	  0.0000E+00	  0.0000E+00	  0.0000E+00	  0.0000E+00	  0.0000E+00	  0.0000E+00
  0.0000E+00	  0.0000E+00	  0.0000E+00	  0.0000E+00	  0.0000E+00	  0.0000E+00	  0.0000E+00	  0.0000E+00	  0.0000E+00	  0.0000E+00	  1.7147E+00	  4.6182E+00	  7.8773E+00	  1.4645E+01	  4.6206E+01	  7.5235E+01	  9.1735E+01	  1.0247E+02	  1.1928E+02	  1.0412E+02	  9.4887E+01	  1.0093E+02	  1.1482E+02	  1.2304E+02	  1.1107E+02	  1.1995E+02	  1.3326E+02	  1.5227E+02	  1.4758E+02	  1.4506E+02	  1.4598E+02	  1.4719E+02	  1.7071E+02	  1.7145E+02	  2.0621E+02	  2.2831E+02	  2.2911E+02	  2.0944E+02	  2.0602E+02	  2.0316E+02	  2.2131E+02	  2.0302E+02	  2.2725E+02	  2.2362E+02	  2.3918E+02	  2.2145E+02	  2.0591E+02	  1.9298E+02	  1.9764E+02	  2.1970E+02	  2.1037E+02	  1.7773E+02	  1.8078E+02	  2.1216E+02	  2.2271E+02	  1.9971E+02	  1.9650E+02	  2.3511E+02	  2.4049E+02	  2.1492E+02	  1.9848E+02	  2.0313E+02	  1.8813E+02	  1.7690E+02	  1.8191E+02	  1.6215E+02	  1.7639E+02	  1.9563E+02	  1.8456E+02	  1.8674E+02	  1.8102E+02	  1.6454E+02	  1.6929E+02	  1.6900E+02	  1.8613E+02	  1.9812E+02	  2.0371E+02	  2.1647E+02	  2.0414E+02	  2.1043E+02	  1.9985E+02	  1.9594E+02	  1.8104E+02	  1.6636E+02	  1.6097E+02	  1.9302E+02	  2.2564E+02	  2.1228E+02	  2.2483E+02	  1.9831E+02	  1.7848E+02	  1.7802E+02	  1.5375E+02	  1.3242E+02	  1.2367E+02	  1.1553E+02	  1.0252E+02	  1.3862E+02	  1.4217E+02	  1.3346E+02	  1.4499E+02	  1.3934E+02	  1.4595E+02	  1.6667E+02	  1.5094E+02	  1.5324E+02	  1.5986E+02	  1.3150E+02	  9.0316E+01	  4.1398E+01	  1.7005E+01	  8.1994E+00	  6.9663E-01	  0.0000E+00	  0.0000E+00	  0.0000E+00	  0.0000E+00	  0.0000E+00	  0.0000E+00	  0.0000E+00	  0.0000E+00	  0.0000E+00	  0.0000E+00	  0.0000E+00	  0.0000E+00	  0.0000E+00	  0.0000E+00	  0.0000E+00
  0.0000E+00	  0.0000E+00	  0.0000E+00	  0.0000E+00	  0.0000E+00	  0.0000E+00	  0.0000E+00	  0.0000E+00	  0.0000E+00	  0.0000E+00	  1.6965E+00	  5.5610E+00	  1.0512E+01	  1.3362E+01	  2.8054E+01	  7.0220E+01	  1.0490E+02	  1.1546E+02	  1.1945E+02	  1.1371E+02	  1.0150E+02	  9.6492E+01	  9.4742E+01	  1.0104E+02	  9.8777E+01	  1.3175E+02	  1.2502E+02	  1.4265E+02	  1.5482E+02	  1.5229E+02	  1.4207E+02	  1.3546E+02	  1.3210E+02	  1.6371E+02	  1.9137E+02	  1.8636E+02	  1.9590E+02	  1.9851E+02	  2.1133E+02	  2.1786E+02	  2.1449E+02	  2.3826E+02	  2.4196E+02	  2.4923E+02	  2.5575E+02	  2.4039E+02	  2.2817E+02	  2.0312E+02	  2.1183E+02	  2.3156E+02	  2.2935E+02	  2.0016E+02	  1.7197E+02	  1.7309E+02	  2.0573E+02	  2.0517E+02	  1.9238E+02	  2.3630E+02	  2.4903E+02	  2.2419E+02	  2.0543E+02	  1.9063E+02	  1.7765E+02	  1.5619E+02	  1.5188E+02	  1.5588E+02	  1.6489E+02	  1.7773E+02	  1.7812E+02	  1.9311E+02	  1.7683E+02	  1.6568E+02	  1.7981E+02	  1.7521E+02	  1.8799E+02	  2.1729E+02	  2.0206E+02	  1.8590E+02	  1.7225E+02	  1.7969E+02	  1.7359E+02	  1.9682E+02	  1.7977E+02	  1.6872E+02	  1.6400E+02	  1.6021E+02	  2.0437E+02	  1.9238E+02	  2.0179E+02	  1.9382E+02	  1.6228E+02	  1.5568E+02	  1.5837E+02	  1.4814E+02	  1.4143E+02	  1.2551E+02	  1.1359E+02	  1.3828E+02	  1.6139E+02	  1.5201E+02	  1.2893E+02	  1.2130E+02	  1.5081E+02	  1.7411E+02	  1.5540E+02	  1.4761E+02	  1.6552E+02	  1.4492E+02	  1.0394E+02	  4.4707E+01	  2.0820E+01	  4.3931E+00	  4.7913E-03	  0.0000E+00	  0.0000E+00	  0.0000E+00	  0.0000E+00	  0.0000E+00	  0.0000E+00	  0.0000E+00	  0.0000E+00	  0.0000E+00	  0.0000E+00	  0.0000E+00	  0.0000E+00	  0.0000E+00	  0.0000E+00	  0.0000E+00
  0.0000E+00	  0.0000E+00	  0.0000E+00	  0.0000E+00	  0.0000E+00	  0.0000E+00	  0.0000E+00	  0.0000E+00	  0.0000E+00	  0.0000E+00	  3.5219E-01	  2.8011E+00	  9.4092E+00	  2.3796E+01	  5.1046E+01	  8.7783E+01	  1.2989E+02	  1.2348E+02	  1.1787E+02	  1.0258E+02	  1.0996E+02	  1.0395E+02	  1.1075E+02	  1.1259E+02	  1.1392E+02	  1.3007E+02	  1.2679E+02	  1.4059E+02	  1.6993E+02	  1.7196E+02	  1.5744E+02	  1.5169E+02	  1.3504E+02	  1.6088E+02	  1.8112E+02	  1.8323E+02	  1.9013E+02	  1.9271E+02	  2.0124E+02	  2.0406E+02	  2.0823E+02	  2.5624E+02	  2.6420E+02	  2.4322E+02	  2.4220E+02	  2.2522E+02	  2.2377E+02	  2.3687E+02	  2.2581E+02	  2.1197E+02	  2.1635E+02	  2.2087E+02	  1.8964E+02	  1.6266E+02	  1.7699E+02	  1.9148E+02	  2.3475E+02	  2.4895E+02	  2.2659E+02	  2.2336E+02	  2.0208E+02	  1.9308E+02	  1.8331E+02	  1.6147E+02	  1.5648E+02	  1.4105E+02	  1.3735E+02	  1.4928E+02	  1.6514E+02	  1.7289E+02	  1.7155E+02	  1.6051E+02	  1.7020E+02	  1.8557E+02	  1.7942E+02	  1.9446E+02	  1.7225E+02	  1.3731E+02	  1.5467E+02	  1.6060E+02	  1.7033E+02	  1.8701E+02	  1.7574E+02	  1.5794E+02	  1.7736E+02	  1.9290E+02	  2.0262E+02	  1.9586E+02	  2.0274E+02	  1.8533E+02	  1.6806E+02	  1.5938E+02	  1.4583E+02	  1.4565E+02	  1.5491E+02	  1.4203E+02	  1.5210E+02	  1.7014E+02	  1.6958E+02	  1.5530E+02	  1.2599E+02	  1.3725E+02	  1.4941E+02	  1.6859E+02	  1.5587E+02	  1.6444E+02	  1.5983E+02	  1.4809E+02	  9.7071E+01	  4.6849E+01	  1.6141E+01	  7.4342E-01	  0.0000E+00	  0.0000E+00	  0.0000E+00	  0.0000E+00	  0.0000E+00	  0.0000E+00	  0.0000E+00	  0.0000E+00	  0.0000E+00	  0.0000E+00	  0.0000E+00	  0.0000E+00	  0.0000E+00	  0.0000E+00	  0.0000E+00	  0.0000E+00
  0.0000E+00	  0.0000E+00	  0.0000E+00	  0.0000E+00	  0.0000E+00	  0.0000E+00	  0.0000E+00	  0.0000E+00	  0.0000E+00	  0.0000E+00	  1.8310E-01	  4.8917E+00	  1.7139E+01	  3.4515E+01	  5.4972E+01	  9.2430E+01	  1.2266E+02	  1.2873E+02	  1.2268E+02	  1.1668E+02	  1.0424E+02	  1.1578E+02	  1.1815E+02	  1.2858E+02	  1.3526E+02	  1.5236E+02	  1.5377E+02	  1.3784E+02	  1.6957E+02	  1.7369E+02	  1.5478E+02	  1.3686E+02	  1.6830E+02	  1.8638E+02	  1.8547E+02	  1.9141E+02	  2.0117E+02	  1.8889E+02	  1.8217E+02	  2.1043E+02	  2.2835E+02	  2.5033E+02	  2.2575E+02	  2.2976E+02	  2.2577E+02	  2.0578E+02	  1.8782E+02	  2.0498E+02	  2.3170E+02	  2.2946E+02	  2.3165E+02	  2.1336E+02	  2.0708E+02	  1.8429E+02	  1.7238E+02	  1.8426E+02	  1.8482E+02	  2.0476E+02	  2.0055E+02	  1.8316E+02	  1.8542E+02	  1.9456E+02	  1.7689E+02	  1.7308E+02	  1.7834E+02	  1.4593E+02	  1.4576E+02	  1.5648E+02	  1.7514E+02	  1.8472E+02	  1.3885E+02	  1.3070E+02	  1.4738E+02	  1.5370E+02	  1.6550E+02	  1.7074E+02	  1.5861E+02	  1.1928E+02	  1.5066E+02	  1.6682E+02	  1.7053E+02	  1.5784E+02	  1.9299E+02	  1.9518E+02	  1.9419E+02	  2.1050E+02	  1.8384E+02	  1.8536E+02	  2.0610E+02	  1.7778E+02	  1.6892E+02	  1.6061E+02	  1.6176E+02	  1.6696E+02	  1.4567E+02	  1.5098E+02	  1.7181E+02	  1.7599E+02	  1.7587E+02	  1.5103E+02	  1.2328E+02	  1.4377E+02	  1.4323E+02	  1.5969E+02	  1.6653E+02	  1.5851E+02	  1.5836E+02	  1.2353E+02	  8.0115E+01	  4.7339E+01	  2.1460E+01	  2.5699E+00	  0.0000E+00	  0.0000E+00	  0.0000E+00	  0.0000E+00	  0.0000E+00	  0.0000E+00	  0.0000E+00	  0.0000E+00	  0.0000E+00	  0.0000E+00	  0.0000E+00	  0.0000E+00	  0.0000E+00	  0.0000E+00	  0.0000E+00	  0.0000E+00
  0.0000E+00	  0.0000E+00	  0.0000E+00	  0.0000E+00	  0.0000E+00	  0.0000E+00	  0.0000E+00	  0.0000E+00	  0.0000E+00	  2.2913E-01	  1.1218E+00	  5.1557E+00	  2.1357E+01	  3.8594E+01	  6.6335E+01	  9.4541E+01	  1.1516E+02	  1.2673E+02	  1.1865E+02	  1.1533E+02	  1.0962E+02	  1.0901E+02	  1.2151E+02	  1.1342E+02	  1.4506E+02	  1.5600E+02	  1.4936E+02	  1.5235E+02	  1.6633E+02	  1.6177E+02	  1.6431E+02	  1.5650E+02	  1.8085E+02	  1.9356E+02	  2.0597E+02	  1.9322E+02	  1.9734E+02	  1.8705E+02	  1.8571E+02	  2.0841E+02	  1.8325E+02	  2.1153E+02	  2.2694E+02	  2.3334E+02	  2.0110E+02	  1.7570E+02	  1.9077E+02	  1.9832E+02	  1.9831E+02	  2.1476E+02	  2.1458E+02	  2.0452E+02	  2.1226E+02	  1.7651E+02	  1.5333E+02	  1.5556E+02	  1.7686E+02	  1.8938E+02	  1.8193E+02	  1.7310E+02	  1.7850E+02	  1.6594E+02	  1.6936E+02	  1.8706E+02	  1.6927E+02	  1.4912E+02	  1.4034E+02	  1.5310E+02	  1.8450E+02	  1.8898E+02	  1.3842E+02	  1.2162E+02	  1.2841E+02	  1.6690E+02	  1.8887E+02	  1.6523E+02	  1.4720E+02	  1.3532E+02	  1.7055E+02	  1.8385E+02	  1.7437E+02	  1.6608E+02	  1.8444E+02	  1.8334E+02	  1.7813E+02	  1.7583E+02	  1.7749E+02	  1.6839E+02	  1.7065E+02	  1.8308E+02	  1.8223E+02	  1.6731E+02	  1.7165E+02	  1.8093E+02	  1.7257E+02	  1.6395E+02	  1.8208E+02	  2.0203E+02	  1.8270E+02	  1.5043E+02	  1.1583E+02	  1.2122E+02	  1.2901E+02	  1.4913E+02	  1.7592E+02	  1.6205E+02	  1.6473E+02	  1.2018E+02	  7.8098E+01	  4.0259E+01	  1.8591E+01	  3.7463E+00	  1.2118E+00	  1.3650E-01	  0.0000E+00	  0.0000E+00	  0.0000E+00	  0.0000E+00	  0.0000E+00	  0.0000E+00	  0.0000E+00	  0.0000E+00	  0.0000E+00	  0.0000E+00	  0.0000E+00	  0.0000E+00	  0.0000E+00	  0.0000E+00
  0.0000E+00	  0.0000E+00	  0.0000E+00	  0.0000E+00	  0.0000E+00	  0.0000E+00	  0.0000E+00	  0.0000E+00	  0.0000E+00	  2.0315E-01	  1.8424E+00	  7.7278E+00	  2.5648E+01	  4.7147E+01	  7.9327E+01	  1.0134E+02	  1.1727E+02	  1.3149E+02	  1.1750E+02	  1.1380E+02	  9.4828E+01	  1.1351E+02	  1.2013E+02	  1.2478E+02	  1.2857E+02	  1.3767E+02	  1.6796E+02	  1.6420E+02	  1.4116E+02	  1.5408E+02	  1.4871E+02	  1.6685E+02	  1.8634E+02	  1.9624E+02	  1.9778E+02	  1.8870E+02	  1.9826E+02	  1.7535E+02	  1.6829E+02	  2.0032E+02	  1.8711E+02	  2.1443E+02	  2.3820E+02	  2.2760E+02	  2.1013E+02	  1.9195E+02	  1.9130E+02	  1.8829E+02	  1.9433E+02	  1.8109E+02	  1.8643E+02	  2.0025E+02	  1.8570E+02	  1.6122E+02	  1.4956E+02	  1.6697E+02	  1.8037E+02	  1.8105E+02	  1.6388E+02	  1.6890E+02	  1.7348E+02	  1.6689E+02	  1.5134E+02	  1.4470E+02	  1.6979E+02	  1.8129E+02	  1.5897E+02	  1.4992E+02	  1.5966E+02	  1.6636E+02	  1.3679E+02	  1.4942E+02	  1.5379E+02	  1.9365E+02	  1.7924E+02	  1.5687E+02	  1.8457E+02	  1.5580E+02	  1.6571E+02	  1.6218E+02	  1.7543E+02	  1.8343E+02	  1.6864E+02	  1.7325E+02	  1.3878E+02	  1.3375E+02	  1.4418E+02	  1.6400E+02	  1.7791E+02	  1.8014E+02	  1.6916E+02	  1.7194E+02	  1.6733E+02	  1.8188E+02	  1.7001E+02	  1.6986E+02	  1.7558E+02	  1.6909E+02	  1.4583E+02	  1.3627E+02	  1.2087E+02	  1.3674E+02	  1.3048E+02	  1.3225E+02	  1.7349E+02	  1.6568E+02	  1.4747E+02	  1.2030E+02	  8.2586E+01	  4.6503E+01	  1.6867E+01	  5.1254E+00	  1.6159E+00	  1.0897E-01	  0.0000E+00	  0.0000E+00	  0.0000E+00	  0.0000E+00	  0.0000E+00	  0.0000E+00	  0.0000E+00	  0.0000E+00	  0.0000E+00	  0.0000E+00	  0.0000E+00	  0.0000E+00	  0.0000E+00	  0.0000E+00
  0.0000E+00	  0.0000E+00	  0.0000E+00	  0.0000E+00	  0.0000E+00	  0.0000E+00	  0.0000E+00	  0.0000E+00	  1.4473E-01	  9.1522E-01	  3.9248E+00	  7.5372E+00	  2.5247E+01	  4.9481E+01	  8.0592E+01	  1.1516E+02	  1.3385E+02	  1.3968E+02	  1.1335E+02	  9.8456E+01	  8.6361E+01	  9.2316E+01	  1.0885E+02	  1.2823E+02	  1.3711E+02	  1.3225E+02	  1.2713E+02	  1.1975E+02	  1.3361E+02	  1.3905E+02	  1.4196E+02	  1.7233E+02	  1.9825E+02	  2.0208E+02	  1.8829E+02	  2.0238E+02	  2.1447E+02	  2.0361E+02	  1.7829E+02	  1.8140E+02	  1.8100E+02	  2.0102E+02	  2.1950E+02	  2.0855E+02	  2.2246E+02	  2.1098E+02	  1.9503E+02	  1.8418E+02	  1.8513E+02	  1.6771E+02	  1.5686E+02	  1.8139E+02	  1.7739E+02	  1.7684E+02	  1.7403E+02	  1.6743E+02	  1.8660E+02	  1.6766E+02	  1.7372E+02	  1.6522E+02	  1.7101E+02	  1.8715E+02	  1.5504E+02	  1.5783E+02	  1.5366E+02	  1.6046E+02	  1.6770E+02	  1.6514E+02	  1.5698E+02	  1.6564E+02	  1.6048E+02	  1.3834E+02	  1.5661E+02	  1.8767E+02	  1.7006E+02	  1.7720E+02	  1.8458E+02	  1.6577E+02	  1.6041E+02	  1.9864E+02	  1.8013E+02	  1.6576E+02	  1.5906E+02	  1.5797E+02	  1.5050E+02	  1.4771E+02	  1.7138E+02	  1.6518E+02	  1.6897E+02	  2.0063E+02	  1.8605E+02	  1.6773E+02	  1.5941E+02	  1.7142E+02	  1.7573E+02	  1.7381E+02	  1.7092E+02	  1.6398E+02	  1.6070E+02	  1.7236E+02	  1.4928E+02	  1.3813E+02	  1.3112E+02	  1.2359E+02	  1.3834E+02	  1.6155E+02	  1.4062E+02	  1.2430E+02	  1.0420E+02	  5.5668E+01	  2.0410E+01	  9.9782E+00	  5.7428E+00	  2.7562E-01	  0.0000E+00	  0.0000E+00	  0.0000E+00	  0.0000E+00	  0.0000E+00	  0.0000E+00	  0.0000E+00	  0.0000E+00	  0.0000E+00	  0.0000E+00	  0.0000E+00	  0.0000E+00	  0.0000E+00	  0.0000E+00
  0.0000E+00	  0.0000E+00	  0.0000E+00	  0.0000E+00	  0.0000E+00	  0.0000E+00	  0.0000E+00	  5.0741E-01	  1.0666E+00	  1.6852E+00	  1.1651E+00	  7.8475E+00	  2.0525E+01	  6.2141E+01	  7.9509E+01	  1.1269E+02	  1.4145E+02	  1.4340E+02	  1.1117E+02	  1.0779E+02	  1.0225E+02	  1.0666E+02	  1.0409E+02	  1.2564E+02	  1.2245E+02	  1.2002E+02	  1.1630E+02	  1.1106E+02	  1.1296E+02	  1.3440E+02	  1.5038E+02	  1.6527E+02	  1.8207E+02	  1.8166E+02	  1.7520E+02	  2.0280E+02	  2.0625E+02	  1.9731E+02	  1.8829E+02	  1.9298E+02	  1.7801E+02	  1.7105E+02	  2.0127E+02	  2.1775E+02	  2.2145E+02	  2.1993E+02	  1.8159E+02	  1.5625E+02	  1.6015E+02	  1.4204E+02	  1.6700E+02	  1.7706E+02	  1.7637E+02	  1.9970E+02	  1.8468E+02	  1.8587E+02	  1.7102E+02	  1.5415E+02	  1.5988E+02	  1.6173E+02	  1.8238E+02	  1.8007E+02	  1.7852E+02	  1.5791E+02	  1.8839E+02	  1.8388E+02	  1.6300E+02	  1.6209E+02	  1.5429E+02	  1.6487E+02	  1.6949E+02	  1.4645E+02	  1.8252E+02	  1.7353E+02	  1.7941E+02	  1.6070E+02	  1.5627E+02	  1.5563E+02	  1.6562E+02	  1.8332E+02	  1.7128E+02	  1.4188E+02	  1.3879E+02	  1.6277E+02	  1.6792E+02	  1.5388E+02	  1.6322E+02	  1.5891E+02	  1.7352E+02	  1.8789E+02	  2.2065E+02	  2.0714E+02	  1.8325E+02	  1.8187E+02	  1.8743E+02	  1.7068E+02	  1.6524E+02	  1.8146E+02	  1.6679E+02	  1.6844E+02	  1.3975E+02	  1.2504E+02	  1.4191E+02	  1.4672E+02	  1.4591E+02	  1.4894E+02	  1.1940E+02	  1.0490E+02	  9.8559E+01	  6.8562E+01	  3.0140E+01	  7.7924E+00	  5.3155E+00	  9.6789E-01	  0.0000E+00	  0.0000E+00	  0.0000E+00	  0.0000E+00	  0.0000E+00	  0.0000E+00	  0.0000E+00	  0.0000E+00	  0.0000E+00	  0.0000E+00	  0.0000E+00	  0.0000E+00	  0.0000E+00	  0.0000E+00
  0.0000E+00	  0.0000E+00	  0.0000E+00	  0.0000E+00	  0.0000E+00	  0.0000E+00	  0.0000E+00	  4.4412E-01	  1.3189E-01	  1.9090E-01	  2.0177E+00	  7.0748E+00	  1.6279E+01	  5.0090E+01	  9.2310E+01	  1.2306E+02	  1.2670E+02	  1.4390E+02	  1.2887E+02	  1.1950E+02	  1.2400E+02	  1.2462E+02	  1.0565E+02	  1.2205E+02	  1.1743E+02	  1.1717E+02	  1.0651E+02	  1.1404E+02	  1.1542E+02	  1.4186E+02	  1.6435E+02	  1.7292E+02	  1.6806E+02	  1.6303E+02	  1.7372E+02	  1.9394E+02	  2.0729E+02	  1.7954E+02	  1.9682E+02	  2.0352E+02	  1.8436E+02	  1.9809E+02	  1.8700E+02	  2.0805E+02	  2.1192E+02	  2.0374E+02	  1.7359E+02	  1.3874E+02	  1.4023E+02	  1.5573E+02	  1.7471E+02	  1.7910E+02	  2.0590E+02	  2.0939E+02	  1.7857E+02	  1.5551E+02	  1.5229E+02	  1.5872E+02	  1.7106E+02	  1.4942E+02	  1.4821E+02	  1.5520E+02	  1.3598E+02	  1.5211E+02	  1.8803E+02	  1.8866E+02	  1.7276E+02	  1.5581E+02	  1.5075E+02	  1.5216E+02	  1.5670E+02	  1.5435E+02	  1.8138E+02	  1.8884E+02	  1.9707E+02	  1.8177E+02	  1.6175E+02	  1.5078E+02	  1.4645E+02	  1.5430E+02	  1.4010E+02	  1.3764E+02	  1.2717E+02	  1.4815E+02	  1.5260E+02	  1.6770E+02	  1.7018E+02	  1.6996E+02	  1.7082E+02	  2.0092E+02	  2.1533E+02	  2.0676E+02	  1.9019E+02	  1.9633E+02	  1.8751E+02	  1.6184E+02	  1.4417E+02	  1.5377E+02	  1.9371E+02	  1.6281E+02	  1.4097E+02	  1.4034E+02	  1.5262E+02	  1.4203E+02	  1.3739E+02	  1.1577E+02	  1.2186E+02	  1.0873E+02	  8.6730E+01	  5.5100E+01	  2.3211E+01	  5.6098E+00	  2.2090E+00	  4.5912E-01	  0.0000E+00	  0.0000E+00	  0.0000E+00	  0.0000E+00	  0.0000E+00	  0.0000E+00	  0.0000E+00	  0.0000E+00	  0.0000E+00	  0.0000E+00	  0.0000E+00	  0.0000E+00	  0.0000E+00	  0.0000E+00
  0.0000E+00	  0.0000E+00	  0.0000E+00	  0.0000E+00	  0.0000E+00	  0.0000E+00	  0.0000E+00	  0.0000E+00	  8.9648E-01	  1.2412E+00	  2.3760E+00	  9.2742E+00	  2.4109E+01	  5.5334E+01	  9.8660E+01	  1.1521E+02	  1.2539E+02	  1.2373E+02	  1.1038E+02	  1.1434E+02	  1.1726E+02	  1.2041E+02	  1.2951E+02	  1.2283E+02	  1.1310E+02	  1.0867E+02	  1.0080E+02	  1.1541E+02	  1.3290E+02	  1.3541E+02	  1.8549E+02	  1.8962E+02	  1.4878E+02	  1.5377E+02	  1.4295E+02	  1.4757E+02	  1.5590E+02	  1.7042E+02	  1.9013E+02	  1.9322E+02	  1.8962E+02	  2.0892E+02	  1.9787E+02	  2.0402E+02	  2.1489E+02	  2.1299E+02	  1.6301E+02	  1.3871E+02	  1.3337E+02	  1.6459E+02	  1.7737E+02	  1.7585E+02	  1.8916E+02	  1.9491E+02	  1.4354E+02	  1.4187E+02	  1.4437E+02	  1.5708E+02	  1.8093E+02	  1.7794E+02	  1.5630E+02	  1.3188E+02	  1.2465E+02	  1.3669E+02	  1.4825E+02	  1.6591E+02	  1.6447E+02	  1.5072E+02	  1.5180E+02	  1.3380E+02	  1.3069E+02	  1.3324E+02	  1.7135E+02	  1.9502E+02	  1.8534E+02	  1.6996E+02	  1.3970E+02	  1.2350E+02	  1.2844E+02	  1.4339E+02	  1.3856E+02	  1.3381E+02	  1.4554E+02	  1.5132E+02	  1.6608E+02	  1.6462E+02	  1.6790E+02	  1.6857E+02	  1.7755E+02	  1.8833E+02	  1.7732E+02	  1.9790E+02	  1.9060E+02	  1.8327E+02	  1.5928E+02	  1.5001E+02	  1.6831E+02	  1.3890E+02	  1.3334E+02	  1.3866E+02	  1.4793E+02	  1.4062E+02	  1.4984E+02	  1.4897E+02	  1.4980E+02	  1.2746E+02	  1.4018E+02	  1.2821E+02	  9.0212E+01	  4.5369E+01	  2.3243E+01	  7.5285E+00	  7.2047E-01	  1.5539E-02	  0.0000E+00	  0.0000E+00	  0.0000E+00	  0.0000E+00	  0.0000E+00	  0.0000E+00	  0.0000E+00	  0.0000E+00	  0.0000E+00	  0.0000E+00	  0.0000E+00	  0.0000E+00	  0.0000E+00	  0.0000E+00
  0.0000E+00	  0.0000E+00	  0.0000E+00	  0.0000E+00	  0.0000E+00	  0.0000E+00	  0.0000E+00	  0.0000E+00	  4.0247E-02	  1.0018E-01	  1.0762E+00	  7.3648E+00	  2.8130E+01	  5.6930E+01	  8.6344E+01	  9.6136E+01	  1.3467E+02	  1.2940E+02	  1.0653E+02	  1.0883E+02	  1.1036E+02	  1.1439E+02	  1.4311E+02	  1.3241E+02	  1.1989E+02	  1.1370E+02	  1.0807E+02	  1.2483E+02	  1.4952E+02	  1.5149E+02	  1.7483E+02	  1.7754E+02	  1.4881E+02	  1.4726E+02	  1.2376E+02	  1.3102E+02	  1.5469E+02	  1.7218E+02	  1.8892E+02	  1.9780E+02	  1.8313E+02	  2.0658E+02	  2.0453E+02	  1.9330E+02	  1.7448E+02	  1.8395E+02	  1.5548E+02	  1.5403E+02	  1.5367E+02	  1.7490E+02	  1.6321E+02	  1.7986E+02	  1.8653E+02	  1.9851E+02	  1.6375E+02	  1.3910E+02	  1.2410E+02	  1.2934E+02	  1.7358E+02	  1.6689E+02	  1.5332E+02	  1.3143E+02	  1.3081E+02	  1.3748E+02	  1.4317E+02	  1.4373E+02	  1.7897E+02	  1.8264E+02	  1.5931E+02	  1.3040E+02	  1.0995E+02	  1.1769E+02	  1.4086E+02	  1.5759E+02	  1.8206E+02	  1.7308E+02	  1.2773E+02	  1.1827E+02	  1.3517E+02	  1.3603E+02	  1.5269E+02	  1.4120E+02	  1.4953E+02	  1.6745E+02	  1.8570E+02	  1.6111E+02	  1.5538E+02	  1.6761E+02	  1.7659E+02	  1.5931E+02	  1.4540E+02	  1.7807E+02	  1.7469E+02	  1.6113E+02	  1.3048E+02	  1.2039E+02	  1.5156E+02	  1.2960E+02	  1.2871E+02	  1.5937E+02	  1.5213E+02	  1.3069E+02	  1.2214E+02	  1.4216E+02	  1.5916E+02	  1.6778E+02	  1.5284E+02	  1.1141E+02	  8.5678E+01	  5.1389E+01	  3.2920E+01	  1.1756E+01	  2.4619E+00	  3.2261E-02	  0.0000E+00	  0.0000E+00	  0.0000E+00	  0.0000E+00	  0.0000E+00	  0.0000E+00	  0.0000E+00	  0.0000E+00	  0.0000E+00	  0.0000E+00	  0.0000E+00	  0.0000E+00	  0.0000E+00	  0.0000E+00
  0.0000E+00	  0.0000E+00	  0.0000E+00	  0.0000E+00	  0.0000E+00	  0.0000E+00	  0.0000E+00	  0.0000E+00	  0.0000E+00	  1.1304E-01	  3.1993E+00	  6.7756E+00	  2.2466E+01	  5.6003E+01	  8.6763E+01	  9.8845E+01	  1.3103E+02	  1.2381E+02	  1.0585E+02	  1.0929E+02	  1.1713E+02	  1.1146E+02	  1.1456E+02	  1.1866E+02	  1.2704E+02	  1.3583E+02	  1.4212E+02	  1.6836E+02	  1.7865E+02	  1.6894E+02	  1.7936E+02	  1.7910E+02	  1.4975E+02	  1.2987E+02	  1.3331E+02	  1.4679E+02	  1.4020E+02	  1.7291E+02	  1.9646E+02	  1.8339E+02	  1.6323E+02	  1.8273E+02	  1.8173E+02	  1.7813E+02	  1.8619E+02	  1.7014E+02	  1.5403E+02	  1.6295E+02	  1.5084E+02	  1.5724E+02	  1.5816E+02	  1.7756E+02	  2.0546E+02	  1.9616E+02	  1.7616E+02	  1.3147E+02	  1.3941E+02	  1.4910E+02	  1.5076E+02	  1.5253E+02	  1.3818E+02	  1.1861E+02	  1.3112E+02	  1.2722E+02	  1.2781E+02	  1.6734E+02	  1.6830E+02	  1.8175E+02	  1.5300E+02	  1.2821E+02	  1.1424E+02	  1.0032E+02	  1.2146E+02	  1.5200E+02	  1.7574E+02	  1.6725E+02	  1.3154E+02	  1.2845E+02	  1.2041E+02	  1.4618E+02	  1.7365E+02	  1.7596E+02	  1.8841E+02	  1.8507E+02	  1.6155E+02	  1.3977E+02	  1.4410E+02	  1.7028E+02	  1.6631E+02	  1.6490E+02	  1.7795E+02	  1.7741E+02	  1.6689E+02	  1.3367E+02	  1.0468E+02	  1.2787E+02	  1.3939E+02	  1.4087E+02	  1.3138E+02	  1.1960E+02	  1.1360E+02	  1.1735E+02	  1.1480E+02	  1.3260E+02	  1.4726E+02	  1.7978E+02	  1.6072E+02	  1.3538E+02	  1.0157E+02	  6.0205E+01	  3.8080E+01	  1.1339E+01	  3.1407E+00	  4.0759E-01	  0.0000E+00	  0.0000E+00	  0.0000E+00	  0.0000E+00	  0.0000E+00	  0.0000E+00	  0.0000E+00	  0.0000E+00	  0.0000E+00	  0.0000E+00	  0.0000E+00	  0.0000E+00	  0.0000E+00	  0.0000E+00
  0.0000E+00	  0.0000E+00	  0.0000E+00	  0.0000E+00	  0.0000E+00	  0.0000E+00	  0.0000E+00	  0.0000E+00	  0.0000E+00	  2.0816E-01	  8.7239E-01	  4.9185E+00	  1.8745E+01	  4.1953E+01	  8.1905E+01	  1.2576E+02	  1.2607E+02	  1.4920E+02	  1.3174E+02	  1.1094E+02	  1.3264E+02	  1.1544E+02	  1.1460E+02	  1.1852E+02	  1.0963E+02	  1.4346E+02	  1.7757E+02	  2.0555E+02	  2.0930E+02	  1.7308E+02	  1.6297E+02	  1.5738E+02	  1.4010E+02	  1.3459E+02	  1.3819E+02	  1.1863E+02	  1.3247E+02	  1.5458E+02	  1.4302E+02	  1.6349E+02	  1.6844E+02	  1.4691E+02	  1.5311E+02	  1.5846E+02	  1.8871E+02	  1.8537E+02	  1.5684E+02	  1.6193E+02	  1.5017E+02	  1.6672E+02	  1.7858E+02	  1.9676E+02	  2.0256E+02	  1.7035E+02	  1.4977E+02	  1.5062E+02	  1.5727E+02	  1.7049E+02	  1.7183E+02	  1.5169E+02	  1.4471E+02	  1.4010E+02	  1.3584E+02	  1.2363E+02	  1.1896E+02	  1.5023E+02	  1.7694E+02	  2.1142E+02	  1.6625E+02	  1.1902E+02	  1.1058E+02	  1.1131E+02	  1.1535E+02	  1.2587E+02	  1.3353E+02	  1.4294E+02	  1.3095E+02	  1.3156E+02	  1.3609E+02	  1.5068E+02	  1.5531E+02	  1.6023E+02	  1.8299E+02	  1.8370E+02	  1.4828E+02	  1.3760E+02	  1.4919E+02	  1.3888E+02	  1.4907E+02	  1.6867E+02	  1.6826E+02	  1.7645E+02	  1.5364E+02	  1.1893E+02	  1.0742E+02	  1.1555E+02	  1.1905E+02	  1.3127E+02	  1.3801E+02	  1.2872E+02	  1.1033E+02	  1.2386E+02	  1.3336E+02	  1.2856E+02	  1.2762E+02	  1.4925E+02	  1.4815E+02	  1.0716E+02	  8.1811E+01	  6.3433E+01	  3.1336E+01	  1.0402E+01	  1.4325E+00	  0.0000E+00	  0.0000E+00	  0.0000E+00	  0.0000E+00	  0.0000E+00	  0.0000E+00	  0.0000E+00	  0.0000E+00	  0.0000E+00	  0.0000E+00	  0.0000E+00	  0.0000E+00	  0.0000E+00	  0.0000E+00	  0.0000E+00
  0.0000E+00	  0.0000E+00	  0.0000E+00	  0.0000E+00	  0.0000E+00	  0.0000E+00	  0.0000E+00	  0.0000E+00	  9.9713E-02	  7.9250E-01	  2.0515E+00	  7.8131E+00	  1.8792E+01	  3.9322E+01	  7.2280E+01	  9.8435E+01	  1.1146E+02	  1.3490E+02	  1.3902E+02	  1.2653E+02	  1.0704E+02	  9.8028E+01	  1.0848E+02	  1.1588E+02	  1.3974E+02	  1.7667E+02	  1.6166E+02	  1.6853E+02	  1.6931E+02	  1.5443E+02	  1.3413E+02	  1.5055E+02	  1.5923E+02	  1.4916E+02	  1.2412E+02	  1.3151E+02	  1.3545E+02	  1.3582E+02	  1.4271E+02	  1.4789E+02	  1.5486E+02	  1.4822E+02	  1.3999E+02	  1.5513E+02	  1.7195E+02	  1.8044E+02	  1.8338E+02	  1.6773E+02	  1.4749E+02	  1.8485E+02	  1.7703E+02	  1.7391E+02	  1.8881E+02	  1.5401E+02	  1.5455E+02	  1.6898E+02	  1.6344E+02	  1.8552E+02	  1.5038E+02	  1.5150E+02	  1.7030E+02	  1.4209E+02	  1.2461E+02	  1.2701E+02	  1.2400E+02	  1.4430E+02	  1.6886E+02	  1.8288E+02	  1.4682E+02	  1.3563E+02	  1.1864E+02	  1.1730E+02	  1.1882E+02	  1.3307E+02	  1.1805E+02	  1.5600E+02	  1.5459E+02	  1.3529E+02	  1.3353E+02	  1.4353E+02	  1.4498E+02	  1.5338E+02	  1.6098E+02	  1.6262E+02	  1.3744E+02	  1.3958E+02	  1.3248E+02	  1.2567E+02	  1.5633E+02	  1.7190E+02	  1.4683E+02	  1.5390E+02	  1.3198E+02	  1.2274E+02	  1.1792E+02	  1.0639E+02	  1.1469E+02	  1.3286E+02	  1.4770E+02	  1.4568E+02	  1.1650E+02	  1.1888E+02	  1.2223E+02	  1.2133E+02	  1.3039E+02	  1.3664E+02	  1.2625E+02	  1.3398E+02	  1.1612E+02	  7.5235E+01	  2.6143E+01	  7.0510E+00	  1.4144E+00	  1.5220E-01	  0.0000E+00	  0.0000E+00	  0.0000E+00	  0.0000E+00	  0.0000E+00	  0.0000E+00	  0.0000E+00	  0.0000E+00	  0.0000E+00	  0.0000E+00	  0.0000E+00	  0.0000E+00	  0.0000E+00	  0.0000E+00
  0.0000E+00	  0.0000E+00	  0.0000E+00	  0.0000E+00	  0.0000E+00	  0.0000E+00	  0.0000E+00	  0.0000E+00	  1.1954E-02	  1.0755E-01	  1.1585E+00	  4.9491E+00	  1.4455E+01	  2.7627E+01	  6.3708E+01	  9.3655E+01	  1.1303E+02	  1.2863E+02	  1.3205E+02	  1.2555E+02	  9.7811E+01	  9.4688E+01	  1.1756E+02	  1.1454E+02	  1.3728E+02	  1.3611E+02	  1.3993E+02	  1.4761E+02	  1.4442E+02	  1.4640E+02	  1.7267E+02	  1.5909E+02	  1.6588E+02	  1.6645E+02	  1.2150E+02	  1.0668E+02	  1.3399E+02	  1.4379E+02	  1.3865E+02	  1.3379E+02	  1.5594E+02	  1.4415E+02	  1.4115E+02	  1.4753E+02	  1.6053E+02	  1.7606E+02	  1.7516E+02	  1.4273E+02	  1.5365E+02	  1.7411E+02	  1.6215E+02	  1.5806E+02	  1.6152E+02	  1.5486E+02	  1.6975E+02	  1.6625E+02	  1.6305E+02	  1.6858E+02	  1.5480E+02	  1.5133E+02	  1.5463E+02	  1.4594E+02	  1.3400E+02	  1.2497E+02	  1.1005E+02	  1.1517E+02	  1.3247E+02	  1.6332E+02	  1.5410E+02	  1.5233E+02	  1.3129E+02	  1.2693E+02	  1.2670E+02	  1.3457E+02	  1.2507E+02	  1.4022E+02	  1.3530E+02	  1.3139E+02	  1.3070E+02	  1.4290E+02	  1.4014E+02	  1.3275E+02	  1.5539E+02	  1.5651E+02	  1.4268E+02	  1.4041E+02	  1.3597E+02	  1.3904E+02	  1.5147E+02	  1.6362E+02	  1.3292E+02	  1.5454E+02	  1.5232E+02	  1.4573E+02	  1.1709E+02	  1.1915E+02	  1.1050E+02	  1.3431E+02	  1.3138E+02	  1.3741E+02	  1.1671E+02	  1.1342E+02	  1.2417E+02	  1.3445E+02	  1.4155E+02	  1.5709E+02	  1.5248E+02	  1.2742E+02	  1.0521E+02	  6.7948E+01	  2.7107E+01	  9.5831E+00	  3.8018E+00	  8.7037E-01	  0.0000E+00	  0.0000E+00	  0.0000E+00	  0.0000E+00	  0.0000E+00	  0.0000E+00	  0.0000E+00	  0.0000E+00	  0.0000E+00	  0.0000E+00	  0.0000E+00	  0.0000E+00	  0.0000E+00	  0.0000E+00
  0.0000E+00	  0.0000E+00	  0.0000E+00	  0.0000E+00	  0.0000E+00	  0.0000E+00	  0.0000E+00	  0.0000E+00	  0.0000E+00	  2.5676E-01	  2.1800E+00	  2.9665E+00	  8.4693E+00	  2.1397E+01	  5.4704E+01	  8.4348E+01	  1.0948E+02	  1.2004E+02	  1.3473E+02	  1.3000E+02	  1.2152E+02	  1.1023E+02	  1.1308E+02	  1.1056E+02	  1.2315E+02	  1.1596E+02	  1.1095E+02	  1.3177E+02	  1.2673E+02	  1.4198E+02	  1.5066E+02	  1.4669E+02	  1.5788E+02	  1.5491E+02	  1.2809E+02	  1.2362E+02	  1.3765E+02	  1.4678E+02	  1.5081E+02	  1.5182E+02	  1.5201E+02	  1.4473E+02	  1.3651E+02	  1.5772E+02	  1.7133E+02	  1.7695E+02	  1.8507E+02	  1.8585E+02	  1.7531E+02	  1.6517E+02	  1.5384E+02	  1.5863E+02	  1.6800E+02	  1.4621E+02	  1.5848E+02	  1.6482E+02	  1.6163E+02	  1.3994E+02	  1.4487E+02	  1.5256E+02	  1.4510E+02	  1.5595E+02	  1.3760E+02	  1.1897E+02	  1.1683E+02	  1.2778E+02	  1.2388E+02	  1.4037E+02	  1.5623E+02	  1.5441E+02	  1.3289E+02	  1.2871E+02	  1.2520E+02	  1.1593E+02	  1.0736E+02	  1.2107E+02	  1.3360E+02	  1.1573E+02	  1.2628E+02	  1.4345E+02	  1.2883E+02	  1.3478E+02	  1.5337E+02	  1.6681E+02	  1.5323E+02	  1.3134E+02	  1.3384E+02	  1.4907E+02	  1.4857E+02	  1.3753E+02	  1.3310E+02	  1.4528E+02	  1.5255E+02	  1.7085E+02	  1.3899E+02	  1.3960E+02	  1.3513E+02	  1.3614E+02	  1.4287E+02	  1.4498E+02	  1.5446E+02	  1.3923E+02	  1.4414E+02	  1.5823E+02	  1.4873E+02	  1.3954E+02	  1.5046E+02	  1.1717E+02	  9.4741E+01	  6.4477E+01	  2.9574E+01	  1.0923E+01	  3.9305E+00	  9.1626E-01	  0.0000E+00	  0.0000E+00	  0.0000E+00	  0.0000E+00	  0.0000E+00	  0.0000E+00	  0.0000E+00	  0.0000E+00	  0.0000E+00	  0.0000E+00	  0.0000E+00	  0.0000E+00	  0.0000E+00	  0.0000E+00
  0.0000E+00	  0.0000E+00	  0.0000E+00	  0.0000E+00	  0.0000E+00	  0.0000E+00	  0.0000E+00	  0.0000E+00	  0.0000E+00	  7.6810E-02	  3.9518E-01	  1.0784E+00	  4.2404E+00	  1.6392E+01	  4.1237E+01	  8.2718E+01	  9.8870E+01	  1.1842E+02	  1.3171E+02	  1.2631E+02	  1.3839E+02	  1.2983E+02	  1.3245E+02	  1.2630E+02	  1.2349E+02	  1.0874E+02	  1.1104E+02	  1.3671E+02	  1.3435E+02	  1.3755E+02	  1.4064E+02	  1.3637E+02	  1.4265E+02	  1.4110E+02	  1.2800E+02	  1.4485E+02	  1.6044E+02	  1.7238E+02	  1.7036E+02	  1.6087E+02	  1.4021E+02	  1.4720E+02	  1.3411E+02	  1.4855E+02	  1.5223E+02	  1.6144E+02	  1.7835E+02	  1.6724E+02	  1.4669E+02	  1.5276E+02	  1.2614E+02	  1.3024E+02	  1.4497E+02	  1.2814E+02	  1.2007E+02	  1.3409E+02	  1.3589E+02	  1.3802E+02	  1.5100E+02	  1.8598E+02	  1.8080E+02	  1.8285E+02	  1.3923E+02	  1.2223E+02	  1.1430E+02	  1.4126E+02	  1.5444E+02	  1.6246E+02	  1.5494E+02	  1.5706E+02	  1.3779E+02	  1.1022E+02	  1.1079E+02	  9.8217E+01	  9.0569E+01	  1.0611E+02	  1.2162E+02	  1.1526E+02	  1.2186E+02	  1.1585E+02	  1.1845E+02	  1.1762E+02	  1.3121E+02	  1.3876E+02	  1.5872E+02	  1.4860E+02	  1.4750E+02	  1.4222E+02	  1.4368E+02	  1.3112E+02	  1.1839E+02	  1.4556E+02	  1.7923E+02	  1.6670E+02	  1.4725E+02	  1.5251E+02	  1.6393E+02	  1.4559E+02	  1.4952E+02	  1.6525E+02	  1.7038E+02	  1.5933E+02	  1.7816E+02	  1.7223E+02	  1.5544E+02	  1.5291E+02	  1.4842E+02	  1.2527E+02	  1.0243E+02	  5.6560E+01	  2.6052E+01	  8.5415E+00	  4.8104E+00	  1.3001E+00	  0.0000E+00	  0.0000E+00	  0.0000E+00	  0.0000E+00	  0.0000E+00	  0.0000E+00	  0.0000E+00	  0.0000E+00	  0.0000E+00	  0.0000E+00	  0.0000E+00	  0.0000E+00	  0.0000E+00	  0.0000E+00
  0.0000E+00	  0.0000E+00	  0.0000E+00	  0.0000E+00	  0.0000E+00	  0.0000E+00	  0.0000E+00	  0.0000E+00	  0.0000E+00	  0.0000E+00	  0.0000E+00	  6.2291E-01	  3.4265E+00	  1.6577E+01	  3.8750E+01	  7.5450E+01	  9.1605E+01	  1.2234E+02	  1.4840E+02	  1.2820E+02	  1.2398E+02	  1.3537E+02	  1.0948E+02	  1.2114E+02	  1.3464E+02	  1.1038E+02	  1.3832E+02	  1.1826E+02	  1.4315E+02	  1.3655E+02	  1.2521E+02	  1.3570E+02	  1.4258E+02	  1.4932E+02	  1.6290E+02	  1.7304E+02	  1.7337E+02	  1.6564E+02	  1.7565E+02	  1.4525E+02	  1.3857E+02	  1.2340E+02	  1.3289E+02	  1.5824E+02	  1.3782E+02	  1.4550E+02	  1.5073E+02	  1.4967E+02	  1.4895E+02	  1.4837E+02	  1.2974E+02	  1.2226E+02	  1.2411E+02	  1.2607E+02	  1.1183E+02	  1.1742E+02	  1.1690E+02	  1.2325E+02	  1.5549E+02	  1.4956E+02	  1.5115E+02	  1.4532E+02	  1.3104E+02	  1.2468E+02	  1.1878E+02	  1.4264E+02	  1.4588E+02	  1.5755E+02	  1.2502E+02	  1.1566E+02	  1.2609E+02	  1.0258E+02	  1.0163E+02	  9.1663E+01	  1.0071E+02	  1.0155E+02	  1.1385E+02	  1.1071E+02	  1.2100E+02	  1.1357E+02	  1.1919E+02	  1.2723E+02	  1.3129E+02	  1.2045E+02	  1.3378E+02	  1.4596E+02	  1.5166E+02	  1.5152E+02	  1.4135E+02	  1.2792E+02	  1.2587E+02	  1.4651E+02	  1.7700E+02	  1.7617E+02	  1.4580E+02	  1.5171E+02	  1.6728E+02	  1.6904E+02	  1.7606E+02	  1.8988E+02	  1.7751E+02	  1.5805E+02	  1.7334E+02	  1.6360E+02	  1.4727E+02	  1.3063E+02	  1.3036E+02	  1.1006E+02	  9.6851E+01	  5.9252E+01	  3.2739E+01	  1.1259E+01	  1.1587E+00	  0.0000E+00	  0.0000E+00	  0.0000E+00	  0.0000E+00	  0.0000E+00	  0.0000E+00	  0.0000E+00	  0.0000E+00	  0.0000E+00	  0.0000E+00	  0.0000E+00	  0.0000E+00	  0.0000E+00	  0.0000E+00	  0.0000E+00
  0.0000E+00	  0.0000E+00	  0.0000E+00	  0.0000E+00	  0.0000E+00	  0.0000E+00	  0.0000E+00	  0.0000E+00	  0.0000E+00	  0.0000E+00	  0.0000E+00	  6.4208E-01	  3.4391E+00	  1.1462E+01	  2.8887E+01	  6.9944E+01	  8.6830E+01	  1.2586E+02	  1.4738E+02	  1.1322E+02	  1.1499E+02	  1.0957E+02	  1.2350E+02	  1.3715E+02	  1.4162E+02	  1.1083E+02	  1.2885E+02	  1.2366E+02	  1.2888E+02	  1.4153E+02	  1.2793E+02	  1.1814E+02	  1.3589E+02	  1.5698E+02	  1.5602E+02	  1.8338E+02	  1.9457E+02	  1.8693E+02	  1.5895E+02	  1.2638E+02	  1.2724E+02	  1.1511E+02	  1.2046E+02	  1.5470E+02	  1.5237E+02	  1.6173E+02	  1.5291E+02	  1.4562E+02	  1.2870E+02	  1.1778E+02	  1.2131E+02	  1.2251E+02	  1.1227E+02	  1.1591E+02	  1.1363E+02	  1.3148E+02	  1.1814E+02	  1.1621E+02	  1.3613E+02	  1.2985E+02	  1.3388E+02	  1.1130E+02	  1.2681E+02	  1.3541E+02	  1.2485E+02	  1.5429E+02	  1.5500E+02	  1.5733E+02	  1.1505E+02	  9.7134E+01	  9.4387E+01	  1.0917E+02	  1.1990E+02	  1.2217E+02	  1.2275E+02	  1.2384E+02	  1.2666E+02	  1.1470E+02	  1.1788E+02	  1.2504E+02	  1.0791E+02	  1.1960E+02	  1.3760E+02	  1.2404E+02	  1.2838E+02	  1.3173E+02	  1.5336E+02	  1.4355E+02	  1.3891E+02	  1.2353E+02	  1.4013E+02	  1.5862E+02	  1.7397E+02	  1.6437E+02	  1.3060E+02	  1.4470E+02	  1.4419E+02	  1.4188E+02	  1.5436E+02	  1.6453E+02	  1.7148E+02	  1.5243E+02	  1.5031E+02	  1.6292E+02	  1.6138E+02	  1.4082E+02	  1.4000E+02	  1.1756E+02	  9.7032E+01	  5.0521E+01	  2.6067E+01	  1.2305E+01	  7.1718E-01	  0.0000E+00	  0.0000E+00	  0.0000E+00	  0.0000E+00	  0.0000E+00	  0.0000E+00	  0.0000E+00	  0.0000E+00	  0.0000E+00	  0.0000E+00	  0.0000E+00	  0.0000E+00	  0.0000E+00	  0.0000E+00	  0.0000E+00
  0.0000E+00	  0.0000E+00	  0.0000E+00	  0.0000E+00	  0.0000E+00	  0.0000E+00	  0.0000E+00	  0.0000E+00	  0.0000E+00	  0.0000E+00	  0.0000E+00	  2.0448E-01	  3.5913E+00	  1.0722E+01	  2.7372E+01	  6.1737E+01	  8.9681E+01	  1.3214E+02	  1.3225E+02	  1.0864E+02	  1.1183E+02	  1.1467E+02	  1.2790E+02	  1.3460E+02	  1.3483E+02	  1.3592E+02	  1.3434E+02	  1.1681E+02	  1.1443E+02	  1.1526E+02	  1.2659E+02	  1.2962E+02	  1.1322E+02	  1.4712E+02	  1.5505E+02	  1.4634E+02	  1.5218E+02	  1.5138E+02	  1.3448E+02	  1.3477E+02	  1.1815E+02	  1.0464E+02	  1.1270E+02	  1.4511E+02	  1.7278E+02	  1.6973E+02	  1.5910E+02	  1.3850E+02	  1.2542E+02	  1.0749E+02	  1.1580E+02	  1.3175E+02	  1.1627E+02	  1.0481E+02	  1.1622E+02	  1.2566E+02	  1.2763E+02	  1.2127E+02	  1.1556E+02	  1.1223E+02	  1.1030E+02	  1.1028E+02	  1.2336E+02	  1.3257E+02	  1.3966E+02	  1.6871E+02	  1.5639E+02	  1.5004E+02	  1.2735E+02	  1.0151E+02	  8.9618E+01	  1.1026E+02	  1.1090E+02	  1.2105E+02	  1.1871E+02	  1.2482E+02	  1.3064E+02	  1.3490E+02	  1.3112E+02	  1.3831E+02	  1.2724E+02	  1.1972E+02	  1.1046E+02	  1.1251E+02	  1.0842E+02	  1.1709E+02	  1.4733E+02	  1.3892E+02	  1.4251E+02	  1.3455E+02	  1.4741E+02	  1.6363E+02	  1.6167E+02	  1.6002E+02	  1.4416E+02	  1.3891E+02	  1.1576E+02	  1.0668E+02	  1.3285E+02	  1.5613E+02	  1.5168E+02	  1.7115E+02	  1.5779E+02	  1.6568E+02	  1.6676E+02	  1.6944E+02	  1.7003E+02	  1.3745E+02	  9.3555E+01	  5.5744E+01	  2.7907E+01	  6.4930E+00	  1.5063E+00	  0.0000E+00	  0.0000E+00	  0.0000E+00	  0.0000E+00	  0.0000E+00	  0.0000E+00	  0.0000E+00	  0.0000E+00	  0.0000E+00	  0.0000E+00	  0.0000E+00	  0.0000E+00	  0.0000E+00	  0.0000E+00	  0.0000E+00
  0.0000E+00	  0.0000E+00	  0.0000E+00	  0.0000E+00	  0.0000E+00	  0.0000E+00	  0.0000E+00	  0.0000E+00	  0.0000E+00	  0.0000E+00	  0.0000E+00	  0.0000E+00	  9.0060E-01	  8.1685E+00	  2.5714E+01	  6.1846E+01	  8.8058E+01	  1.2542E+02	  1.3476E+02	  1.1615E+02	  1.0258E+02	  1.2322E+02	  1.2009E+02	  1.3800E+02	  1.6389E+02	  1.5556E+02	  1.5376E+02	  1.3522E+02	  1.2338E+02	  1.2842E+02	  1.3569E+02	  1.2382E+02	  1.1670E+02	  1.3568E+02	  1.2928E+02	  1.3472E+02	  1.5853E+02	  1.4965E+02	  1.3832E+02	  1.3939E+02	  1.2031E+02	  1.1947E+02	  1.3869E+02	  1.4478E+02	  1.5662E+02	  1.6197E+02	  1.4084E+02	  1.3418E+02	  1.2817E+02	  1.0283E+02	  1.1564E+02	  1.1809E+02	  1.2518E+02	  1.0690E+02	  1.2710E+02	  1.3170E+02	  1.3335E+02	  1.3499E+02	  1.1868E+02	  1.1043E+02	  1.1938E+02	  1.1335E+02	  1.0245E+02	  1.1143E+02	  1.4280E+02	  1.5990E+02	  1.5303E+02	  1.4118E+02	  1.3812E+02	  1.1048E+02	  8.8613E+01	  9.0935E+01	  1.0023E+02	  1.1028E+02	  1.3456E+02	  1.3066E+02	  1.4255E+02	  1.4606E+02	  1.4848E+02	  1.4300E+02	  1.2747E+02	  1.2896E+02	  1.1820E+02	  1.1885E+02	  1.1785E+02	  1.2445E+02	  1.4040E+02	  1.3204E+02	  1.3336E+02	  1.2974E+02	  1.2220E+02	  1.4401E+02	  1.5354E+02	  1.5222E+02	  1.0917E+02	  9.8081E+01	  1.0047E+02	  1.0492E+02	  1.2097E+02	  1.6172E+02	  1.6587E+02	  1.5424E+02	  1.3083E+02	  1.3346E+02	  1.4328E+02	  1.8053E+02	  1.8385E+02	  1.3989E+02	  8.5082E+01	  4.4316E+01	  2.1582E+01	  4.7041E+00	  8.0861E-01	  2.3648E-01	  0.0000E+00	  0.0000E+00	  0.0000E+00	  0.0000E+00	  0.0000E+00	  0.0000E+00	  0.0000E+00	  0.0000E+00	  0.0000E+00	  0.0000E+00	  0.0000E+00	  0.0000E+00	  0.0000E+00	  0.0000E+00
  0.0000E+00	  0.0000E+00	  0.0000E+00	  0.0000E+00	  0.0000E+00	  0.0000E+00	  0.0000E+00	  0.0000E+00	  0.0000E+00	  0.0000E+00	  0.0000E+00	  0.0000E+00	  3.4717E-01	  4.2568E+00	  1.2024E+01	  4.2126E+01	  7.8871E+01	  1.0590E+02	  1.2680E+02	  1.3751E+02	  1.3341E+02	  1.3059E+02	  1.2989E+02	  1.3975E+02	  1.5276E+02	  1.5127E+02	  1.5084E+02	  1.3918E+02	  1.4445E+02	  1.3805E+02	  1.1985E+02	  1.1863E+02	  1.3495E+02	  1.3611E+02	  1.2771E+02	  1.3028E+02	  1.4785E+02	  1.5436E+02	  1.4825E+02	  1.3645E+02	  1.3466E+02	  1.1763E+02	  1.2921E+02	  1.3703E+02	  1.4539E+02	  1.6711E+02	  1.6136E+02	  1.4238E+02	  1.2329E+02	  1.0980E+02	  1.2067E+02	  1.2700E+02	  1.3133E+02	  1.2210E+02	  1.3215E+02	  1.2037E+02	  1.2399E+02	  1.1832E+02	  9.8089E+01	  9.0037E+01	  9.7232E+01	  1.0298E+02	  1.1524E+02	  1.1968E+02	  1.4718E+02	  1.4268E+02	  1.4872E+02	  1.4637E+02	  1.4759E+02	  1.3602E+02	  1.0528E+02	  1.0483E+02	  9.8022E+01	  1.1226E+02	  1.3266E+02	  1.2589E+02	  1.2072E+02	  1.4639E+02	  1.5006E+02	  1.5037E+02	  1.5856E+02	  1.3497E+02	  1.3963E+02	  1.3152E+02	  1.3212E+02	  1.3516E+02	  1.1893E+02	  1.5231E+02	  1.4171E+02	  1.3142E+02	  1.1738E+02	  1.2263E+02	  1.1593E+02	  1.0629E+02	  1.0538E+02	  9.7306E+01	  9.4265E+01	  1.0263E+02	  1.2288E+02	  1.4019E+02	  1.5225E+02	  1.2253E+02	  1.2865E+02	  1.2275E+02	  1.2800E+02	  1.6981E+02	  1.5752E+02	  1.2796E+02	  6.7783E+01	  3.4755E+01	  1.4590E+01	  4.1990E+00	  2.7654E-01	  1.7546E-01	  0.0000E+00	  0.0000E+00	  0.0000E+00	  0.0000E+00	  0.0000E+00	  0.0000E+00	  0.0000E+00	  0.0000E+00	  0.0000E+00	  0.0000E+00	  0.0000E+00	  0.0000E+00	  0.0000E+00	  0.0000E+00
  0.0000E+00	  0.0000E+00	  0.0000E+00	  0.0000E+00	  0.0000E+00	  0.0000E+00	  0.0000E+00	  0.0000E+00	  0.0000E+00	  0.0000E+00	  0.0000E+00	  0.0000E+00	  3.1939E-01	  2.8171E+00	  1.1924E+01	  2.7468E+01	  6.9581E+01	  9.5121E+01	  1.3697E+02	  1.7229E+02	  1.4939E+02	  1.2315E+02	  1.2861E+02	  1.2359E+02	  1.3240E+02	  1.2954E+02	  1.4479E+02	  1.4995E+02	  1.6669E+02	  1.6401E+02	  1.3671E+02	  1.3098E+02	  1.3546E+02	  1.3059E+02	  1.3399E+02	  1.2272E+02	  1.2850E+02	  1.3921E+02	  1.4211E+02	  1.2490E+02	  1.2789E+02	  1.3472E+02	  1.2984E+02	  1.4159E+02	  1.5762E+02	  1.6277E+02	  1.4418E+02	  1.1605E+02	  9.7661E+01	  1.1300E+02	  1.1793E+02	  1.1912E+02	  1.1677E+02	  1.3967E+02	  1.3698E+02	  1.2265E+02	  1.1310E+02	  1.1705E+02	  1.0940E+02	  1.0905E+02	  8.7875E+01	  1.1001E+02	  1.2892E+02	  1.2375E+02	  1.2303E+02	  1.2913E+02	  1.3136E+02	  1.5363E+02	  1.4851E+02	  1.3152E+02	  1.1966E+02	  1.0836E+02	  9.7016E+01	  1.1053E+02	  1.1660E+02	  1.0390E+02	  1.1696E+02	  1.2235E+02	  1.2037E+02	  1.2097E+02	  1.6199E+02	  1.5022E+02	  1.4210E+02	  1.3819E+02	  1.4823E+02	  1.2653E+02	  1.1374E+02	  1.5248E+02	  1.4831E+02	  1.5170E+02	  1.2616E+02	  1.0869E+02	  1.0634E+02	  1.1060E+02	  1.0272E+02	  9.7701E+01	  1.0017E+02	  1.0020E+02	  1.2660E+02	  1.2615E+02	  1.4587E+02	  1.4472E+02	  1.3081E+02	  1.4310E+02	  1.4891E+02	  1.4684E+02	  1.3158E+02	  1.1816E+02	  7.2334E+01	  3.2925E+01	  1.6077E+01	  4.6877E+00	  0.0000E+00	  0.0000E+00	  0.0000E+00	  0.0000E+00	  0.0000E+00	  0.0000E+00	  0.0000E+00	  0.0000E+00	  0.0000E+00	  0.0000E+00	  0.0000E+00	  0.0000E+00	  0.0000E+00	  0.0000E+00	  0.0000E+00	  0.0000E+00
  0.0000E+00	  0.0000E+00	  0.0000E+00	  0.0000E+00	  0.0000E+00	  0.0000E+00	  0.0000E+00	  0.0000E+00	  0.0000E+00	  0.0000E+00	  0.0000E+00	  0.0000E+00	  0.0000E+00	  5.9991E-01	  6.3216E+00	  1.9800E+01	  4.9199E+01	  8.2079E+01	  1.1841E+02	  1.5391E+02	  1.3700E+02	  1.2040E+02	  1.3392E+02	  1.2469E+02	  1.1955E+02	  1.2230E+02	  1.3027E+02	  1.4067E+02	  1.6060E+02	  1.5347E+02	  1.2588E+02	  1.3978E+02	  1.3545E+02	  1.4357E+02	  1.3458E+02	  1.2843E+02	  1.2109E+02	  1.3156E+02	  1.3422E+02	  1.3924E+02	  1.2611E+02	  1.2088E+02	  1.2121E+02	  1.3423E+02	  1.5025E+02	  1.4707E+02	  1.3411E+02	  1.0456E+02	  9.9300E+01	  1.0178E+02	  1.0407E+02	  1.1841E+02	  1.1655E+02	  1.1909E+02	  1.1126E+02	  1.0904E+02	  1.0418E+02	  1.0278E+02	  1.1370E+02	  1.1408E+02	  9.3071E+01	  9.3683E+01	  1.0960E+02	  1.0634E+02	  1.0777E+02	  1.1250E+02	  1.0270E+02	  1.2827E+02	  1.3257E+02	  1.2814E+02	  1.2669E+02	  1.1726E+02	  1.2004E+02	  1.0879E+02	  8.0310E+01	  8.9286E+01	  1.1005E+02	  1.1719E+02	  1.0955E+02	  1.2250E+02	  1.3973E+02	  1.4163E+02	  1.3470E+02	  1.2251E+02	  1.3613E+02	  1.2953E+02	  1.2462E+02	  1.3134E+02	  1.4153E+02	  1.4275E+02	  1.2782E+02	  1.1140E+02	  1.1220E+02	  1.1172E+02	  1.1339E+02	  9.7847E+01	  1.1358E+02	  1.1683E+02	  1.1991E+02	  1.3301E+02	  1.3536E+02	  1.3664E+02	  1.2737E+02	  1.4911E+02	  1.5565E+02	  1.2362E+02	  1.2655E+02	  1.0626E+02	  7.7391E+01	  4.5301E+01	  2.2229E+01	  2.4059E+00	  0.0000E+00	  0.0000E+00	  0.0000E+00	  0.0000E+00	  0.0000E+00	  0.0000E+00	  0.0000E+00	  0.0000E+00	  0.0000E+00	  0.0000E+00	  0.0000E+00	  0.0000E+00	  0.0000E+00	  0.0000E+00	  0.0000E+00	  0.0000E+00
  0.0000E+00	  0.0000E+00	  0.0000E+00	  0.0000E+00	  0.0000E+00	  0.0000E+00	  0.0000E+00	  0.0000E+00	  0.0000E+00	  0.0000E+00	  0.0000E+00	  0.0000E+00	  1.2879E-01	  1.1195E+00	  4.5702E+00	  1.6756E+01	  3.6787E+01	  6.8932E+01	  1.0539E+02	  1.2164E+02	  1.3918E+02	  1.3372E+02	  1.4955E+02	  1.4413E+02	  1.2958E+02	  1.2949E+02	  1.2353E+02	  1.1645E+02	  1.3542E+02	  1.2633E+02	  1.3827E+02	  1.4025E+02	  1.3733E+02	  1.3424E+02	  1.2121E+02	  1.3052E+02	  1.3357E+02	  1.4053E+02	  1.3499E+02	  1.5051E+02	  1.3782E+02	  1.2085E+02	  1.0509E+02	  1.0640E+02	  1.3878E+02	  1.3483E+02	  1.1867E+02	  1.0058E+02	  9.1937E+01	  1.0850E+02	  1.2503E+02	  1.1497E+02	  1.2530E+02	  1.2776E+02	  1.2498E+02	  1.1463E+02	  9.5818E+01	  8.9705E+01	  1.0375E+02	  1.1176E+02	  9.0044E+01	  9.4255E+01	  8.9847E+01	  7.6970E+01	  8.5564E+01	  1.1322E+02	  1.0302E+02	  1.0259E+02	  1.1881E+02	  1.2514E+02	  1.1875E+02	  1.2406E+02	  1.2811E+02	  9.8547E+01	  7.9816E+01	  9.3801E+01	  9.5893E+01	  1.1416E+02	  1.1051E+02	  1.2899E+02	  1.1460E+02	  1.3025E+02	  1.2663E+02	  1.1222E+02	  1.1668E+02	  1.1922E+02	  1.2768E+02	  1.3171E+02	  1.4613E+02	  1.3366E+02	  1.4337E+02	  1.3283E+02	  1.2700E+02	  1.1568E+02	  1.2437E+02	  1.2539E+02	  1.3423E+02	  1.2341E+02	  1.3481E+02	  1.3388E+02	  1.1965E+02	  1.3307E+02	  1.4172E+02	  1.4324E+02	  1.4972E+02	  1.2455E+02	  1.0153E+02	  8.9714E+01	  6.9985E+01	  3.8941E+01	  1.3197E+01	  3.6172E+00	  2.8026E-02	  0.0000E+00	  0.0000E+00	  0.0000E+00	  0.0000E+00	  0.0000E+00	  0.0000E+00	  0.0000E+00	  0.0000E+00	  0.0000E+00	  0.0000E+00	  0.0000E+00	  0.0000E+00	  0.0000E+00	  0.0000E+00	  0.0000E+00
  0.0000E+00	  0.0000E+00	  0.0000E+00	  0.0000E+00	  0.0000E+00	  0.0000E+00	  0.0000E+00	  0.0000E+00	  0.0000E+00	  0.0000E+00	  0.0000E+00	  0.0000E+00	  1.3076E-01	  1.4431E+00	  2.5941E+00	  1.0473E+01	  2.3725E+01	  6.0805E+01	  1.0297E+02	  1.0081E+02	  1.1642E+02	  1.4220E+02	  1.5126E+02	  1.4739E+02	  1.3067E+02	  1.4114E+02	  1.2483E+02	  1.0106E+02	  9.6758E+01	  1.1595E+02	  1.3621E+02	  1.4072E+02	  1.3596E+02	  1.2365E+02	  1.0597E+02	  1.1822E+02	  1.2946E+02	  1.2181E+02	  1.2040E+02	  1.4147E+02	  1.5030E+02	  1.1590E+02	  1.0339E+02	  1.1166E+02	  1.1771E+02	  1.1952E+02	  1.0993E+02	  1.1033E+02	  9.2545E+01	  1.0146E+02	  9.9405E+01	  1.1264E+02	  1.2704E+02	  1.4111E+02	  1.3594E+02	  1.3130E+02	  1.0592E+02	  9.6629E+01	  9.4735E+01	  8.8557E+01	  9.5342E+01	  9.7134E+01	  8.2394E+01	  7.3114E+01	  7.5806E+01	  9.9042E+01	  9.6488E+01	  1.0544E+02	  1.0630E+02	  1.2125E+02	  1.0280E+02	  1.0601E+02	  1.0971E+02	  9.4840E+01	  8.5770E+01	  8.8851E+01	  9.8670E+01	  1.1350E+02	  1.2101E+02	  1.2456E+02	  9.9066E+01	  8.6438E+01	  8.7212E+01	  9.3162E+01	  9.8902E+01	  1.1475E+02	  1.1433E+02	  1.1507E+02	  1.2338E+02	  1.3096E+02	  1.2393E+02	  1.1943E+02	  1.2634E+02	  1.3350E+02	  1.1786E+02	  1.3450E+02	  1.4003E+02	  1.3115E+02	  1.3122E+02	  1.4122E+02	  1.3409E+02	  1.3969E+02	  1.6050E+02	  1.3531E+02	  1.4571E+02	  1.3389E+02	  1.2714E+02	  1.0643E+02	  6.6136E+01	  3.4163E+01	  7.8358E+00	  2.4978E+00	  1.3209E-01	  0.0000E+00	  0.0000E+00	  0.0000E+00	  0.0000E+00	  0.0000E+00	  0.0000E+00	  0.0000E+00	  0.0000E+00	  0.0000E+00	  0.0000E+00	  0.0000E+00	  0.0000E+00	  0.0000E+00	  0.0000E+00	  0.0000E+00
  0.0000E+00	  0.0000E+00	  0.0000E+00	  0.0000E+00	  0.0000E+00	  0.0000E+00	  0.0000E+00	  0.0000E+00	  0.0000E+00	  0.0000E+00	  0.0000E+00	  0.0000E+00	  0.0000E+00	  0.0000E+00	  5.7739E-01	  5.5014E+00	  1.4473E+01	  3.8356E+01	  8.3017E+01	  1.0725E+02	  9.5638E+01	  1.2012E+02	  1.3776E+02	  1.2737E+02	  1.2492E+02	  1.4437E+02	  1.4611E+02	  1.2106E+02	  9.8373E+01	  1.1520E+02	  1.3355E+02	  1.3001E+02	  1.2097E+02	  1.0931E+02	  1.0816E+02	  1.0452E+02	  9.9637E+01	  8.9292E+01	  1.1151E+02	  1.2433E+02	  1.2676E+02	  1.1692E+02	  1.0061E+02	  1.0696E+02	  1.1509E+02	  1.0568E+02	  9.1596E+01	  9.3443E+01	  8.9326E+01	  1.0681E+02	  1.0706E+02	  1.0857E+02	  1.2307E+02	  1.2286E+02	  1.1420E+02	  1.2338E+02	  9.8683E+01	  8.7842E+01	  9.3301E+01	  9.4338E+01	  1.0812E+02	  1.0176E+02	  8.7882E+01	  8.0657E+01	  8.1658E+01	  9.2937E+01	  8.8247E+01	  1.0660E+02	  9.5098E+01	  8.0689E+01	  8.7646E+01	  1.0732E+02	  1.0082E+02	  1.0270E+02	  8.9383E+01	  8.6524E+01	  8.7999E+01	  9.5672E+01	  9.9899E+01	  1.1228E+02	  1.0587E+02	  8.9508E+01	  9.1063E+01	  8.5182E+01	  9.1727E+01	  1.2234E+02	  1.1655E+02	  1.0665E+02	  1.0109E+02	  1.2228E+02	  1.3187E+02	  1.2583E+02	  9.4604E+01	  1.2273E+02	  1.1085E+02	  1.2590E+02	  1.3898E+02	  1.2713E+02	  1.3398E+02	  1.4750E+02	  1.6471E+02	  1.4782E+02	  1.5457E+02	  1.2287E+02	  1.4169E+02	  1.6130E+02	  1.3870E+02	  9.5128E+01	  5.4697E+01	  2.4519E+01	  8.3960E+00	  1.4416E+00	  6.6982E-01	  0.0000E+00	  0.0000E+00	  0.0000E+00	  0.0000E+00	  0.0000E+00	  0.0000E+00	  0.0000E+00	  0.0000E+00	  0.0000E+00	  0.0000E+00	  0.0000E+00	  0.0000E+00	  0.0000E+00	  0.0000E+00	  0.0000E+00
  0.0000E+00	  0.0000E+00	  0.0000E+00	  0.0000E+00	  0.0000E+00	  0.0000E+00	  0.0000E+00	  0.0000E+00	  0.0000E+00	  0.0000E+00	  0.0000E+00	  0.0000E+00	  0.0000E+00	  0.0000E+00	  1.3716E-01	  3.5848E+00	  8.0627E+00	  2.2434E+01	  5.6235E+01	  8.7564E+01	  9.5475E+01	  1.2471E+02	  1.5537E+02	  1.5095E+02	  1.5942E+02	  1.5739E+02	  1.5145E+02	  1.2976E+02	  1.3025E+02	  1.2161E+02	  1.1265E+02	  1.1882E+02	  1.1169E+02	  1.0448E+02	  9.4580E+01	  8.8163E+01	  8.8627E+01	  8.8835E+01	  9.0103E+01	  1.0508E+02	  1.1943E+02	  1.1498E+02	  1.0760E+02	  1.2465E+02	  1.1217E+02	  9.3543E+01	  8.7390E+01	  8.9403E+01	  9.7398E+01	  1.0301E+02	  9.3427E+01	  8.7606E+01	  8.5051E+01	  1.0386E+02	  9.9080E+01	  1.0341E+02	  8.4067E+01	  7.4143E+01	  8.0403E+01	  9.2333E+01	  9.8725E+01	  1.0637E+02	  9.0067E+01	  8.3881E+01	  9.5423E+01	  1.0758E+02	  9.8673E+01	  9.4262E+01	  8.0397E+01	  8.8833E+01	  8.7059E+01	  9.3410E+01	  1.0341E+02	  1.0423E+02	  9.8267E+01	  7.9500E+01	  8.8738E+01	  9.5427E+01	  1.0350E+02	  1.0433E+02	  1.0059E+02	  8.5791E+01	  8.2371E+01	  7.4160E+01	  8.4981E+01	  9.6938E+01	  1.0368E+02	  1.0602E+02	  1.0551E+02	  9.9818E+01	  1.0567E+02	  1.1189E+02	  1.1037E+02	  1.0146E+02	  9.5338E+01	  1.0117E+02	  1.1668E+02	  1.0669E+02	  1.1165E+02	  1.1856E+02	  1.4175E+02	  1.3622E+02	  1.3412E+02	  1.1769E+02	  1.6478E+02	  1.7026E+02	  1.3325E+02	  9.1626E+01	  3.7599E+01	  1.3757E+01	  5.6876E+00	  3.2913E+00	  2.9429E-01	  0.0000E+00	  0.0000E+00	  0.0000E+00	  0.0000E+00	  0.0000E+00	  0.0000E+00	  0.0000E+00	  0.0000E+00	  0.0000E+00	  0.0000E+00	  0.0000E+00	  0.0000E+00	  0.0000E+00	  0.0000E+00	  0.0000E+00
  0.0000E+00	  0.0000E+00	  0.0000E+00	  0.0000E+00	  0.0000E+00	  0.0000E+00	  0.0000E+00	  0.0000E+00	  0.0000E+00	  0.0000E+00	  0.0000E+00	  0.0000E+00	  0.0000E+00	  0.0000E+00	  0.0000E+00	  1.1681E+00	  8.1665E+00	  2.2721E+01	  3.7569E+01	  6.4266E+01	  7.6600E+01	  1.0994E+02	  1.5038E+02	  1.7232E+02	  1.6851E+02	  1.7534E+02	  1.6970E+02	  1.5681E+02	  1.4214E+02	  1.5719E+02	  1.2810E+02	  1.2350E+02	  9.5183E+01	  9.1256E+01	  9.3807E+01	  1.0588E+02	  8.7734E+01	  8.7435E+01	  8.6297E+01	  1.0812E+02	  1.0881E+02	  1.1321E+02	  1.1340E+02	  1.1648E+02	  1.0127E+02	  9.8611E+01	  1.0896E+02	  1.2075E+02	  1.0084E+02	  1.0319E+02	  1.0438E+02	  9.7758E+01	  9.5078E+01	  8.8341E+01	  9.0397E+01	  8.4609E+01	  8.5661E+01	  8.7960E+01	  9.0176E+01	  9.2890E+01	  8.9674E+01	  1.1419E+02	  8.9899E+01	  8.2009E+01	  8.5570E+01	  9.6754E+01	  1.0726E+02	  1.0453E+02	  9.1459E+01	  1.0608E+02	  8.4344E+01	  7.7961E+01	  7.7436E+01	  9.0092E+01	  9.1463E+01	  8.5464E+01	  8.3761E+01	  8.0991E+01	  8.8059E+01	  8.8045E+01	  8.7407E+01	  8.8061E+01	  1.0071E+02	  1.0700E+02	  1.1094E+02	  1.1005E+02	  9.9847E+01	  9.1512E+01	  7.9780E+01	  7.6529E+01	  9.9489E+01	  1.0991E+02	  1.1475E+02	  1.0908E+02	  9.2944E+01	  7.8075E+01	  8.9608E+01	  1.0762E+02	  1.1039E+02	  1.0957E+02	  1.2794E+02	  1.2891E+02	  1.4286E+02	  1.2387E+02	  1.5970E+02	  1.6583E+02	  1.3969E+02	  8.3310E+01	  3.0511E+01	  6.8892E+00	  9.1168E-01	  1.4818E+00	  0.0000E+00	  0.0000E+00	  0.0000E+00	  0.0000E+00	  0.0000E+00	  0.0000E+00	  0.0000E+00	  0.0000E+00	  0.0000E+00	  0.0000E+00	  0.0000E+00	  0.0000E+00	  0.0000E+00	  0.0000E+00	  0.0000E+00	  0.0000E+00
  0.0000E+00	  0.0000E+00	  0.0000E+00	  0.0000E+00	  0.0000E+00	  0.0000E+00	  0.0000E+00	  0.0000E+00	  0.0000E+00	  0.0000E+00	  0.0000E+00	  0.0000E+00	  0.0000E+00	  0.0000E+00	  0.0000E+00	  1.4722E-01	  6.4002E+00	  2.1689E+01	  2.6887E+01	  4.3876E+01	  4.8482E+01	  7.9500E+01	  1.2271E+02	  1.7393E+02	  1.8773E+02	  1.7747E+02	  1.5704E+02	  1.5234E+02	  1.3625E+02	  1.4853E+02	  1.3315E+02	  1.2320E+02	  1.0191E+02	  9.6663E+01	  1.0251E+02	  1.0576E+02	  9.1594E+01	  8.7411E+01	  9.1130E+01	  9.6230E+01	  1.0150E+02	  1.0008E+02	  1.0625E+02	  1.0151E+02	  9.7218E+01	  1.0073E+02	  1.1662E+02	  1.3171E+02	  1.2276E+02	  9.5501E+01	  9.7057E+01	  1.1109E+02	  1.2488E+02	  1.0928E+02	  8.9307E+01	  7.8213E+01	  9.7457E+01	  1.0888E+02	  1.0576E+02	  1.0103E+02	  7.5887E+01	  8.1315E+01	  7.8898E+01	  7.3141E+01	  8.0711E+01	  9.0626E+01	  9.6411E+01	  9.2530E+01	  8.9762E+01	  9.8825E+01	  7.4997E+01	  7.6366E+01	  8.4768E+01	  9.0211E+01	  9.0978E+01	  1.0469E+02	  1.0750E+02	  9.2572E+01	  1.0722E+02	  1.0047E+02	  9.0199E+01	  9.2691E+01	  9.8540E+01	  9.5154E+01	  1.0072E+02	  1.0960E+02	  1.0296E+02	  9.3359E+01	  8.0935E+01	  7.1336E+01	  8.1186E+01	  1.0038E+02	  9.3644E+01	  8.2919E+01	  8.4783E+01	  7.3359E+01	  8.8680E+01	  1.0417E+02	  1.1347E+02	  8.7016E+01	  1.0102E+02	  1.1385E+02	  1.2035E+02	  1.2027E+02	  1.2078E+02	  1.3991E+02	  1.3683E+02	  8.1587E+01	  3.0487E+01	  8.1366E+00	  9.5014E-01	  0.0000E+00	  0.0000E+00	  0.0000E+00	  0.0000E+00	  0.0000E+00	  0.0000E+00	  0.0000E+00	  0.0000E+00	  0.0000E+00	  0.0000E+00	  0.0000E+00	  0.0000E+00	  0.0000E+00	  0.0000E+00	  0.0000E+00	  0.0000E+00	  0.0000E+00
  0.0000E+00	  0.0000E+00	  0.0000E+00	  0.0000E+00	  0.0000E+00	  0.0000E+00	  0.0000E+00	  0.0000E+00	  0.0000E+00	  0.0000E+00	  0.0000E+00	  0.0000E+00	  0.0000E+00	  0.0000E+00	  0.0000E+00	  0.0000E+00	  1.4865E+00	  4.7608E+00	  1.2307E+01	  3.3499E+01	  3.6934E+01	  6.1609E+01	  1.0860E+02	  1.3538E+02	  1.5802E+02	  1.6336E+02	  1.5706E+02	  1.4738E+02	  1.3233E+02	  1.3363E+02	  1.3028E+02	  1.0827E+02	  8.1273E+01	  1.0493E+02	  9.5414E+01	  8.9826E+01	  9.5076E+01	  9.1948E+01	  1.0715E+02	  1.0577E+02	  1.1522E+02	  1.0175E+02	  1.0984E+02	  1.1769E+02	  1.0097E+02	  9.5557E+01	  1.0045E+02	  1.1937E+02	  1.2390E+02	  1.2027E+02	  1.1857E+02	  1.1710E+02	  1.1481E+02	  1.1658E+02	  1.1005E+02	  9.5638E+01	  8.7248E+01	  9.0413E+01	  9.8238E+01	  9.2088E+01	  7.1566E+01	  6.8262E+01	  8.0840E+01	  7.7558E+01	  9.1309E+01	  8.0990E+01	  8.4825E+01	  8.1925E+01	  8.6771E+01	  7.9697E+01	  8.4576E+01	  8.6665E+01	  8.0747E+01	  8.7281E+01	  9.6854E+01	  1.0245E+02	  1.1239E+02	  1.0915E+02	  1.2509E+02	  1.1123E+02	  1.0325E+02	  8.7398E+01	  8.8272E+01	  9.5215E+01	  9.6743E+01	  1.1134E+02	  1.0324E+02	  8.7381E+01	  9.0705E+01	  8.7254E+01	  8.1019E+01	  9.7279E+01	  9.5962E+01	  8.5301E+01	  9.5513E+01	  8.8179E+01	  1.0973E+02	  1.0926E+02	  9.8697E+01	  9.3087E+01	  9.0090E+01	  9.5757E+01	  1.1714E+02	  1.1401E+02	  1.2162E+02	  1.1692E+02	  9.6446E+01	  6.3817E+01	  2.8810E+01	  7.0227E+00	  3.9294E+00	  0.0000E+00	  0.0000E+00	  0.0000E+00	  0.0000E+00	  0.0000E+00	  0.0000E+00	  0.0000E+00	  0.0000E+00	  0.0000E+00	  0.0000E+00	  0.0000E+00	  0.0000E+00	  0.0000E+00	  0.0000E+00	  0.0000E+00	  0.0000E+00	  0.0000E+00
  0.0000E+00	  0.0000E+00	  0.0000E+00	  0.0000E+00	  0.0000E+00	  0.0000E+00	  0.0000E+00	  0.0000E+00	  0.0000E+00	  0.0000E+00	  0.0000E+00	  0.0000E+00	  0.0000E+00	  0.0000E+00	  0.0000E+00	  0.0000E+00	  3.3883E-01	  8.9845E-01	  6.3639E+00	  1.5993E+01	  2.9198E+01	  4.3847E+01	  6.4628E+01	  9.3304E+01	  1.2436E+02	  1.2565E+02	  1.2572E+02	  1.5297E+02	  1.5154E+02	  1.3225E+02	  1.2085E+02	  1.1395E+02	  1.0026E+02	  9.6130E+01	  9.9208E+01	  9.6882E+01	  8.8289E+01	  1.0310E+02	  9.5103E+01	  1.0161E+02	  1.0853E+02	  1.0022E+02	  1.0609E+02	  1.2141E+02	  1.0146E+02	  9.2395E+01	  8.6236E+01	  9.8365E+01	  1.0628E+02	  9.7408E+01	  1.0895E+02	  1.0733E+02	  1.0365E+02	  1.1980E+02	  1.1459E+02	  1.0593E+02	  8.4647E+01	  8.0632E+01	  6.8839E+01	  6.2495E+01	  7.2176E+01	  9.1722E+01	  9.1638E+01	  9.3392E+01	  1.1010E+02	  9.5793E+01	  8.3908E+01	  7.8916E+01	  7.0363E+01	  8.7064E+01	  8.8995E+01	  8.5216E+01	  6.9107E+01	  7.9662E+01	  8.1697E+01	  9.6348E+01	  1.0026E+02	  9.9319E+01	  9.8049E+01	  9.9395E+01	  8.9588E+01	  8.7621E+01	  8.0005E+01	  9.4676E+01	  1.0286E+02	  1.0732E+02	  1.0893E+02	  9.4301E+01	  9.4944E+01	  1.1884E+02	  1.1247E+02	  1.1643E+02	  1.0236E+02	  1.1791E+02	  9.5360E+01	  8.6456E+01	  1.1329E+02	  1.2601E+02	  1.1574E+02	  1.0812E+02	  9.4077E+01	  1.0031E+02	  1.3091E+02	  1.2531E+02	  1.1806E+02	  1.0444E+02	  6.3723E+01	  3.7906E+01	  1.2679E+01	  4.4175E+00	  1.5211E+00	  0.0000E+00	  0.0000E+00	  0.0000E+00	  0.0000E+00	  0.0000E+00	  0.0000E+00	  0.0000E+00	  0.0000E+00	  0.0000E+00	  0.0000E+00	  0.0000E+00	  0.0000E+00	  0.0000E+00	  0.0000E+00	  0.0000E+00	  0.0000E+00	  0.0000E+00
  0.0000E+00	  0.0000E+00	  0.0000E+00	  0.0000E+00	  0.0000E+00	  0.0000E+00	  0.0000E+00	  0.0000E+00	  0.0000E+00	  0.0000E+00	  0.0000E+00	  0.0000E+00	  0.0000E+00	  0.0000E+00	  0.0000E+00	  0.0000E+00	  0.0000E+00	  0.0000E+00	  1.3536E+00	  5.3804E+00	  8.9457E+00	  1.9873E+01	  4.0553E+01	  7.6680E+01	  1.0198E+02	  9.6958E+01	  1.1028E+02	  1.3865E+02	  1.4958E+02	  1.4267E+02	  1.4535E+02	  1.4060E+02	  1.1251E+02	  1.0454E+02	  1.0840E+02	  9.5271E+01	  9.1257E+01	  1.0337E+02	  1.0213E+02	  1.0386E+02	  1.1408E+02	  1.1129E+02	  9.5792E+01	  9.6664E+01	  8.7929E+01	  9.5251E+01	  7.5130E+01	  8.1517E+01	  9.8944E+01	  8.2430E+01	  9.0580E+01	  1.0212E+02	  1.0241E+02	  1.0408E+02	  9.6255E+01	  9.0290E+01	  9.6298E+01	  8.4973E+01	  8.1319E+01	  5.3887E+01	  5.2225E+01	  7.5348E+01	  8.0659E+01	  8.1280E+01	  9.6973E+01	  9.2192E+01	  8.6060E+01	  8.0046E+01	  7.8099E+01	  9.0142E+01	  9.0116E+01	  7.7787E+01	  7.1715E+01	  7.1538E+01	  6.3789E+01	  7.5194E+01	  7.6508E+01	  8.2128E+01	  8.6434E+01	  7.9382E+01	  8.1758E+01	  8.2669E+01	  9.0210E+01	  9.4514E+01	  1.0089E+02	  1.0808E+02	  1.0105E+02	  1.0502E+02	  9.7086E+01	  1.0635E+02	  1.1523E+02	  1.2705E+02	  1.1880E+02	  1.2786E+02	  1.1274E+02	  1.0690E+02	  1.1548E+02	  1.2553E+02	  1.2380E+02	  1.0631E+02	  1.2062E+02	  1.1661E+02	  1.3731E+02	  1.3514E+02	  1.0004E+02	  7.0276E+01	  4.3522E+01	  2.1086E+01	  8.6471E+00	  3.5591E+00	  1.2316E+00	  0.0000E+00	  0.0000E+00	  0.0000E+00	  0.0000E+00	  0.0000E+00	  0.0000E+00	  0.0000E+00	  0.0000E+00	  0.0000E+00	  0.0000E+00	  0.0000E+00	  0.0000E+00	  0.0000E+00	  0.0000E+00	  0.0000E+00	  0.0000E+00	  0.0000E+00
  0.0000E+00	  0.0000E+00	  0.0000E+00	  0.0000E+00	  0.0000E+00	  0.0000E+00	  0.0000E+00	  0.0000E+00	  0.0000E+00	  0.0000E+00	  0.0000E+00	  0.0000E+00	  0.0000E+00	  0.0000E+00	  0.0000E+00	  0.0000E+00	  0.0000E+00	  0.0000E+00	  1.4374E+00	  4.4647E+00	  5.8399E+00	  1.6049E+01	  2.7822E+01	  5.7659E+01	  7.7749E+01	  8.9323E+01	  1.1573E+02	  1.4245E+02	  1.3337E+02	  1.4214E+02	  1.6174E+02	  1.6480E+02	  1.3886E+02	  1.1031E+02	  1.0504E+02	  9.8024E+01	  9.4828E+01	  8.7070E+01	  1.0273E+02	  1.0868E+02	  1.1260E+02	  1.0513E+02	  1.0534E+02	  1.0600E+02	  9.0649E+01	  9.3077E+01	  7.8050E+01	  8.2507E+01	  8.6700E+01	  7.2552E+01	  6.8976E+01	  7.8289E+01	  8.9231E+01	  8.1382E+01	  7.6170E+01	  7.8200E+01	  7.9259E+01	  9.1359E+01	  8.5597E+01	  6.9239E+01	  6.6105E+01	  7.0201E+01	  7.2654E+01	  7.3081E+01	  7.9604E+01	  7.8647E+01	  8.3767E+01	  8.3879E+01	  7.8993E+01	  8.6516E+01	  8.7816E+01	  8.2799E+01	  7.5034E+01	  7.0731E+01	  5.1372E+01	  7.0053E+01	  7.0335E+01	  8.6419E+01	  8.0854E+01	  7.4148E+01	  9.3612E+01	  9.8522E+01	  9.1564E+01	  9.1907E+01	  9.6595E+01	  8.9480E+01	  9.1614E+01	  1.1758E+02	  9.6839E+01	  8.9509E+01	  8.4018E+01	  1.1598E+02	  1.4285E+02	  1.3293E+02	  1.3405E+02	  1.1647E+02	  1.1752E+02	  1.0736E+02	  1.3429E+02	  1.2253E+02	  1.2114E+02	  1.4590E+02	  1.4866E+02	  1.4381E+02	  1.0932E+02	  7.1449E+01	  3.9640E+01	  1.4851E+01	  6.2212E+00	  1.8089E+00	  1.1920E-01	  0.0000E+00	  0.0000E+00	  0.0000E+00	  0.0000E+00	  0.0000E+00	  0.0000E+00	  0.0000E+00	  0.0000E+00	  0.0000E+00	  0.0000E+00	  0.0000E+00	  0.0000E+00	  0.0000E+00	  0.0000E+00	  0.0000E+00	  0.0000E+00	  0.0000E+00
  0.0000E+00	  0.0000E+00	  0.0000E+00	  0.0000E+00	  0.0000E+00	  0.0000E+00	  0.0000E+00	  0.0000E+00	  0.0000E+00	  0.0000E+00	  0.0000E+00	  0.0000E+00	  0.0000E+00	  0.0000E+00	  0.0000E+00	  0.0000E+00	  0.0000E+00	  0.0000E+00	  3.2186E-01	  1.6528E+00	  4.9748E+00	  8.3539E+00	  1.4067E+01	  3.3619E+01	  6.1714E+01	  7.8945E+01	  1.0944E+02	  1.2318E+02	  1.2409E+02	  1.3764E+02	  1.3946E+02	  1.5401E+02	  1.5046E+02	  1.1003E+02	  1.1580E+02	  1.1503E+02	  1.1543E+02	  1.0527E+02	  1.0321E+02	  1.1565E+02	  1.0512E+02	  1.0741E+02	  1.0438E+02	  1.0415E+02	  8.7855E+01	  9.4629E+01	  9.0835E+01	  8.0234E+01	  7.5362E+01	  7.3916E+01	  7.0105E+01	  8.1979E+01	  8.2447E+01	  7.6433E+01	  7.0708E+01	  6.8699E+01	  7.9219E+01	  7.5316E+01	  7.7201E+01	  7.8286E+01	  7.7007E+01	  7.2175E+01	  7.9292E+01	  6.7179E+01	  7.1497E+01	  7.6411E+01	  7.1411E+01	  7.2484E+01	  8.1879E+01	  8.0925E+01	  8.1532E+01	  7.4703E+01	  6.3665E+01	  7.7547E+01	  7.6739E+01	  7.3621E+01	  6.8267E+01	  7.1800E+01	  8.4954E+01	  6.8378E+01	  8.8579E+01	  9.1879E+01	  8.1328E+01	  8.4849E+01	  7.9822E+01	  7.9258E+01	  8.2267E+01	  9.6775E+01	  8.8824E+01	  7.8031E+01	  8.0334E+01	  1.1167E+02	  1.2596E+02	  1.3540E+02	  1.3925E+02	  1.1427E+02	  1.0849E+02	  1.1652E+02	  1.4420E+02	  1.3787E+02	  1.3832E+02	  1.2787E+02	  1.2972E+02	  1.4628E+02	  1.0865E+02	  5.6634E+01	  2.3974E+01	  9.0900E+00	  3.7544E+00	  5.6965E-01	  0.0000E+00	  0.0000E+00	  0.0000E+00	  0.0000E+00	  0.0000E+00	  0.0000E+00	  0.0000E+00	  0.0000E+00	  0.0000E+00	  0.0000E+00	  0.0000E+00	  0.0000E+00	  0.0000E+00	  0.0000E+00	  0.0000E+00	  0.0000E+00	  0.0000E+00	  0.0000E+00
  0.0000E+00	  0.0000E+00	  0.0000E+00	  0.0000E+00	  0.0000E+00	  0.0000E+00	  0.0000E+00	  0.0000E+00	  0.0000E+00	  0.0000E+00	  0.0000E+00	  0.0000E+00	  0.0000E+00	  0.0000E+00	  0.0000E+00	  0.0000E+00	  0.0000E+00	  0.0000E+00	  0.0000E+00	  2.6599E-01	  3.6180E+00	  6.1710E+00	  1.3699E+01	  1.9889E+01	  3.7534E+01	  5.8986E+01	  7.8555E+01	  8.9712E+01	  8.8187E+01	  1.3436E+02	  1.3739E+02	  1.4751E+02	  1.4535E+02	  1.1420E+02	  1.2884E+02	  1.1927E+02	  1.1419E+02	  1.0346E+02	  1.1675E+02	  1.2137E+02	  9.6761E+01	  1.0111E+02	  8.9582E+01	  9.5145E+01	  9.3831E+01	  1.1517E+02	  1.0385E+02	  8.3794E+01	  7.2688E+01	  7.8014E+01	  6.6727E+01	  7.8548E+01	  8.2414E+01	  8.5810E+01	  9.4650E+01	  8.6338E+01	  7.5293E+01	  6.9093E+01	  8.4020E+01	  8.3916E+01	  7.8024E+01	  7.5822E+01	  7.7694E+01	  7.6155E+01	  9.9228E+01	  9.9505E+01	  8.2709E+01	  8.1086E+01	  8.7482E+01	  7.9825E+01	  8.0597E+01	  7.6312E+01	  7.4110E+01	  8.5296E+01	  8.7886E+01	  8.1683E+01	  7.5826E+01	  7.7618E+01	  8.0338E+01	  7.4646E+01	  7.9481E+01	  7.8419E+01	  5.9049E+01	  6.9572E+01	  7.8365E+01	  7.8019E+01	  8.5216E+01	  8.0654E+01	  7.7664E+01	  6.2357E+01	  7.4747E+01	  8.0779E+01	  1.0538E+02	  1.1167E+02	  1.1577E+02	  1.1034E+02	  1.1266E+02	  1.1183E+02	  1.2531E+02	  1.3294E+02	  1.3511E+02	  1.2961E+02	  1.1247E+02	  9.3288E+01	  6.9472E+01	  3.7131E+01	  2.1009E+01	  9.3643E+00	  2.3780E+00	  0.0000E+00	  0.0000E+00	  0.0000E+00	  0.0000E+00	  0.0000E+00	  0.0000E+00	  0.0000E+00	  0.0000E+00	  0.0000E+00	  0.0000E+00	  0.0000E+00	  0.0000E+00	  0.0000E+00	  0.0000E+00	  0.0000E+00	  0.0000E+00	  0.0000E+00	  0.0000E+00	  0.0000E+00
  0.0000E+00	  0.0000E+00	  0.0000E+00	  0.0000E+00	  0.0000E+00	  0.0000E+00	  0.0000E+00	  0.0000E+00	  0.0000E+00	  0.0000E+00	  0.0000E+00	  0.0000E+00	  0.0000E+00	  0.0000E+00	  0.0000E+00	  0.0000E+00	  0.0000E+00	  0.0000E+00	  0.0000E+00	  9.3995E-02	  8.6140E-01	  2.2227E+00	  3.8906E+00	  6.8956E+00	  1.5566E+01	  2.3314E+01	  3.4510E+01	  5.7867E+01	  8.2849E+01	  1.1572E+02	  1.2231E+02	  1.3480E+02	  1.3047E+02	  1.2715E+02	  1.3656E+02	  1.2747E+02	  1.0338E+02	  1.0895E+02	  1.1948E+02	  1.2019E+02	  1.0590E+02	  9.9563E+01	  6.9970E+01	  7.4722E+01	  9.1926E+01	  1.0365E+02	  1.1057E+02	  8.9097E+01	  7.0513E+01	  7.4131E+01	  7.3513E+01	  5.7724E+01	  7.2536E+01	  8.9425E+01	  8.6763E+01	  8.8453E+01	  7.4795E+01	  6.9505E+01	  8.1821E+01	  7.3870E+01	  6.4679E+01	  5.8752E+01	  7.2713E+01	  8.1166E+01	  1.0352E+02	  1.0585E+02	  1.0182E+02	  9.1487E+01	  9.4487E+01	  7.3833E+01	  9.0042E+01	  8.8230E+01	  7.6753E+01	  8.2019E+01	  6.9984E+01	  8.1648E+01	  7.7695E+01	  9.1026E+01	  1.0936E+02	  9.8409E+01	  7.9462E+01	  6.1667E+01	  6.3647E+01	  6.4759E+01	  8.1192E+01	  8.7285E+01	  7.8249E+01	  7.2309E+01	  7.6464E+01	  7.6820E+01	  8.8678E+01	  9.1686E+01	  6.7129E+01	  8.4906E+01	  8.6130E+01	  9.5697E+01	  1.0799E+02	  1.0077E+02	  1.1433E+02	  1.1614E+02	  1.2570E+02	  1.2819E+02	  1.0591E+02	  8.0491E+01	  5.1144E+01	  2.2540E+01	  1.1526E+01	  4.1429E+00	  2.0747E+00	  8.8241E-01	  0.0000E+00	  0.0000E+00	  0.0000E+00	  0.0000E+00	  0.0000E+00	  0.0000E+00	  0.0000E+00	  0.0000E+00	  0.0000E+00	  0.0000E+00	  0.0000E+00	  0.0000E+00	  0.0000E+00	  0.0000E+00	  0.0000E+00	  0.0000E+00	  0.0000E+00	  0.0000E+00
  0.0000E+00	  0.0000E+00	  0.0000E+00	  0.0000E+00	  0.0000E+00	  0.0000E+00	  0.0000E+00	  0.0000E+00	  0.0000E+00	  0.0000E+00	  0.0000E+00	  0.0000E+00	  0.0000E+00	  0.0000E+00	  0.0000E+00	  0.0000E+00	  0.0000E+00	  0.0000E+00	  0.0000E+00	  1.0183E+00	  8.7091E-01	  1.5309E+00	  9.1439E-01	  2.2402E+00	  4.9548E+00	  1.3257E+01	  2.3199E+01	  3.6237E+01	  5.0990E+01	  7.0498E+01	  8.3956E+01	  1.1361E+02	  1.1862E+02	  1.0448E+02	  1.2758E+02	  1.1297E+02	  9.2004E+01	  1.1343E+02	  1.1075E+02	  1.0823E+02	  9.5233E+01	  8.7795E+01	  7.6178E+01	  8.0962E+01	  8.2494E+01	  9.6068E+01	  9.3941E+01	  8.6016E+01	  7.0989E+01	  6.5435E+01	  7.2689E+01	  6.6186E+01	  6.9471E+01	  8.6597E+01	  8.6074E+01	  7.8923E+01	  6.2886E+01	  7.9309E+01	  8.1888E+01	  6.6743E+01	  5.0362E+01	  6.1996E+01	  7.7747E+01	  8.1240E+01	  8.9330E+01	  8.8526E+01	  1.0791E+02	  1.2009E+02	  9.8712E+01	  7.3454E+01	  8.4652E+01	  9.8431E+01	  8.9778E+01	  7.3938E+01	  7.4673E+01	  9.1464E+01	  6.6166E+01	  6.9498E+01	  9.8462E+01	  1.0476E+02	  8.5608E+01	  7.1802E+01	  7.3064E+01	  8.2601E+01	  8.2460E+01	  7.1687E+01	  8.8147E+01	  7.9979E+01	  7.8267E+01	  1.1525E+02	  1.1620E+02	  8.7396E+01	  7.2120E+01	  8.0319E+01	  6.7414E+01	  1.0900E+02	  1.2311E+02	  9.8947E+01	  9.8654E+01	  1.1363E+02	  9.7809E+01	  9.9787E+01	  7.5363E+01	  5.3639E+01	  2.7197E+01	  1.3333E+01	  3.9178E+00	  5.2150E-01	  4.2028E-01	  5.7660E-01	  0.0000E+00	  0.0000E+00	  0.0000E+00	  0.0000E+00	  0.0000E+00	  0.0000E+00	  0.0000E+00	  0.0000E+00	  0.0000E+00	  0.0000E+00	  0.0000E+00	  0.0000E+00	  0.0000E+00	  0.0000E+00	  0.0000E+00	  0.0000E+00	  0.0000E+00	  0.0000E+00
  0.0000E+00	  0.0000E+00	  0.0000E+00	  0.0000E+00	  0.0000E+00	  0.0000E+00	  0.0000E+00	  0.0000E+00	  0.0000E+00	  0.0000E+00	  0.0000E+00	  0.0000E+00	  0.0000E+00	  0.0000E+00	  0.0000E+00	  0.0000E+00	  0.0000E+00	  0.0000E+00	  0.0000E+00	  9.7969E-02	  7.5290E-03	  0.0000E+00	  4.0450E-02	  3.3087E-01	  2.2405E+00	  7.5218E+00	  1.0713E+01	  1.8916E+01	  2.4875E+01	  4.1687E+01	  4.9113E+01	  7.5653E+01	  7.2844E+01	  1.0200E+02	  1.2828E+02	  1.0448E+02	  1.0472E+02	  1.2484E+02	  1.1778E+02	  1.1006E+02	  1.0484E+02	  7.6834E+01	  7.9014E+01	  6.6312E+01	  6.7729E+01	  7.9956E+01	  9.2421E+01	  8.7964E+01	  7.5391E+01	  8.0469E+01	  7.2062E+01	  7.4090E+01	  7.5920E+01	  8.5410E+01	  8.8625E+01	  8.6048E+01	  6.8110E+01	  6.4415E+01	  8.0028E+01	  5.5773E+01	  5.2924E+01	  5.2022E+01	  7.4481E+01	  7.6658E+01	  6.9788E+01	  8.3754E+01	  9.4313E+01	  9.7742E+01	  7.6788E+01	  7.1338E+01	  6.8541E+01	  8.5455E+01	  7.7603E+01	  7.4767E+01	  8.1496E+01	  7.1609E+01	  5.9995E+01	  6.4203E+01	  8.0292E+01	  7.0284E+01	  6.8823E+01	  6.9167E+01	  7.2670E+01	  8.9722E+01	  7.3744E+01	  6.1101E+01	  7.8561E+01	  7.5829E+01	  8.3569E+01	  1.1651E+02	  1.3100E+02	  1.1681E+02	  8.7813E+01	  9.9146E+01	  1.0646E+02	  1.1351E+02	  1.0295E+02	  1.1064E+02	  1.0317E+02	  9.5308E+01	  9.2000E+01	  7.1305E+01	  5.6405E+01	  2.9314E+01	  1.0686E+01	  6.0553E+00	  1.2168E+00	  6.5591E-02	  0.0000E+00	  0.0000E+00	  0.0000E+00	  0.0000E+00	  0.0000E+00	  0.0000E+00	  0.0000E+00	  0.0000E+00	  0.0000E+00	  0.0000E+00	  0.0000E+00	  0.0000E+00	  0.0000E+00	  0.0000E+00	  0.0000E+00	  0.0000E+00	  0.0000E+00	  0.0000E+00	  0.0000E+00	  0.0000E+00
  0.0000E+00	  0.0000E+00	  0.0000E+00	  0.0000E+00	  0.0000E+00	  0.0000E+00	  0.0000E+00	  0.0000E+00	  0.0000E+00	  0.0000E+00	  0.0000E+00	  0.0000E+00	  0.0000E+00	  0.0000E+00	  0.0000E+00	  0.0000E+00	  0.0000E+00	  0.0000E+00	  0.0000E+00	  0.0000E+00	  0.0000E+00	  0.0000E+00	  0.0000E+00	  1.1851E-01	  1.4983E+00	  1.1677E+00	  3.1371E+00	  5.0627E+00	  1.0176E+01	  1.7502E+01	  3.2290E+01	  4.7490E+01	  6.3066E+01	  9.5707E+01	  1.0727E+02	  9.8544E+01	  9.5949E+01	  1.1388E+02	  1.2647E+02	  1.0105E+02	  9.9283E+01	  9.3328E+01	  8.7646E+01	  7.8615E+01	  8.4491E+01	  9.3577E+01	  1.0271E+02	  9.9166E+01	  8.8546E+01	  8.3088E+01	  1.0058E+02	  8.3867E+01	  1.0064E+02	  8.8056E+01	  1.2022E+02	  1.1260E+02	  9.2106E+01	  9.2150E+01	  9.0862E+01	  7.6768E+01	  5.4942E+01	  5.6783E+01	  6.1311E+01	  7.3857E+01	  6.2625E+01	  6.7676E+01	  8.4283E+01	  9.3200E+01	  8.1188E+01	  6.6503E+01	  5.8895E+01	  7.0580E+01	  7.0544E+01	  8.7265E+01	  9.5030E+01	  7.1003E+01	  5.8954E+01	  6.4739E+01	  7.9620E+01	  7.4841E+01	  5.8555E+01	  7.6645E+01	  8.4247E+01	  7.7863E+01	  8.9601E+01	  8.5147E+01	  7.6120E+01	  9.4371E+01	  1.0471E+02	  1.0142E+02	  1.1670E+02	  1.1843E+02	  1.0049E+02	  1.0699E+02	  1.4187E+02	  1.3455E+02	  1.1867E+02	  9.9318E+01	  1.0789E+02	  8.2790E+01	  7.3182E+01	  4.9526E+01	  3.8832E+01	  1.5745E+01	  4.8600E+00	  1.8279E+00	  6.9972E-02	  0.0000E+00	  0.0000E+00	  0.0000E+00	  0.0000E+00	  0.0000E+00	  0.0000E+00	  0.0000E+00	  0.0000E+00	  0.0000E+00	  0.0000E+00	  0.0000E+00	  0.0000E+00	  0.0000E+00	  0.0000E+00	  0.0000E+00	  0.0000E+00	  0.0000E+00	  0.0000E+00	  0.0000E+00	  0.0000E+00	  0.0000E+00
  0.0000E+00	  0.0000E+00	  0.0000E+00	  0.0000E+00	  0.0000E+00	  0.0000E+00	  0.0000E+00	  0.0000E+00	  0.0000E+00	  0.0000E+00	  0.0000E+00	  0.0000E+00	  0.0000E+00	  0.0000E+00	  0.0000E+00	  0.0000E+00	  0.0000E+00	  0.0000E+00	  0.0000E+00	  0.0000E+00	  0.0000E+00	  0.0000E+00	  0.0000E+00	  0.0000E+00	  3.5386E-02	  1.4752E-01	  7.2472E-01	  3.7136E+00	  3.0093E+00	  5.1340E+00	  9.2222E+00	  2.2679E+01	  3.3510E+01	  4.5317E+01	  5.8933E+01	  6.8747E+01	  7.7814E+01	  8.7623E+01	  1.0003E+02	  8.9423E+01	  9.8034E+01	  1.0090E+02	  8.9715E+01	  9.1820E+01	  1.0808E+02	  1.1656E+02	  1.2243E+02	  1.2014E+02	  1.2204E+02	  1.2444E+02	  1.0969E+02	  1.0162E+02	  1.0853E+02	  1.1597E+02	  1.3248E+02	  1.0205E+02	  1.1273E+02	  1.0919E+02	  1.0268E+02	  9.7088E+01	  5.6819E+01	  7.2371E+01	  6.0976E+01	  8.7049E+01	  7.2673E+01	  7.1168E+01	  8.5513E+01	  1.0456E+02	  9.4163E+01	  8.3505E+01	  7.9735E+01	  7.8009E+01	  7.3858E+01	  8.1316E+01	  8.7070E+01	  5.9092E+01	  5.9277E+01	  7.4723E+01	  9.7603E+01	  9.4615E+01	  9.3733E+01	  9.9337E+01	  9.0157E+01	  7.4154E+01	  7.6397E+01	  7.6486E+01	  8.3474E+01	  9.1254E+01	  1.1352E+02	  9.3457E+01	  1.1361E+02	  1.0075E+02	  1.1386E+02	  1.1385E+02	  1.1618E+02	  1.1637E+02	  1.1318E+02	  1.0068E+02	  8.2570E+01	  5.5543E+01	  5.2457E+01	  3.3522E+01	  1.6744E+01	  7.6921E+00	  2.0605E+00	  9.1938E-01	  0.0000E+00	  0.0000E+00	  0.0000E+00	  0.0000E+00	  0.0000E+00	  0.0000E+00	  0.0000E+00	  0.0000E+00	  0.0000E+00	  0.0000E+00	  0.0000E+00	  0.0000E+00	  0.0000E+00	  0.0000E+00	  0.0000E+00	  0.0000E+00	  0.0000E+00	  0.0000E+00	  0.0000E+00	  0.0000E+00	  0.0000E+00	  0.0000E+00
  0.0000E+00	  0.0000E+00	  0.0000E+00	  0.0000E+00	  0.0000E+00	  0.0000E+00	  0.0000E+00	  0.0000E+00	  0.0000E+00	  0.0000E+00	  0.0000E+00	  0.0000E+00	  0.0000E+00	  0.0000E+00	  0.0000E+00	  0.0000E+00	  0.0000E+00	  0.0000E+00	  0.0000E+00	  0.0000E+00	  0.0000E+00	  0.0000E+00	  0.0000E+00	  0.0000E+00	  1.3821E-01	  6.1933E-01	  3.8782E-01	  6.9772E-01	  6.3794E-01	  1.5389E+00	  4.2484E+00	  7.9727E+00	  1.4518E+01	  3.0066E+01	  3.3158E+01	  4.2266E+01	  6.4573E+01	  7.4073E+01	  5.9811E+01	  6.1050E+01	  8.1153E+01	  1.0952E+02	  9.5917E+01	  1.1050E+02	  1.2961E+02	  1.3801E+02	  1.4253E+02	  1.2485E+02	  1.1286E+02	  1.1124E+02	  1.1297E+02	  1.1657E+02	  1.1007E+02	  9.6039E+01	  1.0649E+02	  9.9255E+01	  1.1271E+02	  1.0453E+02	  1.0299E+02	  9.7419E+01	  6.1718E+01	  6.6205E+01	  8.0589E+01	  9.1831E+01	  9.0153E+01	  9.0044E+01	  7.2483E+01	  9.0622E+01	  1.1249E+02	  9.9215E+01	  9.0704E+01	  9.8658E+01	  1.0077E+02	  9.0595E+01	  9.0885E+01	  6.7216E+01	  6.3639E+01	  6.5189E+01	  9.1679E+01	  1.0059E+02	  1.1270E+02	  9.8396E+01	  9.1734E+01	  9.2191E+01	  9.1068E+01	  9.1192E+01	  9.2024E+01	  8.3888E+01	  1.0084E+02	  8.9646E+01	  8.8541E+01	  1.1973E+02	  1.2501E+02	  1.2259E+02	  1.1999E+02	  1.2020E+02	  9.5805E+01	  7.5556E+01	  6.3953E+01	  4.2737E+01	  3.2764E+01	  1.8837E+01	  1.2121E+01	  3.9240E+00	  4.4114E-01	  3.7176E-01	  0.0000E+00	  0.0000E+00	  0.0000E+00	  0.0000E+00	  0.0000E+00	  0.0000E+00	  0.0000E+00	  0.0000E+00	  0.0000E+00	  0.0000E+00	  0.0000E+00	  0.0000E+00	  0.0000E+00	  0.0000E+00	  0.0000E+00	  0.0000E+00	  0.0000E+00	  0.0000E+00	  0.0000E+00	  0.0000E+00	  0.0000E+00	  0.0000E+00
  0.0000E+00	  0.0000E+00	  0.0000E+00	  0.0000E+00	  0.0000E+00	  0.0000E+00	  0.0000E+00	  0.0000E+00	  0.0000E+00	  0.0000E+00	  0.0000E+00	  0.0000E+00	  0.0000E+00	  0.0000E+00	  0.0000E+00	  0.0000E+00	  0.0000E+00	  0.0000E+00	  0.0000E+00	  0.0000E+00	  0.0000E+00	  0.0000E+00	  0.0000E+00	  0.0000E+00	  1.1049E-01	  3.3342E-01	  0.0000E+00	  7.9700E-02	  6.4514E-02	  9.0381E-02	  1.8129E+00	  5.4438E-01	  5.9007E+00	  7.4152E+00	  7.9837E+00	  1.6321E+01	  3.7461E+01	  4.1103E+01	  4.4395E+01	  4.4570E+01	  6.9979E+01	  7.7708E+01	  7.5951E+01	  9.4081E+01	  1.0723E+02	  1.1865E+02	  1.0744E+02	  9.1479E+01	  1.0013E+02	  1.1035E+02	  1.1277E+02	  1.2325E+02	  1.2328E+02	  8.6417E+01	  9.6660E+01	  1.0059E+02	  8.1088E+01	  1.0010E+02	  8.8430E+01	  8.3839E+01	  6.2748E+01	  7.0933E+01	  8.1525E+01	  8.0916E+01	  9.3049E+01	  1.0302E+02	  9.3236E+01	  1.0690E+02	  1.2180E+02	  1.2194E+02	  1.0006E+02	  9.5820E+01	  9.9809E+01	  8.2213E+01	  8.5637E+01	  6.9411E+01	  5.7160E+01	  6.2861E+01	  9.8784E+01	  1.1719E+02	  9.0782E+01	  8.9776E+01	  9.9605E+01	  1.0992E+02	  1.1152E+02	  1.1612E+02	  1.2410E+02	  8.2119E+01	  7.7687E+01	  9.4598E+01	  1.1222E+02	  1.1937E+02	  9.8433E+01	  9.5352E+01	  8.9778E+01	  9.6043E+01	  6.3464E+01	  3.6779E+01	  2.7633E+01	  1.7470E+01	  1.7320E+01	  7.6776E+00	  5.1773E+00	  1.4460E+00	  0.0000E+00	  0.0000E+00	  0.0000E+00	  0.0000E+00	  0.0000E+00	  0.0000E+00	  0.0000E+00	  0.0000E+00	  0.0000E+00	  0.0000E+00	  0.0000E+00	  0.0000E+00	  0.0000E+00	  0.0000E+00	  0.0000E+00	  0.0000E+00	  0.0000E+00	  0.0000E+00	  0.0000E+00	  0.0000E+00	  0.0000E+00	  0.0000E+00	  0.0000E+00	  0.0000E+00
  0.0000E+00	  0.0000E+00	  0.0000E+00	  0.0000E+00	  0.0000E+00	  0.0000E+00	  0.0000E+00	  0.0000E+00	  0.0000E+00	  0.0000E+00	  0.0000E+00	  0.0000E+00	  0.0000E+00	  0.0000E+00	  0.0000E+00	  0.0000E+00	  0.0000E+00	  0.0000E+00	  0.0000E+00	  0.0000E+00	  0.0000E+00	  0.0000E+00	  0.0000E+00	  0.0000E+00	  0.0000E+00	  0.0000E+00	  0.0000E+00	  0.0000E+00	  0.0000E+00	  1.0367E-03	  2.5904E-02	  1.4647E-01	  6.5678E-01	  4.7119E-01	  1.0711E+00	  5.6407E+00	  1.3323E+01	  1.5337E+01	  1.7297E+01	  2.7778E+01	  4.6218E+01	  4.8367E+01	  5.1227E+01	  5.4311E+01	  5.1683E+01	  6.1038E+01	  5.3980E+01	  5.3870E+01	  6.2521E+01	  8.5080E+01	  8.7847E+01	  8.6576E+01	  7.8169E+01	  7.3366E+01	  6.8756E+01	  6.7313E+01	  8.5350E+01	  1.0316E+02	  9.7362E+01	  8.6576E+01	  8.4062E+01	  8.1909E+01	  9.1167E+01	  1.0678E+02	  1.0796E+02	  1.3361E+02	  1.1847E+02	  1.1630E+02	  1.1444E+02	  9.2603E+01	  7.5104E+01	  9.3751E+01	  9.4605E+01	  9.7798E+01	  9.9272E+01	  8.4121E+01	  6.4984E+01	  7.0004E+01	  9.8501E+01	  9.6521E+01	  8.5501E+01	  8.3870E+01	  1.0129E+02	  1.1933E+02	  1.3524E+02	  1.3704E+02	  1.1875E+02	  8.2658E+01	  9.1527E+01	  1.1107E+02	  1.1386E+02	  9.7615E+01	  7.9347E+01	  5.6115E+01	  5.1636E+01	  4.0484E+01	  3.0766E+01	  2.5116E+01	  1.6061E+01	  1.3004E+01	  8.7600E+00	  2.3393E+00	  5.3735E-02	  0.0000E+00	  0.0000E+00	  0.0000E+00	  0.0000E+00	  0.0000E+00	  0.0000E+00	  0.0000E+00	  0.0000E+00	  0.0000E+00	  0.0000E+00	  0.0000E+00	  0.0000E+00	  0.0000E+00	  0.0000E+00	  0.0000E+00	  0.0000E+00	  0.0000E+00	  0.0000E+00	  0.0000E+00	  0.0000E+00	  0.0000E+00	  0.0000E+00	  0.0000E+00	  0.0000E+00	  0.0000E+00
  0.0000E+00	  0.0000E+00	  0.0000E+00	  0.0000E+00	  0.0000E+00	  0.0000E+00	  0.0000E+00	  0.0000E+00	  0.0000E+00	  0.0000E+00	  0.0000E+00	  0.0000E+00	  0.0000E+00	  0.0000E+00	  0.0000E+00	  0.0000E+00	  0.0000E+00	  0.0000E+00	  0.0000E+00	  0.0000E+00	  0.0000E+00	  0.0000E+00	  0.0000E+00	  0.0000E+00	  0.0000E+00	  0.0000E+00	  0.0000E+00	  0.0000E+00	  0.0000E+00	  0.0000E+00	  0.0000E+00	  0.0000E+00	  0.0000E+00	  0.0000E+00	  2.4275E-03	  2.9576E-01	  1.8454E+00	  6.8538E+00	  8.0819E+00	  1.0696E+01	  1.7411E+01	  1.6969E+01	  1.6696E+01	  1.7476E+01	  1.9786E+01	  2.7390E+01	  3.4507E+01	  4.2255E+01	  4.2866E+01	  4.8970E+01	  5.8257E+01	  6.2561E+01	  4.6901E+01	  5.5775E+01	  6.3998E+01	  5.4440E+01	  8.3930E+01	  9.8558E+01	  8.6799E+01	  9.7291E+01	  9.2043E+01	  7.9601E+01	  8.4015E+01	  8.5468E+01	  1.0070E+02	  1.0229E+02	  1.0641E+02	  9.3493E+01	  8.0705E+01	  6.7189E+01	  7.0722E+01	  7.4508E+01	  9.3956E+01	  9.3434E+01	  1.0182E+02	  1.0026E+02	  7.8729E+01	  6.0294E+01	  8.6834E+01	  9.2367E+01	  1.0269E+02	  9.4504E+01	  9.9660E+01	  1.1788E+02	  1.1960E+02	  1.0340E+02	  6.9452E+01	  5.4636E+01	  7.5624E+01	  8.6179E+01	  7.1662E+01	  6.3423E+01	  5.2979E+01	  4.4990E+01	  3.4706E+01	  2.1645E+01	  7.4145E+00	  8.4879E+00	  3.0512E+00	  3.0549E+00	  2.8167E+00	  1.6566E+00	  7.0739E-02	  0.0000E+00	  0.0000E+00	  0.0000E+00	  0.0000E+00	  0.0000E+00	  0.0000E+00	  0.0000E+00	  0.0000E+00	  0.0000E+00	  0.0000E+00	  0.0000E+00	  0.0000E+00	  0.0000E+00	  0.0000E+00	  0.0000E+00	  0.0000E+00	  0.0000E+00	  0.0000E+00	  0.0000E+00	  0.0000E+00	  0.0000E+00	  0.0000E+00	  0.0000E+00	  0.0000E+00	  0.0000E+00
  0.0000E+00	  0.0000E+00	  0.0000E+00	  0.0000E+00	  0.0000E+00	  0.0000E+00	  0.0000E+00	  0.0000E+00	  0.0000E+00	  0.0000E+00	  0.0000E+00	  0.0000E+00	  0.0000E+00	  0.0000E+00	  0.0000E+00	  0.0000E+00	  0.0000E+00	  0.0000E+00	  0.0000E+00	  0.0000E+00	  0.0000E+00	  0.0000E+00	  0.0000E+00	  0.0000E+00	  0.0000E+00	  0.0000E+00	  0.0000E+00	  0.0000E+00	  0.0000E+00	  0.0000E+00	  0.0000E+00	  0.0000E+00	  0.0000E+00	  0.0000E+00	  0.0000E+00	  0.0000E+00	  5.2818E-02	  4.4071E-01	  1.5162E+00	  3.0821E+00	  4.3098E+00	  1.5351E+00	  2.3977E+00	  7.2870E+00	  5.8721E+00	  1.1275E+01	  1.2813E+01	  2.0776E+01	  3.0098E+01	  2.7297E+01	  2.9216E+01	  3.4184E+01	  3.1679E+01	  4.2903E+01	  4.6180E+01	  5.5022E+01	  6.1787E+01	  5.5075E+01	  4.8654E+01	  7.2442E+01	  7.6880E+01	  7.1856E+01	  4.2981E+01	  5.1530E+01	  5.8422E+01	  6.6253E+01	  7.4404E+01	  5.6416E+01	  6.6450E+01	  8.1052E+01	  7.2994E+01	  6.4898E+01	  8.6316E+01	  9.0902E+01	  8.3893E+01	  7.8351E+01	  7.1158E+01	  4.8883E+01	  5.6538E+01	  6.3508E+01	  7.2225E+01	  8.2277E+01	  9.4445E+01	  9.0684E+01	  9.0727E+01	  6.6257E+01	  4.4493E+01	  3.3956E+01	  4.4866E+01	  4.7138E+01	  4.5992E+01	  4.1979E+01	  2.4688E+01	  1.6154E+01	  1.0565E+01	  6.8450E+00	  1.4801E+00	  9.5939E-01	  0.0000E+00	  3.8554E-02	  7.7429E-02	  0.0000E+00	  0.0000E+00	  0.0000E+00	  0.0000E+00	  0.0000E+00	  0.0000E+00	  0.0000E+00	  0.0000E+00	  0.0000E+00	  0.0000E+00	  0.0000E+00	  0.0000E+00	  0.0000E+00	  0.0000E+00	  0.0000E+00	  0.0000E+00	  0.0000E+00	  0.0000E+00	  0.0000E+00	  0.0000E+00	  0.0000E+00	  0.0000E+00	  0.0000E+00	  0.0000E+00	  0.0000E+00	  0.0000E+00	  0.0000E+00
  0.0000E+00	  0.0000E+00	  0.0000E+00	  0.0000E+00	  0.0000E+00	  0.0000E+00	  0.0000E+00	  0.0000E+00	  0.0000E+00	  0.0000E+00	  0.0000E+00	  0.0000E+00	  0.0000E+00	  0.0000E+00	  0.0000E+00	  0.0000E+00	  0.0000E+00	  0.0000E+00	  0.0000E+00	  0.0000E+00	  0.0000E+00	  0.0000E+00	  0.0000E+00	  0.0000E+00	  0.0000E+00	  0.0000E+00	  0.0000E+00	  0.0000E+00	  0.0000E+00	  0.0000E+00	  0.0000E+00	  0.0000E+00	  0.0000E+00	  0.0000E+00	  0.0000E+00	  0.0000E+00	  0.0000E+00	  0.0000E+00	  0.0000E+00	  0.0000E+00	  1.0618E-01	  5.1693E-01	  1.2568E+00	  3.9290E+00	  1.3639E+00	  1.4311E+00	  2.4006E+00	  4.8804E+00	  2.4596E+00	  4.1394E+00	  1.0898E+01	  1.7176E+01	  1.9355E+01	  1.7945E+01	  2.2977E+01	  2.6108E+01	  2.9211E+01	  2.2198E+01	  2.0020E+01	  3.4023E+01	  3.9876E+01	  4.2937E+01	  3.8523E+01	  3.4253E+01	  3.2885E+01	  4.1783E+01	  4.2514E+01	  4.6516E+01	  4.8881E+01	  5.0947E+01	  4.7982E+01	  4.7526E+01	  4.7485E+01	  6.7650E+01	  5.9231E+01	  5.5187E+01	  4.0116E+01	  3.8129E+01	  4.6034E+01	  3.9364E+01	  4.2680E+01	  5.7239E+01	  6.0250E+01	  4.4568E+01	  4.3187E+01	  3.2316E+01	  2.1959E+01	  2.2209E+01	  2.4005E+01	  2.8289E+01	  2.4454E+01	  1.7865E+01	  9.6134E+00	  4.5671E+00	  1.1265E+00	  1.9221E+00	  2.7737E-01	  0.0000E+00	  0.0000E+00	  0.0000E+00	  0.0000E+00	  0.0000E+00	  0.0000E+00	  0.0000E+00	  0.0000E+00	  0.0000E+00	  0.0000E+00	  0.0000E+00	  0.0000E+00	  0.0000E+00	  0.0000E+00	  0.0000E+00	  0.0000E+00	  0.0000E+00	  0.0000E+00	  0.0000E+00	  0.0000E+00	  0.0000E+00	  0.0000E+00	  0.0000E+00	  0.0000E+00	  0.0000E+00	  0.0000E+00	  0.0000E+00	  0.0000E+00	  0.0000E+00	  0.0000E+00	  0.0000E+00
  0.0000E+00	  0.0000E+00	  0.0000E+00	  0.0000E+00	  0.0000E+00	  0.0000E+00	  0.0000E+00	  0.0000E+00	  0.0000E+00	  0.0000E+00	  0.0000E+00	  0.0000E+00	  0.0000E+00	  0.0000E+00	  0.0000E+00	  0.0000E+00	  0.0000E+00	  0.0000E+00	  0.0000E+00	  0.0000E+00	  0.0000E+00	  0.0000E+00	  0.0000E+00	  0.0000E+00	  0.0000E+00	  0.0000E+00	  0.0000E+00	  0.0000E+00	  0.0000E+00	  0.0000E+00	  0.0000E+00	  0.0000E+00	  0.0000E+00	  0.0000E+00	  0.0000E+00	  0.0000E+00	  0.0000E+00	  0.0000E+00	  0.0000E+00	  0.0000E+00	  2.2534E-01	  4.5382E-01	  0.0000E+00	  0.0000E+00	  3.1730E-03	  1.5692E-03	  1.5244E-01	  9.5214E-01	  5.3041E-01	  3.2201E+00	  4.0179E+00	  5.5196E+00	  7.8134E+00	  4.9023E+00	  6.6701E+00	  1.1428E+01	  9.2299E+00	  8.6471E+00	  8.5788E+00	  1.1743E+01	  1.6467E+01	  1.9207E+01	  2.0807E+01	  1.3693E+01	  1.3181E+01	  1.1766E+01	  1.6146E+01	  2.2708E+01	  1.9798E+01	  2.5191E+01	  2.3751E+01	  3.2644E+01	  2.9455E+01	  3.5329E+01	  3.1067E+01	  2.4029E+01	  2.2554E+01	  2.8051E+01	  3.0717E+01	  2.8214E+01	  2.5689E+01	  2.5018E+01	  1.6060E+01	  1.3123E+01	  1.2950E+01	  8.0411E+00	  8.9836E+00	  1.1342E+01	  1.3268E+01	  8.5805E+00	  4.2350E+00	  4.9069E+00	  7.2000E-01	  6.1996E-01	  0.0000E+00	  0.0000E+00	  0.0000E+00	  0.0000E+00	  0.0000E+00	  0.0000E+00	  0.0000E+00	  0.0000E+00	  0.0000E+00	  0.0000E+00	  0.0000E+00	  0.0000E+00	  0.0000E+00	  0.0000E+00	  0.0000E+00	  0.0000E+00	  0.0000E+00	  0.0000E+00	  0.0000E+00	  0.0000E+00	  0.0000E+00	  0.0000E+00	  0.0000E+00	  0.0000E+00	  0.0000E+00	  0.0000E+00	  0.0000E+00	  0.0000E+00	  0.0000E+00	  0.0000E+00	  0.0000E+00	  0.0000E+00	  0.0000E+00	  0.0000E+00
  0.0000E+00	  0.0000E+00	  0.0000E+00	  0.0000E+00	  0.0000E+00	  0.0000E+00	  0.0000E+00	  0.0000E+00	  0.0000E+00	  0.0000E+00	  0.0000E+00	  0.0000E+00	  0.0000E+00	  0.0000E+00	  0.0000E+00	  0.0000E+00	  0.0000E+00	  0.0000E+00	  0.0000E+00	  0.0000E+00	  0.0000E+00	  0.0000E+00	  0.0000E+00	  0.0000E+00	  0.0000E+00	  0.0000E+00	  0.0000E+00	  0.0000E+00	  0.0000E+00	  0.0000E+00	  0.0000E+00	  0.0000E+00	  0.0000E+00	  0.0000E+00	  0.0000E+00	  0.0000E+00	  0.0000E+00	  0.0000E+00	  0.0000E+00	  0.0000E+00	  0.0000E+00	  0.0000E+00	  0.0000E+00	  0.0000E+00	  0.0000E+00	  0.0000E+00	  0.0000E+00	  0.0000E+00	  1.0123E-02	  3.6070E-02	  4.9588E-01	  1.1682E+00	  1.8466E+00	  1.3558E+00	  5.5549E+00	  4.2291E+00	  1.3776E+00	  1.2836E+00	  2.1377E+00	  3.1547E+00	  6.5594E+00	  5.6875E+00	  6.6679E+00	  3.1406E+00	  1.6639E+00	  3.9562E+00	  9.4638E+00	  7.5195E+00	  6.2698E+00	  4.6133E+00	  4.8928E+00	  1.2083E+01	  1.3420E+01	  1.3280E+01	  1.6939E+01	  1.0632E+01	  1.1302E+01	  1.0259E+01	  1.1567E+01	  1.7043E+01	  8.5854E+00	  5.1177E+00	  4.4341E+00	  2.3223E+00	  3.2598E+00	  6.1524E-01	  2.0043E+00	  3.2612E+00	  4.4103E+00	  5.9934E+00	  1.3986E+00	  1.4093E+00	  6.8372E-02	  0.0000E+00	  0.0000E+00	  0.0000E+00	  0.0000E+00	  0.0000E+00	  0.0000E+00	  0.0000E+00	  0.0000E+00	  0.0000E+00	  0.0000E+00	  0.0000E+00	  0.0000E+00	  0.0000E+00	  0.0000E+00	  0.0000E+00	  0.0000E+00	  0.0000E+00	  0.0000E+00	  0.0000E+00	  0.0000E+00	  0.0000E+00	  0.0000E+00	  0.0000E+00	  0.0000E+00	  0.0000E+00	  0.0000E+00	  0.0000E+00	  0.0000E+00	  0.0000E+00	  0.0000E+00	  0.0000E+00	  0.0000E+00	  0.0000E+00	  0.0000E+00	  0.0000E+00
  0.0000E+00	  0.0000E+00	  0.0000E+00	  0.0000E+00	  0.0000E+00	  0.0000E+00	  0.0000E+00	  0.0000E+00	  0.0000E+00	  0.0000E+00	  0.0000E+00	  0.0000E+00	  0.0000E+00	  0.0000E+00	  0.0000E+00	  0.0000E+00	  0.0000E+00	  0.0000E+00	  0.0000E+00	  0.0000E+00	  0.0000E+00	  0.0000E+00	  0.0000E+00	  0.0000E+00	  0.0000E+00	  0.0000E+00	  0.0000E+00	  0.0000E+00	  0.0000E+00	  0.0000E+00	  0.0000E+00	  0.0000E+00	  0.0000E+00	  0.0000E+00	  0.0000E+00	  0.0000E+00	  0.0000E+00	  0.0000E+00	  0.0000E+00	  0.0000E+00	  0.0000E+00	  0.0000E+00	  0.0000E+00	  0.0000E+00	  0.0000E+00	  0.0000E+00	  0.0000E+00	  0.0000E+00	  0.0000E+00	  0.0000E+00	  0.0000E+00	  0.0000E+00	  0.0000E+00	  2.6326E-02	  3.3329E+00	  7.5845E-01	  0.0000E+00	  0.0000E+00	  1.8302E-01	  7.6086E-01	  1.2431E+00	  1.4828E+00	  1.8187E+00	  2.0677E+00	  1.3738E+00	  4.0232E+00	  3.6124E+00	  2.9343E+00	  1.9809E+00	  2.4194E+00	  3.1598E+00	  2.5325E+00	  1.8275E+00	  2.2946E+00	  4.6590E+00	  4.4258E+00	  2.7504E+00	  1.8291E+00	  4.4024E+00	  6.7876E+00	  4.0828E+00	  6.7149E-01	  6.1676E-01	  5.5379E-01	  9.7695E-01	  4.8315E-01	  1.1115E-01	  0.0000E+00	  1.9071E-02	  1.1474E-01	  3.5083E-04	  0.0000E+00	  0.0000E+00	  0.0000E+00	  0.0000E+00	  0.0000E+00	  0.0000E+00	  0.0000E+00	  0.0000E+00	  0.0000E+00	  0.0000E+00	  0.0000E+00	  0.0000E+00	  0.0000E+00	  0.0000E+00	  0.0000E+00	  0.0000E+00	  0.0000E+00	  0.0000E+00	  0.0000E+00	  0.0000E+00	  0.0000E+00	  0.0000E+00	  0.0000E+00	  0.0000E+00	  0.0000E+00	  0.0000E+00	  0.0000E+00	  0.0000E+00	  0.0000E+00	  0.0000E+00	  0.0000E+00	  0.0000E+00	  0.0000E+00	  0.0000E+00	  0.0000E+00	  0.0000E+00	  0.0000E+00
  0.0000E+00	  0.0000E+00	  0.0000E+00	  0.0000E+00	  0.0000E+00	  0.0000E+00	  0.0000E+00	  0.0000E+00	  0.0000E+00	  0.0000E+00	  0.0000E+00	  0.0000E+00	  0.0000E+00	  0.0000E+00	  0.0000E+00	  0.0000E+00	  0.0000E+00	  0.0000E+00	  0.0000E+00	  0.0000E+00	  0.0000E+00	  0.0000E+00	  0.0000E+00	  0.0000E+00	  0.0000E+00	  0.0000E+00	  0.0000E+00	  0.0000E+00	  0.0000E+00	  0.0000E+00	  0.0000E+00	  0.0000E+00	  0.0000E+00	  0.0000E+00	  0.0000E+00	  0.0000E+00	  0.0000E+00	  0.0000E+00	  0.0000E+00	  0.0000E+00	  0.0000E+00	  0.0000E+00	  0.0000E+00	  0.0000E+00	  0.0000E+00	  0.0000E+00	  0.0000E+00	  0.0000E+00	  0.0000E+00	  0.0000E+00	  0.0000E+00	  0.0000E+00	  0.0000E+00	  0.0000E+00	  0.0000E+00	  0.0000E+00	  0.0000E+00	  0.0000E+00	  0.0000E+00	  3.1581E-01	  7.0922E-02	  1.4892E-02	  2.1913E-01	  1.0000E+00	  9.9788E-01	  1.5578E+00	  1.0916E-01	  7.3308E-01	  3.6769E-01	  4.7600E-01	  1.8160E+00	  4.5707E-02	  0.0000E+00	  3.0627E-01	  1.0993E+00	  3.1364E-01	  2.8987E-02	  0.0000E+00	  3.9267E-01	  1.6011E+00	  1.7721E+00	  5.7761E-01	  1.8328E-01	  0.0000E+00	  0.0000E+00	  0.0000E+00	  0.0000E+00	  0.0000E+00	  0.0000E+00	  0.0000E+00	  0.0000E+00	  0.0000E+00	  0.0000E+00	  0.0000E+00	  0.0000E+00	  0.0000E+00	  0.0000E+00	  0.0000E+00	  0.0000E+00	  0.0000E+00	  0.0000E+00	  0.0000E+00	  0.0000E+00	  0.0000E+00	  0.0000E+00	  0.0000E+00	  0.0000E+00	  0.0000E+00	  0.0000E+00	  0.0000E+00	  0.0000E+00	  0.0000E+00	  0.0000E+00	  0.0000E+00	  0.0000E+00	  0.0000E+00	  0.0000E+00	  0.0000E+00	  0.0000E+00	  0.0000E+00	  0.0000E+00	  0.0000E+00	  0.0000E+00	  0.0000E+00	  0.0000E+00	  0.0000E+00	  0.0000E+00	  0.0000E+00
  0.0000E+00	  0.0000E+00	  0.0000E+00	  0.0000E+00	  0.0000E+00	  0.0000E+00	  0.0000E+00	  0.0000E+00	  0.0000E+00	  0.0000E+00	  0.0000E+00	  0.0000E+00	  0.0000E+00	  0.0000E+00	  0.0000E+00	  0.0000E+00	  0.0000E+00	  0.0000E+00	  0.0000E+00	  0.0000E+00	  0.0000E+00	  0.0000E+00	  0.0000E+00	  0.0000E+00	  0.0000E+00	  0.0000E+00	  0.0000E+00	  0.0000E+00	  0.0000E+00	  0.0000E+00	  0.0000E+00	  0.0000E+00	  0.0000E+00	  0.0000E+00	  0.0000E+00	  0.0000E+00	  0.0000E+00	  0.0000E+00	  0.0000E+00	  0.0000E+00	  0.0000E+00	  0.0000E+00	  0.0000E+00	  0.0000E+00	  0.0000E+00	  0.0000E+00	  0.0000E+00	  0.0000E+00	  0.0000E+00	  0.0000E+00	  0.0000E+00	  0.0000E+00	  0.0000E+00	  0.0000E+00	  0.0000E+00	  0.0000E+00	  0.0000E+00	  0.0000E+00	  0.0000E+00	  0.0000E+00	  0.0000E+00	  0.0000E+00	  0.0000E+00	  0.0000E+00	  0.0000E+00	  0.0000E+00	  0.0000E+00	  0.0000E+00	  0.0000E+00	  0.0000E+00	  0.0000E+00	  0.0000E+00	  0.0000E+00	  0.0000E+00	  0.0000E+00	  0.0000E+00	  0.0000E+00	  0.0000E+00	  0.0000E+00	  0.0000E+00	  7.6543E-02	  1.8424E-02	  0.0000E+00	  0.0000E+00	  0.0000E+00	  0.0000E+00	  0.0000E+00	  0.0000E+00	  0.0000E+00	  0.0000E+00	  0.0000E+00	  0.0000E+00	  0.0000E+00	  0.0000E+00	  0.0000E+00	  0.0000E+00	  0.0000E+00	  0.0000E+00	  0.0000E+00	  0.0000E+00	  0.0000E+00	  0.0000E+00	  0.0000E+00	  0.0000E+00	  0.0000E+00	  0.0000E+00	  0.0000E+00	  0.0000E+00	  0.0000E+00	  0.0000E+00	  0.0000E+00	  0.0000E+00	  0.0000E+00	  0.0000E+00	  0.0000E+00	  0.0000E+00	  0.0000E+00	  0.0000E+00	  0.0000E+00	  0.0000E+00	  0.0000E+00	  0.0000E+00	  0.0000E+00	  0.0000E+00	  0.0000E+00	  0.0000E+00	  0.0000E+00	  0.0000E+00
  0.0000E+00	  0.0000E+00	  0.0000E+00	  0.0000E+00	  0.0000E+00	  0.0000E+00	  0.0000E+00	  0.0000E+00	  0.0000E+00	  0.0000E+00	  0.0000E+00	  0.0000E+00	  0.0000E+00	  0.0000E+00	  0.0000E+00	  0.0000E+00	  0.0000E+00	  0.0000E+00	  0.0000E+00	  0.0000E+00	  0.0000E+00	  0.0000E+00	  0.0000E+00	  0.0000E+00	  0.0000E+00	  0.0000E+00	  0.0000E+00	  0.0000E+00	  0.0000E+00	  0.0000E+00	  0.0000E+00	  0.0000E+00	  0.0000E+00	  0.0000E+00	  0.0000E+00	  0.0000E+00	  0.0000E+00	  0.0000E+00	  0.0000E+00	  0.0000E+00	  0.0000E+00	  0.0000E+00	  0.0000E+00	  0.0000E+00	  0.0000E+00	  0.0000E+00	  0.0000E+00	  0.0000E+00	  0.0000E+00	  0.0000E+00	  0.0000E+00	  0.0000E+00	  0.0000E+00	  0.0000E+00	  0.0000E+00	  0.0000E+00	  0.0000E+00	  0.0000E+00	  0.0000E+00	  0.0000E+00	  0.0000E+00	  0.0000E+00	  0.0000E+00	  0.0000E+00	  0.0000E+00	  0.0000E+00	  0.0000E+00	  0.0000E+00	  0.0000E+00	  0.0000E+00	  0.0000E+00	  0.0000E+00	  0.0000E+00	  0.0000E+00	  0.0000E+00	  0.0000E+00	  0.0000E+00	  0.0000E+00	  0.0000E+00	  0.0000E+00	  0.0000E+00	  0.0000E+00	  0.0000E+00	  0.0000E+00	  0.0000E+00	  0.0000E+00	  0.0000E+00	  0.0000E+00	  0.0000E+00	  0.0000E+00	  0.0000E+00	  0.0000E+00	  0.0000E+00	  0.0000E+00	  0.0000E+00	  0.0000E+00	  0.0000E+00	  0.0000E+00	  0.0000E+00	  0.0000E+00	  0.0000E+00	  0.0000E+00	  0.0000E+00	  0.0000E+00	  0.0000E+00	  0.0000E+00	  0.0000E+00	  0.0000E+00	  0.0000E+00	  0.0000E+00	  0.0000E+00	  0.0000E+00	  0.0000E+00	  0.0000E+00	  0.0000E+00	  0.0000E+00	  0.0000E+00	  0.0000E+00	  0.0000E+00	  0.0000E+00	  0.0000E+00	  0.0000E+00	  0.0000E+00	  0.0000E+00	  0.0000E+00	  0.0000E+00	  0.0000E+00	  0.0000E+00
  0.0000E+00	  0.0000E+00	  0.0000E+00	  0.0000E+00	  0.0000E+00	  0.0000E+00	  0.0000E+00	  0.0000E+00	  0.0000E+00	  0.0000E+00	  0.0000E+00	  0.0000E+00	  0.0000E+00	  0.0000E+00	  0.0000E+00	  0.0000E+00	  0.0000E+00	  0.0000E+00	  0.0000E+00	  0.0000E+00	  0.0000E+00	  0.0000E+00	  0.0000E+00	  0.0000E+00	  0.0000E+00	  0.0000E+00	  0.0000E+00	  0.0000E+00	  0.0000E+00	  0.0000E+00	  0.0000E+00	  0.0000E+00	  0.0000E+00	  0.0000E+00	  0.0000E+00	  0.0000E+00	  0.0000E+00	  0.0000E+00	  0.0000E+00	  0.0000E+00	  0.0000E+00	  0.0000E+00	  0.0000E+00	  0.0000E+00	  0.0000E+00	  0.0000E+00	  0.0000E+00	  0.0000E+00	  0.0000E+00	  0.0000E+00	  0.0000E+00	  0.0000E+00	  0.0000E+00	  0.0000E+00	  0.0000E+00	  0.0000E+00	  0.0000E+00	  0.0000E+00	  0.0000E+00	  0.0000E+00	  0.0000E+00	  0.0000E+00	  0.0000E+00	  0.0000E+00	  0.0000E+00	  0.0000E+00	  0.0000E+00	  0.0000E+00	  0.0000E+00	  0.0000E+00	  0.0000E+00	  0.0000E+00	  0.0000E+00	  0.0000E+00	  0.0000E+00	  0.0000E+00	  0.0000E+00	  0.0000E+00	  0.0000E+00	  0.0000E+00	  0.0000E+00	  0.0000E+00	  0.0000E+00	  0.0000E+00	  0.0000E+00	  0.0000E+00	  0.0000E+00	  0.0000E+00	  0.0000E+00	  0.0000E+00	  0.0000E+00	  0.0000E+00	  0.0000E+00	  0.0000E+00	  0.0000E+00	  0.0000E+00	  0.0000E+00	  0.0000E+00	  0.0000E+00	  0.0000E+00	  0.0000E+00	  0.0000E+00	  0.0000E+00	  0.0000E+00	  0.0000E+00	  0.0000E+00	  0.0000E+00	  0.0000E+00	  0.0000E+00	  0.0000E+00	  0.0000E+00	  0.0000E+00	  0.0000E+00	  0.0000E+00	  0.0000E+00	  0.0000E+00	  0.0000E+00	  0.0000E+00	  0.0000E+00	  0.0000E+00	  0.0000E+00	  0.0000E+00	  0.0000E+00	  0.0000E+00	  0.0000E+00	  0.0000E+00	  0.0000E+00	  0.0000E+00
  0.0000E+00	  0.0000E+00	  0.0000E+00	  0.0000E+00	  0.0000E+00	  0.0000E+00	  0.0000E+00	  0.0000E+00	  0.0000E+00	  0.0000E+00	  0.0000E+00	  0.0000E+00	  0.0000E+00	  0.0000E+00	  0.0000E+00	  0.0000E+00	  0.0000E+00	  0.0000E+00	  0.0000E+00	  0.0000E+00	  0.0000E+00	  0.0000E+00	  0.0000E+00	  0.0000E+00	  0.0000E+00	  0.0000E+00	  0.0000E+00	  0.0000E+00	  0.0000E+00	  0.0000E+00	  0.0000E+00	  0.0000E+00	  0.0000E+00	  0.0000E+00	  0.0000E+00	  0.0000E+00	  0.0000E+00	  0.0000E+00	  0.0000E+00	  0.0000E+00	  0.0000E+00	  0.0000E+00	  0.0000E+00	  0.0000E+00	  0.0000E+00	  0.0000E+00	  0.0000E+00	  0.0000E+00	  0.0000E+00	  0.0000E+00	  0.0000E+00	  0.0000E+00	  0.0000E+00	  0.0000E+00	  0.0000E+00	  0.0000E+00	  0.0000E+00	  0.0000E+00	  0.0000E+00	  0.0000E+00	  0.0000E+00	  0.0000E+00	  0.0000E+00	  0.0000E+00	  0.0000E+00	  0.0000E+00	  0.0000E+00	  0.0000E+00	  0.0000E+00	  0.0000E+00	  0.0000E+00	  0.0000E+00	  0.0000E+00	  0.0000E+00	  0.0000E+00	  0.0000E+00	  0.0000E+00	  0.0000E+00	  0.0000E+00	  0.0000E+00	  0.0000E+00	  0.0000E+00	  0.0000E+00	  0.0000E+00	  0.0000E+00	  0.0000E+00	  0.0000E+00	  0.0000E+00	  0.0000E+00	  0.0000E+00	  0.0000E+00	  0.0000E+00	  0.0000E+00	  0.0000E+00	  0.0000E+00	  0.0000E+00	  0.0000E+00	  0.0000E+00	  0.0000E+00	  0.0000E+00	  0.0000E+00	  0.0000E+00	  0.0000E+00	  0.0000E+00	  0.0000E+00	  0.0000E+00	  0.0000E+00	  0.0000E+00	  0.0000E+00	  0.0000E+00	  0.0000E+00	  0.0000E+00	  0.0000E+00	  0.0000E+00	  0.0000E+00	  0.0000E+00	  0.0000E+00	  0.0000E+00	  0.0000E+00	  0.0000E+00	  0.0000E+00	  0.0000E+00	  0.0000E+00	  0.0000E+00	  0.0000E+00	  0.0000E+00	  0.0000E+00	  0.0000E+00
  0.0000E+00	  0.0000E+00	  0.0000E+00	  0.0000E+00	  0.0000E+00	  0.0000E+00	  0.0000E+00	  0.0000E+00	  0.0000E+00	  0.0000E+00	  0.0000E+00	  0.0000E+00	  0.0000E+00	  0.0000E+00	  0.0000E+00	  0.0000E+00	  0.0000E+00	  0.0000E+00	  0.0000E+00	  0.0000E+00	  0.0000E+00	  0.0000E+00	  0.0000E+00	  0.0000E+00	  0.0000E+00	  0.0000E+00	  0.0000E+00	  0.0000E+00	  0.0000E+00	  0.0000E+00	  0.0000E+00	  0.0000E+00	  0.0000E+00	  0.0000E+00	  0.0000E+00	  0.0000E+00	  0.0000E+00	  0.0000E+00	  0.0000E+00	  0.0000E+00	  0.0000E+00	  0.0000E+00	  0.0000E+00	  0.0000E+00	  0.0000E+00	  0.0000E+00	  0.0000E+00	  0.0000E+00	  0.0000E+00	  0.0000E+00	  0.0000E+00	  0.0000E+00	  0.0000E+00	  0.0000E+00	  0.0000E+00	  0.0000E+00	  0.0000E+00	  0.0000E+00	  0.0000E+00	  0.0000E+00	  0.0000E+00	  0.0000E+00	  0.0000E+00	  0.0000E+00	  0.0000E+00	  0.0000E+00	  0.0000E+00	  0.0000E+00	  0.0000E+00	  0.0000E+00	  0.0000E+00	  0.0000E+00	  0.0000E+00	  0.0000E+00	  0.0000E+00	  0.0000E+00	  0.0000E+00	  0.0000E+00	  0.0000E+00	  0.0000E+00	  0.0000E+00	  0.0000E+00	  0.0000E+00	  0.0000E+00	  0.0000E+00	  0.0000E+00	  0.0000E+00	  0.0000E+00	  0.0000E+00	  0.0000E+00	  0.0000E+00	  0.0000E+00	  0.0000E+00	  0.0000E+00	  0.0000E+00	  0.0000E+00	  0.0000E+00	  0.0000E+00	  0.0000E+00	  0.0000E+00	  0.0000E+00	  0.0000E+00	  0.0000E+00	  0.0000E+00	  0.0000E+00	  0.0000E+00	  0.0000E+00	  0.0000E+00	  0.0000E+00	  0.0000E+00	  0.0000E+00	  0.0000E+00	  0.0000E+00	  0.0000E+00	  0.0000E+00	  0.0000E+00	  0.0000E+00	  0.0000E+00	  0.0000E+00	  0.0000E+00	  0.0000E+00	  0.0000E+00	  0.0000E+00	  0.0000E+00	  0.0000E+00	  0.0000E+00	  0.0000E+00	  0.0000E+00
  0.0000E+00	  0.0000E+00	  0.0000E+00	  0.0000E+00	  0.0000E+00	  0.0000E+00	  0.0000E+00	  0.0000E+00	  0.0000E+00	  0.0000E+00	  0.0000E+00	  0.0000E+00	  0.0000E+00	  0.0000E+00	  0.0000E+00	  0.0000E+00	  0.0000E+00	  0.0000E+00	  0.0000E+00	  0.0000E+00	  0.0000E+00	  0.0000E+00	  0.0000E+00	  0.0000E+00	  0.0000E+00	  0.0000E+00	  0.0000E+00	  0.0000E+00	  0.0000E+00	  0.0000E+00	  0.0000E+00	  0.0000E+00	  0.0000E+00	  0.0000E+00	  0.0000E+00	  0.0000E+00	  0.0000E+00	  0.0000E+00	  0.0000E+00	  0.0000E+00	  0.0000E+00	  0.0000E+00	  0.0000E+00	  0.0000E+00	  0.0000E+00	  0.0000E+00	  0.0000E+00	  0.0000E+00	  0.0000E+00	  0.0000E+00	  0.0000E+00	  0.0000E+00	  0.0000E+00	  0.0000E+00	  0.0000E+00	  0.0000E+00	  0.0000E+00	  0.0000E+00	  0.0000E+00	  0.0000E+00	  0.0000E+00	  0.0000E+00	  0.0000E+00	  0.0000E+00	  0.0000E+00	  0.0000E+00	  0.0000E+00	  0.0000E+00	  0.0000E+00	  0.0000E+00	  0.0000E+00	  0.0000E+00	  0.0000E+00	  0.0000E+00	  0.0000E+00	  0.0000E+00	  0.0000E+00	  0.0000E+00	  0.0000E+00	  0.0000E+00	  0.0000E+00	  0.0000E+00	  0.0000E+00	  0.0000E+00	  0.0000E+00	  0.0000E+00	  0.0000E+00	  0.0000E+00	  0.0000E+00	  0.0000E+00	  0.0000E+00	  0.0000E+00	  0.0000E+00	  0.0000E+00	  0.0000E+00	  0.0000E+00	  0.0000E+00	  0.0000E+00	  0.0000E+00	  0.0000E+00	  0.0000E+00	  0.0000E+00	  0.0000E+00	  0.0000E+00	  0.0000E+00	  0.0000E+00	  0.0000E+00	  0.0000E+00	  0.0000E+00	  0.0000E+00	  0.0000E+00	  0.0000E+00	  0.0000E+00	  0.0000E+00	  0.0000E+00	  0.0000E+00	  0.0000E+00	  0.0000E+00	  0.0000E+00	  0.0000E+00	  0.0000E+00	  0.0000E+00	  0.0000E+00	  0.0000E+00	  0.0000E+00	  0.0000E+00	  0.0000E+00	  0.0000E+00
  0.0000E+00	  0.0000E+00	  0.0000E+00	  0.0000E+00	  0.0000E+00	  0.0000E+00	  0.0000E+00	  0.0000E+00	  0.0000E+00	  0.0000E+00	  0.0000E+00	  0.0000E+00	  0.0000E+00	  0.0000E+00	  0.0000E+00	  0.0000E+00	  0.0000E+00	  0.0000E+00	  0.0000E+00	  0.0000E+00	  0.0000E+00	  0.0000E+00	  0.0000E+00	  0.0000E+00	  0.0000E+00	  0.0000E+00	  0.0000E+00	  0.0000E+00	  0.0000E+00	  0.0000E+00	  0.0000E+00	  0.0000E+00	  0.0000E+00	  0.0000E+00	  0.0000E+00	  0.0000E+00	  0.0000E+00	  0.0000E+00	  0.0000E+00	  0.0000E+00	  0.0000E+00	  0.0000E+00	  0.0000E+00	  0.0000E+00	  0.0000E+00	  0.0000E+00	  0.0000E+00	  0.0000E+00	  0.0000E+00	  0.0000E+00	  0.0000E+00	  0.0000E+00	  0.0000E+00	  0.0000E+00	  0.0000E+00	  0.0000E+00	  0.0000E+00	  0.0000E+00	  0.0000E+00	  0.0000E+00	  0.0000E+00	  0.0000E+00	  0.0000E+00	  0.0000E+00	  0.0000E+00	  0.0000E+00	  0.0000E+00	  0.0000E+00	  0.0000E+00	  0.0000E+00	  0.0000E+00	  0.0000E+00	  0.0000E+00	  0.0000E+00	  0.0000E+00	  0.0000E+00	  0.0000E+00	  0.0000E+00	  0.0000E+00	  0.0000E+00	  0.0000E+00	  0.0000E+00	  0.0000E+00	  0.0000E+00	  0.0000E+00	  0.0000E+00	  0.0000E+00	  0.0000E+00	  0.0000E+00	  0.0000E+00	  0.0000E+00	  0.0000E+00	  0.0000E+00	  0.0000E+00	  0.0000E+00	  0.0000E+00	  0.0000E+00	  0.0000E+00	  0.0000E+00	  0.0000E+00	  0.0000E+00	  0.0000E+00	  0.0000E+00	  0.0000E+00	  0.0000E+00	  0.0000E+00	  0.0000E+00	  0.0000E+00	  0.0000E+00	  0.0000E+00	  0.0000E+00	  0.0000E+00	  0.0000E+00	  0.0000E+00	  0.0000E+00	  0.0000E+00	  0.0000E+00	  0.0000E+00	  0.0000E+00	  0.0000E+00	  0.0000E+00	  0.0000E+00	  0.0000E+00	  0.0000E+00	  0.0000E+00	  0.0000E+00	  0.0000E+00	  0.0000E+00
  0.0000E+00	  0.0000E+00	  0.0000E+00	  0.0000E+00	  0.0000E+00	  0.0000E+00	  0.0000E+00	  0.0000E+00	  0.0000E+00	  0.0000E+00	  0.0000E+00	  0.0000E+00	  0.0000E+00	  0.0000E+00	  0.0000E+00	  0.0000E+00	  0.0000E+00	  0.0000E+00	  0.0000E+00	  0.0000E+00	  0.0000E+00	  0.0000E+00	  0.0000E+00	  0.0000E+00	  0.0000E+00	  0.0000E+00	  0.0000E+00	  0.0000E+00	  0.0000E+00	  0.0000E+00	  0.0000E+00	  0.0000E+00	  0.0000E+00	  0.0000E+00	  0.0000E+00	  0.0000E+00	  0.0000E+00	  0.0000E+00	  0.0000E+00	  0.0000E+00	  0.0000E+00	  0.0000E+00	  0.0000E+00	  0.0000E+00	  0.0000E+00	  0.0000E+00	  0.0000E+00	  0.0000E+00	  0.0000E+00	  0.0000E+00	  0.0000E+00	  0.0000E+00	  0.0000E+00	  0.0000E+00	  0.0000E+00	  0.0000E+00	  0.0000E+00	  0.0000E+00	  0.0000E+00	  0.0000E+00	  0.0000E+00	  0.0000E+00	  0.0000E+00	  0.0000E+00	  0.0000E+00	  0.0000E+00	  0.0000E+00	  0.0000E+00	  0.0000E+00	  0.0000E+00	  0.0000E+00	  0.0000E+00	  0.0000E+00	  0.0000E+00	  0.0000E+00	  0.0000E+00	  0.0000E+00	  0.0000E+00	  0.0000E+00	  0.0000E+00	  0.0000E+00	  0.0000E+00	  0.0000E+00	  0.0000E+00	  0.0000E+00	  0.0000E+00	  0.0000E+00	  0.0000E+00	  0.0000E+00	  0.0000E+00	  0.0000E+00	  0.0000E+00	  0.0000E+00	  0.0000E+00	  0.0000E+00	  0.0000E+00	  0.0000E+00	  0.0000E+00	  0.0000E+00	  0.0000E+00	  0.0000E+00	  0.0000E+00	  0.0000E+00	  0.0000E+00	  0.0000E+00	  0.0000E+00	  0.0000E+00	  0.0000E+00	  0.0000E+00	  0.0000E+00	  0.0000E+00	  0.0000E+00	  0.0000E+00	  0.0000E+00	  0.0000E+00	  0.0000E+00	  0.0000E+00	  0.0000E+00	  0.0000E+00	  0.0000E+00	  0.0000E+00	  0.0000E+00	  0.0000E+00	  0.0000E+00	  0.0000E+00	  0.0000E+00	  0.0000E+00	  0.0000E+00
  0.0000E+00	  0.0000E+00	  0.0000E+00	  0.0000E+00	  0.0000E+00	  0.0000E+00	  0.0000E+00	  0.0000E+00	  0.0000E+00	  0.0000E+00	  0.0000E+00	  0.0000E+00	  0.0000E+00	  0.0000E+00	  0.0000E+00	  0.0000E+00	  0.0000E+00	  0.0000E+00	  0.0000E+00	  0.0000E+00	  0.0000E+00	  0.0000E+00	  0.0000E+00	  0.0000E+00	  0.0000E+00	  0.0000E+00	  0.0000E+00	  0.0000E+00	  0.0000E+00	  0.0000E+00	  0.0000E+00	  0.0000E+00	  0.0000E+00	  0.0000E+00	  0.0000E+00	  0.0000E+00	  0.0000E+00	  0.0000E+00	  0.0000E+00	  0.0000E+00	  0.0000E+00	  0.0000E+00	  0.0000E+00	  0.0000E+00	  0.0000E+00	  0.0000E+00	  0.0000E+00	  0.0000E+00	  0.0000E+00	  0.0000E+00	  0.0000E+00	  0.0000E+00	  0.0000E+00	  0.0000E+00	  0.0000E+00	  0.0000E+00	  0.0000E+00	  0.0000E+00	  0.0000E+00	  0.0000E+00	  0.0000E+00	  0.0000E+00	  0.0000E+00	  0.0000E+00	  0.0000E+00	  0.0000E+00	  0.0000E+00	  0.0000E+00	  0.0000E+00	  0.0000E+00	  0.0000E+00	  0.0000E+00	  0.0000E+00	  0.0000E+00	  0.0000E+00	  0.0000E+00	  0.0000E+00	  0.0000E+00	  0.0000E+00	  0.0000E+00	  0.0000E+00	  0.0000E+00	  0.0000E+00	  0.0000E+00	  0.0000E+00	  0.0000E+00	  0.0000E+00	  0.0000E+00	  0.0000E+00	  0.0000E+00	  0.0000E+00	  0.0000E+00	  0.0000E+00	  0.0000E+00	  0.0000E+00	  0.0000E+00	  0.0000E+00	  0.0000E+00	  0.0000E+00	  0.0000E+00	  0.0000E+00	  0.0000E+00	  0.0000E+00	  0.0000E+00	  0.0000E+00	  0.0000E+00	  0.0000E+00	  0.0000E+00	  0.0000E+00	  0.0000E+00	  0.0000E+00	  0.0000E+00	  0.0000E+00	  0.0000E+00	  0.0000E+00	  0.0000E+00	  0.0000E+00	  0.0000E+00	  0.0000E+00	  0.0000E+00	  0.0000E+00	  0.0000E+00	  0.0000E+00	  0.0000E+00	  0.0000E+00	  0.0000E+00	  0.0000E+00	  0.0000E+00
  0.0000E+00	  0.0000E+00	  0.0000E+00	  0.0000E+00	  0.0000E+00	  0.0000E+00	  0.0000E+00	  0.0000E+00	  0.0000E+00	  0.0000E+00	  0.0000E+00	  0.0000E+00	  0.0000E+00	  0.0000E+00	  0.0000E+00	  0.0000E+00	  0.0000E+00	  0.0000E+00	  0.0000E+00	  0.0000E+00	  0.0000E+00	  0.0000E+00	  0.0000E+00	  0.0000E+00	  0.0000E+00	  0.0000E+00	  0.0000E+00	  0.0000E+00	  0.0000E+00	  0.0000E+00	  0.0000E+00	  0.0000E+00	  0.0000E+00	  0.0000E+00	  0.0000E+00	  0.0000E+00	  0.0000E+00	  0.0000E+00	  0.0000E+00	  0.0000E+00	  0.0000E+00	  0.0000E+00	  0.0000E+00	  0.0000E+00	  0.0000E+00	  0.0000E+00	  0.0000E+00	  0.0000E+00	  0.0000E+00	  0.0000E+00	  0.0000E+00	  0.0000E+00	  0.0000E+00	  0.0000E+00	  0.0000E+00	  0.0000E+00	  0.0000E+00	  0.0000E+00	  0.0000E+00	  0.0000E+00	  0.0000E+00	  0.0000E+00	  0.0000E+00	  0.0000E+00	  0.0000E+00	  0.0000E+00	  0.0000E+00	  0.0000E+00	  0.0000E+00	  0.0000E+00	  0.0000E+00	  0.0000E+00	  0.0000E+00	  0.0000E+00	  0.0000E+00	  0.0000E+00	  0.0000E+00	  0.0000E+00	  0.0000E+00	  0.0000E+00	  0.0000E+00	  0.0000E+00	  0.0000E+00	  0.0000E+00	  0.0000E+00	  0.0000E+00	  0.0000E+00	  0.0000E+00	  0.0000E+00	  0.0000E+00	  0.0000E+00	  0.0000E+00	  0.0000E+00	  0.0000E+00	  0.0000E+00	  0.0000E+00	  0.0000E+00	  0.0000E+00	  0.0000E+00	  0.0000E+00	  0.0000E+00	  0.0000E+00	  0.0000E+00	  0.0000E+00	  0.0000E+00	  0.0000E+00	  0.0000E+00	  0.0000E+00	  0.0000E+00	  0.0000E+00	  0.0000E+00	  0.0000E+00	  0.0000E+00	  0.0000E+00	  0.0000E+00	  0.0000E+00	  0.0000E+00	  0.0000E+00	  0.0000E+00	  0.0000E+00	  0.0000E+00	  0.0000E+00	  0.0000E+00	  0.0000E+00	  0.0000E+00	  0.0000E+00	  0.0000E+00	  0.0000E+00
  0.0000E+00	  0.0000E+00	  0.0000E+00	  0.0000E+00	  0.0000E+00	  0.0000E+00	  0.0000E+00	  0.0000E+00	  0.0000E+00	  0.0000E+00	  0.0000E+00	  0.0000E+00	  0.0000E+00	  0.0000E+00	  0.0000E+00	  0.0000E+00	  0.0000E+00	  0.0000E+00	  0.0000E+00	  0.0000E+00	  0.0000E+00	  0.0000E+00	  0.0000E+00	  0.0000E+00	  0.0000E+00	  0.0000E+00	  0.0000E+00	  0.0000E+00	  0.0000E+00	  0.0000E+00	  0.0000E+00	  0.0000E+00	  0.0000E+00	  0.0000E+00	  0.0000E+00	  0.0000E+00	  0.0000E+00	  0.0000E+00	  0.0000E+00	  0.0000E+00	  0.0000E+00	  0.0000E+00	  0.0000E+00	  0.0000E+00	  0.0000E+00	  0.0000E+00	  0.0000E+00	  0.0000E+00	  0.0000E+00	  0.0000E+00	  0.0000E+00	  0.0000E+00	  0.0000E+00	  0.0000E+00	  0.0000E+00	  0.0000E+00	  0.0000E+00	  0.0000E+00	  0.0000E+00	  0.0000E+00	  0.0000E+00	  0.0000E+00	  0.0000E+00	  0.0000E+00	  0.0000E+00	  0.0000E+00	  0.0000E+00	  0.0000E+00	  0.0000E+00	  0.0000E+00	  0.0000E+00	  0.0000E+00	  0.0000E+00	  0.0000E+00	  0.0000E+00	  0.0000E+00	  0.0000E+00	  0.0000E+00	  0.0000E+00	  0.0000E+00	  0.0000E+00	  0.0000E+00	  0.0000E+00	  0.0000E+00	  0.0000E+00	  0.0000E+00	  0.0000E+00	  0.0000E+00	  0.0000E+00	  0.0000E+00	  0.0000E+00	  0.0000E+00	  0.0000E+00	  0.0000E+00	  0.0000E+00	  0.0000E+00	  0.0000E+00	  0.0000E+00	  0.0000E+00	  0.0000E+00	  0.0000E+00	  0.0000E+00	  0.0000E+00	  0.0000E+00	  0.0000E+00	  0.0000E+00	  0.0000E+00	  0.0000E+00	  0.0000E+00	  0.0000E+00	  0.0000E+00	  0.0000E+00	  0.0000E+00	  0.0000E+00	  0.0000E+00	  0.0000E+00	  0.0000E+00	  0.0000E+00	  0.0000E+00	  0.0000E+00	  0.0000E+00	  0.0000E+00	  0.0000E+00	  0.0000E+00	  0.0000E+00	  0.0000E+00	  0.0000E+00	  0.0000E+00
  0.0000E+00	  0.0000E+00	  0.0000E+00	  0.0000E+00	  0.0000E+00	  0.0000E+00	  0.0000E+00	  0.0000E+00	  0.0000E+00	  0.0000E+00	  0.0000E+00	  0.0000E+00	  0.0000E+00	  0.0000E+00	  0.0000E+00	  0.0000E+00	  0.0000E+00	  0.0000E+00	  0.0000E+00	  0.0000E+00	  0.0000E+00	  0.0000E+00	  0.0000E+00	  0.0000E+00	  0.0000E+00	  0.0000E+00	  0.0000E+00	  0.0000E+00	  0.0000E+00	  0.0000E+00	  0.0000E+00	  0.0000E+00	  0.0000E+00	  0.0000E+00	  0.0000E+00	  0.0000E+00	  0.0000E+00	  0.0000E+00	  0.0000E+00	  0.0000E+00	  0.0000E+00	  0.0000E+00	  0.0000E+00	  0.0000E+00	  0.0000E+00	  0.0000E+00	  0.0000E+00	  0.0000E+00	  0.0000E+00	  0.0000E+00	  0.0000E+00	  0.0000E+00	  0.0000E+00	  0.0000E+00	  0.0000E+00	  0.0000E+00	  0.0000E+00	  0.0000E+00	  0.0000E+00	  0.0000E+00	  0.0000E+00	  0.0000E+00	  0.0000E+00	  0.0000E+00	  0.0000E+00	  0.0000E+00	  0.0000E+00	  0.0000E+00	  0.0000E+00	  0.0000E+00	  0.0000E+00	  0.0000E+00	  0.0000E+00	  0.0000E+00	  0.0000E+00	  0.0000E+00	  0.0000E+00	  0.0000E+00	  0.0000E+00	  0.0000E+00	  0.0000E+00	  0.0000E+00	  0.0000E+00	  0.0000E+00	  0.0000E+00	  0.0000E+00	  0.0000E+00	  0.0000E+00	  0.0000E+00	  0.0000E+00	  0.0000E+00	  0.0000E+00	  0.0000E+00	  0.0000E+00	  0.0000E+00	  0.0000E+00	  0.0000E+00	  0.0000E+00	  0.0000E+00	  0.0000E+00	  0.0000E+00	  0.0000E+00	  0.0000E+00	  0.0000E+00	  0.0000E+00	  0.0000E+00	  0.0000E+00	  0.0000E+00	  0.0000E+00	  0.0000E+00	  0.0000E+00	  0.0000E+00	  0.0000E+00	  0.0000E+00	  0.0000E+00	  0.0000E+00	  0.0000E+00	  0.0000E+00	  0.0000E+00	  0.0000E+00	  0.0000E+00	  0.0000E+00	  0.0000E+00	  0.0000E+00	  0.0000E+00	  0.0000E+00	  0.0000E+00	  0.0000E+00
  0.0000E+00	  0.0000E+00	  0.0000E+00	  0.0000E+00	  0.0000E+00	  0.0000E+00	  0.0000E+00	  0.0000E+00	  0.0000E+00	  0.0000E+00	  0.0000E+00	  0.0000E+00	  0.0000E+00	  0.0000E+00	  0.0000E+00	  0.0000E+00	  0.0000E+00	  0.0000E+00	  0.0000E+00	  0.0000E+00	  0.0000E+00	  0.0000E+00	  0.0000E+00	  0.0000E+00	  0.0000E+00	  0.0000E+00	  0.0000E+00	  0.0000E+00	  0.0000E+00	  0.0000E+00	  0.0000E+00	  0.0000E+00	  0.0000E+00	  0.0000E+00	  0.0000E+00	  0.0000E+00	  0.0000E+00	  0.0000E+00	  0.0000E+00	  0.0000E+00	  0.0000E+00	  0.0000E+00	  0.0000E+00	  0.0000E+00	  0.0000E+00	  0.0000E+00	  0.0000E+00	  0.0000E+00	  0.0000E+00	  0.0000E+00	  0.0000E+00	  0.0000E+00	  0.0000E+00	  0.0000E+00	  0.0000E+00	  0.0000E+00	  0.0000E+00	  0.0000E+00	  0.0000E+00	  0.0000E+00	  0.0000E+00	  0.0000E+00	  0.0000E+00	  0.0000E+00	  0.0000E+00	  0.0000E+00	  0.0000E+00	  0.0000E+00	  0.0000E+00	  0.0000E+00	  0.0000E+00	  0.0000E+00	  0.0000E+00	  0.0000E+00	  0.0000E+00	  0.0000E+00	  0.0000E+00	  0.0000E+00	  0.0000E+00	  0.0000E+00	  0.0000E+00	  0.0000E+00	  0.0000E+00	  0.0000E+00	  0.0000E+00	  0.0000E+00	  0.0000E+00	  0.0000E+00	  0.0000E+00	  0.0000E+00	  0.0000E+00	  0.0000E+00	  0.0000E+00	  0.0000E+00	  0.0000E+00	  0.0000E+00	  0.0000E+00	  0.0000E+00	  0.0000E+00	  0.0000E+00	  0.0000E+00	  0.0000E+00	  0.0000E+00	  0.0000E+00	  0.0000E+00	  0.0000E+00	  0.0000E+00	  0.0000E+00	  0.0000E+00	  0.0000E+00	  0.0000E+00	  0.0000E+00	  0.0000E+00	  0.0000E+00	  0.0000E+00	  0.0000E+00	  0.0000E+00	  0.0000E+00	  0.0000E+00	  0.0000E+00	  0.0000E+00	  0.0000E+00	  0.0000E+00	  0.0000E+00	  0.0000E+00	  0.0000E+00	  0.0000E+00	  0.0000E+00
