Image analysis histogram listing

File : C:\Users\Jason Fucik\OneDrive - California Institute of Technology\zrepo\UVEX\20250326B_UVEX_FULLSYS_DESIGN_SIM.zmx
Title: UVEX Full System
Date : 8/26/2026
Configuration 3 of 3

Consider changing the field type to object height for improved accuracy. See Help Files for more details.
Field Width                    : 1e-06 degrees
Image Width                    : 0.128 Millimeters
Number of pixels               : 128 x 128
Total Weight of Rays Attempted :   1.000825E+06
Total Weight of Rays Passed    :   9.219890E+05
Total Rays Launched            : 1000825
Percent Efficiency             :   92.12 %
Total flux in watts            : 9.212E-01
Units                          : Watts/Millimeters squared

  0.0000E+00	  0.0000E+00	  0.0000E+00	  0.0000E+00	  0.0000E+00	  0.0000E+00	  0.0000E+00	  0.0000E+00	  0.0000E+00	  0.0000E+00	  0.0000E+00	  0.0000E+00	  0.0000E+00	  0.0000E+00	  0.0000E+00	  0.0000E+00	  0.0000E+00	  0.0000E+00	  0.0000E+00	  0.0000E+00	  0.0000E+00	  0.0000E+00	  0.0000E+00	  0.0000E+00	  0.0000E+00	  0.0000E+00	  0.0000E+00	  0.0000E+00	  0.0000E+00	  0.0000E+00	  0.0000E+00	  0.0000E+00	  0.0000E+00	  0.0000E+00	  0.0000E+00	  0.0000E+00	  0.0000E+00	  0.0000E+00	  0.0000E+00	  0.0000E+00	  0.0000E+00	  0.0000E+00	  0.0000E+00	  0.0000E+00	  0.0000E+00	  0.0000E+00	  0.0000E+00	  0.0000E+00	  0.0000E+00	  0.0000E+00	  0.0000E+00	  0.0000E+00	  0.0000E+00	  0.0000E+00	  0.0000E+00	  0.0000E+00	  0.0000E+00	  0.0000E+00	  0.0000E+00	  0.0000E+00	  0.0000E+00	  0.0000E+00	  0.0000E+00	  0.0000E+00	  0.0000E+00	  0.0000E+00	  0.0000E+00	  0.0000E+00	  0.0000E+00	  0.0000E+00	  0.0000E+00	  0.0000E+00	  0.0000E+00	  0.0000E+00	  0.0000E+00	  0.0000E+00	  0.0000E+00	  0.0000E+00	  0.0000E+00	  0.0000E+00	  0.0000E+00	  0.0000E+00	  0.0000E+00	  0.0000E+00	  0.0000E+00	  0.0000E+00	  0.0000E+00	  0.0000E+00	  0.0000E+00	  0.0000E+00	  0.0000E+00	  0.0000E+00	  0.0000E+00	  0.0000E+00	  0.0000E+00	  0.0000E+00	  0.0000E+00	  0.0000E+00	  0.0000E+00	  0.0000E+00	  0.0000E+00	  0.0000E+00	  0.0000E+00	  0.0000E+00	  0.0000E+00	  0.0000E+00	  0.0000E+00	  0.0000E+00	  0.0000E+00	  0.0000E+00	  0.0000E+00	  0.0000E+00	  0.0000E+00	  0.0000E+00	  0.0000E+00	  0.0000E+00	  0.0000E+00	  0.0000E+00	  0.0000E+00	  0.0000E+00	  0.0000E+00	  0.0000E+00	  0.0000E+00	  0.0000E+00	  0.0000E+00	  0.0000E+00	  0.0000E+00	  0.0000E+00
  0.0000E+00	  0.0000E+00	  0.0000E+00	  0.0000E+00	  0.0000E+00	  0.0000E+00	  0.0000E+00	  0.0000E+00	  0.0000E+00	  0.0000E+00	  0.0000E+00	  0.0000E+00	  0.0000E+00	  0.0000E+00	  0.0000E+00	  0.0000E+00	  0.0000E+00	  0.0000E+00	  0.0000E+00	  0.0000E+00	  0.0000E+00	  0.0000E+00	  0.0000E+00	  0.0000E+00	  0.0000E+00	  0.0000E+00	  0.0000E+00	  0.0000E+00	  0.0000E+00	  0.0000E+00	  0.0000E+00	  0.0000E+00	  0.0000E+00	  0.0000E+00	  0.0000E+00	  0.0000E+00	  0.0000E+00	  0.0000E+00	  0.0000E+00	  0.0000E+00	  0.0000E+00	  0.0000E+00	  0.0000E+00	  0.0000E+00	  0.0000E+00	  0.0000E+00	  0.0000E+00	  0.0000E+00	  0.0000E+00	  0.0000E+00	  0.0000E+00	  0.0000E+00	  0.0000E+00	  0.0000E+00	  0.0000E+00	  0.0000E+00	  0.0000E+00	  0.0000E+00	  0.0000E+00	  0.0000E+00	  0.0000E+00	  0.0000E+00	  0.0000E+00	  0.0000E+00	  0.0000E+00	  0.0000E+00	  0.0000E+00	  0.0000E+00	  0.0000E+00	  0.0000E+00	  0.0000E+00	  0.0000E+00	  0.0000E+00	  0.0000E+00	  0.0000E+00	  0.0000E+00	  0.0000E+00	  0.0000E+00	  0.0000E+00	  0.0000E+00	  0.0000E+00	  0.0000E+00	  0.0000E+00	  0.0000E+00	  0.0000E+00	  0.0000E+00	  0.0000E+00	  0.0000E+00	  0.0000E+00	  0.0000E+00	  0.0000E+00	  0.0000E+00	  0.0000E+00	  0.0000E+00	  0.0000E+00	  0.0000E+00	  0.0000E+00	  0.0000E+00	  0.0000E+00	  0.0000E+00	  0.0000E+00	  0.0000E+00	  0.0000E+00	  0.0000E+00	  0.0000E+00	  0.0000E+00	  0.0000E+00	  0.0000E+00	  0.0000E+00	  0.0000E+00	  0.0000E+00	  0.0000E+00	  0.0000E+00	  0.0000E+00	  0.0000E+00	  0.0000E+00	  0.0000E+00	  0.0000E+00	  0.0000E+00	  0.0000E+00	  0.0000E+00	  0.0000E+00	  0.0000E+00	  0.0000E+00	  0.0000E+00	  0.0000E+00	  0.0000E+00	  0.0000E+00
  0.0000E+00	  0.0000E+00	  0.0000E+00	  0.0000E+00	  0.0000E+00	  0.0000E+00	  0.0000E+00	  0.0000E+00	  0.0000E+00	  0.0000E+00	  0.0000E+00	  0.0000E+00	  0.0000E+00	  0.0000E+00	  0.0000E+00	  0.0000E+00	  0.0000E+00	  0.0000E+00	  0.0000E+00	  0.0000E+00	  0.0000E+00	  0.0000E+00	  0.0000E+00	  0.0000E+00	  0.0000E+00	  0.0000E+00	  0.0000E+00	  0.0000E+00	  0.0000E+00	  0.0000E+00	  0.0000E+00	  0.0000E+00	  0.0000E+00	  0.0000E+00	  0.0000E+00	  0.0000E+00	  0.0000E+00	  0.0000E+00	  0.0000E+00	  0.0000E+00	  0.0000E+00	  0.0000E+00	  0.0000E+00	  0.0000E+00	  0.0000E+00	  0.0000E+00	  0.0000E+00	  0.0000E+00	  0.0000E+00	  0.0000E+00	  0.0000E+00	  0.0000E+00	  0.0000E+00	  0.0000E+00	  0.0000E+00	  0.0000E+00	  0.0000E+00	  0.0000E+00	  0.0000E+00	  0.0000E+00	  0.0000E+00	  0.0000E+00	  0.0000E+00	  0.0000E+00	  0.0000E+00	  0.0000E+00	  0.0000E+00	  0.0000E+00	  0.0000E+00	  0.0000E+00	  0.0000E+00	  0.0000E+00	  0.0000E+00	  0.0000E+00	  0.0000E+00	  0.0000E+00	  0.0000E+00	  0.0000E+00	  0.0000E+00	  0.0000E+00	  0.0000E+00	  0.0000E+00	  0.0000E+00	  0.0000E+00	  0.0000E+00	  0.0000E+00	  0.0000E+00	  0.0000E+00	  0.0000E+00	  0.0000E+00	  0.0000E+00	  0.0000E+00	  0.0000E+00	  0.0000E+00	  0.0000E+00	  0.0000E+00	  0.0000E+00	  0.0000E+00	  0.0000E+00	  0.0000E+00	  0.0000E+00	  0.0000E+00	  0.0000E+00	  0.0000E+00	  0.0000E+00	  0.0000E+00	  0.0000E+00	  0.0000E+00	  0.0000E+00	  0.0000E+00	  0.0000E+00	  0.0000E+00	  0.0000E+00	  0.0000E+00	  0.0000E+00	  0.0000E+00	  0.0000E+00	  0.0000E+00	  0.0000E+00	  0.0000E+00	  0.0000E+00	  0.0000E+00	  0.0000E+00	  0.0000E+00	  0.0000E+00	  0.0000E+00	  0.0000E+00	  0.0000E+00
  0.0000E+00	  0.0000E+00	  0.0000E+00	  0.0000E+00	  0.0000E+00	  0.0000E+00	  0.0000E+00	  0.0000E+00	  0.0000E+00	  0.0000E+00	  0.0000E+00	  0.0000E+00	  0.0000E+00	  0.0000E+00	  0.0000E+00	  0.0000E+00	  0.0000E+00	  0.0000E+00	  0.0000E+00	  0.0000E+00	  0.0000E+00	  0.0000E+00	  0.0000E+00	  0.0000E+00	  0.0000E+00	  0.0000E+00	  0.0000E+00	  0.0000E+00	  0.0000E+00	  0.0000E+00	  0.0000E+00	  0.0000E+00	  0.0000E+00	  0.0000E+00	  0.0000E+00	  0.0000E+00	  0.0000E+00	  0.0000E+00	  0.0000E+00	  0.0000E+00	  0.0000E+00	  0.0000E+00	  0.0000E+00	  0.0000E+00	  0.0000E+00	  0.0000E+00	  0.0000E+00	  0.0000E+00	  0.0000E+00	  0.0000E+00	  0.0000E+00	  0.0000E+00	  0.0000E+00	  0.0000E+00	  0.0000E+00	  0.0000E+00	  0.0000E+00	  0.0000E+00	  0.0000E+00	  0.0000E+00	  0.0000E+00	  0.0000E+00	  0.0000E+00	  0.0000E+00	  0.0000E+00	  0.0000E+00	  0.0000E+00	  0.0000E+00	  0.0000E+00	  0.0000E+00	  0.0000E+00	  0.0000E+00	  0.0000E+00	  0.0000E+00	  0.0000E+00	  0.0000E+00	  0.0000E+00	  0.0000E+00	  0.0000E+00	  0.0000E+00	  0.0000E+00	  0.0000E+00	  0.0000E+00	  0.0000E+00	  0.0000E+00	  0.0000E+00	  0.0000E+00	  0.0000E+00	  0.0000E+00	  0.0000E+00	  0.0000E+00	  0.0000E+00	  0.0000E+00	  0.0000E+00	  0.0000E+00	  0.0000E+00	  0.0000E+00	  0.0000E+00	  0.0000E+00	  0.0000E+00	  0.0000E+00	  0.0000E+00	  0.0000E+00	  0.0000E+00	  0.0000E+00	  0.0000E+00	  0.0000E+00	  0.0000E+00	  0.0000E+00	  0.0000E+00	  0.0000E+00	  0.0000E+00	  0.0000E+00	  0.0000E+00	  0.0000E+00	  0.0000E+00	  0.0000E+00	  0.0000E+00	  0.0000E+00	  0.0000E+00	  0.0000E+00	  0.0000E+00	  0.0000E+00	  0.0000E+00	  0.0000E+00	  0.0000E+00	  0.0000E+00	  0.0000E+00
  0.0000E+00	  0.0000E+00	  0.0000E+00	  0.0000E+00	  0.0000E+00	  0.0000E+00	  0.0000E+00	  0.0000E+00	  0.0000E+00	  0.0000E+00	  0.0000E+00	  0.0000E+00	  0.0000E+00	  0.0000E+00	  0.0000E+00	  0.0000E+00	  0.0000E+00	  0.0000E+00	  0.0000E+00	  0.0000E+00	  0.0000E+00	  0.0000E+00	  0.0000E+00	  0.0000E+00	  0.0000E+00	  0.0000E+00	  0.0000E+00	  0.0000E+00	  0.0000E+00	  0.0000E+00	  0.0000E+00	  0.0000E+00	  0.0000E+00	  0.0000E+00	  0.0000E+00	  0.0000E+00	  0.0000E+00	  0.0000E+00	  0.0000E+00	  0.0000E+00	  0.0000E+00	  0.0000E+00	  0.0000E+00	  0.0000E+00	  0.0000E+00	  0.0000E+00	  0.0000E+00	  0.0000E+00	  0.0000E+00	  0.0000E+00	  0.0000E+00	  0.0000E+00	  0.0000E+00	  0.0000E+00	  0.0000E+00	  0.0000E+00	  0.0000E+00	  0.0000E+00	  0.0000E+00	  0.0000E+00	  0.0000E+00	  0.0000E+00	  0.0000E+00	  0.0000E+00	  0.0000E+00	  0.0000E+00	  0.0000E+00	  0.0000E+00	  0.0000E+00	  0.0000E+00	  0.0000E+00	  0.0000E+00	  0.0000E+00	  0.0000E+00	  0.0000E+00	  0.0000E+00	  0.0000E+00	  0.0000E+00	  0.0000E+00	  0.0000E+00	  0.0000E+00	  0.0000E+00	  0.0000E+00	  0.0000E+00	  0.0000E+00	  0.0000E+00	  0.0000E+00	  0.0000E+00	  0.0000E+00	  0.0000E+00	  0.0000E+00	  0.0000E+00	  0.0000E+00	  0.0000E+00	  0.0000E+00	  0.0000E+00	  0.0000E+00	  0.0000E+00	  0.0000E+00	  0.0000E+00	  0.0000E+00	  0.0000E+00	  0.0000E+00	  0.0000E+00	  0.0000E+00	  0.0000E+00	  0.0000E+00	  0.0000E+00	  0.0000E+00	  0.0000E+00	  0.0000E+00	  0.0000E+00	  0.0000E+00	  0.0000E+00	  0.0000E+00	  0.0000E+00	  0.0000E+00	  0.0000E+00	  0.0000E+00	  0.0000E+00	  0.0000E+00	  0.0000E+00	  0.0000E+00	  0.0000E+00	  0.0000E+00	  0.0000E+00	  0.0000E+00	  0.0000E+00
  0.0000E+00	  0.0000E+00	  0.0000E+00	  0.0000E+00	  0.0000E+00	  0.0000E+00	  0.0000E+00	  0.0000E+00	  0.0000E+00	  0.0000E+00	  0.0000E+00	  0.0000E+00	  0.0000E+00	  0.0000E+00	  0.0000E+00	  0.0000E+00	  0.0000E+00	  0.0000E+00	  0.0000E+00	  0.0000E+00	  0.0000E+00	  0.0000E+00	  0.0000E+00	  0.0000E+00	  0.0000E+00	  0.0000E+00	  0.0000E+00	  0.0000E+00	  0.0000E+00	  0.0000E+00	  0.0000E+00	  0.0000E+00	  0.0000E+00	  0.0000E+00	  0.0000E+00	  0.0000E+00	  0.0000E+00	  0.0000E+00	  0.0000E+00	  0.0000E+00	  0.0000E+00	  0.0000E+00	  0.0000E+00	  0.0000E+00	  0.0000E+00	  0.0000E+00	  0.0000E+00	  0.0000E+00	  0.0000E+00	  0.0000E+00	  0.0000E+00	  0.0000E+00	  0.0000E+00	  0.0000E+00	  0.0000E+00	  0.0000E+00	  0.0000E+00	  0.0000E+00	  0.0000E+00	  0.0000E+00	  0.0000E+00	  0.0000E+00	  0.0000E+00	  0.0000E+00	  0.0000E+00	  0.0000E+00	  0.0000E+00	  0.0000E+00	  0.0000E+00	  0.0000E+00	  0.0000E+00	  0.0000E+00	  0.0000E+00	  0.0000E+00	  0.0000E+00	  0.0000E+00	  0.0000E+00	  0.0000E+00	  0.0000E+00	  0.0000E+00	  0.0000E+00	  0.0000E+00	  0.0000E+00	  0.0000E+00	  0.0000E+00	  0.0000E+00	  0.0000E+00	  0.0000E+00	  0.0000E+00	  0.0000E+00	  0.0000E+00	  0.0000E+00	  0.0000E+00	  0.0000E+00	  0.0000E+00	  0.0000E+00	  0.0000E+00	  0.0000E+00	  0.0000E+00	  0.0000E+00	  0.0000E+00	  0.0000E+00	  0.0000E+00	  0.0000E+00	  0.0000E+00	  0.0000E+00	  0.0000E+00	  0.0000E+00	  0.0000E+00	  0.0000E+00	  0.0000E+00	  0.0000E+00	  0.0000E+00	  0.0000E+00	  0.0000E+00	  0.0000E+00	  0.0000E+00	  0.0000E+00	  0.0000E+00	  0.0000E+00	  0.0000E+00	  0.0000E+00	  0.0000E+00	  0.0000E+00	  0.0000E+00	  0.0000E+00	  0.0000E+00	  0.0000E+00
  0.0000E+00	  0.0000E+00	  0.0000E+00	  0.0000E+00	  0.0000E+00	  0.0000E+00	  0.0000E+00	  0.0000E+00	  0.0000E+00	  0.0000E+00	  0.0000E+00	  0.0000E+00	  0.0000E+00	  0.0000E+00	  0.0000E+00	  0.0000E+00	  0.0000E+00	  0.0000E+00	  0.0000E+00	  0.0000E+00	  0.0000E+00	  0.0000E+00	  0.0000E+00	  0.0000E+00	  0.0000E+00	  0.0000E+00	  0.0000E+00	  0.0000E+00	  0.0000E+00	  0.0000E+00	  0.0000E+00	  0.0000E+00	  0.0000E+00	  0.0000E+00	  0.0000E+00	  0.0000E+00	  0.0000E+00	  0.0000E+00	  0.0000E+00	  0.0000E+00	  0.0000E+00	  0.0000E+00	  0.0000E+00	  0.0000E+00	  0.0000E+00	  0.0000E+00	  0.0000E+00	  0.0000E+00	  0.0000E+00	  0.0000E+00	  0.0000E+00	  0.0000E+00	  0.0000E+00	  0.0000E+00	  0.0000E+00	  0.0000E+00	  0.0000E+00	  0.0000E+00	  0.0000E+00	  0.0000E+00	  0.0000E+00	  0.0000E+00	  0.0000E+00	  0.0000E+00	  0.0000E+00	  0.0000E+00	  0.0000E+00	  0.0000E+00	  0.0000E+00	  0.0000E+00	  0.0000E+00	  0.0000E+00	  0.0000E+00	  0.0000E+00	  0.0000E+00	  0.0000E+00	  0.0000E+00	  0.0000E+00	  0.0000E+00	  0.0000E+00	  0.0000E+00	  0.0000E+00	  0.0000E+00	  0.0000E+00	  0.0000E+00	  0.0000E+00	  0.0000E+00	  0.0000E+00	  0.0000E+00	  0.0000E+00	  0.0000E+00	  0.0000E+00	  0.0000E+00	  0.0000E+00	  0.0000E+00	  0.0000E+00	  0.0000E+00	  0.0000E+00	  0.0000E+00	  0.0000E+00	  0.0000E+00	  0.0000E+00	  0.0000E+00	  0.0000E+00	  0.0000E+00	  0.0000E+00	  0.0000E+00	  0.0000E+00	  0.0000E+00	  0.0000E+00	  0.0000E+00	  0.0000E+00	  0.0000E+00	  0.0000E+00	  0.0000E+00	  0.0000E+00	  0.0000E+00	  0.0000E+00	  0.0000E+00	  0.0000E+00	  0.0000E+00	  0.0000E+00	  0.0000E+00	  0.0000E+00	  0.0000E+00	  0.0000E+00	  0.0000E+00	  0.0000E+00
  0.0000E+00	  0.0000E+00	  0.0000E+00	  0.0000E+00	  0.0000E+00	  0.0000E+00	  0.0000E+00	  0.0000E+00	  0.0000E+00	  0.0000E+00	  0.0000E+00	  0.0000E+00	  0.0000E+00	  0.0000E+00	  0.0000E+00	  0.0000E+00	  0.0000E+00	  0.0000E+00	  0.0000E+00	  0.0000E+00	  0.0000E+00	  0.0000E+00	  0.0000E+00	  0.0000E+00	  0.0000E+00	  0.0000E+00	  0.0000E+00	  0.0000E+00	  0.0000E+00	  0.0000E+00	  0.0000E+00	  0.0000E+00	  0.0000E+00	  0.0000E+00	  0.0000E+00	  0.0000E+00	  0.0000E+00	  0.0000E+00	  0.0000E+00	  0.0000E+00	  0.0000E+00	  0.0000E+00	  0.0000E+00	  0.0000E+00	  0.0000E+00	  0.0000E+00	  0.0000E+00	  0.0000E+00	  0.0000E+00	  0.0000E+00	  0.0000E+00	  0.0000E+00	  0.0000E+00	  0.0000E+00	  0.0000E+00	  0.0000E+00	  0.0000E+00	  0.0000E+00	  0.0000E+00	  0.0000E+00	  0.0000E+00	  0.0000E+00	  0.0000E+00	  0.0000E+00	  0.0000E+00	  0.0000E+00	  0.0000E+00	  0.0000E+00	  0.0000E+00	  0.0000E+00	  0.0000E+00	  0.0000E+00	  0.0000E+00	  0.0000E+00	  0.0000E+00	  0.0000E+00	  0.0000E+00	  0.0000E+00	  0.0000E+00	  0.0000E+00	  0.0000E+00	  0.0000E+00	  0.0000E+00	  0.0000E+00	  0.0000E+00	  0.0000E+00	  0.0000E+00	  0.0000E+00	  0.0000E+00	  0.0000E+00	  0.0000E+00	  0.0000E+00	  0.0000E+00	  0.0000E+00	  0.0000E+00	  0.0000E+00	  0.0000E+00	  0.0000E+00	  0.0000E+00	  0.0000E+00	  0.0000E+00	  0.0000E+00	  0.0000E+00	  0.0000E+00	  0.0000E+00	  0.0000E+00	  0.0000E+00	  0.0000E+00	  0.0000E+00	  0.0000E+00	  0.0000E+00	  0.0000E+00	  0.0000E+00	  0.0000E+00	  0.0000E+00	  0.0000E+00	  0.0000E+00	  0.0000E+00	  0.0000E+00	  0.0000E+00	  0.0000E+00	  0.0000E+00	  0.0000E+00	  0.0000E+00	  0.0000E+00	  0.0000E+00	  0.0000E+00	  0.0000E+00
  0.0000E+00	  0.0000E+00	  0.0000E+00	  0.0000E+00	  0.0000E+00	  0.0000E+00	  0.0000E+00	  0.0000E+00	  0.0000E+00	  0.0000E+00	  0.0000E+00	  0.0000E+00	  0.0000E+00	  0.0000E+00	  0.0000E+00	  0.0000E+00	  0.0000E+00	  0.0000E+00	  0.0000E+00	  0.0000E+00	  0.0000E+00	  0.0000E+00	  0.0000E+00	  0.0000E+00	  0.0000E+00	  0.0000E+00	  0.0000E+00	  0.0000E+00	  0.0000E+00	  0.0000E+00	  0.0000E+00	  0.0000E+00	  0.0000E+00	  0.0000E+00	  0.0000E+00	  0.0000E+00	  0.0000E+00	  0.0000E+00	  0.0000E+00	  0.0000E+00	  0.0000E+00	  0.0000E+00	  0.0000E+00	  0.0000E+00	  0.0000E+00	  0.0000E+00	  0.0000E+00	  0.0000E+00	  0.0000E+00	  0.0000E+00	  0.0000E+00	  0.0000E+00	  0.0000E+00	  0.0000E+00	  0.0000E+00	  0.0000E+00	  0.0000E+00	  0.0000E+00	  0.0000E+00	  0.0000E+00	  0.0000E+00	  0.0000E+00	  0.0000E+00	  0.0000E+00	  0.0000E+00	  0.0000E+00	  0.0000E+00	  0.0000E+00	  0.0000E+00	  0.0000E+00	  0.0000E+00	  0.0000E+00	  0.0000E+00	  0.0000E+00	  0.0000E+00	  0.0000E+00	  0.0000E+00	  0.0000E+00	  0.0000E+00	  0.0000E+00	  0.0000E+00	  0.0000E+00	  0.0000E+00	  0.0000E+00	  0.0000E+00	  0.0000E+00	  0.0000E+00	  0.0000E+00	  0.0000E+00	  0.0000E+00	  0.0000E+00	  0.0000E+00	  0.0000E+00	  0.0000E+00	  0.0000E+00	  0.0000E+00	  0.0000E+00	  0.0000E+00	  0.0000E+00	  0.0000E+00	  0.0000E+00	  0.0000E+00	  0.0000E+00	  0.0000E+00	  0.0000E+00	  0.0000E+00	  0.0000E+00	  0.0000E+00	  0.0000E+00	  0.0000E+00	  0.0000E+00	  0.0000E+00	  0.0000E+00	  0.0000E+00	  0.0000E+00	  0.0000E+00	  0.0000E+00	  0.0000E+00	  0.0000E+00	  0.0000E+00	  0.0000E+00	  0.0000E+00	  0.0000E+00	  0.0000E+00	  0.0000E+00	  0.0000E+00	  0.0000E+00	  0.0000E+00
  0.0000E+00	  0.0000E+00	  0.0000E+00	  0.0000E+00	  0.0000E+00	  0.0000E+00	  0.0000E+00	  0.0000E+00	  0.0000E+00	  0.0000E+00	  0.0000E+00	  0.0000E+00	  0.0000E+00	  0.0000E+00	  0.0000E+00	  0.0000E+00	  0.0000E+00	  0.0000E+00	  0.0000E+00	  0.0000E+00	  0.0000E+00	  0.0000E+00	  0.0000E+00	  0.0000E+00	  0.0000E+00	  0.0000E+00	  0.0000E+00	  0.0000E+00	  0.0000E+00	  0.0000E+00	  0.0000E+00	  0.0000E+00	  0.0000E+00	  0.0000E+00	  0.0000E+00	  0.0000E+00	  0.0000E+00	  0.0000E+00	  0.0000E+00	  0.0000E+00	  0.0000E+00	  0.0000E+00	  0.0000E+00	  0.0000E+00	  0.0000E+00	  0.0000E+00	  0.0000E+00	  0.0000E+00	  0.0000E+00	  0.0000E+00	  0.0000E+00	  0.0000E+00	  0.0000E+00	  0.0000E+00	  0.0000E+00	  0.0000E+00	  0.0000E+00	  0.0000E+00	  0.0000E+00	  0.0000E+00	  0.0000E+00	  0.0000E+00	  0.0000E+00	  0.0000E+00	  0.0000E+00	  0.0000E+00	  0.0000E+00	  0.0000E+00	  0.0000E+00	  0.0000E+00	  0.0000E+00	  0.0000E+00	  0.0000E+00	  0.0000E+00	  0.0000E+00	  0.0000E+00	  0.0000E+00	  0.0000E+00	  0.0000E+00	  0.0000E+00	  0.0000E+00	  0.0000E+00	  0.0000E+00	  0.0000E+00	  0.0000E+00	  0.0000E+00	  0.0000E+00	  0.0000E+00	  0.0000E+00	  0.0000E+00	  0.0000E+00	  0.0000E+00	  0.0000E+00	  0.0000E+00	  0.0000E+00	  0.0000E+00	  0.0000E+00	  0.0000E+00	  0.0000E+00	  0.0000E+00	  0.0000E+00	  0.0000E+00	  0.0000E+00	  0.0000E+00	  0.0000E+00	  0.0000E+00	  0.0000E+00	  0.0000E+00	  0.0000E+00	  0.0000E+00	  0.0000E+00	  0.0000E+00	  0.0000E+00	  0.0000E+00	  0.0000E+00	  0.0000E+00	  0.0000E+00	  0.0000E+00	  0.0000E+00	  0.0000E+00	  0.0000E+00	  0.0000E+00	  0.0000E+00	  0.0000E+00	  0.0000E+00	  0.0000E+00	  0.0000E+00	  0.0000E+00
  0.0000E+00	  0.0000E+00	  0.0000E+00	  0.0000E+00	  0.0000E+00	  0.0000E+00	  0.0000E+00	  0.0000E+00	  0.0000E+00	  0.0000E+00	  0.0000E+00	  0.0000E+00	  0.0000E+00	  0.0000E+00	  0.0000E+00	  0.0000E+00	  0.0000E+00	  0.0000E+00	  0.0000E+00	  0.0000E+00	  0.0000E+00	  0.0000E+00	  0.0000E+00	  0.0000E+00	  0.0000E+00	  0.0000E+00	  0.0000E+00	  0.0000E+00	  0.0000E+00	  0.0000E+00	  0.0000E+00	  0.0000E+00	  0.0000E+00	  0.0000E+00	  0.0000E+00	  0.0000E+00	  0.0000E+00	  0.0000E+00	  0.0000E+00	  0.0000E+00	  0.0000E+00	  0.0000E+00	  0.0000E+00	  0.0000E+00	  0.0000E+00	  0.0000E+00	  0.0000E+00	  0.0000E+00	  0.0000E+00	  0.0000E+00	  0.0000E+00	  0.0000E+00	  0.0000E+00	  0.0000E+00	  0.0000E+00	  0.0000E+00	  0.0000E+00	  0.0000E+00	  0.0000E+00	  0.0000E+00	  0.0000E+00	  0.0000E+00	  0.0000E+00	  0.0000E+00	  0.0000E+00	  0.0000E+00	  0.0000E+00	  0.0000E+00	  0.0000E+00	  0.0000E+00	  0.0000E+00	  0.0000E+00	  0.0000E+00	  0.0000E+00	  0.0000E+00	  0.0000E+00	  0.0000E+00	  0.0000E+00	  0.0000E+00	  0.0000E+00	  0.0000E+00	  0.0000E+00	  0.0000E+00	  0.0000E+00	  0.0000E+00	  0.0000E+00	  0.0000E+00	  0.0000E+00	  0.0000E+00	  0.0000E+00	  0.0000E+00	  0.0000E+00	  0.0000E+00	  0.0000E+00	  0.0000E+00	  0.0000E+00	  0.0000E+00	  0.0000E+00	  0.0000E+00	  0.0000E+00	  0.0000E+00	  0.0000E+00	  0.0000E+00	  0.0000E+00	  0.0000E+00	  0.0000E+00	  0.0000E+00	  0.0000E+00	  0.0000E+00	  0.0000E+00	  0.0000E+00	  0.0000E+00	  0.0000E+00	  0.0000E+00	  0.0000E+00	  0.0000E+00	  0.0000E+00	  0.0000E+00	  0.0000E+00	  0.0000E+00	  0.0000E+00	  0.0000E+00	  0.0000E+00	  0.0000E+00	  0.0000E+00	  0.0000E+00	  0.0000E+00	  0.0000E+00
  0.0000E+00	  0.0000E+00	  0.0000E+00	  0.0000E+00	  0.0000E+00	  0.0000E+00	  0.0000E+00	  0.0000E+00	  0.0000E+00	  0.0000E+00	  0.0000E+00	  0.0000E+00	  0.0000E+00	  0.0000E+00	  0.0000E+00	  0.0000E+00	  0.0000E+00	  0.0000E+00	  0.0000E+00	  0.0000E+00	  0.0000E+00	  0.0000E+00	  0.0000E+00	  0.0000E+00	  0.0000E+00	  0.0000E+00	  0.0000E+00	  0.0000E+00	  0.0000E+00	  0.0000E+00	  0.0000E+00	  0.0000E+00	  0.0000E+00	  0.0000E+00	  0.0000E+00	  0.0000E+00	  0.0000E+00	  0.0000E+00	  0.0000E+00	  0.0000E+00	  0.0000E+00	  0.0000E+00	  0.0000E+00	  0.0000E+00	  0.0000E+00	  0.0000E+00	  0.0000E+00	  0.0000E+00	  0.0000E+00	  0.0000E+00	  0.0000E+00	  0.0000E+00	  0.0000E+00	  0.0000E+00	  0.0000E+00	  0.0000E+00	  0.0000E+00	  0.0000E+00	  0.0000E+00	  0.0000E+00	  0.0000E+00	  0.0000E+00	  0.0000E+00	  0.0000E+00	  0.0000E+00	  0.0000E+00	  0.0000E+00	  0.0000E+00	  0.0000E+00	  0.0000E+00	  0.0000E+00	  0.0000E+00	  0.0000E+00	  0.0000E+00	  0.0000E+00	  0.0000E+00	  0.0000E+00	  0.0000E+00	  0.0000E+00	  0.0000E+00	  0.0000E+00	  0.0000E+00	  0.0000E+00	  0.0000E+00	  0.0000E+00	  0.0000E+00	  0.0000E+00	  0.0000E+00	  0.0000E+00	  0.0000E+00	  0.0000E+00	  0.0000E+00	  0.0000E+00	  0.0000E+00	  0.0000E+00	  0.0000E+00	  0.0000E+00	  0.0000E+00	  0.0000E+00	  0.0000E+00	  0.0000E+00	  0.0000E+00	  0.0000E+00	  0.0000E+00	  0.0000E+00	  0.0000E+00	  0.0000E+00	  0.0000E+00	  0.0000E+00	  0.0000E+00	  0.0000E+00	  0.0000E+00	  0.0000E+00	  0.0000E+00	  0.0000E+00	  0.0000E+00	  0.0000E+00	  0.0000E+00	  0.0000E+00	  0.0000E+00	  0.0000E+00	  0.0000E+00	  0.0000E+00	  0.0000E+00	  0.0000E+00	  0.0000E+00	  0.0000E+00	  0.0000E+00
  0.0000E+00	  0.0000E+00	  0.0000E+00	  0.0000E+00	  0.0000E+00	  0.0000E+00	  0.0000E+00	  0.0000E+00	  0.0000E+00	  0.0000E+00	  0.0000E+00	  0.0000E+00	  0.0000E+00	  0.0000E+00	  0.0000E+00	  0.0000E+00	  0.0000E+00	  0.0000E+00	  0.0000E+00	  0.0000E+00	  0.0000E+00	  0.0000E+00	  0.0000E+00	  0.0000E+00	  0.0000E+00	  0.0000E+00	  0.0000E+00	  0.0000E+00	  0.0000E+00	  0.0000E+00	  0.0000E+00	  0.0000E+00	  0.0000E+00	  0.0000E+00	  0.0000E+00	  0.0000E+00	  0.0000E+00	  0.0000E+00	  0.0000E+00	  0.0000E+00	  0.0000E+00	  0.0000E+00	  0.0000E+00	  0.0000E+00	  0.0000E+00	  0.0000E+00	  0.0000E+00	  0.0000E+00	  0.0000E+00	  0.0000E+00	  0.0000E+00	  0.0000E+00	  0.0000E+00	  0.0000E+00	  0.0000E+00	  0.0000E+00	  0.0000E+00	  0.0000E+00	  0.0000E+00	  0.0000E+00	  0.0000E+00	  0.0000E+00	  0.0000E+00	  0.0000E+00	  0.0000E+00	  0.0000E+00	  0.0000E+00	  0.0000E+00	  0.0000E+00	  0.0000E+00	  0.0000E+00	  0.0000E+00	  0.0000E+00	  0.0000E+00	  0.0000E+00	  0.0000E+00	  0.0000E+00	  0.0000E+00	  0.0000E+00	  0.0000E+00	  0.0000E+00	  0.0000E+00	  0.0000E+00	  0.0000E+00	  0.0000E+00	  0.0000E+00	  0.0000E+00	  0.0000E+00	  0.0000E+00	  0.0000E+00	  0.0000E+00	  0.0000E+00	  0.0000E+00	  0.0000E+00	  0.0000E+00	  0.0000E+00	  0.0000E+00	  0.0000E+00	  0.0000E+00	  0.0000E+00	  0.0000E+00	  0.0000E+00	  0.0000E+00	  0.0000E+00	  0.0000E+00	  0.0000E+00	  0.0000E+00	  0.0000E+00	  0.0000E+00	  0.0000E+00	  0.0000E+00	  0.0000E+00	  0.0000E+00	  0.0000E+00	  0.0000E+00	  0.0000E+00	  0.0000E+00	  0.0000E+00	  0.0000E+00	  0.0000E+00	  0.0000E+00	  0.0000E+00	  0.0000E+00	  0.0000E+00	  0.0000E+00	  0.0000E+00	  0.0000E+00	  0.0000E+00
  0.0000E+00	  0.0000E+00	  0.0000E+00	  0.0000E+00	  0.0000E+00	  0.0000E+00	  0.0000E+00	  0.0000E+00	  0.0000E+00	  0.0000E+00	  0.0000E+00	  0.0000E+00	  0.0000E+00	  0.0000E+00	  0.0000E+00	  0.0000E+00	  0.0000E+00	  0.0000E+00	  0.0000E+00	  0.0000E+00	  0.0000E+00	  0.0000E+00	  0.0000E+00	  0.0000E+00	  0.0000E+00	  0.0000E+00	  0.0000E+00	  0.0000E+00	  0.0000E+00	  0.0000E+00	  0.0000E+00	  0.0000E+00	  0.0000E+00	  0.0000E+00	  0.0000E+00	  0.0000E+00	  0.0000E+00	  0.0000E+00	  0.0000E+00	  0.0000E+00	  0.0000E+00	  0.0000E+00	  0.0000E+00	  0.0000E+00	  0.0000E+00	  0.0000E+00	  0.0000E+00	  0.0000E+00	  0.0000E+00	  0.0000E+00	  0.0000E+00	  0.0000E+00	  0.0000E+00	  0.0000E+00	  0.0000E+00	  0.0000E+00	  0.0000E+00	  0.0000E+00	  0.0000E+00	  0.0000E+00	  0.0000E+00	  0.0000E+00	  0.0000E+00	  0.0000E+00	  0.0000E+00	  0.0000E+00	  0.0000E+00	  0.0000E+00	  0.0000E+00	  0.0000E+00	  0.0000E+00	  0.0000E+00	  0.0000E+00	  0.0000E+00	  0.0000E+00	  0.0000E+00	  0.0000E+00	  0.0000E+00	  0.0000E+00	  0.0000E+00	  0.0000E+00	  0.0000E+00	  0.0000E+00	  0.0000E+00	  0.0000E+00	  0.0000E+00	  0.0000E+00	  0.0000E+00	  0.0000E+00	  0.0000E+00	  0.0000E+00	  0.0000E+00	  0.0000E+00	  0.0000E+00	  0.0000E+00	  0.0000E+00	  0.0000E+00	  0.0000E+00	  0.0000E+00	  0.0000E+00	  0.0000E+00	  0.0000E+00	  0.0000E+00	  0.0000E+00	  0.0000E+00	  0.0000E+00	  0.0000E+00	  0.0000E+00	  0.0000E+00	  0.0000E+00	  0.0000E+00	  0.0000E+00	  0.0000E+00	  0.0000E+00	  0.0000E+00	  0.0000E+00	  0.0000E+00	  0.0000E+00	  0.0000E+00	  0.0000E+00	  0.0000E+00	  0.0000E+00	  0.0000E+00	  0.0000E+00	  0.0000E+00	  0.0000E+00	  0.0000E+00	  0.0000E+00
  0.0000E+00	  0.0000E+00	  0.0000E+00	  0.0000E+00	  0.0000E+00	  0.0000E+00	  0.0000E+00	  0.0000E+00	  0.0000E+00	  0.0000E+00	  0.0000E+00	  0.0000E+00	  0.0000E+00	  0.0000E+00	  0.0000E+00	  0.0000E+00	  0.0000E+00	  0.0000E+00	  0.0000E+00	  0.0000E+00	  0.0000E+00	  0.0000E+00	  0.0000E+00	  0.0000E+00	  0.0000E+00	  0.0000E+00	  0.0000E+00	  0.0000E+00	  0.0000E+00	  0.0000E+00	  0.0000E+00	  0.0000E+00	  0.0000E+00	  0.0000E+00	  0.0000E+00	  0.0000E+00	  0.0000E+00	  0.0000E+00	  0.0000E+00	  0.0000E+00	  0.0000E+00	  0.0000E+00	  0.0000E+00	  0.0000E+00	  0.0000E+00	  0.0000E+00	  0.0000E+00	  0.0000E+00	  0.0000E+00	  0.0000E+00	  0.0000E+00	  0.0000E+00	  0.0000E+00	  0.0000E+00	  0.0000E+00	  0.0000E+00	  0.0000E+00	  0.0000E+00	  0.0000E+00	  0.0000E+00	  0.0000E+00	  0.0000E+00	  0.0000E+00	  0.0000E+00	  0.0000E+00	  0.0000E+00	  0.0000E+00	  0.0000E+00	  0.0000E+00	  0.0000E+00	  0.0000E+00	  0.0000E+00	  0.0000E+00	  0.0000E+00	  0.0000E+00	  0.0000E+00	  0.0000E+00	  0.0000E+00	  0.0000E+00	  0.0000E+00	  0.0000E+00	  0.0000E+00	  0.0000E+00	  0.0000E+00	  0.0000E+00	  0.0000E+00	  0.0000E+00	  0.0000E+00	  0.0000E+00	  0.0000E+00	  0.0000E+00	  0.0000E+00	  0.0000E+00	  0.0000E+00	  0.0000E+00	  0.0000E+00	  0.0000E+00	  0.0000E+00	  0.0000E+00	  0.0000E+00	  0.0000E+00	  0.0000E+00	  0.0000E+00	  0.0000E+00	  0.0000E+00	  0.0000E+00	  0.0000E+00	  0.0000E+00	  0.0000E+00	  0.0000E+00	  0.0000E+00	  0.0000E+00	  0.0000E+00	  0.0000E+00	  0.0000E+00	  0.0000E+00	  0.0000E+00	  0.0000E+00	  0.0000E+00	  0.0000E+00	  0.0000E+00	  0.0000E+00	  0.0000E+00	  0.0000E+00	  0.0000E+00	  0.0000E+00	  0.0000E+00	  0.0000E+00
  0.0000E+00	  0.0000E+00	  0.0000E+00	  0.0000E+00	  0.0000E+00	  0.0000E+00	  0.0000E+00	  0.0000E+00	  0.0000E+00	  0.0000E+00	  0.0000E+00	  0.0000E+00	  0.0000E+00	  0.0000E+00	  0.0000E+00	  0.0000E+00	  0.0000E+00	  0.0000E+00	  0.0000E+00	  0.0000E+00	  0.0000E+00	  0.0000E+00	  0.0000E+00	  0.0000E+00	  0.0000E+00	  0.0000E+00	  0.0000E+00	  0.0000E+00	  0.0000E+00	  0.0000E+00	  0.0000E+00	  0.0000E+00	  0.0000E+00	  0.0000E+00	  0.0000E+00	  0.0000E+00	  0.0000E+00	  0.0000E+00	  0.0000E+00	  0.0000E+00	  0.0000E+00	  0.0000E+00	  0.0000E+00	  0.0000E+00	  0.0000E+00	  0.0000E+00	  0.0000E+00	  0.0000E+00	  0.0000E+00	  0.0000E+00	  0.0000E+00	  0.0000E+00	  0.0000E+00	  0.0000E+00	  0.0000E+00	  0.0000E+00	  0.0000E+00	  0.0000E+00	  0.0000E+00	  0.0000E+00	  0.0000E+00	  0.0000E+00	  0.0000E+00	  0.0000E+00	  0.0000E+00	  0.0000E+00	  0.0000E+00	  0.0000E+00	  0.0000E+00	  0.0000E+00	  0.0000E+00	  0.0000E+00	  0.0000E+00	  0.0000E+00	  0.0000E+00	  0.0000E+00	  0.0000E+00	  0.0000E+00	  0.0000E+00	  0.0000E+00	  0.0000E+00	  0.0000E+00	  0.0000E+00	  0.0000E+00	  0.0000E+00	  0.0000E+00	  0.0000E+00	  0.0000E+00	  0.0000E+00	  0.0000E+00	  0.0000E+00	  0.0000E+00	  0.0000E+00	  0.0000E+00	  0.0000E+00	  0.0000E+00	  0.0000E+00	  0.0000E+00	  0.0000E+00	  0.0000E+00	  0.0000E+00	  0.0000E+00	  0.0000E+00	  0.0000E+00	  0.0000E+00	  0.0000E+00	  0.0000E+00	  0.0000E+00	  0.0000E+00	  0.0000E+00	  0.0000E+00	  0.0000E+00	  0.0000E+00	  0.0000E+00	  0.0000E+00	  0.0000E+00	  0.0000E+00	  0.0000E+00	  0.0000E+00	  0.0000E+00	  0.0000E+00	  0.0000E+00	  0.0000E+00	  0.0000E+00	  0.0000E+00	  0.0000E+00	  0.0000E+00	  0.0000E+00
  0.0000E+00	  0.0000E+00	  0.0000E+00	  0.0000E+00	  0.0000E+00	  0.0000E+00	  0.0000E+00	  0.0000E+00	  0.0000E+00	  0.0000E+00	  0.0000E+00	  0.0000E+00	  0.0000E+00	  0.0000E+00	  0.0000E+00	  0.0000E+00	  0.0000E+00	  0.0000E+00	  0.0000E+00	  0.0000E+00	  0.0000E+00	  0.0000E+00	  0.0000E+00	  0.0000E+00	  0.0000E+00	  0.0000E+00	  0.0000E+00	  0.0000E+00	  0.0000E+00	  0.0000E+00	  0.0000E+00	  0.0000E+00	  0.0000E+00	  0.0000E+00	  0.0000E+00	  0.0000E+00	  0.0000E+00	  0.0000E+00	  0.0000E+00	  0.0000E+00	  0.0000E+00	  0.0000E+00	  0.0000E+00	  0.0000E+00	  0.0000E+00	  0.0000E+00	  0.0000E+00	  0.0000E+00	  0.0000E+00	  0.0000E+00	  0.0000E+00	  0.0000E+00	  0.0000E+00	  0.0000E+00	  0.0000E+00	  0.0000E+00	  0.0000E+00	  0.0000E+00	  0.0000E+00	  0.0000E+00	  0.0000E+00	  0.0000E+00	  0.0000E+00	  0.0000E+00	  0.0000E+00	  0.0000E+00	  0.0000E+00	  0.0000E+00	  0.0000E+00	  0.0000E+00	  0.0000E+00	  0.0000E+00	  0.0000E+00	  0.0000E+00	  0.0000E+00	  0.0000E+00	  0.0000E+00	  0.0000E+00	  0.0000E+00	  0.0000E+00	  0.0000E+00	  0.0000E+00	  0.0000E+00	  0.0000E+00	  0.0000E+00	  0.0000E+00	  0.0000E+00	  0.0000E+00	  0.0000E+00	  0.0000E+00	  0.0000E+00	  0.0000E+00	  0.0000E+00	  0.0000E+00	  0.0000E+00	  0.0000E+00	  0.0000E+00	  0.0000E+00	  0.0000E+00	  0.0000E+00	  0.0000E+00	  0.0000E+00	  0.0000E+00	  0.0000E+00	  0.0000E+00	  0.0000E+00	  0.0000E+00	  0.0000E+00	  0.0000E+00	  0.0000E+00	  0.0000E+00	  0.0000E+00	  0.0000E+00	  0.0000E+00	  0.0000E+00	  0.0000E+00	  0.0000E+00	  0.0000E+00	  0.0000E+00	  0.0000E+00	  0.0000E+00	  0.0000E+00	  0.0000E+00	  0.0000E+00	  0.0000E+00	  0.0000E+00	  0.0000E+00	  0.0000E+00
  0.0000E+00	  0.0000E+00	  0.0000E+00	  0.0000E+00	  0.0000E+00	  0.0000E+00	  0.0000E+00	  0.0000E+00	  0.0000E+00	  0.0000E+00	  0.0000E+00	  0.0000E+00	  0.0000E+00	  0.0000E+00	  0.0000E+00	  0.0000E+00	  0.0000E+00	  0.0000E+00	  0.0000E+00	  0.0000E+00	  0.0000E+00	  0.0000E+00	  0.0000E+00	  0.0000E+00	  0.0000E+00	  0.0000E+00	  0.0000E+00	  0.0000E+00	  0.0000E+00	  0.0000E+00	  0.0000E+00	  0.0000E+00	  0.0000E+00	  0.0000E+00	  0.0000E+00	  0.0000E+00	  0.0000E+00	  0.0000E+00	  0.0000E+00	  0.0000E+00	  0.0000E+00	  0.0000E+00	  0.0000E+00	  0.0000E+00	  0.0000E+00	  0.0000E+00	  0.0000E+00	  0.0000E+00	  0.0000E+00	  0.0000E+00	  0.0000E+00	  0.0000E+00	  0.0000E+00	  0.0000E+00	  0.0000E+00	  0.0000E+00	  0.0000E+00	  0.0000E+00	  0.0000E+00	  0.0000E+00	  0.0000E+00	  0.0000E+00	  0.0000E+00	  0.0000E+00	  0.0000E+00	  0.0000E+00	  0.0000E+00	  0.0000E+00	  0.0000E+00	  0.0000E+00	  0.0000E+00	  0.0000E+00	  0.0000E+00	  0.0000E+00	  0.0000E+00	  0.0000E+00	  0.0000E+00	  0.0000E+00	  0.0000E+00	  0.0000E+00	  0.0000E+00	  0.0000E+00	  0.0000E+00	  0.0000E+00	  0.0000E+00	  0.0000E+00	  0.0000E+00	  0.0000E+00	  0.0000E+00	  0.0000E+00	  0.0000E+00	  0.0000E+00	  0.0000E+00	  0.0000E+00	  0.0000E+00	  0.0000E+00	  0.0000E+00	  0.0000E+00	  0.0000E+00	  0.0000E+00	  0.0000E+00	  0.0000E+00	  0.0000E+00	  0.0000E+00	  0.0000E+00	  0.0000E+00	  0.0000E+00	  0.0000E+00	  0.0000E+00	  0.0000E+00	  0.0000E+00	  0.0000E+00	  0.0000E+00	  0.0000E+00	  0.0000E+00	  0.0000E+00	  0.0000E+00	  0.0000E+00	  0.0000E+00	  0.0000E+00	  0.0000E+00	  0.0000E+00	  0.0000E+00	  0.0000E+00	  0.0000E+00	  0.0000E+00	  0.0000E+00	  0.0000E+00
  0.0000E+00	  0.0000E+00	  0.0000E+00	  0.0000E+00	  0.0000E+00	  0.0000E+00	  0.0000E+00	  0.0000E+00	  0.0000E+00	  0.0000E+00	  0.0000E+00	  0.0000E+00	  0.0000E+00	  0.0000E+00	  0.0000E+00	  0.0000E+00	  0.0000E+00	  0.0000E+00	  0.0000E+00	  0.0000E+00	  0.0000E+00	  0.0000E+00	  0.0000E+00	  0.0000E+00	  0.0000E+00	  0.0000E+00	  0.0000E+00	  0.0000E+00	  0.0000E+00	  0.0000E+00	  0.0000E+00	  0.0000E+00	  0.0000E+00	  0.0000E+00	  0.0000E+00	  0.0000E+00	  0.0000E+00	  0.0000E+00	  0.0000E+00	  0.0000E+00	  0.0000E+00	  0.0000E+00	  0.0000E+00	  0.0000E+00	  0.0000E+00	  0.0000E+00	  0.0000E+00	  0.0000E+00	  0.0000E+00	  0.0000E+00	  0.0000E+00	  0.0000E+00	  0.0000E+00	  0.0000E+00	  0.0000E+00	  0.0000E+00	  0.0000E+00	  0.0000E+00	  0.0000E+00	  0.0000E+00	  0.0000E+00	  0.0000E+00	  0.0000E+00	  0.0000E+00	  0.0000E+00	  0.0000E+00	  0.0000E+00	  0.0000E+00	  0.0000E+00	  0.0000E+00	  0.0000E+00	  0.0000E+00	  0.0000E+00	  0.0000E+00	  0.0000E+00	  0.0000E+00	  0.0000E+00	  0.0000E+00	  0.0000E+00	  0.0000E+00	  0.0000E+00	  0.0000E+00	  0.0000E+00	  0.0000E+00	  0.0000E+00	  0.0000E+00	  0.0000E+00	  0.0000E+00	  0.0000E+00	  0.0000E+00	  0.0000E+00	  0.0000E+00	  0.0000E+00	  0.0000E+00	  0.0000E+00	  0.0000E+00	  0.0000E+00	  0.0000E+00	  0.0000E+00	  0.0000E+00	  0.0000E+00	  0.0000E+00	  0.0000E+00	  0.0000E+00	  0.0000E+00	  0.0000E+00	  0.0000E+00	  0.0000E+00	  0.0000E+00	  0.0000E+00	  0.0000E+00	  0.0000E+00	  0.0000E+00	  0.0000E+00	  0.0000E+00	  0.0000E+00	  0.0000E+00	  0.0000E+00	  0.0000E+00	  0.0000E+00	  0.0000E+00	  0.0000E+00	  0.0000E+00	  0.0000E+00	  0.0000E+00	  0.0000E+00	  0.0000E+00	  0.0000E+00
  0.0000E+00	  0.0000E+00	  0.0000E+00	  0.0000E+00	  0.0000E+00	  0.0000E+00	  0.0000E+00	  0.0000E+00	  0.0000E+00	  0.0000E+00	  0.0000E+00	  0.0000E+00	  0.0000E+00	  0.0000E+00	  0.0000E+00	  0.0000E+00	  0.0000E+00	  0.0000E+00	  0.0000E+00	  0.0000E+00	  0.0000E+00	  0.0000E+00	  0.0000E+00	  0.0000E+00	  0.0000E+00	  0.0000E+00	  0.0000E+00	  0.0000E+00	  0.0000E+00	  0.0000E+00	  0.0000E+00	  0.0000E+00	  0.0000E+00	  0.0000E+00	  0.0000E+00	  0.0000E+00	  0.0000E+00	  0.0000E+00	  0.0000E+00	  0.0000E+00	  0.0000E+00	  0.0000E+00	  0.0000E+00	  0.0000E+00	  0.0000E+00	  0.0000E+00	  0.0000E+00	  0.0000E+00	  0.0000E+00	  0.0000E+00	  0.0000E+00	  0.0000E+00	  0.0000E+00	  0.0000E+00	  0.0000E+00	  0.0000E+00	  0.0000E+00	  0.0000E+00	  0.0000E+00	  0.0000E+00	  0.0000E+00	  0.0000E+00	  0.0000E+00	  0.0000E+00	  0.0000E+00	  0.0000E+00	  0.0000E+00	  0.0000E+00	  0.0000E+00	  0.0000E+00	  0.0000E+00	  0.0000E+00	  0.0000E+00	  0.0000E+00	  0.0000E+00	  0.0000E+00	  0.0000E+00	  0.0000E+00	  0.0000E+00	  0.0000E+00	  0.0000E+00	  0.0000E+00	  0.0000E+00	  0.0000E+00	  0.0000E+00	  0.0000E+00	  0.0000E+00	  0.0000E+00	  0.0000E+00	  0.0000E+00	  0.0000E+00	  0.0000E+00	  0.0000E+00	  0.0000E+00	  0.0000E+00	  0.0000E+00	  0.0000E+00	  0.0000E+00	  0.0000E+00	  0.0000E+00	  0.0000E+00	  0.0000E+00	  0.0000E+00	  0.0000E+00	  0.0000E+00	  0.0000E+00	  0.0000E+00	  0.0000E+00	  0.0000E+00	  0.0000E+00	  0.0000E+00	  0.0000E+00	  0.0000E+00	  0.0000E+00	  0.0000E+00	  0.0000E+00	  0.0000E+00	  0.0000E+00	  0.0000E+00	  0.0000E+00	  0.0000E+00	  0.0000E+00	  0.0000E+00	  0.0000E+00	  0.0000E+00	  0.0000E+00	  0.0000E+00	  0.0000E+00
  0.0000E+00	  0.0000E+00	  0.0000E+00	  0.0000E+00	  0.0000E+00	  0.0000E+00	  0.0000E+00	  0.0000E+00	  0.0000E+00	  0.0000E+00	  0.0000E+00	  0.0000E+00	  0.0000E+00	  0.0000E+00	  0.0000E+00	  0.0000E+00	  0.0000E+00	  0.0000E+00	  0.0000E+00	  0.0000E+00	  0.0000E+00	  0.0000E+00	  0.0000E+00	  0.0000E+00	  0.0000E+00	  0.0000E+00	  0.0000E+00	  0.0000E+00	  0.0000E+00	  0.0000E+00	  0.0000E+00	  0.0000E+00	  0.0000E+00	  0.0000E+00	  0.0000E+00	  0.0000E+00	  0.0000E+00	  0.0000E+00	  0.0000E+00	  0.0000E+00	  0.0000E+00	  0.0000E+00	  0.0000E+00	  0.0000E+00	  0.0000E+00	  0.0000E+00	  0.0000E+00	  0.0000E+00	  0.0000E+00	  0.0000E+00	  0.0000E+00	  0.0000E+00	  0.0000E+00	  0.0000E+00	  0.0000E+00	  0.0000E+00	  0.0000E+00	  0.0000E+00	  0.0000E+00	  0.0000E+00	  0.0000E+00	  0.0000E+00	  0.0000E+00	  0.0000E+00	  0.0000E+00	  0.0000E+00	  0.0000E+00	  0.0000E+00	  0.0000E+00	  0.0000E+00	  0.0000E+00	  0.0000E+00	  0.0000E+00	  0.0000E+00	  0.0000E+00	  0.0000E+00	  0.0000E+00	  0.0000E+00	  0.0000E+00	  0.0000E+00	  0.0000E+00	  0.0000E+00	  0.0000E+00	  0.0000E+00	  0.0000E+00	  0.0000E+00	  0.0000E+00	  0.0000E+00	  0.0000E+00	  0.0000E+00	  0.0000E+00	  0.0000E+00	  0.0000E+00	  0.0000E+00	  0.0000E+00	  0.0000E+00	  0.0000E+00	  0.0000E+00	  0.0000E+00	  0.0000E+00	  0.0000E+00	  0.0000E+00	  0.0000E+00	  0.0000E+00	  0.0000E+00	  0.0000E+00	  0.0000E+00	  0.0000E+00	  0.0000E+00	  0.0000E+00	  0.0000E+00	  0.0000E+00	  0.0000E+00	  0.0000E+00	  0.0000E+00	  0.0000E+00	  0.0000E+00	  0.0000E+00	  0.0000E+00	  0.0000E+00	  0.0000E+00	  0.0000E+00	  0.0000E+00	  0.0000E+00	  0.0000E+00	  0.0000E+00	  0.0000E+00	  0.0000E+00
  0.0000E+00	  0.0000E+00	  0.0000E+00	  0.0000E+00	  0.0000E+00	  0.0000E+00	  0.0000E+00	  0.0000E+00	  0.0000E+00	  0.0000E+00	  0.0000E+00	  0.0000E+00	  0.0000E+00	  0.0000E+00	  0.0000E+00	  0.0000E+00	  0.0000E+00	  0.0000E+00	  0.0000E+00	  0.0000E+00	  0.0000E+00	  0.0000E+00	  0.0000E+00	  0.0000E+00	  0.0000E+00	  0.0000E+00	  0.0000E+00	  0.0000E+00	  0.0000E+00	  0.0000E+00	  0.0000E+00	  0.0000E+00	  0.0000E+00	  0.0000E+00	  0.0000E+00	  0.0000E+00	  0.0000E+00	  0.0000E+00	  0.0000E+00	  0.0000E+00	  0.0000E+00	  0.0000E+00	  0.0000E+00	  0.0000E+00	  0.0000E+00	  0.0000E+00	  0.0000E+00	  0.0000E+00	  0.0000E+00	  0.0000E+00	  0.0000E+00	  0.0000E+00	  0.0000E+00	  0.0000E+00	  0.0000E+00	  0.0000E+00	  0.0000E+00	  0.0000E+00	  0.0000E+00	  0.0000E+00	  0.0000E+00	  0.0000E+00	  0.0000E+00	  0.0000E+00	  0.0000E+00	  0.0000E+00	  0.0000E+00	  0.0000E+00	  0.0000E+00	  0.0000E+00	  0.0000E+00	  0.0000E+00	  0.0000E+00	  0.0000E+00	  0.0000E+00	  0.0000E+00	  0.0000E+00	  0.0000E+00	  0.0000E+00	  0.0000E+00	  0.0000E+00	  0.0000E+00	  0.0000E+00	  0.0000E+00	  0.0000E+00	  0.0000E+00	  0.0000E+00	  0.0000E+00	  0.0000E+00	  0.0000E+00	  0.0000E+00	  0.0000E+00	  0.0000E+00	  0.0000E+00	  0.0000E+00	  0.0000E+00	  0.0000E+00	  0.0000E+00	  0.0000E+00	  0.0000E+00	  0.0000E+00	  0.0000E+00	  0.0000E+00	  0.0000E+00	  0.0000E+00	  0.0000E+00	  0.0000E+00	  0.0000E+00	  0.0000E+00	  0.0000E+00	  0.0000E+00	  0.0000E+00	  0.0000E+00	  0.0000E+00	  0.0000E+00	  0.0000E+00	  0.0000E+00	  0.0000E+00	  0.0000E+00	  0.0000E+00	  0.0000E+00	  0.0000E+00	  0.0000E+00	  0.0000E+00	  0.0000E+00	  0.0000E+00	  0.0000E+00	  0.0000E+00
  0.0000E+00	  0.0000E+00	  0.0000E+00	  0.0000E+00	  0.0000E+00	  0.0000E+00	  0.0000E+00	  0.0000E+00	  0.0000E+00	  0.0000E+00	  0.0000E+00	  0.0000E+00	  0.0000E+00	  0.0000E+00	  0.0000E+00	  0.0000E+00	  0.0000E+00	  0.0000E+00	  0.0000E+00	  0.0000E+00	  0.0000E+00	  0.0000E+00	  0.0000E+00	  0.0000E+00	  0.0000E+00	  0.0000E+00	  0.0000E+00	  0.0000E+00	  0.0000E+00	  0.0000E+00	  0.0000E+00	  0.0000E+00	  0.0000E+00	  0.0000E+00	  0.0000E+00	  0.0000E+00	  0.0000E+00	  0.0000E+00	  0.0000E+00	  0.0000E+00	  0.0000E+00	  0.0000E+00	  0.0000E+00	  0.0000E+00	  0.0000E+00	  0.0000E+00	  0.0000E+00	  0.0000E+00	  0.0000E+00	  0.0000E+00	  0.0000E+00	  0.0000E+00	  0.0000E+00	  0.0000E+00	  0.0000E+00	  0.0000E+00	  0.0000E+00	  0.0000E+00	  0.0000E+00	  0.0000E+00	  0.0000E+00	  0.0000E+00	  0.0000E+00	  0.0000E+00	  0.0000E+00	  0.0000E+00	  0.0000E+00	  0.0000E+00	  0.0000E+00	  0.0000E+00	  0.0000E+00	  0.0000E+00	  0.0000E+00	  0.0000E+00	  0.0000E+00	  0.0000E+00	  0.0000E+00	  0.0000E+00	  0.0000E+00	  0.0000E+00	  0.0000E+00	  0.0000E+00	  0.0000E+00	  0.0000E+00	  0.0000E+00	  0.0000E+00	  0.0000E+00	  0.0000E+00	  0.0000E+00	  0.0000E+00	  0.0000E+00	  0.0000E+00	  0.0000E+00	  0.0000E+00	  0.0000E+00	  0.0000E+00	  0.0000E+00	  0.0000E+00	  0.0000E+00	  0.0000E+00	  0.0000E+00	  0.0000E+00	  0.0000E+00	  0.0000E+00	  0.0000E+00	  0.0000E+00	  0.0000E+00	  0.0000E+00	  0.0000E+00	  0.0000E+00	  0.0000E+00	  0.0000E+00	  0.0000E+00	  0.0000E+00	  0.0000E+00	  0.0000E+00	  0.0000E+00	  0.0000E+00	  0.0000E+00	  0.0000E+00	  0.0000E+00	  0.0000E+00	  0.0000E+00	  0.0000E+00	  0.0000E+00	  0.0000E+00	  0.0000E+00	  0.0000E+00
  0.0000E+00	  0.0000E+00	  0.0000E+00	  0.0000E+00	  0.0000E+00	  0.0000E+00	  0.0000E+00	  0.0000E+00	  0.0000E+00	  0.0000E+00	  0.0000E+00	  0.0000E+00	  0.0000E+00	  0.0000E+00	  0.0000E+00	  0.0000E+00	  0.0000E+00	  0.0000E+00	  0.0000E+00	  0.0000E+00	  0.0000E+00	  0.0000E+00	  0.0000E+00	  0.0000E+00	  0.0000E+00	  0.0000E+00	  0.0000E+00	  0.0000E+00	  0.0000E+00	  0.0000E+00	  0.0000E+00	  0.0000E+00	  0.0000E+00	  0.0000E+00	  0.0000E+00	  0.0000E+00	  0.0000E+00	  0.0000E+00	  0.0000E+00	  0.0000E+00	  0.0000E+00	  0.0000E+00	  0.0000E+00	  0.0000E+00	  0.0000E+00	  0.0000E+00	  0.0000E+00	  0.0000E+00	  0.0000E+00	  0.0000E+00	  0.0000E+00	  0.0000E+00	  0.0000E+00	  0.0000E+00	  0.0000E+00	  0.0000E+00	  0.0000E+00	  0.0000E+00	  0.0000E+00	  0.0000E+00	  0.0000E+00	  0.0000E+00	  0.0000E+00	  0.0000E+00	  0.0000E+00	  0.0000E+00	  0.0000E+00	  0.0000E+00	  0.0000E+00	  0.0000E+00	  0.0000E+00	  0.0000E+00	  0.0000E+00	  0.0000E+00	  0.0000E+00	  0.0000E+00	  0.0000E+00	  0.0000E+00	  0.0000E+00	  0.0000E+00	  0.0000E+00	  0.0000E+00	  0.0000E+00	  0.0000E+00	  0.0000E+00	  0.0000E+00	  0.0000E+00	  0.0000E+00	  0.0000E+00	  0.0000E+00	  0.0000E+00	  0.0000E+00	  0.0000E+00	  0.0000E+00	  0.0000E+00	  0.0000E+00	  0.0000E+00	  0.0000E+00	  0.0000E+00	  0.0000E+00	  0.0000E+00	  0.0000E+00	  0.0000E+00	  0.0000E+00	  0.0000E+00	  0.0000E+00	  0.0000E+00	  0.0000E+00	  0.0000E+00	  0.0000E+00	  0.0000E+00	  0.0000E+00	  0.0000E+00	  0.0000E+00	  0.0000E+00	  0.0000E+00	  0.0000E+00	  0.0000E+00	  0.0000E+00	  0.0000E+00	  0.0000E+00	  0.0000E+00	  0.0000E+00	  0.0000E+00	  0.0000E+00	  0.0000E+00	  0.0000E+00	  0.0000E+00
  0.0000E+00	  0.0000E+00	  0.0000E+00	  0.0000E+00	  0.0000E+00	  0.0000E+00	  0.0000E+00	  0.0000E+00	  0.0000E+00	  0.0000E+00	  0.0000E+00	  0.0000E+00	  0.0000E+00	  0.0000E+00	  0.0000E+00	  0.0000E+00	  0.0000E+00	  0.0000E+00	  0.0000E+00	  0.0000E+00	  0.0000E+00	  0.0000E+00	  0.0000E+00	  0.0000E+00	  0.0000E+00	  0.0000E+00	  0.0000E+00	  0.0000E+00	  0.0000E+00	  0.0000E+00	  0.0000E+00	  0.0000E+00	  0.0000E+00	  0.0000E+00	  0.0000E+00	  0.0000E+00	  0.0000E+00	  0.0000E+00	  0.0000E+00	  0.0000E+00	  0.0000E+00	  0.0000E+00	  0.0000E+00	  0.0000E+00	  0.0000E+00	  0.0000E+00	  0.0000E+00	  0.0000E+00	  0.0000E+00	  0.0000E+00	  0.0000E+00	  0.0000E+00	  0.0000E+00	  0.0000E+00	  0.0000E+00	  0.0000E+00	  0.0000E+00	  0.0000E+00	  0.0000E+00	  0.0000E+00	  0.0000E+00	  0.0000E+00	  0.0000E+00	  0.0000E+00	  0.0000E+00	  0.0000E+00	  0.0000E+00	  0.0000E+00	  0.0000E+00	  0.0000E+00	  0.0000E+00	  0.0000E+00	  0.0000E+00	  0.0000E+00	  0.0000E+00	  0.0000E+00	  0.0000E+00	  0.0000E+00	  0.0000E+00	  0.0000E+00	  0.0000E+00	  0.0000E+00	  0.0000E+00	  0.0000E+00	  0.0000E+00	  0.0000E+00	  0.0000E+00	  0.0000E+00	  0.0000E+00	  0.0000E+00	  0.0000E+00	  0.0000E+00	  0.0000E+00	  0.0000E+00	  0.0000E+00	  0.0000E+00	  0.0000E+00	  0.0000E+00	  0.0000E+00	  0.0000E+00	  0.0000E+00	  0.0000E+00	  0.0000E+00	  0.0000E+00	  0.0000E+00	  0.0000E+00	  0.0000E+00	  0.0000E+00	  0.0000E+00	  0.0000E+00	  0.0000E+00	  0.0000E+00	  0.0000E+00	  0.0000E+00	  0.0000E+00	  0.0000E+00	  0.0000E+00	  0.0000E+00	  0.0000E+00	  0.0000E+00	  0.0000E+00	  0.0000E+00	  0.0000E+00	  0.0000E+00	  0.0000E+00	  0.0000E+00	  0.0000E+00	  0.0000E+00
  0.0000E+00	  0.0000E+00	  0.0000E+00	  0.0000E+00	  0.0000E+00	  0.0000E+00	  0.0000E+00	  0.0000E+00	  0.0000E+00	  0.0000E+00	  0.0000E+00	  0.0000E+00	  0.0000E+00	  0.0000E+00	  0.0000E+00	  0.0000E+00	  0.0000E+00	  0.0000E+00	  0.0000E+00	  0.0000E+00	  0.0000E+00	  0.0000E+00	  0.0000E+00	  0.0000E+00	  0.0000E+00	  0.0000E+00	  0.0000E+00	  0.0000E+00	  0.0000E+00	  0.0000E+00	  0.0000E+00	  0.0000E+00	  0.0000E+00	  0.0000E+00	  0.0000E+00	  0.0000E+00	  0.0000E+00	  0.0000E+00	  0.0000E+00	  0.0000E+00	  0.0000E+00	  0.0000E+00	  0.0000E+00	  0.0000E+00	  0.0000E+00	  0.0000E+00	  0.0000E+00	  0.0000E+00	  0.0000E+00	  0.0000E+00	  0.0000E+00	  0.0000E+00	  0.0000E+00	  0.0000E+00	  0.0000E+00	  2.4404E-02	  1.2775E-02	  0.0000E+00	  0.0000E+00	  0.0000E+00	  0.0000E+00	  0.0000E+00	  0.0000E+00	  0.0000E+00	  0.0000E+00	  0.0000E+00	  0.0000E+00	  0.0000E+00	  1.1084E-01	  3.8762E-02	  0.0000E+00	  0.0000E+00	  0.0000E+00	  0.0000E+00	  0.0000E+00	  0.0000E+00	  0.0000E+00	  0.0000E+00	  0.0000E+00	  0.0000E+00	  0.0000E+00	  0.0000E+00	  0.0000E+00	  0.0000E+00	  0.0000E+00	  0.0000E+00	  0.0000E+00	  0.0000E+00	  0.0000E+00	  0.0000E+00	  0.0000E+00	  0.0000E+00	  0.0000E+00	  0.0000E+00	  0.0000E+00	  0.0000E+00	  0.0000E+00	  0.0000E+00	  0.0000E+00	  0.0000E+00	  0.0000E+00	  0.0000E+00	  0.0000E+00	  0.0000E+00	  0.0000E+00	  0.0000E+00	  0.0000E+00	  0.0000E+00	  0.0000E+00	  0.0000E+00	  0.0000E+00	  0.0000E+00	  0.0000E+00	  0.0000E+00	  0.0000E+00	  0.0000E+00	  0.0000E+00	  0.0000E+00	  0.0000E+00	  0.0000E+00	  0.0000E+00	  0.0000E+00	  0.0000E+00	  0.0000E+00	  0.0000E+00	  0.0000E+00	  0.0000E+00	  0.0000E+00
  0.0000E+00	  0.0000E+00	  0.0000E+00	  0.0000E+00	  0.0000E+00	  0.0000E+00	  0.0000E+00	  0.0000E+00	  0.0000E+00	  0.0000E+00	  0.0000E+00	  0.0000E+00	  0.0000E+00	  0.0000E+00	  0.0000E+00	  0.0000E+00	  0.0000E+00	  0.0000E+00	  0.0000E+00	  0.0000E+00	  0.0000E+00	  0.0000E+00	  0.0000E+00	  0.0000E+00	  0.0000E+00	  0.0000E+00	  0.0000E+00	  0.0000E+00	  0.0000E+00	  0.0000E+00	  0.0000E+00	  0.0000E+00	  0.0000E+00	  0.0000E+00	  0.0000E+00	  0.0000E+00	  0.0000E+00	  0.0000E+00	  0.0000E+00	  0.0000E+00	  0.0000E+00	  0.0000E+00	  0.0000E+00	  0.0000E+00	  0.0000E+00	  0.0000E+00	  0.0000E+00	  0.0000E+00	  0.0000E+00	  0.0000E+00	  0.0000E+00	  4.2499E-03	  8.1308E-01	  4.9838E-03	  0.0000E+00	  1.9586E+00	  1.3419E+00	  9.4891E-01	  4.9696E-01	  1.8696E-02	  0.0000E+00	  0.0000E+00	  0.0000E+00	  0.0000E+00	  0.0000E+00	  0.0000E+00	  0.0000E+00	  0.0000E+00	  1.2372E+00	  1.5916E+00	  5.1777E-01	  4.3590E-01	  1.9987E-01	  0.0000E+00	  0.0000E+00	  0.0000E+00	  0.0000E+00	  0.0000E+00	  0.0000E+00	  0.0000E+00	  0.0000E+00	  0.0000E+00	  0.0000E+00	  0.0000E+00	  0.0000E+00	  0.0000E+00	  0.0000E+00	  0.0000E+00	  0.0000E+00	  0.0000E+00	  0.0000E+00	  0.0000E+00	  0.0000E+00	  0.0000E+00	  0.0000E+00	  0.0000E+00	  0.0000E+00	  0.0000E+00	  0.0000E+00	  0.0000E+00	  0.0000E+00	  0.0000E+00	  0.0000E+00	  0.0000E+00	  0.0000E+00	  0.0000E+00	  0.0000E+00	  0.0000E+00	  0.0000E+00	  0.0000E+00	  0.0000E+00	  0.0000E+00	  0.0000E+00	  0.0000E+00	  0.0000E+00	  0.0000E+00	  0.0000E+00	  0.0000E+00	  0.0000E+00	  0.0000E+00	  0.0000E+00	  0.0000E+00	  0.0000E+00	  0.0000E+00	  0.0000E+00	  0.0000E+00	  0.0000E+00	  0.0000E+00
  0.0000E+00	  0.0000E+00	  0.0000E+00	  0.0000E+00	  0.0000E+00	  0.0000E+00	  0.0000E+00	  0.0000E+00	  0.0000E+00	  0.0000E+00	  0.0000E+00	  0.0000E+00	  0.0000E+00	  0.0000E+00	  0.0000E+00	  0.0000E+00	  0.0000E+00	  0.0000E+00	  0.0000E+00	  0.0000E+00	  0.0000E+00	  0.0000E+00	  0.0000E+00	  0.0000E+00	  0.0000E+00	  0.0000E+00	  0.0000E+00	  0.0000E+00	  0.0000E+00	  0.0000E+00	  0.0000E+00	  0.0000E+00	  0.0000E+00	  0.0000E+00	  0.0000E+00	  0.0000E+00	  0.0000E+00	  0.0000E+00	  0.0000E+00	  0.0000E+00	  0.0000E+00	  0.0000E+00	  0.0000E+00	  0.0000E+00	  0.0000E+00	  0.0000E+00	  0.0000E+00	  0.0000E+00	  0.0000E+00	  5.4705E-02	  4.6042E-02	  2.8150E-01	  1.7084E+00	  2.9724E-01	  2.1988E-01	  1.1850E+00	  2.1682E+00	  1.5839E+00	  1.5750E+00	  1.8967E-01	  9.3014E-01	  1.9187E+00	  1.5203E+00	  2.1156E-01	  0.0000E+00	  1.2364E+00	  2.1097E+00	  1.2456E+00	  1.2598E+00	  2.9398E+00	  4.0537E+00	  2.9212E+00	  1.3477E+00	  5.5987E-01	  4.1815E-01	  0.0000E+00	  0.0000E+00	  0.0000E+00	  0.0000E+00	  0.0000E+00	  0.0000E+00	  0.0000E+00	  0.0000E+00	  0.0000E+00	  0.0000E+00	  0.0000E+00	  0.0000E+00	  0.0000E+00	  0.0000E+00	  0.0000E+00	  0.0000E+00	  0.0000E+00	  0.0000E+00	  0.0000E+00	  0.0000E+00	  0.0000E+00	  0.0000E+00	  0.0000E+00	  0.0000E+00	  0.0000E+00	  0.0000E+00	  0.0000E+00	  0.0000E+00	  0.0000E+00	  0.0000E+00	  0.0000E+00	  0.0000E+00	  0.0000E+00	  0.0000E+00	  0.0000E+00	  0.0000E+00	  0.0000E+00	  0.0000E+00	  0.0000E+00	  0.0000E+00	  0.0000E+00	  0.0000E+00	  0.0000E+00	  0.0000E+00	  0.0000E+00	  0.0000E+00	  0.0000E+00	  0.0000E+00	  0.0000E+00	  0.0000E+00	  0.0000E+00	  0.0000E+00	  0.0000E+00
  0.0000E+00	  0.0000E+00	  0.0000E+00	  0.0000E+00	  0.0000E+00	  0.0000E+00	  0.0000E+00	  0.0000E+00	  0.0000E+00	  0.0000E+00	  0.0000E+00	  0.0000E+00	  0.0000E+00	  0.0000E+00	  0.0000E+00	  0.0000E+00	  0.0000E+00	  0.0000E+00	  0.0000E+00	  0.0000E+00	  0.0000E+00	  0.0000E+00	  0.0000E+00	  0.0000E+00	  0.0000E+00	  0.0000E+00	  0.0000E+00	  0.0000E+00	  0.0000E+00	  0.0000E+00	  0.0000E+00	  0.0000E+00	  0.0000E+00	  0.0000E+00	  0.0000E+00	  0.0000E+00	  0.0000E+00	  0.0000E+00	  0.0000E+00	  0.0000E+00	  0.0000E+00	  0.0000E+00	  0.0000E+00	  0.0000E+00	  0.0000E+00	  0.0000E+00	  0.0000E+00	  0.0000E+00	  0.0000E+00	  9.2239E-01	  3.7752E-01	  1.3137E+00	  2.6960E+00	  3.6179E+00	  4.5725E+00	  1.6055E+00	  4.7661E+00	  3.7119E+00	  1.7511E+00	  4.3155E+00	  6.4314E+00	  8.7258E+00	  5.1864E+00	  6.1164E+00	  3.3540E+00	  6.0653E+00	  9.9495E+00	  9.3216E+00	  6.6670E+00	  9.3598E+00	  1.3260E+01	  1.0096E+01	  4.1845E+00	  2.2170E+00	  1.9427E+00	  1.3350E+00	  1.0739E+00	  2.5315E-01	  1.7096E-03	  0.0000E+00	  0.0000E+00	  0.0000E+00	  0.0000E+00	  0.0000E+00	  0.0000E+00	  0.0000E+00	  0.0000E+00	  0.0000E+00	  0.0000E+00	  0.0000E+00	  0.0000E+00	  0.0000E+00	  0.0000E+00	  0.0000E+00	  0.0000E+00	  0.0000E+00	  0.0000E+00	  0.0000E+00	  0.0000E+00	  0.0000E+00	  0.0000E+00	  0.0000E+00	  0.0000E+00	  0.0000E+00	  0.0000E+00	  0.0000E+00	  0.0000E+00	  0.0000E+00	  0.0000E+00	  0.0000E+00	  0.0000E+00	  0.0000E+00	  0.0000E+00	  0.0000E+00	  0.0000E+00	  0.0000E+00	  0.0000E+00	  0.0000E+00	  0.0000E+00	  0.0000E+00	  0.0000E+00	  0.0000E+00	  0.0000E+00	  0.0000E+00	  0.0000E+00	  0.0000E+00	  0.0000E+00	  0.0000E+00
  0.0000E+00	  0.0000E+00	  0.0000E+00	  0.0000E+00	  0.0000E+00	  0.0000E+00	  0.0000E+00	  0.0000E+00	  0.0000E+00	  0.0000E+00	  0.0000E+00	  0.0000E+00	  0.0000E+00	  0.0000E+00	  0.0000E+00	  0.0000E+00	  0.0000E+00	  0.0000E+00	  0.0000E+00	  0.0000E+00	  0.0000E+00	  0.0000E+00	  0.0000E+00	  0.0000E+00	  0.0000E+00	  0.0000E+00	  0.0000E+00	  0.0000E+00	  0.0000E+00	  0.0000E+00	  0.0000E+00	  0.0000E+00	  0.0000E+00	  0.0000E+00	  0.0000E+00	  0.0000E+00	  0.0000E+00	  5.0727E-01	  7.7274E-01	  0.0000E+00	  0.0000E+00	  0.0000E+00	  0.0000E+00	  5.2849E-02	  2.6669E-01	  8.6532E-01	  4.9045E-01	  1.0180E-01	  3.6883E-02	  9.8872E-01	  1.9331E+00	  5.3793E+00	  7.8465E+00	  1.0867E+01	  9.0383E+00	  5.0148E+00	  1.0173E+01	  9.6233E+00	  7.3317E+00	  1.2772E+01	  1.9203E+01	  2.4570E+01	  2.4802E+01	  2.2222E+01	  2.8736E+01	  1.7388E+01	  2.1093E+01	  2.4832E+01	  2.5407E+01	  2.4789E+01	  3.5967E+01	  2.6017E+01	  1.7082E+01	  1.2948E+01	  1.0698E+01	  1.3161E+01	  8.5693E+00	  6.3402E+00	  1.2549E+00	  4.8458E-01	  1.0673E-02	  0.0000E+00	  0.0000E+00	  0.0000E+00	  0.0000E+00	  0.0000E+00	  0.0000E+00	  0.0000E+00	  0.0000E+00	  0.0000E+00	  0.0000E+00	  0.0000E+00	  0.0000E+00	  0.0000E+00	  0.0000E+00	  0.0000E+00	  0.0000E+00	  0.0000E+00	  0.0000E+00	  0.0000E+00	  0.0000E+00	  0.0000E+00	  0.0000E+00	  0.0000E+00	  0.0000E+00	  0.0000E+00	  0.0000E+00	  0.0000E+00	  0.0000E+00	  0.0000E+00	  0.0000E+00	  0.0000E+00	  0.0000E+00	  0.0000E+00	  0.0000E+00	  0.0000E+00	  0.0000E+00	  0.0000E+00	  0.0000E+00	  0.0000E+00	  0.0000E+00	  0.0000E+00	  0.0000E+00	  0.0000E+00	  0.0000E+00	  0.0000E+00	  0.0000E+00	  0.0000E+00
  0.0000E+00	  0.0000E+00	  0.0000E+00	  0.0000E+00	  0.0000E+00	  0.0000E+00	  0.0000E+00	  0.0000E+00	  0.0000E+00	  0.0000E+00	  0.0000E+00	  0.0000E+00	  0.0000E+00	  0.0000E+00	  0.0000E+00	  0.0000E+00	  0.0000E+00	  0.0000E+00	  0.0000E+00	  0.0000E+00	  0.0000E+00	  0.0000E+00	  0.0000E+00	  0.0000E+00	  0.0000E+00	  0.0000E+00	  0.0000E+00	  0.0000E+00	  0.0000E+00	  0.0000E+00	  0.0000E+00	  0.0000E+00	  0.0000E+00	  0.0000E+00	  0.0000E+00	  0.0000E+00	  1.1761E-02	  3.8048E-01	  4.8458E-01	  7.8918E-03	  0.0000E+00	  0.0000E+00	  0.0000E+00	  1.1366E+00	  2.6731E+00	  2.0155E+00	  2.5208E+00	  4.4905E+00	  4.8625E+00	  4.0903E+00	  7.5402E+00	  1.3243E+01	  1.7252E+01	  2.6433E+01	  1.8105E+01	  2.2147E+01	  3.3035E+01	  3.3063E+01	  3.8132E+01	  4.1204E+01	  5.5747E+01	  6.1292E+01	  6.4304E+01	  6.2894E+01	  6.6049E+01	  6.4472E+01	  7.1551E+01	  6.7570E+01	  8.7933E+01	  7.5722E+01	  6.8621E+01	  6.0694E+01	  4.7479E+01	  3.2026E+01	  3.2685E+01	  2.7399E+01	  2.2637E+01	  1.7256E+01	  6.4411E+00	  8.7194E-01	  1.9650E-01	  4.4441E-02	  5.6642E-02	  0.0000E+00	  0.0000E+00	  0.0000E+00	  0.0000E+00	  0.0000E+00	  0.0000E+00	  0.0000E+00	  0.0000E+00	  0.0000E+00	  0.0000E+00	  0.0000E+00	  0.0000E+00	  0.0000E+00	  0.0000E+00	  0.0000E+00	  0.0000E+00	  0.0000E+00	  0.0000E+00	  0.0000E+00	  0.0000E+00	  0.0000E+00	  0.0000E+00	  0.0000E+00	  0.0000E+00	  0.0000E+00	  0.0000E+00	  0.0000E+00	  0.0000E+00	  0.0000E+00	  0.0000E+00	  0.0000E+00	  0.0000E+00	  0.0000E+00	  0.0000E+00	  0.0000E+00	  0.0000E+00	  0.0000E+00	  0.0000E+00	  0.0000E+00	  0.0000E+00	  0.0000E+00	  0.0000E+00	  0.0000E+00	  0.0000E+00	  0.0000E+00
  0.0000E+00	  0.0000E+00	  0.0000E+00	  0.0000E+00	  0.0000E+00	  0.0000E+00	  0.0000E+00	  0.0000E+00	  0.0000E+00	  0.0000E+00	  0.0000E+00	  0.0000E+00	  0.0000E+00	  0.0000E+00	  0.0000E+00	  0.0000E+00	  0.0000E+00	  0.0000E+00	  0.0000E+00	  0.0000E+00	  0.0000E+00	  0.0000E+00	  0.0000E+00	  0.0000E+00	  0.0000E+00	  0.0000E+00	  0.0000E+00	  0.0000E+00	  0.0000E+00	  0.0000E+00	  0.0000E+00	  0.0000E+00	  0.0000E+00	  0.0000E+00	  0.0000E+00	  0.0000E+00	  2.4905E-01	  7.0518E-01	  1.2067E+00	  1.0381E+00	  2.4270E+00	  6.1089E-01	  7.2678E-01	  2.8503E+00	  3.6510E+00	  3.8923E+00	  4.2615E+00	  7.6047E+00	  1.0587E+01	  1.7971E+01	  3.1002E+01	  3.0058E+01	  3.2062E+01	  3.3222E+01	  3.9150E+01	  4.9298E+01	  6.0872E+01	  6.5847E+01	  8.4305E+01	  9.3142E+01	  1.1043E+02	  1.3829E+02	  1.3884E+02	  1.3886E+02	  1.1599E+02	  1.3762E+02	  1.2833E+02	  1.2415E+02	  1.4411E+02	  1.4794E+02	  1.1680E+02	  1.2542E+02	  1.0972E+02	  9.8852E+01	  7.7464E+01	  6.3624E+01	  5.6291E+01	  4.2049E+01	  2.9210E+01	  1.6966E+01	  7.1733E+00	  3.9423E+00	  1.1816E+00	  1.3650E-03	  0.0000E+00	  0.0000E+00	  0.0000E+00	  0.0000E+00	  0.0000E+00	  0.0000E+00	  0.0000E+00	  0.0000E+00	  0.0000E+00	  0.0000E+00	  0.0000E+00	  0.0000E+00	  0.0000E+00	  0.0000E+00	  0.0000E+00	  0.0000E+00	  0.0000E+00	  0.0000E+00	  0.0000E+00	  0.0000E+00	  0.0000E+00	  0.0000E+00	  0.0000E+00	  0.0000E+00	  0.0000E+00	  0.0000E+00	  0.0000E+00	  0.0000E+00	  0.0000E+00	  0.0000E+00	  0.0000E+00	  0.0000E+00	  0.0000E+00	  0.0000E+00	  0.0000E+00	  0.0000E+00	  0.0000E+00	  0.0000E+00	  0.0000E+00	  0.0000E+00	  0.0000E+00	  0.0000E+00	  0.0000E+00	  0.0000E+00
  0.0000E+00	  0.0000E+00	  0.0000E+00	  0.0000E+00	  0.0000E+00	  0.0000E+00	  0.0000E+00	  0.0000E+00	  0.0000E+00	  0.0000E+00	  0.0000E+00	  0.0000E+00	  0.0000E+00	  0.0000E+00	  0.0000E+00	  0.0000E+00	  0.0000E+00	  0.0000E+00	  0.0000E+00	  0.0000E+00	  0.0000E+00	  0.0000E+00	  0.0000E+00	  0.0000E+00	  0.0000E+00	  0.0000E+00	  0.0000E+00	  0.0000E+00	  0.0000E+00	  0.0000E+00	  0.0000E+00	  0.0000E+00	  0.0000E+00	  0.0000E+00	  0.0000E+00	  0.0000E+00	  0.0000E+00	  2.4197E-01	  3.9926E-01	  5.1690E-01	  2.1502E+00	  2.2375E+00	  2.8444E+00	  5.4735E+00	  7.4155E+00	  9.6441E+00	  1.1301E+01	  2.0616E+01	  4.0668E+01	  4.9402E+01	  5.3049E+01	  5.9751E+01	  6.7794E+01	  6.9258E+01	  8.2135E+01	  8.1068E+01	  9.7486E+01	  9.2321E+01	  1.2677E+02	  1.4709E+02	  1.5849E+02	  1.8558E+02	  1.8952E+02	  1.8398E+02	  2.0409E+02	  2.0473E+02	  1.9731E+02	  1.7433E+02	  2.0419E+02	  2.0619E+02	  1.9141E+02	  1.9646E+02	  1.8547E+02	  2.1250E+02	  1.7016E+02	  1.5211E+02	  1.2546E+02	  9.9804E+01	  7.3970E+01	  4.8015E+01	  3.0804E+01	  1.1789E+01	  3.1242E+00	  1.3116E+00	  1.5063E-01	  0.0000E+00	  0.0000E+00	  0.0000E+00	  0.0000E+00	  0.0000E+00	  0.0000E+00	  0.0000E+00	  0.0000E+00	  0.0000E+00	  0.0000E+00	  0.0000E+00	  0.0000E+00	  0.0000E+00	  0.0000E+00	  0.0000E+00	  0.0000E+00	  0.0000E+00	  0.0000E+00	  0.0000E+00	  0.0000E+00	  0.0000E+00	  0.0000E+00	  0.0000E+00	  0.0000E+00	  0.0000E+00	  0.0000E+00	  0.0000E+00	  0.0000E+00	  0.0000E+00	  0.0000E+00	  0.0000E+00	  0.0000E+00	  0.0000E+00	  0.0000E+00	  0.0000E+00	  0.0000E+00	  0.0000E+00	  0.0000E+00	  0.0000E+00	  0.0000E+00	  0.0000E+00	  0.0000E+00	  0.0000E+00
  0.0000E+00	  0.0000E+00	  0.0000E+00	  0.0000E+00	  0.0000E+00	  0.0000E+00	  0.0000E+00	  0.0000E+00	  0.0000E+00	  0.0000E+00	  0.0000E+00	  0.0000E+00	  0.0000E+00	  0.0000E+00	  0.0000E+00	  0.0000E+00	  0.0000E+00	  0.0000E+00	  0.0000E+00	  0.0000E+00	  0.0000E+00	  0.0000E+00	  0.0000E+00	  0.0000E+00	  0.0000E+00	  0.0000E+00	  0.0000E+00	  0.0000E+00	  0.0000E+00	  0.0000E+00	  0.0000E+00	  0.0000E+00	  0.0000E+00	  3.2906E-01	  1.9993E-01	  0.0000E+00	  0.0000E+00	  1.0299E+00	  4.4719E+00	  3.8215E+00	  4.8847E+00	  5.9523E+00	  1.5554E+01	  1.7066E+01	  2.5008E+01	  2.8650E+01	  4.1807E+01	  4.6963E+01	  5.9005E+01	  6.6243E+01	  9.4284E+01	  1.0669E+02	  1.1538E+02	  1.2218E+02	  1.3021E+02	  1.2351E+02	  1.1959E+02	  1.1970E+02	  1.4452E+02	  1.7362E+02	  1.9665E+02	  2.1246E+02	  2.3666E+02	  2.2472E+02	  2.3092E+02	  2.2532E+02	  2.0647E+02	  2.1794E+02	  2.4460E+02	  2.5031E+02	  2.6764E+02	  2.9160E+02	  2.7026E+02	  2.6990E+02	  2.6497E+02	  2.2741E+02	  2.0756E+02	  1.6921E+02	  1.3390E+02	  8.6961E+01	  5.9241E+01	  2.9786E+01	  8.9309E+00	  5.1348E+00	  1.9184E+00	  3.7234E-02	  0.0000E+00	  0.0000E+00	  0.0000E+00	  0.0000E+00	  0.0000E+00	  0.0000E+00	  0.0000E+00	  0.0000E+00	  0.0000E+00	  0.0000E+00	  0.0000E+00	  0.0000E+00	  0.0000E+00	  0.0000E+00	  0.0000E+00	  0.0000E+00	  0.0000E+00	  0.0000E+00	  0.0000E+00	  0.0000E+00	  0.0000E+00	  0.0000E+00	  0.0000E+00	  0.0000E+00	  0.0000E+00	  0.0000E+00	  0.0000E+00	  0.0000E+00	  0.0000E+00	  0.0000E+00	  0.0000E+00	  0.0000E+00	  0.0000E+00	  0.0000E+00	  0.0000E+00	  0.0000E+00	  0.0000E+00	  0.0000E+00	  0.0000E+00	  0.0000E+00	  0.0000E+00	  0.0000E+00
  0.0000E+00	  0.0000E+00	  0.0000E+00	  0.0000E+00	  0.0000E+00	  0.0000E+00	  0.0000E+00	  0.0000E+00	  0.0000E+00	  0.0000E+00	  0.0000E+00	  0.0000E+00	  0.0000E+00	  0.0000E+00	  0.0000E+00	  0.0000E+00	  0.0000E+00	  0.0000E+00	  0.0000E+00	  0.0000E+00	  0.0000E+00	  0.0000E+00	  0.0000E+00	  0.0000E+00	  0.0000E+00	  0.0000E+00	  0.0000E+00	  0.0000E+00	  0.0000E+00	  0.0000E+00	  0.0000E+00	  0.0000E+00	  0.0000E+00	  2.9248E-01	  1.7771E-01	  3.8100E-02	  3.2673E-01	  2.7941E+00	  8.9121E+00	  8.9620E+00	  1.3721E+01	  1.4583E+01	  2.1991E+01	  3.2255E+01	  4.5795E+01	  6.3122E+01	  6.7968E+01	  9.0537E+01	  1.0767E+02	  1.1329E+02	  1.5471E+02	  1.6718E+02	  1.7491E+02	  1.7984E+02	  1.6924E+02	  1.6837E+02	  1.7456E+02	  1.8116E+02	  2.1056E+02	  2.0844E+02	  2.3020E+02	  2.3503E+02	  2.4005E+02	  2.5691E+02	  2.5771E+02	  2.6027E+02	  2.8838E+02	  2.8275E+02	  2.5822E+02	  2.5630E+02	  3.0208E+02	  3.4357E+02	  3.2906E+02	  3.2270E+02	  3.1352E+02	  3.0763E+02	  3.0718E+02	  2.5822E+02	  2.1514E+02	  1.4027E+02	  9.4082E+01	  5.9184E+01	  2.8933E+01	  1.4274E+01	  4.2645E+00	  4.7861E-01	  5.2344E-02	  9.1223E-03	  0.0000E+00	  0.0000E+00	  0.0000E+00	  0.0000E+00	  0.0000E+00	  0.0000E+00	  0.0000E+00	  0.0000E+00	  0.0000E+00	  0.0000E+00	  0.0000E+00	  0.0000E+00	  0.0000E+00	  0.0000E+00	  0.0000E+00	  0.0000E+00	  0.0000E+00	  0.0000E+00	  0.0000E+00	  0.0000E+00	  0.0000E+00	  0.0000E+00	  0.0000E+00	  0.0000E+00	  0.0000E+00	  0.0000E+00	  0.0000E+00	  0.0000E+00	  0.0000E+00	  0.0000E+00	  0.0000E+00	  0.0000E+00	  0.0000E+00	  0.0000E+00	  0.0000E+00	  0.0000E+00	  0.0000E+00	  0.0000E+00	  0.0000E+00	  0.0000E+00
  0.0000E+00	  0.0000E+00	  0.0000E+00	  0.0000E+00	  0.0000E+00	  0.0000E+00	  0.0000E+00	  0.0000E+00	  0.0000E+00	  0.0000E+00	  0.0000E+00	  0.0000E+00	  0.0000E+00	  0.0000E+00	  0.0000E+00	  0.0000E+00	  0.0000E+00	  0.0000E+00	  0.0000E+00	  0.0000E+00	  0.0000E+00	  0.0000E+00	  0.0000E+00	  0.0000E+00	  0.0000E+00	  0.0000E+00	  0.0000E+00	  0.0000E+00	  0.0000E+00	  0.0000E+00	  0.0000E+00	  0.0000E+00	  1.8185E-01	  2.6483E-01	  5.6208E-01	  1.4374E+00	  3.7183E+00	  2.7632E+00	  7.0684E+00	  9.7358E+00	  2.2049E+01	  3.2547E+01	  4.0193E+01	  6.0223E+01	  8.0341E+01	  1.1616E+02	  1.2244E+02	  1.3155E+02	  1.4448E+02	  1.5230E+02	  1.7616E+02	  2.0476E+02	  2.1904E+02	  2.2366E+02	  2.0079E+02	  1.7998E+02	  1.9340E+02	  2.0615E+02	  2.3968E+02	  2.3656E+02	  2.4015E+02	  2.4675E+02	  2.7499E+02	  2.5317E+02	  2.6945E+02	  2.7811E+02	  2.9359E+02	  3.0236E+02	  2.6919E+02	  2.7433E+02	  3.2986E+02	  3.6693E+02	  3.5281E+02	  3.3702E+02	  3.3590E+02	  3.8255E+02	  4.0759E+02	  3.4715E+02	  2.8876E+02	  2.1017E+02	  1.4817E+02	  1.0997E+02	  5.9867E+01	  3.1219E+01	  1.4979E+01	  5.4041E+00	  1.6817E+00	  1.8608E-01	  0.0000E+00	  0.0000E+00	  0.0000E+00	  0.0000E+00	  0.0000E+00	  0.0000E+00	  0.0000E+00	  0.0000E+00	  0.0000E+00	  0.0000E+00	  0.0000E+00	  0.0000E+00	  0.0000E+00	  0.0000E+00	  0.0000E+00	  0.0000E+00	  0.0000E+00	  0.0000E+00	  0.0000E+00	  0.0000E+00	  0.0000E+00	  0.0000E+00	  0.0000E+00	  0.0000E+00	  0.0000E+00	  0.0000E+00	  0.0000E+00	  0.0000E+00	  0.0000E+00	  0.0000E+00	  0.0000E+00	  0.0000E+00	  0.0000E+00	  0.0000E+00	  0.0000E+00	  0.0000E+00	  0.0000E+00	  0.0000E+00	  0.0000E+00	  0.0000E+00
  0.0000E+00	  0.0000E+00	  0.0000E+00	  0.0000E+00	  0.0000E+00	  0.0000E+00	  0.0000E+00	  0.0000E+00	  0.0000E+00	  0.0000E+00	  0.0000E+00	  0.0000E+00	  0.0000E+00	  0.0000E+00	  0.0000E+00	  0.0000E+00	  0.0000E+00	  0.0000E+00	  0.0000E+00	  0.0000E+00	  0.0000E+00	  0.0000E+00	  0.0000E+00	  0.0000E+00	  0.0000E+00	  0.0000E+00	  0.0000E+00	  0.0000E+00	  0.0000E+00	  0.0000E+00	  0.0000E+00	  4.5386E-03	  2.8243E-01	  4.4565E-01	  4.9023E-01	  3.4353E+00	  5.8961E+00	  9.0258E+00	  1.2533E+01	  2.4748E+01	  3.9918E+01	  5.7103E+01	  8.1126E+01	  9.9242E+01	  1.1701E+02	  1.4389E+02	  1.5873E+02	  1.5382E+02	  1.7658E+02	  1.9807E+02	  1.9663E+02	  2.0698E+02	  2.1108E+02	  2.5679E+02	  2.4324E+02	  2.0936E+02	  1.9090E+02	  2.1676E+02	  2.6199E+02	  2.4984E+02	  2.3509E+02	  2.3962E+02	  2.4995E+02	  2.2211E+02	  2.4802E+02	  2.6067E+02	  2.5538E+02	  2.3832E+02	  2.6935E+02	  3.1762E+02	  3.1335E+02	  3.3852E+02	  3.7367E+02	  3.6259E+02	  3.8368E+02	  3.9787E+02	  3.9823E+02	  3.8386E+02	  3.5577E+02	  2.9388E+02	  2.2931E+02	  1.6620E+02	  9.6744E+01	  4.8323E+01	  1.8466E+01	  9.7490E+00	  5.3367E+00	  2.2026E+00	  2.7860E-01	  0.0000E+00	  0.0000E+00	  0.0000E+00	  0.0000E+00	  0.0000E+00	  0.0000E+00	  0.0000E+00	  0.0000E+00	  0.0000E+00	  0.0000E+00	  0.0000E+00	  0.0000E+00	  0.0000E+00	  0.0000E+00	  0.0000E+00	  0.0000E+00	  0.0000E+00	  0.0000E+00	  0.0000E+00	  0.0000E+00	  0.0000E+00	  0.0000E+00	  0.0000E+00	  0.0000E+00	  0.0000E+00	  0.0000E+00	  0.0000E+00	  0.0000E+00	  0.0000E+00	  0.0000E+00	  0.0000E+00	  0.0000E+00	  0.0000E+00	  0.0000E+00	  0.0000E+00	  0.0000E+00	  0.0000E+00	  0.0000E+00	  0.0000E+00
  0.0000E+00	  0.0000E+00	  0.0000E+00	  0.0000E+00	  0.0000E+00	  0.0000E+00	  0.0000E+00	  0.0000E+00	  0.0000E+00	  0.0000E+00	  0.0000E+00	  0.0000E+00	  0.0000E+00	  0.0000E+00	  0.0000E+00	  0.0000E+00	  0.0000E+00	  0.0000E+00	  0.0000E+00	  0.0000E+00	  0.0000E+00	  0.0000E+00	  0.0000E+00	  0.0000E+00	  0.0000E+00	  0.0000E+00	  0.0000E+00	  0.0000E+00	  0.0000E+00	  0.0000E+00	  0.0000E+00	  9.5022E-02	  1.9526E+00	  3.1156E+00	  9.7679E-01	  6.4407E+00	  1.2173E+01	  2.0653E+01	  3.0670E+01	  5.4553E+01	  6.6052E+01	  1.1241E+02	  1.3421E+02	  1.2708E+02	  1.5553E+02	  1.7433E+02	  1.9028E+02	  2.0221E+02	  2.1574E+02	  2.2201E+02	  2.2295E+02	  2.0921E+02	  2.3137E+02	  2.5491E+02	  2.2792E+02	  2.0736E+02	  2.0205E+02	  2.2576E+02	  2.6326E+02	  2.7150E+02	  2.4578E+02	  2.4533E+02	  2.6614E+02	  2.5888E+02	  2.6394E+02	  2.4453E+02	  2.3483E+02	  2.2694E+02	  2.8131E+02	  3.0493E+02	  3.3488E+02	  3.5005E+02	  3.8184E+02	  3.7833E+02	  3.5148E+02	  3.3598E+02	  3.7741E+02	  3.8845E+02	  4.1263E+02	  4.1052E+02	  3.4107E+02	  2.5486E+02	  1.4969E+02	  7.1229E+01	  2.8424E+01	  1.1774E+01	  5.1963E+00	  4.4143E+00	  7.6691E-01	  0.0000E+00	  0.0000E+00	  0.0000E+00	  0.0000E+00	  0.0000E+00	  0.0000E+00	  0.0000E+00	  0.0000E+00	  0.0000E+00	  0.0000E+00	  0.0000E+00	  0.0000E+00	  0.0000E+00	  0.0000E+00	  0.0000E+00	  0.0000E+00	  0.0000E+00	  0.0000E+00	  0.0000E+00	  0.0000E+00	  0.0000E+00	  0.0000E+00	  0.0000E+00	  0.0000E+00	  0.0000E+00	  0.0000E+00	  0.0000E+00	  0.0000E+00	  0.0000E+00	  0.0000E+00	  0.0000E+00	  0.0000E+00	  0.0000E+00	  0.0000E+00	  0.0000E+00	  0.0000E+00	  0.0000E+00	  0.0000E+00	  0.0000E+00
  0.0000E+00	  0.0000E+00	  0.0000E+00	  0.0000E+00	  0.0000E+00	  0.0000E+00	  0.0000E+00	  0.0000E+00	  0.0000E+00	  0.0000E+00	  0.0000E+00	  0.0000E+00	  0.0000E+00	  0.0000E+00	  0.0000E+00	  0.0000E+00	  0.0000E+00	  0.0000E+00	  0.0000E+00	  0.0000E+00	  0.0000E+00	  0.0000E+00	  0.0000E+00	  0.0000E+00	  0.0000E+00	  0.0000E+00	  0.0000E+00	  0.0000E+00	  0.0000E+00	  0.0000E+00	  0.0000E+00	  0.0000E+00	  1.0865E+00	  5.7173E+00	  1.0357E+01	  1.2304E+01	  3.2700E+01	  5.3920E+01	  6.9153E+01	  1.0142E+02	  1.2923E+02	  1.6480E+02	  1.6836E+02	  1.6954E+02	  1.9045E+02	  1.8930E+02	  2.1050E+02	  2.4723E+02	  2.6374E+02	  2.4171E+02	  2.5211E+02	  2.2933E+02	  2.3344E+02	  2.5830E+02	  2.0880E+02	  1.9456E+02	  2.0491E+02	  2.1621E+02	  2.4015E+02	  2.4400E+02	  2.3783E+02	  2.4119E+02	  2.8818E+02	  2.8875E+02	  2.9374E+02	  2.6702E+02	  2.4764E+02	  2.5171E+02	  2.5418E+02	  2.7737E+02	  3.2021E+02	  3.0169E+02	  3.1065E+02	  3.3368E+02	  3.2594E+02	  3.1386E+02	  3.8276E+02	  4.1402E+02	  4.4000E+02	  4.8984E+02	  4.3443E+02	  3.5274E+02	  2.4327E+02	  1.2306E+02	  6.0910E+01	  1.8255E+01	  8.4142E+00	  3.3650E+00	  1.6431E+00	  6.6253E-03	  0.0000E+00	  0.0000E+00	  0.0000E+00	  0.0000E+00	  0.0000E+00	  0.0000E+00	  0.0000E+00	  0.0000E+00	  0.0000E+00	  0.0000E+00	  0.0000E+00	  0.0000E+00	  0.0000E+00	  0.0000E+00	  0.0000E+00	  0.0000E+00	  0.0000E+00	  0.0000E+00	  0.0000E+00	  0.0000E+00	  0.0000E+00	  0.0000E+00	  0.0000E+00	  0.0000E+00	  0.0000E+00	  0.0000E+00	  0.0000E+00	  0.0000E+00	  0.0000E+00	  0.0000E+00	  0.0000E+00	  0.0000E+00	  0.0000E+00	  0.0000E+00	  0.0000E+00	  0.0000E+00	  0.0000E+00	  0.0000E+00
  0.0000E+00	  0.0000E+00	  0.0000E+00	  0.0000E+00	  0.0000E+00	  0.0000E+00	  0.0000E+00	  0.0000E+00	  0.0000E+00	  0.0000E+00	  0.0000E+00	  0.0000E+00	  0.0000E+00	  0.0000E+00	  0.0000E+00	  0.0000E+00	  0.0000E+00	  0.0000E+00	  0.0000E+00	  0.0000E+00	  0.0000E+00	  0.0000E+00	  0.0000E+00	  0.0000E+00	  0.0000E+00	  0.0000E+00	  0.0000E+00	  0.0000E+00	  0.0000E+00	  7.6261E-02	  7.4980E-01	  5.0923E-01	  4.8840E+00	  1.5990E+01	  1.7528E+01	  3.5044E+01	  5.5422E+01	  7.8832E+01	  1.0715E+02	  1.4514E+02	  1.7045E+02	  1.9249E+02	  1.9555E+02	  1.9210E+02	  1.6284E+02	  1.7863E+02	  2.2348E+02	  2.5981E+02	  2.6614E+02	  2.5465E+02	  2.5509E+02	  2.5234E+02	  2.1939E+02	  2.3324E+02	  2.1631E+02	  2.0989E+02	  2.0901E+02	  2.0743E+02	  2.1080E+02	  2.2808E+02	  2.3813E+02	  2.4083E+02	  2.9069E+02	  2.7820E+02	  2.6721E+02	  2.8127E+02	  2.7491E+02	  2.6647E+02	  2.6498E+02	  2.5320E+02	  2.7161E+02	  2.7284E+02	  2.8023E+02	  2.8928E+02	  3.0842E+02	  3.3785E+02	  3.6795E+02	  4.0891E+02	  4.3299E+02	  4.8174E+02	  4.5923E+02	  3.9635E+02	  3.2512E+02	  1.9047E+02	  1.0170E+02	  4.5751E+01	  2.3039E+01	  4.4562E+00	  1.3501E+00	  3.0611E-04	  0.0000E+00	  0.0000E+00	  0.0000E+00	  0.0000E+00	  0.0000E+00	  0.0000E+00	  0.0000E+00	  0.0000E+00	  0.0000E+00	  0.0000E+00	  0.0000E+00	  0.0000E+00	  0.0000E+00	  0.0000E+00	  0.0000E+00	  0.0000E+00	  0.0000E+00	  0.0000E+00	  0.0000E+00	  0.0000E+00	  0.0000E+00	  0.0000E+00	  0.0000E+00	  0.0000E+00	  0.0000E+00	  0.0000E+00	  0.0000E+00	  0.0000E+00	  0.0000E+00	  0.0000E+00	  0.0000E+00	  0.0000E+00	  0.0000E+00	  0.0000E+00	  0.0000E+00	  0.0000E+00	  0.0000E+00	  0.0000E+00
  0.0000E+00	  0.0000E+00	  0.0000E+00	  0.0000E+00	  0.0000E+00	  0.0000E+00	  0.0000E+00	  0.0000E+00	  0.0000E+00	  0.0000E+00	  0.0000E+00	  0.0000E+00	  0.0000E+00	  0.0000E+00	  0.0000E+00	  0.0000E+00	  0.0000E+00	  0.0000E+00	  0.0000E+00	  0.0000E+00	  0.0000E+00	  0.0000E+00	  0.0000E+00	  0.0000E+00	  0.0000E+00	  0.0000E+00	  0.0000E+00	  0.0000E+00	  0.0000E+00	  1.5982E-02	  1.1515E+00	  2.5136E+00	  8.9656E+00	  2.0036E+01	  3.9187E+01	  7.6825E+01	  8.8305E+01	  9.5078E+01	  1.3324E+02	  1.8209E+02	  1.9990E+02	  2.0605E+02	  2.1587E+02	  1.9704E+02	  1.7305E+02	  1.7974E+02	  2.1328E+02	  2.6030E+02	  2.4886E+02	  2.3132E+02	  2.4652E+02	  2.4273E+02	  2.1504E+02	  1.9564E+02	  2.1016E+02	  2.2487E+02	  2.2824E+02	  2.1740E+02	  2.0693E+02	  2.3676E+02	  2.2555E+02	  2.4386E+02	  2.5511E+02	  2.5607E+02	  2.4980E+02	  2.5412E+02	  2.5406E+02	  2.7338E+02	  2.6762E+02	  2.6081E+02	  2.6334E+02	  2.5264E+02	  2.7049E+02	  2.8963E+02	  3.0587E+02	  3.3956E+02	  3.7569E+02	  4.0492E+02	  4.3747E+02	  4.5015E+02	  4.8508E+02	  4.4129E+02	  3.5653E+02	  2.5288E+02	  1.5838E+02	  6.9366E+01	  3.3718E+01	  3.4448E+00	  2.1230E+00	  1.9542E+00	  3.7786E-01	  0.0000E+00	  0.0000E+00	  0.0000E+00	  0.0000E+00	  0.0000E+00	  0.0000E+00	  0.0000E+00	  0.0000E+00	  0.0000E+00	  0.0000E+00	  0.0000E+00	  0.0000E+00	  0.0000E+00	  0.0000E+00	  0.0000E+00	  0.0000E+00	  0.0000E+00	  0.0000E+00	  0.0000E+00	  0.0000E+00	  0.0000E+00	  0.0000E+00	  0.0000E+00	  0.0000E+00	  0.0000E+00	  0.0000E+00	  0.0000E+00	  0.0000E+00	  0.0000E+00	  0.0000E+00	  0.0000E+00	  0.0000E+00	  0.0000E+00	  0.0000E+00	  0.0000E+00	  0.0000E+00	  0.0000E+00
  0.0000E+00	  0.0000E+00	  0.0000E+00	  0.0000E+00	  0.0000E+00	  0.0000E+00	  0.0000E+00	  0.0000E+00	  0.0000E+00	  0.0000E+00	  0.0000E+00	  0.0000E+00	  0.0000E+00	  0.0000E+00	  0.0000E+00	  0.0000E+00	  0.0000E+00	  0.0000E+00	  0.0000E+00	  0.0000E+00	  0.0000E+00	  0.0000E+00	  0.0000E+00	  0.0000E+00	  0.0000E+00	  0.0000E+00	  0.0000E+00	  0.0000E+00	  0.0000E+00	  7.1631E-03	  3.5649E+00	  1.1760E+01	  2.1059E+01	  3.8902E+01	  7.4903E+01	  1.0854E+02	  1.2617E+02	  1.4141E+02	  1.6172E+02	  2.0902E+02	  2.3799E+02	  2.4319E+02	  2.3104E+02	  2.0232E+02	  2.0019E+02	  1.9009E+02	  2.0667E+02	  2.3673E+02	  2.4265E+02	  1.8840E+02	  2.2104E+02	  2.3009E+02	  2.1991E+02	  2.1866E+02	  1.9063E+02	  1.9372E+02	  2.1305E+02	  2.0990E+02	  2.0734E+02	  2.1976E+02	  2.3608E+02	  2.4995E+02	  2.5997E+02	  2.3005E+02	  2.4360E+02	  2.6559E+02	  2.8365E+02	  2.8929E+02	  2.7105E+02	  2.5287E+02	  2.4932E+02	  2.6217E+02	  2.7742E+02	  2.9335E+02	  3.2885E+02	  3.1934E+02	  3.5544E+02	  3.9125E+02	  4.5269E+02	  4.4529E+02	  4.7407E+02	  4.5721E+02	  3.7326E+02	  3.0220E+02	  1.8753E+02	  1.0277E+02	  4.6351E+01	  1.0655E+01	  4.8925E+00	  1.1966E+00	  8.2557E-01	  0.0000E+00	  0.0000E+00	  0.0000E+00	  0.0000E+00	  0.0000E+00	  0.0000E+00	  0.0000E+00	  0.0000E+00	  0.0000E+00	  0.0000E+00	  0.0000E+00	  0.0000E+00	  0.0000E+00	  0.0000E+00	  0.0000E+00	  0.0000E+00	  0.0000E+00	  0.0000E+00	  0.0000E+00	  0.0000E+00	  0.0000E+00	  0.0000E+00	  0.0000E+00	  0.0000E+00	  0.0000E+00	  0.0000E+00	  0.0000E+00	  0.0000E+00	  0.0000E+00	  0.0000E+00	  0.0000E+00	  0.0000E+00	  0.0000E+00	  0.0000E+00	  0.0000E+00	  0.0000E+00	  0.0000E+00
  0.0000E+00	  0.0000E+00	  0.0000E+00	  0.0000E+00	  0.0000E+00	  0.0000E+00	  0.0000E+00	  0.0000E+00	  0.0000E+00	  0.0000E+00	  0.0000E+00	  0.0000E+00	  0.0000E+00	  0.0000E+00	  0.0000E+00	  0.0000E+00	  0.0000E+00	  0.0000E+00	  0.0000E+00	  0.0000E+00	  0.0000E+00	  0.0000E+00	  0.0000E+00	  0.0000E+00	  0.0000E+00	  0.0000E+00	  0.0000E+00	  6.7624E-02	  3.9573E-01	  1.3731E+00	  4.4055E+00	  1.0871E+01	  2.9413E+01	  6.4670E+01	  1.1239E+02	  1.4073E+02	  1.5384E+02	  1.7821E+02	  2.1000E+02	  2.4110E+02	  2.5052E+02	  2.4802E+02	  2.4617E+02	  1.9729E+02	  1.9588E+02	  1.8624E+02	  1.8889E+02	  2.1270E+02	  2.1472E+02	  1.8860E+02	  2.0673E+02	  2.3284E+02	  2.4650E+02	  2.2477E+02	  2.0369E+02	  2.0079E+02	  2.1651E+02	  2.2966E+02	  2.1239E+02	  2.3229E+02	  2.5033E+02	  2.4530E+02	  2.5745E+02	  2.4667E+02	  2.4974E+02	  2.9027E+02	  3.0957E+02	  3.2216E+02	  2.7433E+02	  2.4121E+02	  2.3826E+02	  2.7772E+02	  3.0099E+02	  3.0744E+02	  3.4072E+02	  3.1381E+02	  3.2981E+02	  3.2842E+02	  3.7190E+02	  4.1516E+02	  4.6324E+02	  4.6009E+02	  4.3324E+02	  3.4695E+02	  2.0912E+02	  1.4021E+02	  6.9657E+01	  2.7030E+01	  3.9630E+00	  8.8476E-01	  0.0000E+00	  0.0000E+00	  0.0000E+00	  0.0000E+00	  0.0000E+00	  0.0000E+00	  0.0000E+00	  0.0000E+00	  0.0000E+00	  0.0000E+00	  0.0000E+00	  0.0000E+00	  0.0000E+00	  0.0000E+00	  0.0000E+00	  0.0000E+00	  0.0000E+00	  0.0000E+00	  0.0000E+00	  0.0000E+00	  0.0000E+00	  0.0000E+00	  0.0000E+00	  0.0000E+00	  0.0000E+00	  0.0000E+00	  0.0000E+00	  0.0000E+00	  0.0000E+00	  0.0000E+00	  0.0000E+00	  0.0000E+00	  0.0000E+00	  0.0000E+00	  0.0000E+00	  0.0000E+00	  0.0000E+00	  0.0000E+00
  0.0000E+00	  0.0000E+00	  0.0000E+00	  0.0000E+00	  0.0000E+00	  0.0000E+00	  0.0000E+00	  0.0000E+00	  0.0000E+00	  0.0000E+00	  0.0000E+00	  0.0000E+00	  0.0000E+00	  0.0000E+00	  0.0000E+00	  0.0000E+00	  0.0000E+00	  0.0000E+00	  0.0000E+00	  0.0000E+00	  0.0000E+00	  0.0000E+00	  0.0000E+00	  0.0000E+00	  0.0000E+00	  0.0000E+00	  0.0000E+00	  3.0945E-01	  9.3533E-01	  1.0051E+00	  7.8759E+00	  2.3438E+01	  4.5776E+01	  9.1020E+01	  1.3976E+02	  1.7772E+02	  2.0482E+02	  1.9695E+02	  2.2820E+02	  2.6460E+02	  2.5116E+02	  2.6287E+02	  2.8065E+02	  2.2441E+02	  2.0080E+02	  1.7618E+02	  2.0020E+02	  2.2009E+02	  1.9672E+02	  1.7266E+02	  1.7162E+02	  2.1887E+02	  2.3277E+02	  2.4204E+02	  2.1385E+02	  2.0364E+02	  2.2971E+02	  2.3045E+02	  2.1386E+02	  2.3038E+02	  2.5399E+02	  2.5380E+02	  2.3271E+02	  2.4496E+02	  2.6980E+02	  2.7710E+02	  3.1297E+02	  3.0837E+02	  2.7260E+02	  2.6621E+02	  2.5080E+02	  2.7468E+02	  2.9492E+02	  3.0234E+02	  3.4416E+02	  3.2643E+02	  3.1853E+02	  3.2469E+02	  3.7156E+02	  4.2544E+02	  4.6076E+02	  4.6122E+02	  4.6061E+02	  3.9299E+02	  2.4687E+02	  1.6721E+02	  8.7642E+01	  3.2911E+01	  9.7504E+00	  1.6821E+00	  9.5441E-02	  0.0000E+00	  0.0000E+00	  0.0000E+00	  0.0000E+00	  0.0000E+00	  0.0000E+00	  0.0000E+00	  0.0000E+00	  0.0000E+00	  0.0000E+00	  0.0000E+00	  0.0000E+00	  0.0000E+00	  0.0000E+00	  0.0000E+00	  0.0000E+00	  0.0000E+00	  0.0000E+00	  0.0000E+00	  0.0000E+00	  0.0000E+00	  0.0000E+00	  0.0000E+00	  0.0000E+00	  0.0000E+00	  0.0000E+00	  0.0000E+00	  0.0000E+00	  0.0000E+00	  0.0000E+00	  0.0000E+00	  0.0000E+00	  0.0000E+00	  0.0000E+00	  0.0000E+00	  0.0000E+00	  0.0000E+00
  0.0000E+00	  0.0000E+00	  0.0000E+00	  0.0000E+00	  0.0000E+00	  0.0000E+00	  0.0000E+00	  0.0000E+00	  0.0000E+00	  0.0000E+00	  0.0000E+00	  0.0000E+00	  0.0000E+00	  0.0000E+00	  0.0000E+00	  0.0000E+00	  0.0000E+00	  0.0000E+00	  0.0000E+00	  0.0000E+00	  0.0000E+00	  0.0000E+00	  0.0000E+00	  0.0000E+00	  0.0000E+00	  0.0000E+00	  0.0000E+00	  1.9398E+00	  1.0210E+00	  2.4880E+00	  1.5506E+01	  3.1695E+01	  6.2747E+01	  1.1799E+02	  1.5178E+02	  1.8927E+02	  2.3349E+02	  2.1299E+02	  2.3072E+02	  2.6450E+02	  2.5365E+02	  2.4164E+02	  2.2460E+02	  2.3337E+02	  2.1023E+02	  2.0669E+02	  2.4532E+02	  2.3411E+02	  2.2946E+02	  1.8794E+02	  1.8165E+02	  2.0616E+02	  2.2337E+02	  2.2569E+02	  2.2199E+02	  2.3448E+02	  2.3363E+02	  2.4390E+02	  2.4535E+02	  2.3390E+02	  2.4020E+02	  2.2646E+02	  2.2224E+02	  2.1349E+02	  2.5788E+02	  2.7652E+02	  3.1085E+02	  2.6665E+02	  2.5916E+02	  2.6120E+02	  2.5940E+02	  2.8563E+02	  3.0984E+02	  3.2076E+02	  3.0741E+02	  3.1516E+02	  3.3767E+02	  3.5409E+02	  3.8541E+02	  4.0546E+02	  4.3610E+02	  4.6952E+02	  4.6253E+02	  4.3991E+02	  3.3579E+02	  2.0548E+02	  1.2095E+02	  4.8745E+01	  1.6648E+01	  5.6587E+00	  1.4471E+00	  1.6001E-02	  0.0000E+00	  0.0000E+00	  0.0000E+00	  0.0000E+00	  0.0000E+00	  0.0000E+00	  0.0000E+00	  0.0000E+00	  0.0000E+00	  0.0000E+00	  0.0000E+00	  0.0000E+00	  0.0000E+00	  0.0000E+00	  0.0000E+00	  0.0000E+00	  0.0000E+00	  0.0000E+00	  0.0000E+00	  0.0000E+00	  0.0000E+00	  0.0000E+00	  0.0000E+00	  0.0000E+00	  0.0000E+00	  0.0000E+00	  0.0000E+00	  0.0000E+00	  0.0000E+00	  0.0000E+00	  0.0000E+00	  0.0000E+00	  0.0000E+00	  0.0000E+00	  0.0000E+00	  0.0000E+00
  0.0000E+00	  0.0000E+00	  0.0000E+00	  0.0000E+00	  0.0000E+00	  0.0000E+00	  0.0000E+00	  0.0000E+00	  0.0000E+00	  0.0000E+00	  0.0000E+00	  0.0000E+00	  0.0000E+00	  0.0000E+00	  0.0000E+00	  0.0000E+00	  0.0000E+00	  0.0000E+00	  0.0000E+00	  0.0000E+00	  0.0000E+00	  0.0000E+00	  0.0000E+00	  0.0000E+00	  0.0000E+00	  0.0000E+00	  3.3891E-03	  2.2172E+00	  4.4027E+00	  8.1548E+00	  1.9810E+01	  3.9661E+01	  7.2191E+01	  1.1792E+02	  1.6767E+02	  1.8574E+02	  2.1199E+02	  2.3973E+02	  2.4856E+02	  2.3297E+02	  2.4811E+02	  2.2412E+02	  2.2037E+02	  2.2143E+02	  2.3001E+02	  2.5994E+02	  2.5132E+02	  2.3588E+02	  2.3688E+02	  2.1256E+02	  2.0700E+02	  1.9576E+02	  2.2105E+02	  2.2563E+02	  2.5940E+02	  2.6761E+02	  2.5931E+02	  2.6460E+02	  2.6688E+02	  2.5878E+02	  2.3758E+02	  2.2008E+02	  2.3001E+02	  2.3321E+02	  2.6532E+02	  2.8482E+02	  2.6085E+02	  2.3172E+02	  2.3456E+02	  2.3440E+02	  2.6053E+02	  2.7438E+02	  2.8828E+02	  2.8957E+02	  2.8389E+02	  2.8732E+02	  3.2098E+02	  3.2622E+02	  3.4112E+02	  3.7792E+02	  4.1113E+02	  4.4918E+02	  4.8275E+02	  5.0550E+02	  4.1201E+02	  2.8942E+02	  1.7420E+02	  7.8280E+01	  3.8487E+01	  1.0414E+01	  1.7749E+00	  3.8632E-02	  0.0000E+00	  0.0000E+00	  0.0000E+00	  0.0000E+00	  0.0000E+00	  0.0000E+00	  0.0000E+00	  0.0000E+00	  0.0000E+00	  0.0000E+00	  0.0000E+00	  0.0000E+00	  0.0000E+00	  0.0000E+00	  0.0000E+00	  0.0000E+00	  0.0000E+00	  0.0000E+00	  0.0000E+00	  0.0000E+00	  0.0000E+00	  0.0000E+00	  0.0000E+00	  0.0000E+00	  0.0000E+00	  0.0000E+00	  0.0000E+00	  0.0000E+00	  0.0000E+00	  0.0000E+00	  0.0000E+00	  0.0000E+00	  0.0000E+00	  0.0000E+00	  0.0000E+00	  0.0000E+00
  0.0000E+00	  0.0000E+00	  0.0000E+00	  0.0000E+00	  0.0000E+00	  0.0000E+00	  0.0000E+00	  0.0000E+00	  0.0000E+00	  0.0000E+00	  0.0000E+00	  0.0000E+00	  0.0000E+00	  0.0000E+00	  0.0000E+00	  0.0000E+00	  0.0000E+00	  0.0000E+00	  0.0000E+00	  0.0000E+00	  0.0000E+00	  0.0000E+00	  0.0000E+00	  0.0000E+00	  0.0000E+00	  0.0000E+00	  9.8492E-01	  3.0943E+00	  8.0136E+00	  2.2254E+01	  3.8504E+01	  6.8967E+01	  9.5312E+01	  1.4160E+02	  1.6709E+02	  1.8124E+02	  2.1027E+02	  2.4793E+02	  2.4344E+02	  2.3907E+02	  2.6034E+02	  2.3570E+02	  2.2063E+02	  2.1244E+02	  2.3736E+02	  2.8283E+02	  3.0208E+02	  2.9394E+02	  2.6750E+02	  2.5899E+02	  2.4059E+02	  2.1404E+02	  2.3955E+02	  2.2986E+02	  2.4743E+02	  2.7664E+02	  2.9721E+02	  2.7357E+02	  2.8174E+02	  2.9212E+02	  2.6643E+02	  2.4704E+02	  2.4631E+02	  2.5143E+02	  2.3753E+02	  2.3439E+02	  2.1930E+02	  2.0083E+02	  2.1206E+02	  2.2920E+02	  2.4064E+02	  2.6728E+02	  2.6642E+02	  2.6413E+02	  2.8606E+02	  3.0769E+02	  3.1837E+02	  3.3083E+02	  3.2371E+02	  3.4577E+02	  4.0776E+02	  4.4909E+02	  4.7679E+02	  4.9099E+02	  4.6354E+02	  3.3140E+02	  1.9670E+02	  9.3608E+01	  4.5488E+01	  1.9735E+01	  8.6520E+00	  7.1538E-01	  0.0000E+00	  0.0000E+00	  0.0000E+00	  0.0000E+00	  0.0000E+00	  0.0000E+00	  0.0000E+00	  0.0000E+00	  0.0000E+00	  0.0000E+00	  0.0000E+00	  0.0000E+00	  0.0000E+00	  0.0000E+00	  0.0000E+00	  0.0000E+00	  0.0000E+00	  0.0000E+00	  0.0000E+00	  0.0000E+00	  0.0000E+00	  0.0000E+00	  0.0000E+00	  0.0000E+00	  0.0000E+00	  0.0000E+00	  0.0000E+00	  0.0000E+00	  0.0000E+00	  0.0000E+00	  0.0000E+00	  0.0000E+00	  0.0000E+00	  0.0000E+00	  0.0000E+00	  0.0000E+00
  0.0000E+00	  0.0000E+00	  0.0000E+00	  0.0000E+00	  0.0000E+00	  0.0000E+00	  0.0000E+00	  0.0000E+00	  0.0000E+00	  0.0000E+00	  0.0000E+00	  0.0000E+00	  0.0000E+00	  0.0000E+00	  0.0000E+00	  0.0000E+00	  0.0000E+00	  0.0000E+00	  0.0000E+00	  0.0000E+00	  0.0000E+00	  0.0000E+00	  0.0000E+00	  0.0000E+00	  0.0000E+00	  6.9520E-01	  3.3509E+00	  5.5977E+00	  1.1036E+01	  2.5311E+01	  5.9288E+01	  9.5740E+01	  1.1865E+02	  1.5969E+02	  1.6510E+02	  1.9791E+02	  2.1109E+02	  2.3719E+02	  2.3599E+02	  2.3559E+02	  2.5961E+02	  2.4822E+02	  2.3184E+02	  2.0969E+02	  2.4102E+02	  2.7148E+02	  2.8494E+02	  3.0554E+02	  2.6346E+02	  2.5015E+02	  2.5127E+02	  2.5168E+02	  2.6342E+02	  2.5004E+02	  2.3645E+02	  2.5615E+02	  2.7948E+02	  2.6749E+02	  2.8450E+02	  2.8571E+02	  2.4403E+02	  2.2999E+02	  2.3711E+02	  2.2967E+02	  2.2478E+02	  2.1527E+02	  2.1029E+02	  2.1145E+02	  2.0800E+02	  2.2447E+02	  2.7920E+02	  3.0290E+02	  2.7785E+02	  2.7661E+02	  2.8149E+02	  2.9910E+02	  3.2483E+02	  3.4775E+02	  3.2205E+02	  3.6241E+02	  4.1797E+02	  4.5410E+02	  4.9846E+02	  5.4453E+02	  5.3023E+02	  3.6185E+02	  2.1582E+02	  1.3754E+02	  6.7331E+01	  2.8703E+01	  1.6479E+01	  3.3488E+00	  1.1146E-01	  0.0000E+00	  1.7708E-01	  3.0925E-02	  0.0000E+00	  0.0000E+00	  0.0000E+00	  0.0000E+00	  0.0000E+00	  0.0000E+00	  0.0000E+00	  0.0000E+00	  0.0000E+00	  0.0000E+00	  0.0000E+00	  0.0000E+00	  0.0000E+00	  0.0000E+00	  0.0000E+00	  0.0000E+00	  0.0000E+00	  0.0000E+00	  0.0000E+00	  0.0000E+00	  0.0000E+00	  0.0000E+00	  0.0000E+00	  0.0000E+00	  0.0000E+00	  0.0000E+00	  0.0000E+00	  0.0000E+00	  0.0000E+00	  0.0000E+00	  0.0000E+00	  0.0000E+00
  0.0000E+00	  0.0000E+00	  0.0000E+00	  0.0000E+00	  0.0000E+00	  0.0000E+00	  0.0000E+00	  0.0000E+00	  0.0000E+00	  0.0000E+00	  0.0000E+00	  0.0000E+00	  0.0000E+00	  0.0000E+00	  0.0000E+00	  0.0000E+00	  0.0000E+00	  0.0000E+00	  0.0000E+00	  0.0000E+00	  0.0000E+00	  0.0000E+00	  0.0000E+00	  0.0000E+00	  0.0000E+00	  1.8424E+00	  4.3810E+00	  1.5342E+01	  2.0458E+01	  3.7816E+01	  6.6514E+01	  8.8711E+01	  1.0653E+02	  1.5982E+02	  1.9469E+02	  2.1781E+02	  2.0500E+02	  2.2082E+02	  2.2510E+02	  2.1023E+02	  2.2667E+02	  2.4830E+02	  2.4481E+02	  2.2947E+02	  2.3725E+02	  2.5729E+02	  2.6503E+02	  3.0184E+02	  3.0729E+02	  2.6388E+02	  2.6186E+02	  2.5987E+02	  2.7035E+02	  2.7112E+02	  2.6213E+02	  2.4242E+02	  2.5432E+02	  2.4527E+02	  2.5627E+02	  2.8420E+02	  2.5446E+02	  2.3018E+02	  2.3301E+02	  2.3949E+02	  2.4558E+02	  2.3116E+02	  2.2266E+02	  2.1111E+02	  2.2381E+02	  2.4857E+02	  3.0395E+02	  2.8604E+02	  2.6089E+02	  2.6503E+02	  2.7589E+02	  2.7466E+02	  3.0439E+02	  3.4130E+02	  3.5086E+02	  3.6364E+02	  3.9674E+02	  4.2365E+02	  4.4772E+02	  5.5791E+02	  5.2481E+02	  3.9242E+02	  2.6198E+02	  1.5701E+02	  8.1175E+01	  2.8797E+01	  1.1548E+01	  1.9099E+00	  1.3666E+00	  2.8359E-01	  1.2787E+00	  5.2206E-01	  0.0000E+00	  0.0000E+00	  0.0000E+00	  0.0000E+00	  0.0000E+00	  0.0000E+00	  0.0000E+00	  0.0000E+00	  0.0000E+00	  0.0000E+00	  0.0000E+00	  0.0000E+00	  0.0000E+00	  0.0000E+00	  0.0000E+00	  0.0000E+00	  0.0000E+00	  0.0000E+00	  0.0000E+00	  0.0000E+00	  0.0000E+00	  0.0000E+00	  0.0000E+00	  0.0000E+00	  0.0000E+00	  0.0000E+00	  0.0000E+00	  0.0000E+00	  0.0000E+00	  0.0000E+00	  0.0000E+00	  0.0000E+00
  0.0000E+00	  0.0000E+00	  0.0000E+00	  0.0000E+00	  0.0000E+00	  0.0000E+00	  0.0000E+00	  0.0000E+00	  0.0000E+00	  0.0000E+00	  0.0000E+00	  0.0000E+00	  0.0000E+00	  0.0000E+00	  0.0000E+00	  0.0000E+00	  0.0000E+00	  0.0000E+00	  0.0000E+00	  0.0000E+00	  0.0000E+00	  0.0000E+00	  0.0000E+00	  0.0000E+00	  5.3264E-02	  2.1661E+00	  3.2608E+00	  1.4815E+01	  2.7450E+01	  3.3889E+01	  5.7616E+01	  8.5102E+01	  1.1701E+02	  1.7662E+02	  2.2105E+02	  2.4563E+02	  2.5434E+02	  2.3383E+02	  2.2417E+02	  1.9209E+02	  2.0681E+02	  2.2897E+02	  2.4123E+02	  2.6351E+02	  2.5341E+02	  2.3950E+02	  2.3577E+02	  2.6443E+02	  2.8700E+02	  2.8006E+02	  2.3818E+02	  2.3570E+02	  2.5463E+02	  2.7776E+02	  2.8502E+02	  2.4846E+02	  2.2867E+02	  2.4109E+02	  2.3105E+02	  2.5367E+02	  2.3937E+02	  2.3597E+02	  2.2246E+02	  2.3784E+02	  2.3663E+02	  2.5846E+02	  2.5406E+02	  2.2037E+02	  2.4560E+02	  2.6227E+02	  2.6628E+02	  2.7316E+02	  2.8025E+02	  2.7182E+02	  2.8298E+02	  2.7052E+02	  3.1443E+02	  3.0705E+02	  3.2385E+02	  3.3800E+02	  3.5320E+02	  3.7286E+02	  4.2597E+02	  4.8283E+02	  4.8646E+02	  4.2280E+02	  3.1740E+02	  1.9576E+02	  9.1369E+01	  3.7069E+01	  1.1917E+01	  1.3305E+00	  2.0627E+00	  4.9848E-01	  1.4054E+00	  2.5540E-01	  3.5285E-01	  0.0000E+00	  0.0000E+00	  0.0000E+00	  0.0000E+00	  0.0000E+00	  0.0000E+00	  0.0000E+00	  0.0000E+00	  0.0000E+00	  0.0000E+00	  0.0000E+00	  0.0000E+00	  0.0000E+00	  0.0000E+00	  0.0000E+00	  0.0000E+00	  0.0000E+00	  0.0000E+00	  0.0000E+00	  0.0000E+00	  0.0000E+00	  0.0000E+00	  0.0000E+00	  0.0000E+00	  0.0000E+00	  0.0000E+00	  0.0000E+00	  0.0000E+00	  0.0000E+00	  0.0000E+00	  0.0000E+00
  0.0000E+00	  0.0000E+00	  0.0000E+00	  0.0000E+00	  0.0000E+00	  0.0000E+00	  0.0000E+00	  0.0000E+00	  0.0000E+00	  0.0000E+00	  0.0000E+00	  0.0000E+00	  0.0000E+00	  0.0000E+00	  0.0000E+00	  0.0000E+00	  0.0000E+00	  0.0000E+00	  0.0000E+00	  0.0000E+00	  0.0000E+00	  0.0000E+00	  0.0000E+00	  0.0000E+00	  5.8793E-02	  1.8564E+00	  3.2147E+00	  7.1178E+00	  2.3047E+01	  3.7885E+01	  6.9746E+01	  1.0745E+02	  1.4050E+02	  1.9826E+02	  2.3762E+02	  2.6786E+02	  2.6002E+02	  2.4372E+02	  2.0695E+02	  1.8791E+02	  2.1154E+02	  2.1268E+02	  2.3364E+02	  2.5617E+02	  2.6615E+02	  2.3868E+02	  2.4746E+02	  2.1297E+02	  2.2950E+02	  2.4335E+02	  2.4668E+02	  2.4117E+02	  2.4484E+02	  2.7112E+02	  2.6977E+02	  2.5705E+02	  2.6599E+02	  2.4555E+02	  2.1998E+02	  2.2338E+02	  2.3648E+02	  2.3585E+02	  2.0868E+02	  2.2450E+02	  2.2551E+02	  2.5730E+02	  2.6750E+02	  2.3981E+02	  2.3347E+02	  2.6602E+02	  2.7636E+02	  3.0103E+02	  2.7670E+02	  2.5182E+02	  2.7271E+02	  2.5563E+02	  2.7224E+02	  2.8465E+02	  2.9300E+02	  3.0680E+02	  3.1405E+02	  3.7746E+02	  4.2670E+02	  4.5991E+02	  4.9758E+02	  4.4793E+02	  3.5873E+02	  2.3516E+02	  1.2030E+02	  5.4637E+01	  2.4524E+01	  8.6618E+00	  2.8576E+00	  1.2664E+00	  3.4277E+00	  1.4053E+00	  3.8871E-01	  0.0000E+00	  0.0000E+00	  0.0000E+00	  0.0000E+00	  0.0000E+00	  0.0000E+00	  0.0000E+00	  0.0000E+00	  0.0000E+00	  0.0000E+00	  0.0000E+00	  0.0000E+00	  0.0000E+00	  0.0000E+00	  0.0000E+00	  0.0000E+00	  0.0000E+00	  0.0000E+00	  0.0000E+00	  0.0000E+00	  0.0000E+00	  0.0000E+00	  0.0000E+00	  0.0000E+00	  0.0000E+00	  0.0000E+00	  0.0000E+00	  0.0000E+00	  0.0000E+00	  0.0000E+00	  0.0000E+00
  0.0000E+00	  0.0000E+00	  0.0000E+00	  0.0000E+00	  0.0000E+00	  0.0000E+00	  0.0000E+00	  0.0000E+00	  0.0000E+00	  0.0000E+00	  0.0000E+00	  0.0000E+00	  0.0000E+00	  0.0000E+00	  0.0000E+00	  0.0000E+00	  0.0000E+00	  0.0000E+00	  0.0000E+00	  0.0000E+00	  0.0000E+00	  0.0000E+00	  0.0000E+00	  0.0000E+00	  4.5098E-01	  1.1167E+00	  2.8840E+00	  7.4107E+00	  1.3832E+01	  4.7633E+01	  9.0097E+01	  1.3769E+02	  1.6018E+02	  1.7522E+02	  2.0872E+02	  2.3517E+02	  2.5233E+02	  2.4489E+02	  2.2679E+02	  1.9883E+02	  2.1539E+02	  2.2485E+02	  2.5783E+02	  2.8205E+02	  2.8205E+02	  2.4174E+02	  2.3426E+02	  2.2234E+02	  2.3153E+02	  2.6723E+02	  2.7138E+02	  2.6170E+02	  2.8008E+02	  2.6646E+02	  2.5852E+02	  2.6341E+02	  2.5493E+02	  2.4393E+02	  2.2588E+02	  2.2368E+02	  2.1982E+02	  2.5036E+02	  2.2783E+02	  2.2001E+02	  2.4731E+02	  2.5415E+02	  2.4957E+02	  2.3743E+02	  2.3435E+02	  2.6965E+02	  2.8472E+02	  2.8673E+02	  2.6779E+02	  2.4393E+02	  2.4043E+02	  2.3183E+02	  2.6246E+02	  2.6493E+02	  2.8189E+02	  2.8652E+02	  3.1678E+02	  3.9501E+02	  4.1359E+02	  4.4024E+02	  4.8074E+02	  4.7486E+02	  4.1846E+02	  3.1367E+02	  1.7498E+02	  9.3221E+01	  4.5349E+01	  1.6686E+01	  9.3862E+00	  3.2467E+00	  9.9078E-01	  2.3838E+00	  2.9624E-01	  0.0000E+00	  0.0000E+00	  0.0000E+00	  0.0000E+00	  0.0000E+00	  0.0000E+00	  0.0000E+00	  0.0000E+00	  0.0000E+00	  0.0000E+00	  0.0000E+00	  0.0000E+00	  0.0000E+00	  0.0000E+00	  0.0000E+00	  0.0000E+00	  0.0000E+00	  0.0000E+00	  0.0000E+00	  0.0000E+00	  0.0000E+00	  0.0000E+00	  0.0000E+00	  0.0000E+00	  0.0000E+00	  0.0000E+00	  0.0000E+00	  0.0000E+00	  0.0000E+00	  0.0000E+00	  0.0000E+00
  0.0000E+00	  0.0000E+00	  0.0000E+00	  0.0000E+00	  0.0000E+00	  0.0000E+00	  0.0000E+00	  0.0000E+00	  0.0000E+00	  0.0000E+00	  0.0000E+00	  0.0000E+00	  0.0000E+00	  0.0000E+00	  0.0000E+00	  0.0000E+00	  0.0000E+00	  0.0000E+00	  0.0000E+00	  0.0000E+00	  0.0000E+00	  0.0000E+00	  0.0000E+00	  4.8902E-01	  7.3511E-01	  1.2578E+00	  2.4484E+00	  7.0443E+00	  2.3604E+01	  6.6112E+01	  1.1117E+02	  1.6439E+02	  1.9255E+02	  1.9153E+02	  1.9686E+02	  2.2748E+02	  2.2884E+02	  2.4610E+02	  2.6771E+02	  2.5823E+02	  2.6000E+02	  2.6809E+02	  2.8459E+02	  3.2617E+02	  2.9016E+02	  2.6606E+02	  2.4075E+02	  2.4342E+02	  2.3193E+02	  2.6291E+02	  2.7519E+02	  2.9711E+02	  3.1752E+02	  2.8004E+02	  2.3589E+02	  2.3790E+02	  2.2523E+02	  2.3612E+02	  2.4130E+02	  2.2244E+02	  2.0654E+02	  2.1376E+02	  2.2978E+02	  2.1878E+02	  2.3144E+02	  2.4359E+02	  2.2657E+02	  2.3311E+02	  2.3723E+02	  2.6327E+02	  2.8606E+02	  2.7907E+02	  2.6118E+02	  2.2145E+02	  2.2057E+02	  2.2803E+02	  2.5648E+02	  2.7143E+02	  2.8800E+02	  2.8757E+02	  3.0062E+02	  3.3407E+02	  3.8612E+02	  4.2909E+02	  4.4687E+02	  4.3925E+02	  4.0787E+02	  3.6334E+02	  2.4018E+02	  1.3131E+02	  5.3744E+01	  2.2276E+01	  1.1959E+01	  5.8347E+00	  1.7630E+00	  1.5593E+00	  5.5616E-01	  0.0000E+00	  0.0000E+00	  0.0000E+00	  0.0000E+00	  0.0000E+00	  0.0000E+00	  0.0000E+00	  0.0000E+00	  0.0000E+00	  0.0000E+00	  0.0000E+00	  0.0000E+00	  0.0000E+00	  0.0000E+00	  0.0000E+00	  0.0000E+00	  0.0000E+00	  0.0000E+00	  0.0000E+00	  0.0000E+00	  0.0000E+00	  0.0000E+00	  0.0000E+00	  0.0000E+00	  0.0000E+00	  0.0000E+00	  0.0000E+00	  0.0000E+00	  0.0000E+00	  0.0000E+00	  0.0000E+00
  0.0000E+00	  0.0000E+00	  0.0000E+00	  0.0000E+00	  0.0000E+00	  0.0000E+00	  0.0000E+00	  0.0000E+00	  0.0000E+00	  0.0000E+00	  0.0000E+00	  0.0000E+00	  0.0000E+00	  0.0000E+00	  0.0000E+00	  0.0000E+00	  0.0000E+00	  0.0000E+00	  0.0000E+00	  0.0000E+00	  0.0000E+00	  0.0000E+00	  2.8891E-01	  9.2563E-01	  2.3430E-01	  1.3772E+00	  4.1545E+00	  1.0301E+01	  2.6028E+01	  6.3965E+01	  1.3026E+02	  1.7481E+02	  2.0622E+02	  2.0657E+02	  2.0039E+02	  1.9473E+02	  2.1707E+02	  2.4462E+02	  2.6877E+02	  2.7727E+02	  2.9106E+02	  2.8084E+02	  2.7867E+02	  3.1989E+02	  3.1638E+02	  3.0541E+02	  2.6906E+02	  2.2957E+02	  2.2945E+02	  2.6779E+02	  2.7462E+02	  2.9146E+02	  2.8159E+02	  2.6083E+02	  2.4927E+02	  2.3748E+02	  2.3516E+02	  2.2673E+02	  2.4641E+02	  2.3611E+02	  2.1780E+02	  1.9821E+02	  2.1782E+02	  2.2163E+02	  2.0523E+02	  1.9328E+02	  1.9559E+02	  2.0534E+02	  1.9198E+02	  2.3431E+02	  2.4344E+02	  2.4228E+02	  2.1909E+02	  2.1666E+02	  2.1613E+02	  2.0408E+02	  2.3692E+02	  2.4551E+02	  2.6436E+02	  2.4449E+02	  2.8503E+02	  3.3457E+02	  3.6697E+02	  4.2436E+02	  4.5565E+02	  4.8337E+02	  4.6220E+02	  4.0749E+02	  2.9900E+02	  1.8697E+02	  6.3904E+01	  2.8159E+01	  1.3010E+01	  5.6886E+00	  2.2391E+00	  3.8731E+00	  1.5183E+00	  0.0000E+00	  0.0000E+00	  0.0000E+00	  0.0000E+00	  0.0000E+00	  0.0000E+00	  0.0000E+00	  0.0000E+00	  0.0000E+00	  0.0000E+00	  0.0000E+00	  0.0000E+00	  0.0000E+00	  0.0000E+00	  0.0000E+00	  0.0000E+00	  0.0000E+00	  0.0000E+00	  0.0000E+00	  0.0000E+00	  0.0000E+00	  0.0000E+00	  0.0000E+00	  0.0000E+00	  0.0000E+00	  0.0000E+00	  0.0000E+00	  0.0000E+00	  0.0000E+00	  0.0000E+00	  0.0000E+00
  0.0000E+00	  0.0000E+00	  0.0000E+00	  0.0000E+00	  0.0000E+00	  0.0000E+00	  0.0000E+00	  0.0000E+00	  0.0000E+00	  0.0000E+00	  0.0000E+00	  0.0000E+00	  0.0000E+00	  0.0000E+00	  0.0000E+00	  0.0000E+00	  0.0000E+00	  0.0000E+00	  0.0000E+00	  0.0000E+00	  0.0000E+00	  0.0000E+00	  7.2367E-03	  1.7179E-02	  0.0000E+00	  2.0436E-01	  5.3939E+00	  1.2724E+01	  3.4817E+01	  8.4787E+01	  1.3282E+02	  1.9942E+02	  2.1861E+02	  2.4278E+02	  2.2040E+02	  2.0949E+02	  2.2900E+02	  2.4418E+02	  2.6302E+02	  2.8154E+02	  3.1834E+02	  3.1235E+02	  3.1782E+02	  3.1456E+02	  3.1197E+02	  3.0034E+02	  2.9192E+02	  2.7545E+02	  2.6954E+02	  2.6925E+02	  2.5657E+02	  2.8421E+02	  2.9010E+02	  2.6685E+02	  2.4030E+02	  2.3047E+02	  2.6129E+02	  2.5539E+02	  2.3968E+02	  2.1825E+02	  2.1410E+02	  2.1380E+02	  2.2833E+02	  2.5703E+02	  2.0669E+02	  1.9068E+02	  1.9908E+02	  1.7900E+02	  1.6915E+02	  2.0558E+02	  2.0292E+02	  1.9356E+02	  2.0630E+02	  1.8705E+02	  1.9523E+02	  2.2229E+02	  2.1905E+02	  2.4339E+02	  2.4224E+02	  2.7017E+02	  2.6774E+02	  3.2498E+02	  3.6098E+02	  4.0790E+02	  4.6785E+02	  4.8156E+02	  4.9420E+02	  4.5810E+02	  3.5600E+02	  2.1255E+02	  9.9671E+01	  4.0032E+01	  1.2227E+01	  3.6840E+00	  3.9778E+00	  3.5295E+00	  2.2355E+00	  0.0000E+00	  0.0000E+00	  0.0000E+00	  0.0000E+00	  0.0000E+00	  0.0000E+00	  0.0000E+00	  0.0000E+00	  0.0000E+00	  0.0000E+00	  0.0000E+00	  0.0000E+00	  0.0000E+00	  0.0000E+00	  0.0000E+00	  0.0000E+00	  0.0000E+00	  0.0000E+00	  0.0000E+00	  0.0000E+00	  0.0000E+00	  0.0000E+00	  0.0000E+00	  0.0000E+00	  0.0000E+00	  0.0000E+00	  0.0000E+00	  0.0000E+00	  0.0000E+00	  0.0000E+00	  0.0000E+00
  0.0000E+00	  0.0000E+00	  0.0000E+00	  0.0000E+00	  0.0000E+00	  0.0000E+00	  0.0000E+00	  0.0000E+00	  0.0000E+00	  0.0000E+00	  0.0000E+00	  0.0000E+00	  0.0000E+00	  0.0000E+00	  0.0000E+00	  0.0000E+00	  0.0000E+00	  0.0000E+00	  0.0000E+00	  0.0000E+00	  0.0000E+00	  0.0000E+00	  0.0000E+00	  0.0000E+00	  0.0000E+00	  9.2341E-02	  3.5561E+00	  1.6189E+01	  5.0459E+01	  1.0477E+02	  1.5895E+02	  2.3255E+02	  2.5347E+02	  2.5629E+02	  2.4206E+02	  2.3056E+02	  2.4219E+02	  2.5978E+02	  2.4129E+02	  2.5151E+02	  2.9408E+02	  2.9955E+02	  3.0405E+02	  2.9651E+02	  2.6505E+02	  3.0252E+02	  2.7888E+02	  2.6636E+02	  2.6702E+02	  2.6264E+02	  2.5591E+02	  2.9309E+02	  3.0594E+02	  2.4574E+02	  2.1831E+02	  2.1428E+02	  2.1243E+02	  2.2591E+02	  2.2877E+02	  2.1448E+02	  2.1833E+02	  2.3181E+02	  2.3459E+02	  2.5953E+02	  2.6386E+02	  2.2781E+02	  1.9591E+02	  1.8197E+02	  1.8355E+02	  1.9160E+02	  2.0533E+02	  1.8999E+02	  1.9403E+02	  1.8459E+02	  2.0831E+02	  2.1917E+02	  2.1271E+02	  2.1711E+02	  2.1000E+02	  2.5822E+02	  2.8244E+02	  3.0650E+02	  3.5711E+02	  3.7537E+02	  4.2547E+02	  4.8196E+02	  4.7835E+02	  4.3811E+02	  3.5505E+02	  2.4919E+02	  1.5022E+02	  7.0625E+01	  2.3831E+01	  4.4860E+00	  2.0037E+00	  1.3906E+00	  9.9596E-01	  1.2820E-04	  0.0000E+00	  0.0000E+00	  0.0000E+00	  0.0000E+00	  0.0000E+00	  0.0000E+00	  0.0000E+00	  0.0000E+00	  0.0000E+00	  0.0000E+00	  0.0000E+00	  0.0000E+00	  0.0000E+00	  0.0000E+00	  0.0000E+00	  0.0000E+00	  0.0000E+00	  0.0000E+00	  0.0000E+00	  0.0000E+00	  0.0000E+00	  0.0000E+00	  0.0000E+00	  0.0000E+00	  0.0000E+00	  0.0000E+00	  0.0000E+00	  0.0000E+00	  0.0000E+00	  0.0000E+00
  0.0000E+00	  0.0000E+00	  0.0000E+00	  0.0000E+00	  0.0000E+00	  0.0000E+00	  0.0000E+00	  0.0000E+00	  0.0000E+00	  0.0000E+00	  0.0000E+00	  0.0000E+00	  0.0000E+00	  0.0000E+00	  0.0000E+00	  0.0000E+00	  0.0000E+00	  0.0000E+00	  0.0000E+00	  0.0000E+00	  0.0000E+00	  0.0000E+00	  0.0000E+00	  0.0000E+00	  0.0000E+00	  1.7199E+00	  8.5823E+00	  2.6033E+01	  5.8618E+01	  1.1591E+02	  1.8824E+02	  2.2736E+02	  2.6739E+02	  2.6382E+02	  2.3512E+02	  2.3804E+02	  2.3735E+02	  2.3997E+02	  2.4047E+02	  2.3686E+02	  2.6536E+02	  2.7613E+02	  2.7452E+02	  2.7944E+02	  2.6937E+02	  2.7396E+02	  2.8140E+02	  2.5826E+02	  2.7257E+02	  2.7128E+02	  2.8060E+02	  3.0635E+02	  2.7337E+02	  2.4072E+02	  2.1359E+02	  2.1728E+02	  2.1427E+02	  2.0401E+02	  2.1909E+02	  2.2514E+02	  2.4393E+02	  2.4612E+02	  2.5733E+02	  2.6669E+02	  2.6112E+02	  2.2804E+02	  1.9678E+02	  1.8976E+02	  1.6363E+02	  1.8972E+02	  2.2955E+02	  2.0189E+02	  2.0974E+02	  1.9565E+02	  2.0992E+02	  1.9028E+02	  2.0523E+02	  1.9762E+02	  2.1504E+02	  2.6143E+02	  3.0291E+02	  2.8869E+02	  3.5839E+02	  3.5043E+02	  4.1846E+02	  4.3594E+02	  4.4775E+02	  4.2799E+02	  3.7159E+02	  3.0047E+02	  1.9979E+02	  9.1446E+01	  3.9086E+01	  1.1225E+01	  2.1308E+00	  2.1478E+00	  2.6260E+00	  2.3683E-02	  0.0000E+00	  0.0000E+00	  0.0000E+00	  0.0000E+00	  0.0000E+00	  0.0000E+00	  0.0000E+00	  0.0000E+00	  0.0000E+00	  0.0000E+00	  0.0000E+00	  0.0000E+00	  0.0000E+00	  0.0000E+00	  0.0000E+00	  0.0000E+00	  0.0000E+00	  0.0000E+00	  0.0000E+00	  0.0000E+00	  0.0000E+00	  0.0000E+00	  0.0000E+00	  0.0000E+00	  0.0000E+00	  0.0000E+00	  0.0000E+00	  0.0000E+00	  0.0000E+00	  0.0000E+00
  0.0000E+00	  0.0000E+00	  0.0000E+00	  0.0000E+00	  0.0000E+00	  0.0000E+00	  0.0000E+00	  0.0000E+00	  0.0000E+00	  0.0000E+00	  0.0000E+00	  0.0000E+00	  0.0000E+00	  0.0000E+00	  0.0000E+00	  0.0000E+00	  0.0000E+00	  0.0000E+00	  0.0000E+00	  0.0000E+00	  0.0000E+00	  0.0000E+00	  0.0000E+00	  0.0000E+00	  5.3536E-01	  3.4905E+00	  1.1971E+01	  2.3976E+01	  5.9403E+01	  1.1517E+02	  1.8694E+02	  2.1591E+02	  2.4851E+02	  2.6490E+02	  2.2276E+02	  2.1293E+02	  1.9063E+02	  2.3347E+02	  2.4698E+02	  2.3467E+02	  2.4574E+02	  2.5775E+02	  2.6149E+02	  2.8581E+02	  2.7900E+02	  2.6840E+02	  2.8798E+02	  2.8383E+02	  2.9259E+02	  2.7287E+02	  3.1145E+02	  3.0901E+02	  2.8945E+02	  2.3076E+02	  2.2412E+02	  2.2458E+02	  2.2033E+02	  1.9037E+02	  2.0478E+02	  1.9586E+02	  2.4822E+02	  2.4075E+02	  2.2927E+02	  2.3281E+02	  2.3371E+02	  2.4909E+02	  2.0772E+02	  2.0574E+02	  1.6200E+02	  1.6732E+02	  1.8690E+02	  2.0655E+02	  2.0161E+02	  1.9946E+02	  2.1787E+02	  2.0324E+02	  1.7783E+02	  1.8816E+02	  2.2731E+02	  2.6397E+02	  2.7150E+02	  2.5040E+02	  3.1322E+02	  3.4430E+02	  3.8467E+02	  4.1155E+02	  4.1467E+02	  4.7349E+02	  4.4537E+02	  3.4108E+02	  2.4128E+02	  1.4517E+02	  4.6443E+01	  1.7936E+01	  3.1040E+00	  8.5958E-01	  7.5773E-01	  0.0000E+00	  0.0000E+00	  0.0000E+00	  0.0000E+00	  0.0000E+00	  0.0000E+00	  0.0000E+00	  0.0000E+00	  0.0000E+00	  0.0000E+00	  0.0000E+00	  0.0000E+00	  0.0000E+00	  0.0000E+00	  0.0000E+00	  0.0000E+00	  0.0000E+00	  0.0000E+00	  0.0000E+00	  0.0000E+00	  0.0000E+00	  0.0000E+00	  0.0000E+00	  0.0000E+00	  0.0000E+00	  0.0000E+00	  0.0000E+00	  0.0000E+00	  0.0000E+00	  0.0000E+00	  0.0000E+00
  0.0000E+00	  0.0000E+00	  0.0000E+00	  0.0000E+00	  0.0000E+00	  0.0000E+00	  0.0000E+00	  0.0000E+00	  0.0000E+00	  0.0000E+00	  0.0000E+00	  0.0000E+00	  0.0000E+00	  0.0000E+00	  0.0000E+00	  0.0000E+00	  0.0000E+00	  0.0000E+00	  0.0000E+00	  0.0000E+00	  0.0000E+00	  0.0000E+00	  0.0000E+00	  0.0000E+00	  2.2135E-01	  2.4254E+00	  1.1513E+01	  2.6250E+01	  6.1465E+01	  1.1723E+02	  1.8149E+02	  2.2432E+02	  2.6529E+02	  2.4978E+02	  2.3985E+02	  2.2986E+02	  2.4112E+02	  2.6472E+02	  2.4326E+02	  2.6683E+02	  2.5086E+02	  2.3704E+02	  2.4917E+02	  2.8494E+02	  2.8244E+02	  2.9333E+02	  3.1392E+02	  2.9273E+02	  2.7695E+02	  2.8388E+02	  3.1286E+02	  2.9300E+02	  2.6588E+02	  2.2272E+02	  2.3567E+02	  2.3334E+02	  2.0175E+02	  1.9775E+02	  2.0085E+02	  1.9476E+02	  2.2527E+02	  2.3724E+02	  2.1458E+02	  2.1261E+02	  2.3255E+02	  2.2257E+02	  1.9631E+02	  1.8422E+02	  1.7062E+02	  1.8425E+02	  1.8657E+02	  2.1055E+02	  1.8830E+02	  2.0070E+02	  2.2730E+02	  2.0220E+02	  1.7331E+02	  1.8202E+02	  2.3998E+02	  2.5211E+02	  2.2121E+02	  2.4698E+02	  2.9095E+02	  3.1659E+02	  3.2237E+02	  3.7637E+02	  4.2374E+02	  4.9125E+02	  4.8107E+02	  3.7851E+02	  2.6549E+02	  1.7528E+02	  6.7984E+01	  2.5554E+01	  1.3140E+01	  1.4636E+00	  0.0000E+00	  0.0000E+00	  0.0000E+00	  0.0000E+00	  0.0000E+00	  0.0000E+00	  0.0000E+00	  0.0000E+00	  0.0000E+00	  0.0000E+00	  0.0000E+00	  0.0000E+00	  0.0000E+00	  0.0000E+00	  0.0000E+00	  0.0000E+00	  0.0000E+00	  0.0000E+00	  0.0000E+00	  0.0000E+00	  0.0000E+00	  0.0000E+00	  0.0000E+00	  0.0000E+00	  0.0000E+00	  0.0000E+00	  0.0000E+00	  0.0000E+00	  0.0000E+00	  0.0000E+00	  0.0000E+00	  0.0000E+00
  0.0000E+00	  0.0000E+00	  0.0000E+00	  0.0000E+00	  0.0000E+00	  0.0000E+00	  0.0000E+00	  0.0000E+00	  0.0000E+00	  0.0000E+00	  0.0000E+00	  0.0000E+00	  0.0000E+00	  0.0000E+00	  0.0000E+00	  0.0000E+00	  0.0000E+00	  0.0000E+00	  0.0000E+00	  0.0000E+00	  0.0000E+00	  0.0000E+00	  0.0000E+00	  0.0000E+00	  0.0000E+00	  2.7173E+00	  1.2998E+01	  2.4541E+01	  6.2293E+01	  1.1505E+02	  1.7481E+02	  2.1173E+02	  2.4024E+02	  2.4209E+02	  2.5236E+02	  2.4529E+02	  2.6047E+02	  2.6055E+02	  2.6897E+02	  2.9978E+02	  2.9790E+02	  2.4825E+02	  2.5801E+02	  2.9191E+02	  3.3684E+02	  3.1211E+02	  3.1622E+02	  3.3627E+02	  2.9390E+02	  2.9341E+02	  2.7774E+02	  2.6286E+02	  2.3229E+02	  2.2002E+02	  2.1878E+02	  2.2626E+02	  2.0126E+02	  1.9001E+02	  1.8850E+02	  2.0823E+02	  2.2843E+02	  2.2999E+02	  1.9651E+02	  1.9424E+02	  2.0401E+02	  2.1114E+02	  1.9729E+02	  1.8433E+02	  1.8586E+02	  1.7039E+02	  1.9126E+02	  2.0165E+02	  2.2239E+02	  1.9499E+02	  2.1738E+02	  2.0438E+02	  2.0504E+02	  1.9641E+02	  2.2670E+02	  2.4161E+02	  2.2635E+02	  2.5157E+02	  2.6758E+02	  2.7552E+02	  3.1427E+02	  3.7452E+02	  3.9902E+02	  4.5294E+02	  4.7947E+02	  3.7000E+02	  2.9960E+02	  1.9043E+02	  8.9601E+01	  3.9069E+01	  1.7417E+01	  1.9911E+00	  3.6273E-03	  0.0000E+00	  0.0000E+00	  0.0000E+00	  0.0000E+00	  0.0000E+00	  0.0000E+00	  0.0000E+00	  0.0000E+00	  0.0000E+00	  0.0000E+00	  0.0000E+00	  0.0000E+00	  0.0000E+00	  0.0000E+00	  0.0000E+00	  0.0000E+00	  0.0000E+00	  0.0000E+00	  0.0000E+00	  0.0000E+00	  0.0000E+00	  0.0000E+00	  0.0000E+00	  0.0000E+00	  0.0000E+00	  0.0000E+00	  0.0000E+00	  0.0000E+00	  0.0000E+00	  0.0000E+00	  0.0000E+00
  0.0000E+00	  0.0000E+00	  0.0000E+00	  0.0000E+00	  0.0000E+00	  0.0000E+00	  0.0000E+00	  0.0000E+00	  0.0000E+00	  0.0000E+00	  0.0000E+00	  0.0000E+00	  0.0000E+00	  0.0000E+00	  0.0000E+00	  0.0000E+00	  0.0000E+00	  0.0000E+00	  0.0000E+00	  0.0000E+00	  0.0000E+00	  0.0000E+00	  0.0000E+00	  0.0000E+00	  0.0000E+00	  3.4055E+00	  1.6229E+01	  4.1872E+01	  6.8750E+01	  1.1928E+02	  1.6929E+02	  1.9872E+02	  2.2651E+02	  2.3094E+02	  2.5424E+02	  2.4994E+02	  2.7087E+02	  2.8150E+02	  2.9979E+02	  3.3022E+02	  3.1385E+02	  2.8937E+02	  3.0499E+02	  3.3289E+02	  3.4134E+02	  3.2452E+02	  3.2509E+02	  3.2970E+02	  2.8939E+02	  2.4885E+02	  2.4740E+02	  2.4111E+02	  2.4234E+02	  2.2433E+02	  2.1729E+02	  2.0265E+02	  1.8219E+02	  1.8888E+02	  1.6545E+02	  2.1173E+02	  2.2644E+02	  2.2215E+02	  1.8852E+02	  1.8314E+02	  1.9878E+02	  1.7114E+02	  1.8685E+02	  1.9299E+02	  1.8809E+02	  1.8926E+02	  2.0748E+02	  2.0157E+02	  2.0945E+02	  2.0736E+02	  1.8445E+02	  2.0059E+02	  2.1210E+02	  2.1814E+02	  2.1866E+02	  2.2206E+02	  2.2247E+02	  2.4497E+02	  2.6667E+02	  2.7075E+02	  3.1973E+02	  3.8451E+02	  4.4363E+02	  4.7785E+02	  4.7580E+02	  4.1188E+02	  3.4258E+02	  2.3849E+02	  1.4096E+02	  5.7036E+01	  1.7492E+01	  6.9455E+00	  2.2870E-01	  0.0000E+00	  0.0000E+00	  0.0000E+00	  0.0000E+00	  0.0000E+00	  0.0000E+00	  0.0000E+00	  0.0000E+00	  0.0000E+00	  0.0000E+00	  0.0000E+00	  0.0000E+00	  0.0000E+00	  0.0000E+00	  0.0000E+00	  0.0000E+00	  0.0000E+00	  0.0000E+00	  0.0000E+00	  0.0000E+00	  0.0000E+00	  0.0000E+00	  0.0000E+00	  0.0000E+00	  0.0000E+00	  0.0000E+00	  0.0000E+00	  0.0000E+00	  0.0000E+00	  0.0000E+00	  0.0000E+00
  0.0000E+00	  0.0000E+00	  0.0000E+00	  0.0000E+00	  0.0000E+00	  0.0000E+00	  0.0000E+00	  0.0000E+00	  0.0000E+00	  0.0000E+00	  0.0000E+00	  0.0000E+00	  0.0000E+00	  0.0000E+00	  0.0000E+00	  0.0000E+00	  0.0000E+00	  0.0000E+00	  0.0000E+00	  0.0000E+00	  0.0000E+00	  0.0000E+00	  0.0000E+00	  0.0000E+00	  1.7969E-01	  4.6386E+00	  1.6019E+01	  3.6722E+01	  7.7208E+01	  1.2723E+02	  1.7787E+02	  2.0815E+02	  2.3259E+02	  2.3054E+02	  2.5498E+02	  2.9610E+02	  3.1805E+02	  3.3374E+02	  3.1453E+02	  3.3028E+02	  3.4762E+02	  3.3471E+02	  3.1994E+02	  3.3466E+02	  3.1330E+02	  3.3371E+02	  3.0777E+02	  2.9890E+02	  2.6091E+02	  2.3967E+02	  2.5105E+02	  2.5203E+02	  2.1542E+02	  1.9182E+02	  1.8167E+02	  1.7536E+02	  1.7032E+02	  1.7006E+02	  1.7002E+02	  2.0739E+02	  2.0973E+02	  2.0742E+02	  2.1042E+02	  2.2412E+02	  2.1205E+02	  1.7975E+02	  1.6155E+02	  1.6068E+02	  1.6788E+02	  1.7840E+02	  1.9575E+02	  1.9497E+02	  1.9698E+02	  1.9738E+02	  1.8362E+02	  1.8597E+02	  1.9901E+02	  2.0644E+02	  2.1884E+02	  2.1107E+02	  2.3571E+02	  2.4398E+02	  2.3436E+02	  2.5967E+02	  3.2084E+02	  3.6688E+02	  4.2122E+02	  4.6450E+02	  4.3807E+02	  4.2537E+02	  3.8995E+02	  3.0648E+02	  1.8405E+02	  8.0966E+01	  2.6423E+01	  7.5203E+00	  2.0816E+00	  0.0000E+00	  0.0000E+00	  0.0000E+00	  0.0000E+00	  0.0000E+00	  0.0000E+00	  0.0000E+00	  0.0000E+00	  0.0000E+00	  0.0000E+00	  0.0000E+00	  0.0000E+00	  0.0000E+00	  0.0000E+00	  0.0000E+00	  0.0000E+00	  0.0000E+00	  0.0000E+00	  0.0000E+00	  0.0000E+00	  0.0000E+00	  0.0000E+00	  0.0000E+00	  0.0000E+00	  0.0000E+00	  0.0000E+00	  0.0000E+00	  0.0000E+00	  0.0000E+00	  0.0000E+00	  0.0000E+00
  0.0000E+00	  0.0000E+00	  0.0000E+00	  0.0000E+00	  0.0000E+00	  0.0000E+00	  0.0000E+00	  0.0000E+00	  0.0000E+00	  0.0000E+00	  0.0000E+00	  0.0000E+00	  0.0000E+00	  0.0000E+00	  0.0000E+00	  0.0000E+00	  0.0000E+00	  0.0000E+00	  0.0000E+00	  0.0000E+00	  0.0000E+00	  0.0000E+00	  0.0000E+00	  0.0000E+00	  3.0619E-02	  1.7014E+00	  1.2030E+01	  2.5034E+01	  6.4173E+01	  1.3174E+02	  1.7471E+02	  2.1383E+02	  2.4194E+02	  2.6146E+02	  2.6869E+02	  2.8723E+02	  3.1155E+02	  3.3273E+02	  3.1741E+02	  3.3932E+02	  3.5704E+02	  3.6743E+02	  3.3931E+02	  3.2289E+02	  3.2677E+02	  3.0615E+02	  2.9322E+02	  2.8052E+02	  2.5085E+02	  2.3568E+02	  2.5359E+02	  2.7127E+02	  2.2815E+02	  2.0650E+02	  1.7286E+02	  1.4521E+02	  1.5308E+02	  1.5972E+02	  1.7436E+02	  1.8011E+02	  1.9839E+02	  2.0331E+02	  2.1117E+02	  1.9077E+02	  1.9169E+02	  2.0386E+02	  1.5824E+02	  1.6787E+02	  1.7085E+02	  1.6275E+02	  1.6861E+02	  1.9155E+02	  1.7364E+02	  1.7407E+02	  1.7687E+02	  1.9272E+02	  2.1418E+02	  2.1752E+02	  2.2917E+02	  2.2035E+02	  2.0798E+02	  2.2331E+02	  2.4497E+02	  2.6567E+02	  2.9578E+02	  3.5469E+02	  3.8297E+02	  4.2197E+02	  4.4922E+02	  4.7577E+02	  4.4734E+02	  4.3354E+02	  2.6139E+02	  1.3107E+02	  4.9494E+01	  1.4183E+01	  2.6963E+00	  0.0000E+00	  0.0000E+00	  0.0000E+00	  0.0000E+00	  0.0000E+00	  0.0000E+00	  0.0000E+00	  0.0000E+00	  0.0000E+00	  0.0000E+00	  0.0000E+00	  0.0000E+00	  0.0000E+00	  0.0000E+00	  0.0000E+00	  0.0000E+00	  0.0000E+00	  0.0000E+00	  0.0000E+00	  0.0000E+00	  0.0000E+00	  0.0000E+00	  0.0000E+00	  0.0000E+00	  0.0000E+00	  0.0000E+00	  0.0000E+00	  0.0000E+00	  0.0000E+00	  0.0000E+00	  0.0000E+00
  0.0000E+00	  0.0000E+00	  0.0000E+00	  0.0000E+00	  0.0000E+00	  0.0000E+00	  0.0000E+00	  0.0000E+00	  0.0000E+00	  0.0000E+00	  0.0000E+00	  0.0000E+00	  0.0000E+00	  0.0000E+00	  0.0000E+00	  0.0000E+00	  0.0000E+00	  0.0000E+00	  0.0000E+00	  0.0000E+00	  0.0000E+00	  0.0000E+00	  0.0000E+00	  0.0000E+00	  2.9034E-04	  5.1072E-01	  7.3446E+00	  2.2304E+01	  5.8358E+01	  1.1804E+02	  1.8762E+02	  2.1638E+02	  2.5502E+02	  2.5339E+02	  2.4327E+02	  2.8274E+02	  2.9791E+02	  3.1441E+02	  3.4628E+02	  3.6213E+02	  3.6043E+02	  3.4732E+02	  3.4431E+02	  3.2010E+02	  3.2494E+02	  2.9331E+02	  2.7881E+02	  2.6861E+02	  2.4454E+02	  2.3103E+02	  2.6549E+02	  2.6878E+02	  2.2410E+02	  1.9565E+02	  1.8564E+02	  1.6816E+02	  1.6226E+02	  1.4398E+02	  1.5586E+02	  1.9103E+02	  2.3067E+02	  2.1501E+02	  2.0944E+02	  1.8209E+02	  1.6214E+02	  1.8193E+02	  1.6358E+02	  1.4882E+02	  1.5441E+02	  1.5381E+02	  1.6464E+02	  2.0850E+02	  1.9422E+02	  1.7324E+02	  1.6613E+02	  1.6814E+02	  1.9771E+02	  2.1602E+02	  2.2561E+02	  2.2786E+02	  2.3368E+02	  2.2911E+02	  2.3019E+02	  2.5318E+02	  2.6178E+02	  2.9637E+02	  3.6853E+02	  4.1018E+02	  4.3491E+02	  4.7709E+02	  4.7129E+02	  4.8367E+02	  3.4312E+02	  1.7719E+02	  5.8355E+01	  2.0155E+01	  4.3880E+00	  1.2140E+00	  2.2408E-01	  0.0000E+00	  0.0000E+00	  0.0000E+00	  0.0000E+00	  0.0000E+00	  0.0000E+00	  0.0000E+00	  0.0000E+00	  0.0000E+00	  0.0000E+00	  0.0000E+00	  0.0000E+00	  0.0000E+00	  0.0000E+00	  0.0000E+00	  0.0000E+00	  0.0000E+00	  0.0000E+00	  0.0000E+00	  0.0000E+00	  0.0000E+00	  0.0000E+00	  0.0000E+00	  0.0000E+00	  0.0000E+00	  0.0000E+00	  0.0000E+00	  0.0000E+00	  0.0000E+00
  0.0000E+00	  0.0000E+00	  0.0000E+00	  0.0000E+00	  0.0000E+00	  0.0000E+00	  0.0000E+00	  0.0000E+00	  0.0000E+00	  0.0000E+00	  0.0000E+00	  0.0000E+00	  0.0000E+00	  0.0000E+00	  0.0000E+00	  0.0000E+00	  0.0000E+00	  0.0000E+00	  0.0000E+00	  0.0000E+00	  0.0000E+00	  4.3417E-01	  1.0043E+00	  2.0428E-01	  2.0347E-03	  1.3586E+00	  1.0755E+01	  3.1253E+01	  7.8233E+01	  1.2967E+02	  1.7798E+02	  2.2328E+02	  2.5041E+02	  2.5981E+02	  2.5920E+02	  2.7722E+02	  3.0587E+02	  3.0972E+02	  3.4568E+02	  3.7168E+02	  3.4820E+02	  3.0944E+02	  3.2938E+02	  3.2151E+02	  3.1334E+02	  3.0867E+02	  2.9102E+02	  2.7200E+02	  2.4761E+02	  2.5586E+02	  2.7302E+02	  2.5205E+02	  2.4519E+02	  2.0971E+02	  1.8709E+02	  1.7953E+02	  1.7583E+02	  1.5469E+02	  1.7401E+02	  2.0585E+02	  2.1245E+02	  1.8778E+02	  1.8362E+02	  1.7108E+02	  1.7055E+02	  1.6457E+02	  1.7749E+02	  1.5587E+02	  1.5869E+02	  1.6414E+02	  1.7631E+02	  1.8664E+02	  2.0755E+02	  1.8046E+02	  1.7418E+02	  1.7776E+02	  2.1738E+02	  2.1033E+02	  2.1529E+02	  2.4336E+02	  2.7237E+02	  2.4921E+02	  2.3590E+02	  2.4928E+02	  2.5269E+02	  2.7271E+02	  3.1435E+02	  3.5651E+02	  4.2194E+02	  4.7419E+02	  5.1468E+02	  5.0034E+02	  3.6117E+02	  2.0364E+02	  9.0499E+01	  3.2787E+01	  8.8671E+00	  8.6063E-01	  2.1452E-01	  0.0000E+00	  0.0000E+00	  0.0000E+00	  0.0000E+00	  0.0000E+00	  0.0000E+00	  0.0000E+00	  0.0000E+00	  0.0000E+00	  0.0000E+00	  0.0000E+00	  0.0000E+00	  0.0000E+00	  0.0000E+00	  0.0000E+00	  0.0000E+00	  0.0000E+00	  0.0000E+00	  0.0000E+00	  0.0000E+00	  0.0000E+00	  0.0000E+00	  0.0000E+00	  0.0000E+00	  0.0000E+00	  0.0000E+00	  0.0000E+00	  0.0000E+00	  0.0000E+00
  0.0000E+00	  0.0000E+00	  0.0000E+00	  0.0000E+00	  0.0000E+00	  0.0000E+00	  0.0000E+00	  0.0000E+00	  0.0000E+00	  0.0000E+00	  0.0000E+00	  0.0000E+00	  0.0000E+00	  0.0000E+00	  0.0000E+00	  0.0000E+00	  0.0000E+00	  0.0000E+00	  0.0000E+00	  0.0000E+00	  2.9413E-01	  5.7717E-01	  2.4090E+00	  1.4491E+00	  2.1244E+00	  3.7862E+00	  1.3980E+01	  3.0013E+01	  6.6906E+01	  1.0337E+02	  1.6084E+02	  2.1020E+02	  2.4467E+02	  2.6502E+02	  2.5980E+02	  2.7750E+02	  3.0024E+02	  2.9104E+02	  3.4059E+02	  3.7815E+02	  3.4172E+02	  3.2897E+02	  3.1236E+02	  3.2965E+02	  3.4136E+02	  3.5208E+02	  2.9070E+02	  2.9990E+02	  2.6433E+02	  2.4606E+02	  2.4700E+02	  2.6411E+02	  2.6912E+02	  2.2481E+02	  1.9887E+02	  1.9209E+02	  1.9797E+02	  1.7816E+02	  1.9799E+02	  2.1888E+02	  2.0046E+02	  1.8317E+02	  1.8880E+02	  1.5834E+02	  1.5365E+02	  1.4668E+02	  1.6420E+02	  1.6802E+02	  1.6748E+02	  1.7015E+02	  1.4902E+02	  1.6440E+02	  2.0728E+02	  1.8477E+02	  1.9919E+02	  1.8575E+02	  1.9586E+02	  1.9585E+02	  2.1047E+02	  2.2720E+02	  2.3691E+02	  2.2790E+02	  2.1269E+02	  2.6267E+02	  2.8900E+02	  2.6821E+02	  3.0740E+02	  3.3607E+02	  3.7932E+02	  4.2942E+02	  4.7903E+02	  4.6278E+02	  3.8791E+02	  2.6343E+02	  1.2622E+02	  5.3676E+01	  1.6362E+01	  2.5751E+00	  1.4793E-01	  0.0000E+00	  0.0000E+00	  0.0000E+00	  0.0000E+00	  0.0000E+00	  0.0000E+00	  0.0000E+00	  0.0000E+00	  0.0000E+00	  0.0000E+00	  0.0000E+00	  0.0000E+00	  0.0000E+00	  0.0000E+00	  0.0000E+00	  0.0000E+00	  0.0000E+00	  0.0000E+00	  0.0000E+00	  0.0000E+00	  0.0000E+00	  0.0000E+00	  0.0000E+00	  0.0000E+00	  0.0000E+00	  0.0000E+00	  0.0000E+00	  0.0000E+00	  0.0000E+00
  0.0000E+00	  0.0000E+00	  0.0000E+00	  0.0000E+00	  0.0000E+00	  0.0000E+00	  0.0000E+00	  0.0000E+00	  0.0000E+00	  0.0000E+00	  0.0000E+00	  0.0000E+00	  0.0000E+00	  0.0000E+00	  0.0000E+00	  0.0000E+00	  0.0000E+00	  0.0000E+00	  0.0000E+00	  0.0000E+00	  3.7292E-01	  9.9281E-01	  1.4106E+00	  3.2370E+00	  7.0602E+00	  6.9264E+00	  1.1985E+01	  2.5373E+01	  5.6933E+01	  9.2292E+01	  1.5022E+02	  1.9986E+02	  2.6301E+02	  2.6813E+02	  2.7749E+02	  2.8392E+02	  2.7463E+02	  2.8774E+02	  3.3635E+02	  3.4602E+02	  3.2284E+02	  2.9408E+02	  3.0365E+02	  3.3348E+02	  3.4745E+02	  3.0667E+02	  2.8383E+02	  2.6747E+02	  2.4308E+02	  2.6049E+02	  2.4995E+02	  2.6695E+02	  2.9208E+02	  2.5105E+02	  2.0571E+02	  1.8396E+02	  1.9958E+02	  2.2557E+02	  2.0398E+02	  1.9861E+02	  1.7129E+02	  1.6974E+02	  1.7303E+02	  1.6179E+02	  1.4858E+02	  1.2926E+02	  1.6185E+02	  1.5460E+02	  1.7032E+02	  1.8271E+02	  1.5728E+02	  1.7012E+02	  1.9411E+02	  2.0376E+02	  1.7772E+02	  1.6508E+02	  1.4671E+02	  1.5807E+02	  2.2607E+02	  2.3288E+02	  2.1781E+02	  1.9458E+02	  1.8614E+02	  2.0495E+02	  2.5193E+02	  2.6630E+02	  2.9010E+02	  3.1574E+02	  3.4970E+02	  4.1243E+02	  4.3787E+02	  4.0789E+02	  4.1394E+02	  3.0227E+02	  1.6266E+02	  8.2623E+01	  2.7745E+01	  1.0104E+01	  8.4621E-01	  0.0000E+00	  0.0000E+00	  0.0000E+00	  0.0000E+00	  0.0000E+00	  0.0000E+00	  0.0000E+00	  0.0000E+00	  0.0000E+00	  0.0000E+00	  0.0000E+00	  0.0000E+00	  0.0000E+00	  0.0000E+00	  0.0000E+00	  0.0000E+00	  0.0000E+00	  0.0000E+00	  0.0000E+00	  0.0000E+00	  0.0000E+00	  0.0000E+00	  0.0000E+00	  0.0000E+00	  0.0000E+00	  0.0000E+00	  0.0000E+00	  0.0000E+00	  0.0000E+00
  0.0000E+00	  0.0000E+00	  0.0000E+00	  0.0000E+00	  0.0000E+00	  0.0000E+00	  0.0000E+00	  0.0000E+00	  0.0000E+00	  0.0000E+00	  0.0000E+00	  0.0000E+00	  0.0000E+00	  0.0000E+00	  0.0000E+00	  0.0000E+00	  0.0000E+00	  0.0000E+00	  0.0000E+00	  0.0000E+00	  0.0000E+00	  1.0648E+00	  2.6114E+00	  4.5515E+00	  5.4001E+00	  8.1496E+00	  9.4877E+00	  3.0247E+01	  5.4736E+01	  8.1841E+01	  1.1895E+02	  1.8385E+02	  2.5408E+02	  2.7281E+02	  3.0357E+02	  3.1505E+02	  3.1940E+02	  2.8424E+02	  3.2158E+02	  3.5436E+02	  3.2596E+02	  3.0577E+02	  3.4788E+02	  3.7280E+02	  3.4748E+02	  2.9461E+02	  2.9116E+02	  2.5301E+02	  2.2434E+02	  2.3575E+02	  2.8498E+02	  2.7517E+02	  2.8407E+02	  2.7026E+02	  2.0027E+02	  1.7955E+02	  1.8637E+02	  2.0250E+02	  2.0370E+02	  1.8106E+02	  1.7859E+02	  1.9013E+02	  1.7959E+02	  1.7637E+02	  1.6094E+02	  1.5704E+02	  1.6588E+02	  1.5129E+02	  1.6862E+02	  1.8988E+02	  1.6265E+02	  1.5234E+02	  1.5761E+02	  1.8029E+02	  1.6616E+02	  1.5724E+02	  1.3514E+02	  1.4256E+02	  1.8259E+02	  1.9651E+02	  2.0903E+02	  1.9998E+02	  1.9006E+02	  1.8937E+02	  2.1642E+02	  2.2889E+02	  2.4201E+02	  2.4953E+02	  3.4210E+02	  3.8312E+02	  4.0487E+02	  4.3234E+02	  4.4678E+02	  3.1831E+02	  1.9841E+02	  1.2153E+02	  5.0287E+01	  1.8889E+01	  5.8668E+00	  2.7983E-01	  1.0320E-03	  3.8281E-03	  0.0000E+00	  0.0000E+00	  0.0000E+00	  0.0000E+00	  0.0000E+00	  0.0000E+00	  0.0000E+00	  0.0000E+00	  0.0000E+00	  0.0000E+00	  0.0000E+00	  0.0000E+00	  0.0000E+00	  0.0000E+00	  0.0000E+00	  0.0000E+00	  0.0000E+00	  0.0000E+00	  0.0000E+00	  0.0000E+00	  0.0000E+00	  0.0000E+00	  0.0000E+00	  0.0000E+00	  0.0000E+00	  0.0000E+00
  0.0000E+00	  0.0000E+00	  0.0000E+00	  0.0000E+00	  0.0000E+00	  0.0000E+00	  0.0000E+00	  0.0000E+00	  0.0000E+00	  0.0000E+00	  0.0000E+00	  0.0000E+00	  0.0000E+00	  0.0000E+00	  0.0000E+00	  0.0000E+00	  0.0000E+00	  0.0000E+00	  0.0000E+00	  2.0015E-01	  1.3240E-01	  4.3730E-01	  1.1326E+00	  2.8758E+00	  4.5633E+00	  5.2955E+00	  7.1665E+00	  2.1538E+01	  4.9195E+01	  8.0241E+01	  1.1568E+02	  1.7496E+02	  2.5145E+02	  2.7624E+02	  2.8004E+02	  3.1146E+02	  3.3245E+02	  3.3081E+02	  3.4310E+02	  3.2907E+02	  3.3728E+02	  3.2364E+02	  3.4770E+02	  3.3811E+02	  3.2447E+02	  2.6896E+02	  2.6502E+02	  2.1855E+02	  1.8934E+02	  2.1119E+02	  2.6264E+02	  2.7230E+02	  2.7947E+02	  2.5700E+02	  2.2049E+02	  2.0358E+02	  1.9497E+02	  2.2296E+02	  1.8931E+02	  1.9277E+02	  1.9166E+02	  1.8635E+02	  1.7199E+02	  1.8322E+02	  1.7240E+02	  1.6865E+02	  2.1834E+02	  2.0259E+02	  1.9090E+02	  2.0116E+02	  1.7413E+02	  1.6250E+02	  1.5002E+02	  1.5400E+02	  1.7011E+02	  1.3497E+02	  1.3548E+02	  1.4443E+02	  1.7563E+02	  1.8097E+02	  1.9753E+02	  1.8936E+02	  1.8722E+02	  1.9217E+02	  2.0200E+02	  2.1694E+02	  2.2246E+02	  2.7953E+02	  3.3073E+02	  4.0947E+02	  4.3850E+02	  4.1586E+02	  3.9816E+02	  3.3135E+02	  2.5722E+02	  1.4886E+02	  7.5023E+01	  2.9169E+01	  7.3915E+00	  1.6770E+00	  1.1640E+00	  8.1900E-01	  0.0000E+00	  0.0000E+00	  0.0000E+00	  0.0000E+00	  0.0000E+00	  0.0000E+00	  0.0000E+00	  0.0000E+00	  0.0000E+00	  0.0000E+00	  0.0000E+00	  0.0000E+00	  0.0000E+00	  0.0000E+00	  0.0000E+00	  0.0000E+00	  0.0000E+00	  0.0000E+00	  0.0000E+00	  0.0000E+00	  0.0000E+00	  0.0000E+00	  0.0000E+00	  0.0000E+00	  0.0000E+00	  0.0000E+00
  0.0000E+00	  0.0000E+00	  0.0000E+00	  0.0000E+00	  0.0000E+00	  0.0000E+00	  0.0000E+00	  0.0000E+00	  0.0000E+00	  0.0000E+00	  0.0000E+00	  0.0000E+00	  0.0000E+00	  0.0000E+00	  0.0000E+00	  0.0000E+00	  0.0000E+00	  0.0000E+00	  0.0000E+00	  4.0121E-01	  6.0659E-01	  1.3634E+00	  1.1325E+00	  1.4111E+00	  1.5972E+00	  2.4621E+00	  7.2625E+00	  1.7171E+01	  4.1472E+01	  7.6492E+01	  1.1904E+02	  1.8149E+02	  2.4883E+02	  2.7083E+02	  2.8789E+02	  2.9386E+02	  3.4092E+02	  3.3321E+02	  3.1941E+02	  3.1013E+02	  3.2082E+02	  3.2631E+02	  3.1227E+02	  2.8588E+02	  3.0571E+02	  2.7179E+02	  2.7392E+02	  2.4933E+02	  2.2255E+02	  2.0575E+02	  2.3634E+02	  2.6030E+02	  2.4469E+02	  2.5198E+02	  2.3276E+02	  2.1273E+02	  2.0209E+02	  2.1587E+02	  2.1718E+02	  2.0904E+02	  1.9208E+02	  1.9197E+02	  1.8209E+02	  1.7269E+02	  1.8588E+02	  1.9446E+02	  2.1450E+02	  2.2698E+02	  1.8817E+02	  1.9796E+02	  1.9557E+02	  1.6914E+02	  1.4766E+02	  1.3741E+02	  1.4962E+02	  1.3227E+02	  1.3070E+02	  1.4591E+02	  1.7180E+02	  1.9034E+02	  1.8844E+02	  1.8896E+02	  2.0112E+02	  2.2190E+02	  1.9584E+02	  2.0256E+02	  2.1838E+02	  2.7464E+02	  3.1542E+02	  3.8340E+02	  4.3143E+02	  4.3477E+02	  4.0724E+02	  3.6971E+02	  2.7884E+02	  2.1645E+02	  1.2147E+02	  5.5454E+01	  1.6271E+01	  4.6293E+00	  3.6115E+00	  8.3666E-01	  0.0000E+00	  0.0000E+00	  0.0000E+00	  0.0000E+00	  0.0000E+00	  0.0000E+00	  0.0000E+00	  0.0000E+00	  0.0000E+00	  0.0000E+00	  0.0000E+00	  0.0000E+00	  0.0000E+00	  0.0000E+00	  0.0000E+00	  0.0000E+00	  0.0000E+00	  0.0000E+00	  0.0000E+00	  0.0000E+00	  0.0000E+00	  0.0000E+00	  0.0000E+00	  0.0000E+00	  0.0000E+00	  0.0000E+00
  0.0000E+00	  0.0000E+00	  0.0000E+00	  0.0000E+00	  0.0000E+00	  0.0000E+00	  0.0000E+00	  0.0000E+00	  0.0000E+00	  0.0000E+00	  0.0000E+00	  0.0000E+00	  0.0000E+00	  0.0000E+00	  0.0000E+00	  0.0000E+00	  0.0000E+00	  0.0000E+00	  0.0000E+00	  0.0000E+00	  4.2091E-02	  8.4304E-02	  1.9316E-01	  1.1572E-01	  9.6734E-01	  1.4073E+00	  4.8239E+00	  1.8111E+01	  5.1329E+01	  8.6728E+01	  1.2706E+02	  1.8615E+02	  2.3935E+02	  2.3987E+02	  2.8374E+02	  3.4128E+02	  3.4124E+02	  3.2359E+02	  3.1165E+02	  2.7923E+02	  2.9635E+02	  2.8412E+02	  3.1868E+02	  3.0123E+02	  3.0983E+02	  3.1639E+02	  2.9660E+02	  2.9421E+02	  2.5393E+02	  2.3639E+02	  2.6198E+02	  2.8485E+02	  2.7179E+02	  2.5756E+02	  2.3506E+02	  2.0425E+02	  1.9657E+02	  1.9131E+02	  2.2823E+02	  2.2385E+02	  1.9386E+02	  1.9400E+02	  1.8153E+02	  1.8438E+02	  1.8017E+02	  1.9815E+02	  2.1938E+02	  2.2585E+02	  1.9354E+02	  1.7623E+02	  1.8338E+02	  1.5310E+02	  1.5004E+02	  1.6992E+02	  1.6138E+02	  1.5607E+02	  1.6027E+02	  1.7630E+02	  1.7338E+02	  1.8669E+02	  1.8888E+02	  1.7890E+02	  1.9345E+02	  2.0767E+02	  2.1758E+02	  2.0528E+02	  2.1385E+02	  2.6264E+02	  3.0171E+02	  3.1601E+02	  3.8610E+02	  4.4236E+02	  4.6116E+02	  4.1110E+02	  3.5527E+02	  2.6371E+02	  1.4420E+02	  5.8927E+01	  2.3138E+01	  8.0447E+00	  4.1525E+00	  1.0168E+00	  0.0000E+00	  0.0000E+00	  0.0000E+00	  0.0000E+00	  0.0000E+00	  0.0000E+00	  0.0000E+00	  0.0000E+00	  0.0000E+00	  0.0000E+00	  0.0000E+00	  0.0000E+00	  0.0000E+00	  0.0000E+00	  0.0000E+00	  0.0000E+00	  0.0000E+00	  0.0000E+00	  0.0000E+00	  0.0000E+00	  0.0000E+00	  0.0000E+00	  0.0000E+00	  0.0000E+00	  0.0000E+00	  0.0000E+00
  0.0000E+00	  0.0000E+00	  0.0000E+00	  0.0000E+00	  0.0000E+00	  0.0000E+00	  0.0000E+00	  0.0000E+00	  0.0000E+00	  0.0000E+00	  0.0000E+00	  0.0000E+00	  0.0000E+00	  0.0000E+00	  0.0000E+00	  0.0000E+00	  0.0000E+00	  0.0000E+00	  0.0000E+00	  0.0000E+00	  5.6689E-02	  1.5549E-01	  0.0000E+00	  0.0000E+00	  3.2970E-01	  2.6012E+00	  5.8848E+00	  1.5235E+01	  4.4242E+01	  8.2894E+01	  1.2210E+02	  1.8541E+02	  2.2881E+02	  2.6340E+02	  3.0742E+02	  3.4902E+02	  3.1061E+02	  2.8989E+02	  2.8876E+02	  2.9988E+02	  3.2103E+02	  3.1483E+02	  3.0565E+02	  2.9802E+02	  2.8780E+02	  3.1597E+02	  3.1070E+02	  2.8789E+02	  2.6355E+02	  2.3381E+02	  2.5616E+02	  2.7807E+02	  2.5310E+02	  2.4607E+02	  2.3414E+02	  2.1490E+02	  2.1336E+02	  2.2974E+02	  2.2311E+02	  2.0821E+02	  2.0942E+02	  2.0188E+02	  1.5717E+02	  1.6733E+02	  1.4786E+02	  1.5074E+02	  1.9877E+02	  2.0423E+02	  1.8193E+02	  1.9019E+02	  1.8050E+02	  1.5860E+02	  1.6433E+02	  1.6204E+02	  1.8614E+02	  1.7142E+02	  1.8188E+02	  2.0118E+02	  1.8374E+02	  1.8410E+02	  1.8656E+02	  1.8604E+02	  2.1025E+02	  2.0979E+02	  2.2216E+02	  2.2035E+02	  2.1623E+02	  2.4906E+02	  3.0034E+02	  3.1767E+02	  3.5997E+02	  3.8930E+02	  4.0013E+02	  4.1995E+02	  3.7908E+02	  2.7179E+02	  1.5663E+02	  8.5791E+01	  4.0546E+01	  1.6050E+01	  4.0706E+00	  1.3714E+00	  0.0000E+00	  0.0000E+00	  0.0000E+00	  0.0000E+00	  0.0000E+00	  0.0000E+00	  0.0000E+00	  0.0000E+00	  0.0000E+00	  0.0000E+00	  0.0000E+00	  0.0000E+00	  0.0000E+00	  0.0000E+00	  0.0000E+00	  0.0000E+00	  0.0000E+00	  0.0000E+00	  0.0000E+00	  0.0000E+00	  0.0000E+00	  0.0000E+00	  0.0000E+00	  0.0000E+00	  0.0000E+00	  0.0000E+00
  0.0000E+00	  0.0000E+00	  0.0000E+00	  0.0000E+00	  0.0000E+00	  0.0000E+00	  0.0000E+00	  0.0000E+00	  0.0000E+00	  0.0000E+00	  0.0000E+00	  0.0000E+00	  0.0000E+00	  0.0000E+00	  0.0000E+00	  0.0000E+00	  0.0000E+00	  0.0000E+00	  0.0000E+00	  0.0000E+00	  2.8854E-01	  1.2041E+00	  0.0000E+00	  0.0000E+00	  0.0000E+00	  2.4017E+00	  4.5625E+00	  1.5192E+01	  4.3492E+01	  6.8631E+01	  1.3056E+02	  1.8134E+02	  2.2106E+02	  2.7048E+02	  3.1786E+02	  3.5774E+02	  3.0457E+02	  3.0354E+02	  2.8548E+02	  2.9703E+02	  3.1242E+02	  3.3717E+02	  3.2582E+02	  3.1891E+02	  3.2123E+02	  3.1931E+02	  3.0182E+02	  2.8668E+02	  2.5243E+02	  2.2706E+02	  2.4851E+02	  2.4288E+02	  2.3064E+02	  2.3034E+02	  2.2810E+02	  2.5192E+02	  2.5344E+02	  2.2626E+02	  2.3029E+02	  1.9750E+02	  2.0057E+02	  2.0013E+02	  1.6702E+02	  1.6225E+02	  1.5690E+02	  1.5572E+02	  1.6184E+02	  1.8323E+02	  1.8133E+02	  1.8870E+02	  1.8859E+02	  1.6018E+02	  1.6500E+02	  1.6900E+02	  1.8492E+02	  1.7366E+02	  1.6538E+02	  1.7837E+02	  1.7940E+02	  1.6780E+02	  1.7838E+02	  1.9138E+02	  2.1625E+02	  2.2134E+02	  1.8693E+02	  2.0584E+02	  1.9064E+02	  2.2170E+02	  2.6687E+02	  2.8483E+02	  3.7150E+02	  3.7945E+02	  4.0473E+02	  4.1047E+02	  3.9033E+02	  2.9518E+02	  1.8727E+02	  1.0456E+02	  4.8858E+01	  1.7896E+01	  4.3321E+00	  1.1491E+00	  1.6711E-01	  0.0000E+00	  0.0000E+00	  0.0000E+00	  0.0000E+00	  0.0000E+00	  0.0000E+00	  0.0000E+00	  0.0000E+00	  0.0000E+00	  0.0000E+00	  0.0000E+00	  0.0000E+00	  0.0000E+00	  0.0000E+00	  0.0000E+00	  0.0000E+00	  0.0000E+00	  0.0000E+00	  0.0000E+00	  0.0000E+00	  0.0000E+00	  0.0000E+00	  0.0000E+00	  0.0000E+00	  0.0000E+00
  0.0000E+00	  0.0000E+00	  0.0000E+00	  0.0000E+00	  0.0000E+00	  0.0000E+00	  0.0000E+00	  0.0000E+00	  0.0000E+00	  0.0000E+00	  0.0000E+00	  0.0000E+00	  0.0000E+00	  0.0000E+00	  0.0000E+00	  0.0000E+00	  0.0000E+00	  0.0000E+00	  0.0000E+00	  0.0000E+00	  3.2555E-02	  2.6094E-01	  0.0000E+00	  0.0000E+00	  0.0000E+00	  1.0969E+00	  2.9380E+00	  5.4775E+00	  2.8570E+01	  7.3530E+01	  1.3820E+02	  1.8180E+02	  2.2750E+02	  2.5930E+02	  2.6674E+02	  2.9832E+02	  3.0666E+02	  3.2309E+02	  3.0650E+02	  3.1492E+02	  3.1729E+02	  3.3232E+02	  3.3572E+02	  3.3481E+02	  3.5080E+02	  3.0707E+02	  2.9386E+02	  2.5853E+02	  2.3990E+02	  2.4509E+02	  2.2398E+02	  2.4137E+02	  2.3201E+02	  2.2601E+02	  2.4274E+02	  2.5148E+02	  2.2876E+02	  2.0074E+02	  1.9441E+02	  1.9456E+02	  1.8195E+02	  1.9125E+02	  1.7534E+02	  1.5639E+02	  1.6675E+02	  1.8175E+02	  1.7230E+02	  1.6654E+02	  1.6817E+02	  1.9101E+02	  1.7092E+02	  1.7446E+02	  1.8664E+02	  1.9568E+02	  1.8046E+02	  1.7079E+02	  1.8073E+02	  1.7297E+02	  1.5998E+02	  1.5713E+02	  1.6496E+02	  1.7538E+02	  2.0124E+02	  2.0798E+02	  1.8892E+02	  2.1038E+02	  2.0990E+02	  2.0456E+02	  2.4305E+02	  2.5940E+02	  2.9821E+02	  3.2427E+02	  3.5602E+02	  3.9209E+02	  4.1602E+02	  3.6802E+02	  2.4624E+02	  1.3256E+02	  6.5682E+01	  2.4353E+01	  5.3975E+00	  6.9270E+00	  1.2984E+00	  0.0000E+00	  0.0000E+00	  0.0000E+00	  0.0000E+00	  0.0000E+00	  0.0000E+00	  0.0000E+00	  0.0000E+00	  0.0000E+00	  0.0000E+00	  0.0000E+00	  0.0000E+00	  0.0000E+00	  0.0000E+00	  0.0000E+00	  0.0000E+00	  0.0000E+00	  0.0000E+00	  0.0000E+00	  0.0000E+00	  0.0000E+00	  0.0000E+00	  0.0000E+00	  0.0000E+00	  0.0000E+00
  0.0000E+00	  0.0000E+00	  0.0000E+00	  0.0000E+00	  0.0000E+00	  0.0000E+00	  0.0000E+00	  0.0000E+00	  0.0000E+00	  0.0000E+00	  0.0000E+00	  0.0000E+00	  0.0000E+00	  0.0000E+00	  0.0000E+00	  0.0000E+00	  0.0000E+00	  0.0000E+00	  0.0000E+00	  0.0000E+00	  0.0000E+00	  0.0000E+00	  0.0000E+00	  0.0000E+00	  1.3914E-02	  4.0152E-01	  1.9337E+00	  5.5340E+00	  2.1343E+01	  6.7886E+01	  1.1848E+02	  1.5713E+02	  2.4259E+02	  2.6728E+02	  2.7985E+02	  3.2171E+02	  3.3659E+02	  3.3588E+02	  3.0397E+02	  3.0654E+02	  3.1489E+02	  3.1340E+02	  3.3218E+02	  3.1868E+02	  2.8160E+02	  2.7168E+02	  2.7914E+02	  2.6311E+02	  2.4170E+02	  2.3413E+02	  2.1900E+02	  2.5332E+02	  2.7168E+02	  2.4899E+02	  2.3575E+02	  2.4294E+02	  2.3216E+02	  2.1712E+02	  1.9665E+02	  1.9090E+02	  1.8666E+02	  1.8973E+02	  1.8083E+02	  1.7490E+02	  1.8141E+02	  1.8791E+02	  1.7537E+02	  1.5501E+02	  1.7966E+02	  1.8586E+02	  1.7339E+02	  1.7825E+02	  1.7169E+02	  1.9906E+02	  1.8371E+02	  1.7078E+02	  1.7662E+02	  1.7149E+02	  1.6443E+02	  1.7956E+02	  1.9092E+02	  1.9072E+02	  1.9322E+02	  1.9909E+02	  2.0752E+02	  1.8574E+02	  1.9075E+02	  1.8977E+02	  2.0378E+02	  2.2604E+02	  2.6309E+02	  2.8606E+02	  3.5602E+02	  3.9966E+02	  4.4037E+02	  3.8878E+02	  3.2700E+02	  2.0237E+02	  1.0474E+02	  4.3217E+01	  1.1468E+01	  2.3645E+00	  1.3031E-01	  0.0000E+00	  0.0000E+00	  0.0000E+00	  0.0000E+00	  0.0000E+00	  0.0000E+00	  0.0000E+00	  0.0000E+00	  0.0000E+00	  0.0000E+00	  0.0000E+00	  0.0000E+00	  0.0000E+00	  0.0000E+00	  0.0000E+00	  0.0000E+00	  0.0000E+00	  0.0000E+00	  0.0000E+00	  0.0000E+00	  0.0000E+00	  0.0000E+00	  0.0000E+00	  0.0000E+00	  0.0000E+00
  0.0000E+00	  0.0000E+00	  0.0000E+00	  0.0000E+00	  0.0000E+00	  0.0000E+00	  0.0000E+00	  0.0000E+00	  0.0000E+00	  0.0000E+00	  0.0000E+00	  0.0000E+00	  0.0000E+00	  0.0000E+00	  0.0000E+00	  0.0000E+00	  0.0000E+00	  0.0000E+00	  0.0000E+00	  0.0000E+00	  0.0000E+00	  0.0000E+00	  0.0000E+00	  0.0000E+00	  2.8046E-02	  7.1559E-01	  2.7964E+00	  5.7521E+00	  2.0890E+01	  4.7549E+01	  9.4123E+01	  1.5258E+02	  2.3069E+02	  2.6219E+02	  3.0753E+02	  3.6333E+02	  3.4886E+02	  3.5055E+02	  3.2249E+02	  3.4488E+02	  3.3602E+02	  3.1150E+02	  3.1437E+02	  3.0490E+02	  2.5152E+02	  2.4808E+02	  2.6503E+02	  2.5628E+02	  2.5324E+02	  2.3083E+02	  2.1408E+02	  2.3414E+02	  2.3943E+02	  2.4306E+02	  2.4118E+02	  2.2507E+02	  2.2358E+02	  2.0248E+02	  1.8791E+02	  1.8688E+02	  1.9921E+02	  2.0318E+02	  1.9716E+02	  1.8152E+02	  1.6594E+02	  1.6765E+02	  1.5903E+02	  1.5111E+02	  1.6671E+02	  1.7049E+02	  1.9257E+02	  1.7245E+02	  1.9552E+02	  1.9918E+02	  2.0176E+02	  1.8807E+02	  1.7522E+02	  1.8218E+02	  1.9218E+02	  1.9319E+02	  1.9487E+02	  2.0576E+02	  2.0160E+02	  1.9934E+02	  1.9059E+02	  1.7999E+02	  1.9762E+02	  2.1408E+02	  2.2051E+02	  2.2759E+02	  2.4950E+02	  2.7973E+02	  3.1235E+02	  3.6173E+02	  4.1189E+02	  4.1305E+02	  3.8043E+02	  2.6499E+02	  1.5687E+02	  6.6440E+01	  1.6918E+01	  1.8896E+00	  7.8408E-01	  0.0000E+00	  0.0000E+00	  0.0000E+00	  0.0000E+00	  0.0000E+00	  0.0000E+00	  0.0000E+00	  0.0000E+00	  0.0000E+00	  0.0000E+00	  0.0000E+00	  0.0000E+00	  0.0000E+00	  0.0000E+00	  0.0000E+00	  0.0000E+00	  0.0000E+00	  0.0000E+00	  0.0000E+00	  0.0000E+00	  0.0000E+00	  0.0000E+00	  0.0000E+00	  0.0000E+00	  0.0000E+00
  0.0000E+00	  0.0000E+00	  0.0000E+00	  0.0000E+00	  0.0000E+00	  0.0000E+00	  0.0000E+00	  0.0000E+00	  0.0000E+00	  0.0000E+00	  0.0000E+00	  0.0000E+00	  0.0000E+00	  0.0000E+00	  0.0000E+00	  0.0000E+00	  0.0000E+00	  0.0000E+00	  0.0000E+00	  0.0000E+00	  0.0000E+00	  0.0000E+00	  0.0000E+00	  0.0000E+00	  0.0000E+00	  0.0000E+00	  2.3426E-01	  4.8825E+00	  1.1161E+01	  2.5530E+01	  5.7727E+01	  1.0803E+02	  1.8877E+02	  2.4649E+02	  2.9850E+02	  3.3605E+02	  3.2951E+02	  3.3122E+02	  3.0252E+02	  3.4796E+02	  3.3361E+02	  3.2948E+02	  3.4386E+02	  2.8692E+02	  2.3207E+02	  2.3479E+02	  2.4812E+02	  2.3609E+02	  2.4892E+02	  2.2499E+02	  2.2813E+02	  2.3191E+02	  2.2868E+02	  2.3026E+02	  2.1367E+02	  2.1483E+02	  2.1137E+02	  1.9349E+02	  1.7311E+02	  1.8268E+02	  1.9199E+02	  2.0230E+02	  2.0178E+02	  2.0331E+02	  1.7402E+02	  1.7855E+02	  1.5251E+02	  1.4165E+02	  1.5647E+02	  1.8041E+02	  1.7741E+02	  1.8481E+02	  1.8128E+02	  1.8210E+02	  1.9696E+02	  1.9414E+02	  1.7092E+02	  1.7336E+02	  1.6629E+02	  1.7148E+02	  1.9157E+02	  2.0467E+02	  2.1965E+02	  2.1483E+02	  2.0009E+02	  1.9736E+02	  1.7696E+02	  2.0391E+02	  2.3949E+02	  2.6837E+02	  2.5054E+02	  2.8796E+02	  2.9509E+02	  3.0085E+02	  3.5623E+02	  3.9156E+02	  4.0687E+02	  3.4751E+02	  2.0947E+02	  9.8969E+01	  2.9450E+01	  8.3310E+00	  3.7679E+00	  6.5764E-02	  0.0000E+00	  0.0000E+00	  0.0000E+00	  0.0000E+00	  0.0000E+00	  0.0000E+00	  0.0000E+00	  0.0000E+00	  0.0000E+00	  0.0000E+00	  0.0000E+00	  0.0000E+00	  0.0000E+00	  0.0000E+00	  0.0000E+00	  0.0000E+00	  0.0000E+00	  0.0000E+00	  0.0000E+00	  0.0000E+00	  0.0000E+00	  0.0000E+00	  0.0000E+00	  0.0000E+00
  0.0000E+00	  0.0000E+00	  0.0000E+00	  0.0000E+00	  0.0000E+00	  0.0000E+00	  0.0000E+00	  0.0000E+00	  0.0000E+00	  0.0000E+00	  0.0000E+00	  0.0000E+00	  0.0000E+00	  0.0000E+00	  0.0000E+00	  0.0000E+00	  0.0000E+00	  0.0000E+00	  0.0000E+00	  0.0000E+00	  0.0000E+00	  0.0000E+00	  0.0000E+00	  0.0000E+00	  0.0000E+00	  0.0000E+00	  3.4271E-02	  2.2403E+00	  4.6265E+00	  1.2990E+01	  3.9010E+01	  1.1124E+02	  1.8637E+02	  2.3331E+02	  2.7582E+02	  2.8726E+02	  2.8102E+02	  2.8015E+02	  2.9948E+02	  3.3086E+02	  3.4116E+02	  3.3581E+02	  3.1367E+02	  2.6778E+02	  2.5019E+02	  2.4054E+02	  2.3163E+02	  2.4225E+02	  2.3309E+02	  2.3196E+02	  2.4610E+02	  2.1848E+02	  2.1735E+02	  2.0283E+02	  2.0371E+02	  2.2118E+02	  2.0631E+02	  1.6862E+02	  1.5616E+02	  1.7519E+02	  2.0154E+02	  2.0221E+02	  1.9539E+02	  2.0778E+02	  1.8514E+02	  1.8816E+02	  1.6645E+02	  1.5073E+02	  1.8071E+02	  1.7600E+02	  1.5875E+02	  1.5148E+02	  1.4722E+02	  1.4589E+02	  1.6411E+02	  1.8200E+02	  1.6654E+02	  1.5830E+02	  1.3920E+02	  1.4428E+02	  1.5657E+02	  1.8914E+02	  2.0119E+02	  2.0033E+02	  2.1094E+02	  2.1807E+02	  2.2032E+02	  2.1868E+02	  2.3570E+02	  2.2299E+02	  2.3188E+02	  2.3116E+02	  2.6066E+02	  2.7404E+02	  3.2922E+02	  3.9341E+02	  4.1081E+02	  3.5480E+02	  2.6083E+02	  1.3077E+02	  4.9280E+01	  1.6153E+01	  4.6772E+00	  5.1626E-01	  0.0000E+00	  0.0000E+00	  0.0000E+00	  0.0000E+00	  0.0000E+00	  0.0000E+00	  0.0000E+00	  0.0000E+00	  0.0000E+00	  0.0000E+00	  0.0000E+00	  0.0000E+00	  0.0000E+00	  0.0000E+00	  0.0000E+00	  0.0000E+00	  0.0000E+00	  0.0000E+00	  0.0000E+00	  0.0000E+00	  0.0000E+00	  0.0000E+00	  0.0000E+00	  0.0000E+00
  0.0000E+00	  0.0000E+00	  0.0000E+00	  0.0000E+00	  0.0000E+00	  0.0000E+00	  0.0000E+00	  0.0000E+00	  0.0000E+00	  0.0000E+00	  0.0000E+00	  0.0000E+00	  0.0000E+00	  0.0000E+00	  0.0000E+00	  0.0000E+00	  0.0000E+00	  0.0000E+00	  0.0000E+00	  0.0000E+00	  0.0000E+00	  0.0000E+00	  0.0000E+00	  0.0000E+00	  0.0000E+00	  0.0000E+00	  0.0000E+00	  1.1514E+00	  3.6693E+00	  8.4197E+00	  3.5573E+01	  9.2391E+01	  1.5335E+02	  2.1255E+02	  2.5013E+02	  2.8109E+02	  2.6903E+02	  2.8851E+02	  2.8551E+02	  3.0573E+02	  3.0479E+02	  3.1970E+02	  3.1615E+02	  2.8047E+02	  2.4974E+02	  2.4618E+02	  2.4932E+02	  2.4910E+02	  2.3868E+02	  2.3344E+02	  2.6307E+02	  2.4476E+02	  2.2785E+02	  1.9962E+02	  2.0768E+02	  2.0090E+02	  1.8349E+02	  1.6721E+02	  1.5784E+02	  1.8312E+02	  2.1521E+02	  2.5039E+02	  2.0672E+02	  2.2051E+02	  1.8899E+02	  1.8505E+02	  1.8426E+02	  1.7967E+02	  1.8547E+02	  1.6981E+02	  1.7010E+02	  1.3259E+02	  1.2615E+02	  1.4810E+02	  1.6171E+02	  1.7009E+02	  1.6717E+02	  1.5768E+02	  1.5249E+02	  1.4019E+02	  1.4305E+02	  1.5913E+02	  1.6101E+02	  1.7101E+02	  1.7060E+02	  2.0812E+02	  2.5268E+02	  2.3523E+02	  2.4619E+02	  2.2520E+02	  2.4059E+02	  2.1960E+02	  2.3606E+02	  2.4034E+02	  3.1019E+02	  3.8771E+02	  3.8559E+02	  3.5819E+02	  3.1527E+02	  1.6893E+02	  7.6205E+01	  2.8952E+01	  8.4280E+00	  2.5705E-01	  0.0000E+00	  0.0000E+00	  0.0000E+00	  0.0000E+00	  0.0000E+00	  0.0000E+00	  0.0000E+00	  0.0000E+00	  0.0000E+00	  0.0000E+00	  0.0000E+00	  0.0000E+00	  0.0000E+00	  0.0000E+00	  0.0000E+00	  0.0000E+00	  0.0000E+00	  0.0000E+00	  0.0000E+00	  0.0000E+00	  0.0000E+00	  0.0000E+00	  0.0000E+00	  0.0000E+00
  0.0000E+00	  0.0000E+00	  0.0000E+00	  0.0000E+00	  0.0000E+00	  0.0000E+00	  0.0000E+00	  0.0000E+00	  0.0000E+00	  0.0000E+00	  0.0000E+00	  0.0000E+00	  0.0000E+00	  0.0000E+00	  0.0000E+00	  0.0000E+00	  0.0000E+00	  0.0000E+00	  0.0000E+00	  0.0000E+00	  0.0000E+00	  0.0000E+00	  0.0000E+00	  0.0000E+00	  0.0000E+00	  0.0000E+00	  0.0000E+00	  8.5638E-01	  3.6335E+00	  7.0140E+00	  2.6522E+01	  6.6499E+01	  1.4678E+02	  2.0109E+02	  2.5072E+02	  2.7240E+02	  2.5189E+02	  2.7088E+02	  2.8028E+02	  2.9345E+02	  2.8713E+02	  2.9908E+02	  2.8979E+02	  2.6750E+02	  2.6387E+02	  2.7315E+02	  2.4605E+02	  2.5213E+02	  2.5080E+02	  2.4561E+02	  2.3641E+02	  2.2351E+02	  2.1428E+02	  1.9066E+02	  2.1117E+02	  1.9509E+02	  1.7935E+02	  1.8956E+02	  1.5794E+02	  1.5956E+02	  1.7364E+02	  2.1940E+02	  2.0567E+02	  2.0197E+02	  1.9194E+02	  1.6685E+02	  1.5672E+02	  2.0304E+02	  2.0857E+02	  1.8889E+02	  1.6535E+02	  1.1826E+02	  1.3641E+02	  1.4782E+02	  1.6081E+02	  1.4409E+02	  1.4072E+02	  1.4155E+02	  1.4122E+02	  1.3700E+02	  1.3635E+02	  1.7114E+02	  1.7412E+02	  1.5500E+02	  1.5965E+02	  1.7313E+02	  2.0804E+02	  2.0919E+02	  2.2999E+02	  2.5955E+02	  2.3436E+02	  2.3773E+02	  2.4662E+02	  2.9950E+02	  3.0758E+02	  3.6053E+02	  3.8581E+02	  4.2275E+02	  3.6008E+02	  2.4017E+02	  1.1140E+02	  3.4373E+01	  1.1471E+01	  1.3047E+00	  5.9909E-04	  0.0000E+00	  0.0000E+00	  0.0000E+00	  0.0000E+00	  0.0000E+00	  0.0000E+00	  0.0000E+00	  0.0000E+00	  0.0000E+00	  0.0000E+00	  0.0000E+00	  0.0000E+00	  0.0000E+00	  0.0000E+00	  0.0000E+00	  0.0000E+00	  0.0000E+00	  0.0000E+00	  0.0000E+00	  0.0000E+00	  0.0000E+00	  0.0000E+00	  0.0000E+00
  0.0000E+00	  0.0000E+00	  0.0000E+00	  0.0000E+00	  0.0000E+00	  0.0000E+00	  0.0000E+00	  0.0000E+00	  0.0000E+00	  0.0000E+00	  0.0000E+00	  0.0000E+00	  0.0000E+00	  0.0000E+00	  0.0000E+00	  0.0000E+00	  0.0000E+00	  0.0000E+00	  0.0000E+00	  0.0000E+00	  0.0000E+00	  0.0000E+00	  0.0000E+00	  0.0000E+00	  0.0000E+00	  0.0000E+00	  0.0000E+00	  3.4469E-02	  2.6170E+00	  6.3465E+00	  1.4193E+01	  4.5069E+01	  9.7226E+01	  1.5243E+02	  2.2414E+02	  2.2488E+02	  2.5660E+02	  2.6443E+02	  2.8998E+02	  3.0312E+02	  2.7490E+02	  3.0694E+02	  2.8188E+02	  2.6279E+02	  2.7212E+02	  2.9896E+02	  2.8648E+02	  2.6927E+02	  2.5391E+02	  2.5829E+02	  2.3591E+02	  2.1730E+02	  2.0850E+02	  1.9614E+02	  2.1823E+02	  2.1828E+02	  1.8550E+02	  1.6106E+02	  1.5248E+02	  1.4178E+02	  1.6083E+02	  1.7361E+02	  2.1286E+02	  1.8839E+02	  1.7863E+02	  1.8254E+02	  1.4862E+02	  1.7524E+02	  2.1983E+02	  1.9948E+02	  1.6922E+02	  1.3751E+02	  1.3954E+02	  1.3516E+02	  1.3186E+02	  1.3082E+02	  1.3285E+02	  1.5329E+02	  1.5140E+02	  1.5594E+02	  1.5834E+02	  1.7175E+02	  1.6869E+02	  1.5174E+02	  1.5492E+02	  1.7158E+02	  2.1047E+02	  2.3298E+02	  2.2914E+02	  2.4094E+02	  2.2963E+02	  2.4367E+02	  2.6169E+02	  3.1213E+02	  3.2033E+02	  3.3836E+02	  3.7132E+02	  4.4583E+02	  3.9883E+02	  2.6310E+02	  1.3533E+02	  5.2540E+01	  1.3161E+01	  4.4352E+00	  6.9645E-01	  4.9803E-01	  7.9293E-02	  0.0000E+00	  0.0000E+00	  0.0000E+00	  0.0000E+00	  0.0000E+00	  0.0000E+00	  0.0000E+00	  0.0000E+00	  0.0000E+00	  0.0000E+00	  0.0000E+00	  0.0000E+00	  0.0000E+00	  0.0000E+00	  0.0000E+00	  0.0000E+00	  0.0000E+00	  0.0000E+00	  0.0000E+00	  0.0000E+00	  0.0000E+00
  0.0000E+00	  0.0000E+00	  0.0000E+00	  0.0000E+00	  0.0000E+00	  0.0000E+00	  0.0000E+00	  0.0000E+00	  0.0000E+00	  0.0000E+00	  0.0000E+00	  0.0000E+00	  0.0000E+00	  0.0000E+00	  0.0000E+00	  0.0000E+00	  0.0000E+00	  0.0000E+00	  0.0000E+00	  0.0000E+00	  0.0000E+00	  0.0000E+00	  0.0000E+00	  0.0000E+00	  0.0000E+00	  0.0000E+00	  0.0000E+00	  0.0000E+00	  4.5914E-01	  3.4964E+00	  7.6469E+00	  2.5350E+01	  7.0704E+01	  1.1339E+02	  1.6467E+02	  2.1728E+02	  2.7999E+02	  3.1112E+02	  3.1071E+02	  2.9766E+02	  2.9832E+02	  2.7161E+02	  2.1681E+02	  2.2745E+02	  2.6879E+02	  2.8805E+02	  2.6034E+02	  2.6444E+02	  2.4383E+02	  2.5198E+02	  2.1680E+02	  2.1613E+02	  2.1002E+02	  2.3000E+02	  2.4864E+02	  2.1010E+02	  1.7966E+02	  1.4859E+02	  1.6111E+02	  1.5764E+02	  1.5245E+02	  1.6541E+02	  1.7207E+02	  1.9941E+02	  1.8969E+02	  1.8413E+02	  1.5668E+02	  1.5151E+02	  1.7535E+02	  1.7377E+02	  1.6137E+02	  1.4427E+02	  1.4972E+02	  1.4596E+02	  1.4360E+02	  1.4728E+02	  1.5200E+02	  1.6115E+02	  1.7598E+02	  1.8520E+02	  1.5814E+02	  1.5341E+02	  1.4836E+02	  1.5375E+02	  1.5639E+02	  1.8304E+02	  2.2095E+02	  2.1627E+02	  2.2543E+02	  2.4844E+02	  2.3075E+02	  2.2700E+02	  2.4063E+02	  2.7299E+02	  2.7852E+02	  2.8562E+02	  3.4357E+02	  3.9426E+02	  3.8084E+02	  2.6559E+02	  1.8173E+02	  1.0167E+02	  4.3934E+01	  1.0855E+01	  2.2913E+00	  3.6391E-01	  5.7939E-02	  0.0000E+00	  0.0000E+00	  0.0000E+00	  0.0000E+00	  0.0000E+00	  0.0000E+00	  0.0000E+00	  0.0000E+00	  0.0000E+00	  0.0000E+00	  0.0000E+00	  0.0000E+00	  0.0000E+00	  0.0000E+00	  0.0000E+00	  0.0000E+00	  0.0000E+00	  0.0000E+00	  0.0000E+00	  0.0000E+00	  0.0000E+00
  0.0000E+00	  0.0000E+00	  0.0000E+00	  0.0000E+00	  0.0000E+00	  0.0000E+00	  0.0000E+00	  0.0000E+00	  0.0000E+00	  0.0000E+00	  0.0000E+00	  0.0000E+00	  0.0000E+00	  0.0000E+00	  0.0000E+00	  0.0000E+00	  0.0000E+00	  0.0000E+00	  0.0000E+00	  0.0000E+00	  0.0000E+00	  0.0000E+00	  0.0000E+00	  0.0000E+00	  0.0000E+00	  0.0000E+00	  0.0000E+00	  0.0000E+00	  2.4849E-01	  5.6706E+00	  7.5148E+00	  1.6536E+01	  4.8814E+01	  8.7531E+01	  1.2936E+02	  2.0255E+02	  2.6010E+02	  3.0849E+02	  3.0037E+02	  3.1839E+02	  2.9727E+02	  2.4126E+02	  2.2226E+02	  2.2106E+02	  2.3987E+02	  2.4501E+02	  2.2604E+02	  2.5890E+02	  2.6014E+02	  2.3156E+02	  2.1030E+02	  1.9798E+02	  1.9602E+02	  2.0731E+02	  2.3248E+02	  2.1212E+02	  1.8040E+02	  1.5325E+02	  1.6569E+02	  1.6553E+02	  1.6507E+02	  1.6050E+02	  1.6810E+02	  1.5870E+02	  1.7639E+02	  1.8670E+02	  1.6775E+02	  1.7110E+02	  1.7263E+02	  1.8730E+02	  1.5663E+02	  1.7827E+02	  1.5733E+02	  1.5464E+02	  1.7079E+02	  1.6977E+02	  1.6397E+02	  1.5637E+02	  1.5125E+02	  1.7432E+02	  1.8542E+02	  1.6867E+02	  1.7443E+02	  1.6473E+02	  1.7774E+02	  2.0224E+02	  1.9153E+02	  2.1176E+02	  2.1658E+02	  2.3052E+02	  1.9541E+02	  1.8753E+02	  2.0980E+02	  2.2226E+02	  2.4908E+02	  3.0364E+02	  3.0922E+02	  3.4409E+02	  3.8855E+02	  3.0535E+02	  2.4442E+02	  1.5207E+02	  5.6391E+01	  1.6219E+01	  2.7610E+00	  0.0000E+00	  0.0000E+00	  0.0000E+00	  0.0000E+00	  0.0000E+00	  0.0000E+00	  0.0000E+00	  0.0000E+00	  0.0000E+00	  0.0000E+00	  0.0000E+00	  0.0000E+00	  0.0000E+00	  0.0000E+00	  0.0000E+00	  0.0000E+00	  0.0000E+00	  0.0000E+00	  0.0000E+00	  0.0000E+00	  0.0000E+00	  0.0000E+00	  0.0000E+00
  0.0000E+00	  0.0000E+00	  0.0000E+00	  0.0000E+00	  0.0000E+00	  0.0000E+00	  0.0000E+00	  0.0000E+00	  0.0000E+00	  0.0000E+00	  0.0000E+00	  0.0000E+00	  0.0000E+00	  0.0000E+00	  0.0000E+00	  0.0000E+00	  0.0000E+00	  0.0000E+00	  0.0000E+00	  0.0000E+00	  0.0000E+00	  0.0000E+00	  0.0000E+00	  0.0000E+00	  0.0000E+00	  0.0000E+00	  0.0000E+00	  0.0000E+00	  6.4470E-01	  1.4920E+00	  4.0094E+00	  8.9042E+00	  3.0362E+01	  5.6608E+01	  1.0468E+02	  1.5147E+02	  2.0798E+02	  2.7568E+02	  2.9880E+02	  2.9001E+02	  2.9567E+02	  2.6811E+02	  2.3689E+02	  2.2859E+02	  2.2721E+02	  2.2354E+02	  2.1706E+02	  2.3303E+02	  2.4140E+02	  2.4643E+02	  2.2172E+02	  2.0557E+02	  1.9822E+02	  2.0807E+02	  2.1747E+02	  2.0996E+02	  1.9154E+02	  1.7152E+02	  1.6827E+02	  1.7557E+02	  1.6290E+02	  1.4946E+02	  1.5387E+02	  1.6579E+02	  1.8388E+02	  1.8743E+02	  1.6212E+02	  1.7017E+02	  1.8008E+02	  1.8869E+02	  1.6496E+02	  1.6519E+02	  1.5897E+02	  1.6790E+02	  1.8257E+02	  1.7754E+02	  1.7516E+02	  1.5700E+02	  1.5968E+02	  1.7636E+02	  1.8048E+02	  1.7313E+02	  1.8795E+02	  1.8851E+02	  1.5844E+02	  1.8515E+02	  2.0807E+02	  1.9217E+02	  2.0437E+02	  2.1677E+02	  1.8771E+02	  1.8962E+02	  2.1047E+02	  1.9364E+02	  2.1334E+02	  2.6215E+02	  2.6989E+02	  3.2270E+02	  3.6942E+02	  3.0914E+02	  2.4775E+02	  1.6397E+02	  7.8207E+01	  2.2680E+01	  3.0386E+00	  2.3318E-01	  0.0000E+00	  0.0000E+00	  0.0000E+00	  0.0000E+00	  0.0000E+00	  0.0000E+00	  0.0000E+00	  0.0000E+00	  0.0000E+00	  0.0000E+00	  0.0000E+00	  0.0000E+00	  0.0000E+00	  0.0000E+00	  0.0000E+00	  0.0000E+00	  0.0000E+00	  0.0000E+00	  0.0000E+00	  0.0000E+00	  0.0000E+00	  0.0000E+00
  0.0000E+00	  0.0000E+00	  0.0000E+00	  0.0000E+00	  0.0000E+00	  0.0000E+00	  0.0000E+00	  0.0000E+00	  0.0000E+00	  0.0000E+00	  0.0000E+00	  0.0000E+00	  0.0000E+00	  0.0000E+00	  0.0000E+00	  0.0000E+00	  0.0000E+00	  0.0000E+00	  0.0000E+00	  0.0000E+00	  0.0000E+00	  0.0000E+00	  0.0000E+00	  0.0000E+00	  0.0000E+00	  0.0000E+00	  0.0000E+00	  0.0000E+00	  1.4655E+00	  9.3703E-01	  2.6618E+00	  3.2136E+00	  1.4189E+01	  2.8531E+01	  5.2159E+01	  8.6675E+01	  1.4890E+02	  2.4381E+02	  2.8894E+02	  2.8189E+02	  3.0952E+02	  2.8789E+02	  2.7571E+02	  2.6000E+02	  2.5566E+02	  2.3155E+02	  2.3159E+02	  2.4031E+02	  2.3510E+02	  2.5269E+02	  2.4082E+02	  2.2943E+02	  2.0757E+02	  2.0026E+02	  2.1366E+02	  2.2758E+02	  2.2473E+02	  1.9860E+02	  1.8130E+02	  1.6772E+02	  1.9133E+02	  1.9155E+02	  1.9234E+02	  1.9428E+02	  1.9838E+02	  1.9228E+02	  1.7423E+02	  1.5434E+02	  1.6366E+02	  1.4410E+02	  1.5338E+02	  1.6089E+02	  1.6330E+02	  1.8192E+02	  1.7441E+02	  1.4861E+02	  1.4927E+02	  1.5429E+02	  1.5023E+02	  1.5152E+02	  1.6059E+02	  1.8776E+02	  1.7513E+02	  1.6498E+02	  1.5798E+02	  1.6352E+02	  1.7236E+02	  1.6805E+02	  1.9993E+02	  1.9651E+02	  1.9826E+02	  2.0080E+02	  2.0314E+02	  1.9650E+02	  2.1621E+02	  2.4211E+02	  2.6254E+02	  3.0768E+02	  3.3219E+02	  3.1413E+02	  2.6357E+02	  1.8170E+02	  8.9331E+01	  2.6368E+01	  2.9059E+00	  1.2181E-01	  0.0000E+00	  0.0000E+00	  0.0000E+00	  0.0000E+00	  0.0000E+00	  0.0000E+00	  0.0000E+00	  0.0000E+00	  0.0000E+00	  0.0000E+00	  0.0000E+00	  0.0000E+00	  0.0000E+00	  0.0000E+00	  0.0000E+00	  0.0000E+00	  0.0000E+00	  0.0000E+00	  0.0000E+00	  0.0000E+00	  0.0000E+00	  0.0000E+00
  0.0000E+00	  0.0000E+00	  0.0000E+00	  0.0000E+00	  0.0000E+00	  0.0000E+00	  0.0000E+00	  0.0000E+00	  0.0000E+00	  0.0000E+00	  0.0000E+00	  0.0000E+00	  0.0000E+00	  0.0000E+00	  0.0000E+00	  0.0000E+00	  0.0000E+00	  0.0000E+00	  0.0000E+00	  0.0000E+00	  0.0000E+00	  0.0000E+00	  0.0000E+00	  0.0000E+00	  0.0000E+00	  0.0000E+00	  0.0000E+00	  0.0000E+00	  0.0000E+00	  3.3826E-02	  4.9327E-01	  2.1903E+00	  5.8907E+00	  1.1887E+01	  2.9687E+01	  4.8805E+01	  9.5648E+01	  1.5654E+02	  2.3573E+02	  2.4704E+02	  2.9196E+02	  3.1779E+02	  2.9986E+02	  3.0427E+02	  3.0315E+02	  2.6213E+02	  2.3742E+02	  2.4501E+02	  2.4219E+02	  2.4121E+02	  2.4964E+02	  2.4336E+02	  2.4493E+02	  2.1453E+02	  1.9901E+02	  2.1415E+02	  2.3328E+02	  2.1675E+02	  1.8165E+02	  1.5316E+02	  1.8969E+02	  1.9703E+02	  2.0035E+02	  2.0644E+02	  1.9986E+02	  1.9085E+02	  1.8682E+02	  1.5286E+02	  1.5319E+02	  1.4347E+02	  1.4902E+02	  1.6067E+02	  1.8093E+02	  1.7672E+02	  1.5339E+02	  1.4916E+02	  1.3886E+02	  1.3881E+02	  1.3857E+02	  1.3753E+02	  1.4588E+02	  1.7933E+02	  1.5756E+02	  1.4694E+02	  1.4684E+02	  1.4377E+02	  1.3472E+02	  1.6209E+02	  1.5521E+02	  1.6693E+02	  1.9394E+02	  1.7314E+02	  1.9425E+02	  2.0365E+02	  2.4677E+02	  2.6401E+02	  2.6657E+02	  2.4801E+02	  2.8340E+02	  3.2606E+02	  3.0232E+02	  2.0099E+02	  1.1179E+02	  4.3476E+01	  8.4421E+00	  1.3609E+00	  0.0000E+00	  0.0000E+00	  0.0000E+00	  0.0000E+00	  0.0000E+00	  0.0000E+00	  0.0000E+00	  0.0000E+00	  0.0000E+00	  0.0000E+00	  0.0000E+00	  0.0000E+00	  0.0000E+00	  0.0000E+00	  0.0000E+00	  0.0000E+00	  0.0000E+00	  0.0000E+00	  0.0000E+00	  0.0000E+00	  0.0000E+00	  0.0000E+00
  0.0000E+00	  0.0000E+00	  0.0000E+00	  0.0000E+00	  0.0000E+00	  0.0000E+00	  0.0000E+00	  0.0000E+00	  0.0000E+00	  0.0000E+00	  0.0000E+00	  0.0000E+00	  0.0000E+00	  0.0000E+00	  0.0000E+00	  0.0000E+00	  0.0000E+00	  0.0000E+00	  0.0000E+00	  0.0000E+00	  0.0000E+00	  0.0000E+00	  0.0000E+00	  0.0000E+00	  0.0000E+00	  0.0000E+00	  0.0000E+00	  0.0000E+00	  0.0000E+00	  0.0000E+00	  0.0000E+00	  5.4346E-01	  2.8958E+00	  4.5598E+00	  1.0502E+01	  2.8383E+01	  5.5091E+01	  1.2142E+02	  1.6577E+02	  2.2406E+02	  2.6071E+02	  2.7436E+02	  2.9234E+02	  3.1449E+02	  3.1923E+02	  2.8187E+02	  2.5852E+02	  2.4804E+02	  2.1012E+02	  2.2201E+02	  2.4678E+02	  2.2502E+02	  2.4640E+02	  2.0565E+02	  1.9453E+02	  1.9106E+02	  2.0819E+02	  1.9888E+02	  1.6802E+02	  1.5213E+02	  1.6447E+02	  1.9449E+02	  1.9983E+02	  2.0620E+02	  2.0108E+02	  1.6741E+02	  1.5029E+02	  1.3887E+02	  1.1914E+02	  1.5465E+02	  1.6500E+02	  1.5327E+02	  1.5929E+02	  1.8506E+02	  1.7905E+02	  1.7235E+02	  1.6993E+02	  1.2930E+02	  1.2522E+02	  1.3430E+02	  1.2862E+02	  1.3405E+02	  1.4020E+02	  1.5233E+02	  1.5497E+02	  1.4376E+02	  1.3883E+02	  1.6435E+02	  1.4163E+02	  1.6950E+02	  1.8888E+02	  2.0445E+02	  2.1798E+02	  2.2660E+02	  2.5643E+02	  2.5454E+02	  2.4973E+02	  2.5523E+02	  2.8628E+02	  3.5559E+02	  3.5700E+02	  2.6062E+02	  1.6027E+02	  6.2675E+01	  2.6001E+01	  4.9970E+00	  7.2200E-02	  0.0000E+00	  0.0000E+00	  0.0000E+00	  0.0000E+00	  0.0000E+00	  0.0000E+00	  0.0000E+00	  0.0000E+00	  0.0000E+00	  0.0000E+00	  0.0000E+00	  0.0000E+00	  0.0000E+00	  0.0000E+00	  0.0000E+00	  0.0000E+00	  0.0000E+00	  0.0000E+00	  0.0000E+00	  0.0000E+00	  0.0000E+00
  0.0000E+00	  0.0000E+00	  0.0000E+00	  0.0000E+00	  0.0000E+00	  0.0000E+00	  0.0000E+00	  0.0000E+00	  0.0000E+00	  0.0000E+00	  0.0000E+00	  0.0000E+00	  0.0000E+00	  0.0000E+00	  0.0000E+00	  0.0000E+00	  0.0000E+00	  0.0000E+00	  0.0000E+00	  0.0000E+00	  0.0000E+00	  0.0000E+00	  0.0000E+00	  0.0000E+00	  0.0000E+00	  0.0000E+00	  0.0000E+00	  0.0000E+00	  0.0000E+00	  0.0000E+00	  0.0000E+00	  1.2737E-01	  2.7842E+00	  3.2615E+00	  4.3823E+00	  1.1596E+01	  2.9798E+01	  5.3373E+01	  8.7048E+01	  1.3812E+02	  1.8089E+02	  1.8110E+02	  2.1778E+02	  2.4053E+02	  2.7877E+02	  2.8170E+02	  2.4624E+02	  2.2356E+02	  2.1282E+02	  2.5154E+02	  2.3522E+02	  2.1457E+02	  2.3232E+02	  2.0348E+02	  2.0925E+02	  1.9850E+02	  1.9053E+02	  1.8382E+02	  1.7900E+02	  1.7665E+02	  1.7227E+02	  1.8266E+02	  1.9760E+02	  1.9245E+02	  1.7608E+02	  1.6272E+02	  1.3833E+02	  1.3482E+02	  1.2236E+02	  1.3656E+02	  1.5082E+02	  1.3612E+02	  1.5697E+02	  2.0305E+02	  2.0168E+02	  1.7963E+02	  1.6185E+02	  1.3583E+02	  1.3654E+02	  1.2559E+02	  1.2754E+02	  1.2545E+02	  1.4105E+02	  1.5074E+02	  1.5040E+02	  1.5193E+02	  1.3194E+02	  1.4369E+02	  1.5737E+02	  1.6881E+02	  1.9057E+02	  2.0835E+02	  2.1585E+02	  2.1760E+02	  2.3431E+02	  2.3272E+02	  2.1126E+02	  2.2713E+02	  2.5384E+02	  3.3538E+02	  3.7001E+02	  3.1091E+02	  2.0113E+02	  9.9725E+01	  4.9392E+01	  9.7239E+00	  2.8686E-02	  0.0000E+00	  0.0000E+00	  0.0000E+00	  0.0000E+00	  0.0000E+00	  0.0000E+00	  0.0000E+00	  0.0000E+00	  0.0000E+00	  0.0000E+00	  0.0000E+00	  0.0000E+00	  0.0000E+00	  0.0000E+00	  0.0000E+00	  0.0000E+00	  0.0000E+00	  0.0000E+00	  0.0000E+00	  0.0000E+00	  0.0000E+00
  0.0000E+00	  0.0000E+00	  0.0000E+00	  0.0000E+00	  0.0000E+00	  0.0000E+00	  0.0000E+00	  0.0000E+00	  0.0000E+00	  0.0000E+00	  0.0000E+00	  0.0000E+00	  0.0000E+00	  0.0000E+00	  0.0000E+00	  0.0000E+00	  0.0000E+00	  0.0000E+00	  0.0000E+00	  0.0000E+00	  0.0000E+00	  0.0000E+00	  0.0000E+00	  0.0000E+00	  0.0000E+00	  0.0000E+00	  0.0000E+00	  0.0000E+00	  0.0000E+00	  0.0000E+00	  0.0000E+00	  0.0000E+00	  0.0000E+00	  9.6172E-02	  6.5567E-01	  7.1370E+00	  1.5425E+01	  3.0442E+01	  5.3292E+01	  7.0813E+01	  1.0621E+02	  1.3136E+02	  1.6512E+02	  2.0431E+02	  2.3667E+02	  2.7637E+02	  2.4209E+02	  2.1496E+02	  2.2455E+02	  2.4791E+02	  2.2032E+02	  2.2918E+02	  2.3949E+02	  1.9361E+02	  1.8386E+02	  1.9569E+02	  1.7140E+02	  1.7364E+02	  1.7731E+02	  1.9459E+02	  1.6811E+02	  1.8674E+02	  1.9027E+02	  1.6626E+02	  1.7110E+02	  1.6545E+02	  1.2693E+02	  1.2509E+02	  1.4019E+02	  1.4148E+02	  1.3959E+02	  1.3780E+02	  1.6632E+02	  1.8378E+02	  2.0506E+02	  1.7445E+02	  1.5895E+02	  1.3592E+02	  1.3271E+02	  1.2511E+02	  1.2754E+02	  1.2085E+02	  1.3013E+02	  1.4918E+02	  1.5706E+02	  1.5958E+02	  1.5313E+02	  1.4497E+02	  1.6422E+02	  1.7072E+02	  1.9722E+02	  2.0646E+02	  1.9641E+02	  2.0327E+02	  2.2111E+02	  2.1980E+02	  2.2096E+02	  2.0084E+02	  2.6228E+02	  3.3563E+02	  3.7846E+02	  3.3241E+02	  2.3079E+02	  1.3473E+02	  6.6208E+01	  1.5581E+01	  5.8008E-01	  0.0000E+00	  0.0000E+00	  0.0000E+00	  0.0000E+00	  0.0000E+00	  0.0000E+00	  0.0000E+00	  0.0000E+00	  0.0000E+00	  0.0000E+00	  0.0000E+00	  0.0000E+00	  0.0000E+00	  0.0000E+00	  0.0000E+00	  0.0000E+00	  0.0000E+00	  0.0000E+00	  0.0000E+00	  0.0000E+00	  0.0000E+00
  0.0000E+00	  0.0000E+00	  0.0000E+00	  0.0000E+00	  0.0000E+00	  0.0000E+00	  0.0000E+00	  0.0000E+00	  0.0000E+00	  0.0000E+00	  0.0000E+00	  0.0000E+00	  0.0000E+00	  0.0000E+00	  0.0000E+00	  0.0000E+00	  0.0000E+00	  0.0000E+00	  0.0000E+00	  0.0000E+00	  0.0000E+00	  0.0000E+00	  0.0000E+00	  0.0000E+00	  0.0000E+00	  0.0000E+00	  0.0000E+00	  0.0000E+00	  0.0000E+00	  0.0000E+00	  0.0000E+00	  0.0000E+00	  0.0000E+00	  0.0000E+00	  2.6360E-01	  8.5336E+00	  8.9885E+00	  1.5505E+01	  2.7250E+01	  3.3460E+01	  5.5501E+01	  6.5995E+01	  1.0960E+02	  1.5020E+02	  1.5405E+02	  1.9028E+02	  2.1988E+02	  2.0620E+02	  2.0426E+02	  2.1684E+02	  2.1535E+02	  2.4811E+02	  2.2464E+02	  1.9103E+02	  1.8452E+02	  2.2055E+02	  2.0953E+02	  1.9083E+02	  1.8172E+02	  1.8924E+02	  1.7818E+02	  1.8544E+02	  1.7228E+02	  1.6058E+02	  1.4415E+02	  1.3026E+02	  1.1531E+02	  1.0951E+02	  1.2309E+02	  1.4190E+02	  1.4350E+02	  1.6055E+02	  1.7687E+02	  1.9032E+02	  2.0152E+02	  1.6730E+02	  1.4988E+02	  1.3575E+02	  1.3713E+02	  1.2950E+02	  1.2354E+02	  1.2966E+02	  1.3431E+02	  1.3247E+02	  1.7259E+02	  1.5992E+02	  1.4796E+02	  1.5120E+02	  1.5787E+02	  1.6011E+02	  1.5098E+02	  1.6370E+02	  2.1138E+02	  2.1318E+02	  2.2512E+02	  2.1782E+02	  2.0749E+02	  2.0839E+02	  2.7332E+02	  3.3223E+02	  3.7922E+02	  3.3090E+02	  2.4287E+02	  1.3378E+02	  5.1733E+01	  9.0905E+00	  2.8798E-01	  0.0000E+00	  0.0000E+00	  0.0000E+00	  0.0000E+00	  0.0000E+00	  0.0000E+00	  0.0000E+00	  0.0000E+00	  0.0000E+00	  0.0000E+00	  0.0000E+00	  0.0000E+00	  0.0000E+00	  0.0000E+00	  0.0000E+00	  0.0000E+00	  0.0000E+00	  0.0000E+00	  0.0000E+00	  0.0000E+00	  0.0000E+00
  0.0000E+00	  0.0000E+00	  0.0000E+00	  0.0000E+00	  0.0000E+00	  0.0000E+00	  0.0000E+00	  0.0000E+00	  0.0000E+00	  0.0000E+00	  0.0000E+00	  0.0000E+00	  0.0000E+00	  0.0000E+00	  0.0000E+00	  0.0000E+00	  0.0000E+00	  0.0000E+00	  0.0000E+00	  0.0000E+00	  0.0000E+00	  0.0000E+00	  0.0000E+00	  0.0000E+00	  0.0000E+00	  0.0000E+00	  0.0000E+00	  0.0000E+00	  0.0000E+00	  0.0000E+00	  0.0000E+00	  0.0000E+00	  0.0000E+00	  0.0000E+00	  3.0080E-01	  1.8950E+00	  1.7024E+00	  5.5304E+00	  8.7380E+00	  1.3913E+01	  1.9727E+01	  3.6229E+01	  6.3383E+01	  8.0140E+01	  9.6472E+01	  1.3259E+02	  1.5253E+02	  1.5470E+02	  1.8046E+02	  1.8377E+02	  2.0329E+02	  2.2318E+02	  2.2980E+02	  2.0323E+02	  2.2088E+02	  2.2194E+02	  2.2679E+02	  2.0709E+02	  1.9322E+02	  1.9055E+02	  1.8820E+02	  1.7398E+02	  1.6751E+02	  1.6740E+02	  1.4063E+02	  1.3116E+02	  1.1147E+02	  1.2446E+02	  1.5015E+02	  1.5354E+02	  1.3594E+02	  1.5203E+02	  1.5406E+02	  1.6816E+02	  1.9421E+02	  1.4925E+02	  1.2604E+02	  1.3967E+02	  1.4908E+02	  1.2728E+02	  1.1806E+02	  1.5535E+02	  1.4269E+02	  1.4138E+02	  1.4931E+02	  1.5409E+02	  1.3913E+02	  1.5546E+02	  1.6251E+02	  1.7836E+02	  1.8169E+02	  1.7370E+02	  1.9184E+02	  1.9102E+02	  1.9708E+02	  1.9697E+02	  2.0020E+02	  2.1561E+02	  2.7612E+02	  3.4388E+02	  3.7147E+02	  3.5503E+02	  2.5554E+02	  1.4218E+02	  3.5428E+01	  7.4938E+00	  6.7811E-01	  7.3465E-01	  2.0360E-01	  0.0000E+00	  0.0000E+00	  0.0000E+00	  0.0000E+00	  0.0000E+00	  0.0000E+00	  0.0000E+00	  0.0000E+00	  0.0000E+00	  0.0000E+00	  0.0000E+00	  0.0000E+00	  0.0000E+00	  0.0000E+00	  0.0000E+00	  0.0000E+00	  0.0000E+00	  0.0000E+00	  0.0000E+00
  0.0000E+00	  0.0000E+00	  0.0000E+00	  0.0000E+00	  0.0000E+00	  0.0000E+00	  0.0000E+00	  0.0000E+00	  0.0000E+00	  0.0000E+00	  0.0000E+00	  0.0000E+00	  0.0000E+00	  0.0000E+00	  0.0000E+00	  0.0000E+00	  0.0000E+00	  0.0000E+00	  0.0000E+00	  0.0000E+00	  0.0000E+00	  0.0000E+00	  0.0000E+00	  0.0000E+00	  0.0000E+00	  0.0000E+00	  0.0000E+00	  0.0000E+00	  0.0000E+00	  0.0000E+00	  0.0000E+00	  0.0000E+00	  0.0000E+00	  0.0000E+00	  2.7988E-02	  9.5485E-02	  6.0758E-02	  1.5590E+00	  7.3923E-01	  5.1664E+00	  1.3976E+01	  2.0646E+01	  3.2394E+01	  4.2999E+01	  4.5859E+01	  7.2328E+01	  9.3390E+01	  1.0766E+02	  1.1102E+02	  1.3787E+02	  1.5083E+02	  1.8974E+02	  2.3919E+02	  2.1902E+02	  1.9475E+02	  2.2409E+02	  2.3373E+02	  2.2839E+02	  1.9681E+02	  1.8369E+02	  1.8802E+02	  1.8198E+02	  1.5645E+02	  1.5529E+02	  1.4451E+02	  1.4014E+02	  1.2188E+02	  1.3183E+02	  1.6378E+02	  1.5625E+02	  1.5499E+02	  1.5381E+02	  1.3733E+02	  1.5435E+02	  1.4907E+02	  1.3539E+02	  1.3437E+02	  1.3179E+02	  1.2684E+02	  1.4346E+02	  1.3120E+02	  1.3293E+02	  1.3734E+02	  1.3715E+02	  1.5047E+02	  1.5216E+02	  1.4084E+02	  1.4923E+02	  1.6304E+02	  2.0442E+02	  1.7983E+02	  1.6874E+02	  1.7178E+02	  1.6792E+02	  1.7760E+02	  1.7886E+02	  1.8833E+02	  2.3875E+02	  2.8103E+02	  3.2469E+02	  3.8760E+02	  3.5950E+02	  2.5788E+02	  1.4788E+02	  6.1793E+01	  1.1261E+01	  5.9599E-01	  4.7704E-02	  1.3221E-02	  0.0000E+00	  0.0000E+00	  0.0000E+00	  0.0000E+00	  0.0000E+00	  0.0000E+00	  0.0000E+00	  0.0000E+00	  0.0000E+00	  0.0000E+00	  0.0000E+00	  0.0000E+00	  0.0000E+00	  0.0000E+00	  0.0000E+00	  0.0000E+00	  0.0000E+00	  0.0000E+00	  0.0000E+00
  0.0000E+00	  0.0000E+00	  0.0000E+00	  0.0000E+00	  0.0000E+00	  0.0000E+00	  0.0000E+00	  0.0000E+00	  0.0000E+00	  0.0000E+00	  0.0000E+00	  0.0000E+00	  0.0000E+00	  0.0000E+00	  0.0000E+00	  0.0000E+00	  0.0000E+00	  0.0000E+00	  0.0000E+00	  0.0000E+00	  0.0000E+00	  0.0000E+00	  0.0000E+00	  0.0000E+00	  0.0000E+00	  0.0000E+00	  0.0000E+00	  0.0000E+00	  0.0000E+00	  0.0000E+00	  0.0000E+00	  0.0000E+00	  0.0000E+00	  0.0000E+00	  0.0000E+00	  0.0000E+00	  5.2676E-03	  7.4448E-02	  0.0000E+00	  2.7025E+00	  8.1500E+00	  7.2120E+00	  9.8457E+00	  1.9910E+01	  2.5433E+01	  4.1333E+01	  4.8695E+01	  4.2606E+01	  5.9784E+01	  8.4547E+01	  1.0734E+02	  1.4517E+02	  1.8024E+02	  1.8690E+02	  1.7275E+02	  1.9010E+02	  2.1994E+02	  2.2773E+02	  2.0937E+02	  1.8720E+02	  2.0009E+02	  2.0646E+02	  1.7656E+02	  1.7409E+02	  1.8112E+02	  1.6522E+02	  1.4937E+02	  1.5251E+02	  1.5437E+02	  1.6331E+02	  1.6866E+02	  1.5168E+02	  1.4467E+02	  1.6911E+02	  1.5643E+02	  1.4931E+02	  1.5555E+02	  1.4152E+02	  1.4090E+02	  1.3467E+02	  1.3127E+02	  1.3190E+02	  1.2305E+02	  1.3449E+02	  1.4206E+02	  1.5472E+02	  1.5976E+02	  1.6729E+02	  1.7942E+02	  1.9846E+02	  1.6235E+02	  1.8709E+02	  1.8983E+02	  1.7865E+02	  1.8170E+02	  1.7964E+02	  2.1820E+02	  2.5611E+02	  2.8984E+02	  3.2253E+02	  3.9874E+02	  3.6979E+02	  2.5433E+02	  1.2275E+02	  5.8409E+01	  1.6795E+01	  5.9781E-01	  0.0000E+00	  0.0000E+00	  0.0000E+00	  0.0000E+00	  0.0000E+00	  0.0000E+00	  0.0000E+00	  0.0000E+00	  0.0000E+00	  0.0000E+00	  0.0000E+00	  0.0000E+00	  0.0000E+00	  0.0000E+00	  0.0000E+00	  0.0000E+00	  0.0000E+00	  0.0000E+00	  0.0000E+00	  0.0000E+00	  0.0000E+00
  0.0000E+00	  0.0000E+00	  0.0000E+00	  0.0000E+00	  0.0000E+00	  0.0000E+00	  0.0000E+00	  0.0000E+00	  0.0000E+00	  0.0000E+00	  0.0000E+00	  0.0000E+00	  0.0000E+00	  0.0000E+00	  0.0000E+00	  0.0000E+00	  0.0000E+00	  0.0000E+00	  0.0000E+00	  0.0000E+00	  0.0000E+00	  0.0000E+00	  0.0000E+00	  0.0000E+00	  0.0000E+00	  0.0000E+00	  0.0000E+00	  0.0000E+00	  0.0000E+00	  0.0000E+00	  0.0000E+00	  0.0000E+00	  0.0000E+00	  0.0000E+00	  0.0000E+00	  0.0000E+00	  0.0000E+00	  0.0000E+00	  0.0000E+00	  1.3732E+00	  1.6064E+00	  4.7779E+00	  5.1175E+00	  6.6503E+00	  7.1642E+00	  1.4767E+01	  1.8617E+01	  2.5977E+01	  3.3362E+01	  4.2702E+01	  6.7635E+01	  9.1213E+01	  1.0394E+02	  1.2840E+02	  1.3664E+02	  1.6533E+02	  1.6985E+02	  1.8742E+02	  1.6789E+02	  2.0359E+02	  1.9997E+02	  2.1882E+02	  2.0539E+02	  2.1369E+02	  1.9891E+02	  1.7162E+02	  1.5894E+02	  1.6963E+02	  1.6174E+02	  1.7137E+02	  1.8421E+02	  1.6420E+02	  1.7472E+02	  1.7326E+02	  1.6650E+02	  1.9515E+02	  1.7785E+02	  1.6344E+02	  1.6512E+02	  1.5620E+02	  1.6961E+02	  1.5962E+02	  1.6465E+02	  1.3933E+02	  1.3396E+02	  1.5737E+02	  1.7080E+02	  1.7120E+02	  1.9363E+02	  1.9680E+02	  1.8171E+02	  1.7081E+02	  1.7624E+02	  1.8926E+02	  2.1451E+02	  2.3528E+02	  2.6791E+02	  2.6686E+02	  2.9082E+02	  3.1170E+02	  4.0238E+02	  3.4831E+02	  2.3876E+02	  1.2305E+02	  5.3335E+01	  1.8146E+01	  1.4612E+00	  3.2538E-01	  0.0000E+00	  0.0000E+00	  0.0000E+00	  0.0000E+00	  0.0000E+00	  0.0000E+00	  0.0000E+00	  0.0000E+00	  0.0000E+00	  0.0000E+00	  0.0000E+00	  0.0000E+00	  0.0000E+00	  0.0000E+00	  0.0000E+00	  0.0000E+00	  0.0000E+00	  0.0000E+00	  0.0000E+00	  0.0000E+00
  0.0000E+00	  0.0000E+00	  0.0000E+00	  0.0000E+00	  0.0000E+00	  0.0000E+00	  0.0000E+00	  0.0000E+00	  0.0000E+00	  0.0000E+00	  0.0000E+00	  0.0000E+00	  0.0000E+00	  0.0000E+00	  0.0000E+00	  0.0000E+00	  0.0000E+00	  0.0000E+00	  0.0000E+00	  0.0000E+00	  0.0000E+00	  0.0000E+00	  0.0000E+00	  0.0000E+00	  0.0000E+00	  0.0000E+00	  0.0000E+00	  0.0000E+00	  0.0000E+00	  0.0000E+00	  0.0000E+00	  0.0000E+00	  0.0000E+00	  0.0000E+00	  0.0000E+00	  0.0000E+00	  0.0000E+00	  0.0000E+00	  0.0000E+00	  4.2438E-01	  1.5151E-01	  4.7742E-01	  6.6676E-01	  3.1396E+00	  2.2534E+00	  3.7182E+00	  3.9333E+00	  1.0640E+01	  1.3817E+01	  1.6719E+01	  2.7036E+01	  3.3157E+01	  4.4778E+01	  7.6312E+01	  1.0584E+02	  1.2316E+02	  1.0923E+02	  1.0964E+02	  1.2239E+02	  1.5871E+02	  1.6049E+02	  1.8648E+02	  2.0722E+02	  1.8920E+02	  1.7305E+02	  1.5064E+02	  1.6106E+02	  1.7101E+02	  1.6705E+02	  1.7803E+02	  1.8707E+02	  1.8538E+02	  1.8487E+02	  1.7830E+02	  1.8706E+02	  2.0516E+02	  2.1939E+02	  1.9118E+02	  1.6068E+02	  1.7152E+02	  1.7280E+02	  1.8650E+02	  2.0429E+02	  1.5770E+02	  1.5473E+02	  1.6421E+02	  1.5447E+02	  1.7468E+02	  1.7445E+02	  1.9714E+02	  1.7790E+02	  1.7138E+02	  1.9384E+02	  2.1960E+02	  2.2370E+02	  2.3768E+02	  2.8923E+02	  2.7149E+02	  3.0599E+02	  3.1318E+02	  3.4990E+02	  2.9815E+02	  2.3228E+02	  9.5761E+01	  4.1488E+01	  1.0716E+01	  8.6556E-01	  3.1796E-03	  0.0000E+00	  0.0000E+00	  0.0000E+00	  0.0000E+00	  0.0000E+00	  0.0000E+00	  0.0000E+00	  0.0000E+00	  0.0000E+00	  0.0000E+00	  0.0000E+00	  0.0000E+00	  0.0000E+00	  0.0000E+00	  0.0000E+00	  0.0000E+00	  0.0000E+00	  0.0000E+00	  0.0000E+00	  0.0000E+00
  0.0000E+00	  0.0000E+00	  0.0000E+00	  0.0000E+00	  0.0000E+00	  0.0000E+00	  0.0000E+00	  0.0000E+00	  0.0000E+00	  0.0000E+00	  0.0000E+00	  0.0000E+00	  0.0000E+00	  0.0000E+00	  0.0000E+00	  0.0000E+00	  0.0000E+00	  0.0000E+00	  0.0000E+00	  0.0000E+00	  0.0000E+00	  0.0000E+00	  0.0000E+00	  0.0000E+00	  0.0000E+00	  0.0000E+00	  0.0000E+00	  0.0000E+00	  0.0000E+00	  0.0000E+00	  0.0000E+00	  0.0000E+00	  0.0000E+00	  0.0000E+00	  0.0000E+00	  0.0000E+00	  0.0000E+00	  0.0000E+00	  0.0000E+00	  0.0000E+00	  0.0000E+00	  1.4039E-01	  1.3713E+00	  1.3391E+00	  3.7417E-01	  7.0879E-02	  1.1231E+00	  5.6388E+00	  4.5411E+00	  6.7396E+00	  1.2353E+01	  1.7341E+01	  2.3127E+01	  3.5120E+01	  4.6776E+01	  4.3650E+01	  5.1424E+01	  5.7754E+01	  6.5607E+01	  7.9674E+01	  8.9453E+01	  1.1945E+02	  1.3761E+02	  1.3544E+02	  1.4965E+02	  1.2537E+02	  1.5397E+02	  1.7511E+02	  1.5770E+02	  1.5435E+02	  1.6872E+02	  1.7318E+02	  1.7450E+02	  1.8557E+02	  1.7458E+02	  2.0261E+02	  2.2716E+02	  1.9976E+02	  1.6732E+02	  1.7221E+02	  1.5764E+02	  1.7790E+02	  1.9538E+02	  1.7771E+02	  1.7667E+02	  1.7257E+02	  1.9027E+02	  1.9171E+02	  1.8827E+02	  2.0033E+02	  1.8028E+02	  2.0921E+02	  2.2559E+02	  2.2053E+02	  2.4565E+02	  2.7791E+02	  2.7252E+02	  2.6903E+02	  2.6631E+02	  2.6057E+02	  2.5150E+02	  2.0475E+02	  1.3979E+02	  6.5000E+01	  2.4293E+01	  8.1009E+00	  1.1138E+00	  5.0794E-02	  0.0000E+00	  0.0000E+00	  0.0000E+00	  0.0000E+00	  0.0000E+00	  0.0000E+00	  0.0000E+00	  0.0000E+00	  0.0000E+00	  0.0000E+00	  0.0000E+00	  0.0000E+00	  0.0000E+00	  0.0000E+00	  0.0000E+00	  0.0000E+00	  0.0000E+00	  0.0000E+00	  0.0000E+00	  0.0000E+00
  0.0000E+00	  0.0000E+00	  0.0000E+00	  0.0000E+00	  0.0000E+00	  0.0000E+00	  0.0000E+00	  0.0000E+00	  0.0000E+00	  0.0000E+00	  0.0000E+00	  0.0000E+00	  0.0000E+00	  0.0000E+00	  0.0000E+00	  0.0000E+00	  0.0000E+00	  0.0000E+00	  0.0000E+00	  0.0000E+00	  0.0000E+00	  0.0000E+00	  0.0000E+00	  0.0000E+00	  0.0000E+00	  0.0000E+00	  0.0000E+00	  0.0000E+00	  0.0000E+00	  0.0000E+00	  0.0000E+00	  0.0000E+00	  0.0000E+00	  0.0000E+00	  0.0000E+00	  0.0000E+00	  0.0000E+00	  0.0000E+00	  0.0000E+00	  0.0000E+00	  0.0000E+00	  2.2584E-02	  4.2725E-01	  1.1601E-01	  0.0000E+00	  0.0000E+00	  1.6546E-01	  6.5844E-01	  3.2489E-01	  1.5664E+00	  3.4354E+00	  7.7520E+00	  1.1797E+01	  1.0800E+01	  1.4912E+01	  1.5432E+01	  2.4434E+01	  2.5342E+01	  2.4541E+01	  3.1510E+01	  3.5618E+01	  6.6185E+01	  7.1872E+01	  8.3431E+01	  8.1927E+01	  7.3229E+01	  9.8410E+01	  1.1487E+02	  1.3191E+02	  1.2313E+02	  1.2507E+02	  1.4730E+02	  1.5502E+02	  1.5402E+02	  1.6020E+02	  1.6465E+02	  2.0148E+02	  1.8323E+02	  1.4822E+02	  1.6393E+02	  1.8549E+02	  1.7862E+02	  2.0448E+02	  2.0485E+02	  1.9565E+02	  2.0123E+02	  1.8814E+02	  1.8975E+02	  2.2749E+02	  2.2449E+02	  1.9613E+02	  2.2181E+02	  2.0244E+02	  2.0880E+02	  2.3634E+02	  2.6467E+02	  2.4522E+02	  2.3534E+02	  2.2245E+02	  2.0989E+02	  1.8894E+02	  1.4068E+02	  8.1654E+01	  3.6697E+01	  1.3322E+01	  5.3265E+00	  2.1096E+00	  1.4738E-01	  0.0000E+00	  0.0000E+00	  0.0000E+00	  0.0000E+00	  0.0000E+00	  0.0000E+00	  0.0000E+00	  0.0000E+00	  0.0000E+00	  0.0000E+00	  0.0000E+00	  0.0000E+00	  0.0000E+00	  0.0000E+00	  0.0000E+00	  0.0000E+00	  0.0000E+00	  0.0000E+00	  0.0000E+00	  0.0000E+00
  0.0000E+00	  0.0000E+00	  0.0000E+00	  0.0000E+00	  0.0000E+00	  0.0000E+00	  0.0000E+00	  0.0000E+00	  0.0000E+00	  0.0000E+00	  0.0000E+00	  0.0000E+00	  0.0000E+00	  0.0000E+00	  0.0000E+00	  0.0000E+00	  0.0000E+00	  0.0000E+00	  0.0000E+00	  0.0000E+00	  0.0000E+00	  0.0000E+00	  0.0000E+00	  0.0000E+00	  0.0000E+00	  0.0000E+00	  0.0000E+00	  0.0000E+00	  0.0000E+00	  0.0000E+00	  0.0000E+00	  0.0000E+00	  0.0000E+00	  0.0000E+00	  0.0000E+00	  0.0000E+00	  0.0000E+00	  0.0000E+00	  0.0000E+00	  0.0000E+00	  0.0000E+00	  0.0000E+00	  0.0000E+00	  0.0000E+00	  0.0000E+00	  0.0000E+00	  0.0000E+00	  0.0000E+00	  3.4386E-01	  1.1137E+00	  1.5027E+00	  6.1392E-01	  2.8222E+00	  2.8169E+00	  4.9435E+00	  6.6496E+00	  8.6123E+00	  6.3290E+00	  5.6849E+00	  1.1591E+01	  1.3572E+01	  2.1324E+01	  2.2916E+01	  3.2361E+01	  3.8767E+01	  3.9136E+01	  5.7272E+01	  7.6418E+01	  8.6951E+01	  8.2727E+01	  8.1297E+01	  9.9832E+01	  1.0224E+02	  1.1292E+02	  1.0994E+02	  1.1763E+02	  1.4676E+02	  1.5356E+02	  1.3912E+02	  1.5049E+02	  1.5374E+02	  1.7553E+02	  1.6310E+02	  1.7117E+02	  1.8601E+02	  1.9244E+02	  1.8634E+02	  1.8392E+02	  1.9383E+02	  1.8833E+02	  1.8262E+02	  1.9790E+02	  1.7815E+02	  1.8660E+02	  1.8408E+02	  1.8658E+02	  1.6712E+02	  1.6549E+02	  1.6937E+02	  1.4793E+02	  1.1024E+02	  7.9309E+01	  4.7407E+01	  2.2623E+01	  3.5647E+00	  1.2151E+00	  8.7528E-02	  0.0000E+00	  0.0000E+00	  0.0000E+00	  0.0000E+00	  0.0000E+00	  0.0000E+00	  0.0000E+00	  0.0000E+00	  0.0000E+00	  0.0000E+00	  0.0000E+00	  0.0000E+00	  0.0000E+00	  0.0000E+00	  0.0000E+00	  0.0000E+00	  0.0000E+00	  0.0000E+00	  0.0000E+00	  0.0000E+00	  0.0000E+00
  0.0000E+00	  0.0000E+00	  0.0000E+00	  0.0000E+00	  0.0000E+00	  0.0000E+00	  0.0000E+00	  0.0000E+00	  0.0000E+00	  0.0000E+00	  0.0000E+00	  0.0000E+00	  0.0000E+00	  0.0000E+00	  0.0000E+00	  0.0000E+00	  0.0000E+00	  0.0000E+00	  0.0000E+00	  0.0000E+00	  0.0000E+00	  0.0000E+00	  0.0000E+00	  0.0000E+00	  0.0000E+00	  0.0000E+00	  0.0000E+00	  0.0000E+00	  0.0000E+00	  0.0000E+00	  0.0000E+00	  0.0000E+00	  0.0000E+00	  0.0000E+00	  0.0000E+00	  0.0000E+00	  0.0000E+00	  0.0000E+00	  0.0000E+00	  0.0000E+00	  0.0000E+00	  0.0000E+00	  0.0000E+00	  0.0000E+00	  0.0000E+00	  0.0000E+00	  0.0000E+00	  0.0000E+00	  0.0000E+00	  1.3693E-02	  7.6245E-01	  2.0760E-01	  5.5238E-01	  4.0375E-01	  1.7701E+00	  1.8957E+00	  9.5814E-01	  9.0948E-01	  2.9704E+00	  3.9545E+00	  2.0464E+00	  2.6892E+00	  7.3540E+00	  4.4960E+00	  5.7521E+00	  1.5928E+01	  2.5640E+01	  3.7445E+01	  4.5134E+01	  5.0017E+01	  4.7267E+01	  5.2628E+01	  6.4707E+01	  6.2077E+01	  5.3529E+01	  6.6104E+01	  8.9906E+01	  8.8741E+01	  8.2199E+01	  9.0483E+01	  9.6260E+01	  1.1106E+02	  1.0584E+02	  1.2684E+02	  1.2877E+02	  1.1656E+02	  1.1049E+02	  1.4601E+02	  1.5835E+02	  1.4565E+02	  1.5273E+02	  1.5133E+02	  1.4637E+02	  1.3399E+02	  1.2064E+02	  9.7792E+01	  9.2670E+01	  9.5896E+01	  9.1468E+01	  7.8104E+01	  5.1843E+01	  3.3967E+01	  1.5220E+01	  6.8172E+00	  1.1210E+00	  0.0000E+00	  0.0000E+00	  0.0000E+00	  0.0000E+00	  0.0000E+00	  0.0000E+00	  0.0000E+00	  0.0000E+00	  0.0000E+00	  0.0000E+00	  0.0000E+00	  0.0000E+00	  0.0000E+00	  0.0000E+00	  0.0000E+00	  0.0000E+00	  0.0000E+00	  0.0000E+00	  0.0000E+00	  0.0000E+00	  0.0000E+00	  0.0000E+00	  0.0000E+00
  0.0000E+00	  0.0000E+00	  0.0000E+00	  0.0000E+00	  0.0000E+00	  0.0000E+00	  0.0000E+00	  0.0000E+00	  0.0000E+00	  0.0000E+00	  0.0000E+00	  0.0000E+00	  0.0000E+00	  0.0000E+00	  0.0000E+00	  0.0000E+00	  0.0000E+00	  0.0000E+00	  0.0000E+00	  0.0000E+00	  0.0000E+00	  0.0000E+00	  0.0000E+00	  0.0000E+00	  0.0000E+00	  0.0000E+00	  0.0000E+00	  0.0000E+00	  0.0000E+00	  0.0000E+00	  0.0000E+00	  0.0000E+00	  0.0000E+00	  0.0000E+00	  0.0000E+00	  0.0000E+00	  0.0000E+00	  0.0000E+00	  0.0000E+00	  0.0000E+00	  0.0000E+00	  0.0000E+00	  0.0000E+00	  0.0000E+00	  0.0000E+00	  0.0000E+00	  0.0000E+00	  0.0000E+00	  0.0000E+00	  0.0000E+00	  0.0000E+00	  0.0000E+00	  0.0000E+00	  0.0000E+00	  0.0000E+00	  0.0000E+00	  0.0000E+00	  6.1889E-01	  8.9852E-01	  1.5779E-01	  0.0000E+00	  3.8954E-01	  2.6897E+00	  1.2396E+00	  1.5696E+00	  5.3069E+00	  6.9196E+00	  1.3541E+01	  1.6309E+01	  1.1943E+01	  1.7388E+01	  2.3595E+01	  3.0174E+01	  2.8908E+01	  2.5852E+01	  2.9158E+01	  4.5968E+01	  3.8955E+01	  4.9584E+01	  6.9855E+01	  6.6326E+01	  5.0604E+01	  5.6365E+01	  7.1010E+01	  6.1911E+01	  6.3283E+01	  5.8506E+01	  7.2346E+01	  7.7684E+01	  7.6844E+01	  1.0614E+02	  9.1399E+01	  8.2206E+01	  7.2756E+01	  5.3451E+01	  4.3763E+01	  4.6087E+01	  4.9256E+01	  3.4732E+01	  2.4840E+01	  1.3828E+01	  9.2652E+00	  3.7526E+00	  9.5218E-01	  1.9727E-01	  0.0000E+00	  0.0000E+00	  0.0000E+00	  0.0000E+00	  0.0000E+00	  0.0000E+00	  0.0000E+00	  0.0000E+00	  0.0000E+00	  0.0000E+00	  0.0000E+00	  0.0000E+00	  0.0000E+00	  0.0000E+00	  0.0000E+00	  0.0000E+00	  0.0000E+00	  0.0000E+00	  0.0000E+00	  0.0000E+00	  0.0000E+00	  0.0000E+00	  0.0000E+00
  0.0000E+00	  0.0000E+00	  0.0000E+00	  0.0000E+00	  0.0000E+00	  0.0000E+00	  0.0000E+00	  0.0000E+00	  0.0000E+00	  0.0000E+00	  0.0000E+00	  0.0000E+00	  0.0000E+00	  0.0000E+00	  0.0000E+00	  0.0000E+00	  0.0000E+00	  0.0000E+00	  0.0000E+00	  0.0000E+00	  0.0000E+00	  0.0000E+00	  0.0000E+00	  0.0000E+00	  0.0000E+00	  0.0000E+00	  0.0000E+00	  0.0000E+00	  0.0000E+00	  0.0000E+00	  0.0000E+00	  0.0000E+00	  0.0000E+00	  0.0000E+00	  0.0000E+00	  0.0000E+00	  0.0000E+00	  0.0000E+00	  0.0000E+00	  0.0000E+00	  0.0000E+00	  0.0000E+00	  0.0000E+00	  0.0000E+00	  0.0000E+00	  0.0000E+00	  0.0000E+00	  0.0000E+00	  0.0000E+00	  0.0000E+00	  0.0000E+00	  0.0000E+00	  0.0000E+00	  0.0000E+00	  0.0000E+00	  0.0000E+00	  0.0000E+00	  1.8951E-01	  4.9353E-02	  0.0000E+00	  0.0000E+00	  0.0000E+00	  0.0000E+00	  0.0000E+00	  5.8037E-01	  2.3155E+00	  1.7871E+00	  5.3555E+00	  3.7497E+00	  4.7611E+00	  2.4846E+00	  4.2046E+00	  6.7424E+00	  7.6845E+00	  8.4754E+00	  1.1971E+01	  1.6992E+01	  1.4920E+01	  1.9830E+01	  3.1301E+01	  2.6026E+01	  2.0248E+01	  2.1322E+01	  2.6584E+01	  2.5137E+01	  2.4358E+01	  2.8027E+01	  2.5833E+01	  3.0572E+01	  3.5069E+01	  3.4359E+01	  3.4658E+01	  3.3985E+01	  3.0067E+01	  2.2722E+01	  1.7759E+01	  1.5739E+01	  1.8481E+01	  1.4179E+01	  6.5552E+00	  3.9755E+00	  2.6806E+00	  9.2438E-01	  0.0000E+00	  0.0000E+00	  0.0000E+00	  0.0000E+00	  0.0000E+00	  0.0000E+00	  0.0000E+00	  0.0000E+00	  0.0000E+00	  0.0000E+00	  0.0000E+00	  0.0000E+00	  0.0000E+00	  0.0000E+00	  0.0000E+00	  0.0000E+00	  0.0000E+00	  0.0000E+00	  0.0000E+00	  0.0000E+00	  0.0000E+00	  0.0000E+00	  0.0000E+00	  0.0000E+00	  0.0000E+00
  0.0000E+00	  0.0000E+00	  0.0000E+00	  0.0000E+00	  0.0000E+00	  0.0000E+00	  0.0000E+00	  0.0000E+00	  0.0000E+00	  0.0000E+00	  0.0000E+00	  0.0000E+00	  0.0000E+00	  0.0000E+00	  0.0000E+00	  0.0000E+00	  0.0000E+00	  0.0000E+00	  0.0000E+00	  0.0000E+00	  0.0000E+00	  0.0000E+00	  0.0000E+00	  0.0000E+00	  0.0000E+00	  0.0000E+00	  0.0000E+00	  0.0000E+00	  0.0000E+00	  0.0000E+00	  0.0000E+00	  0.0000E+00	  0.0000E+00	  0.0000E+00	  0.0000E+00	  0.0000E+00	  0.0000E+00	  0.0000E+00	  0.0000E+00	  0.0000E+00	  0.0000E+00	  0.0000E+00	  0.0000E+00	  0.0000E+00	  0.0000E+00	  0.0000E+00	  0.0000E+00	  0.0000E+00	  0.0000E+00	  0.0000E+00	  0.0000E+00	  0.0000E+00	  0.0000E+00	  0.0000E+00	  0.0000E+00	  0.0000E+00	  0.0000E+00	  0.0000E+00	  0.0000E+00	  0.0000E+00	  0.0000E+00	  0.0000E+00	  0.0000E+00	  0.0000E+00	  0.0000E+00	  5.9949E-01	  5.4661E-01	  7.4936E-01	  8.9224E-01	  1.4883E+00	  3.2107E-01	  4.1243E-01	  1.6100E-02	  7.8056E-01	  2.0226E+00	  4.8595E+00	  6.6232E+00	  7.3116E+00	  7.2672E+00	  8.3601E+00	  7.5628E+00	  6.9629E+00	  4.4830E+00	  3.4953E+00	  4.0830E+00	  6.6304E+00	  7.5367E+00	  4.2991E+00	  9.4495E+00	  1.0794E+01	  7.1048E+00	  1.1483E+01	  1.0846E+01	  8.6965E+00	  6.6031E+00	  3.8497E+00	  2.0334E+00	  4.5998E+00	  2.2716E+00	  1.5872E+00	  1.2665E+00	  4.4540E-01	  0.0000E+00	  0.0000E+00	  0.0000E+00	  0.0000E+00	  0.0000E+00	  0.0000E+00	  0.0000E+00	  0.0000E+00	  0.0000E+00	  0.0000E+00	  0.0000E+00	  0.0000E+00	  0.0000E+00	  0.0000E+00	  0.0000E+00	  0.0000E+00	  0.0000E+00	  0.0000E+00	  0.0000E+00	  0.0000E+00	  0.0000E+00	  0.0000E+00	  0.0000E+00	  0.0000E+00	  0.0000E+00	  0.0000E+00
  0.0000E+00	  0.0000E+00	  0.0000E+00	  0.0000E+00	  0.0000E+00	  0.0000E+00	  0.0000E+00	  0.0000E+00	  0.0000E+00	  0.0000E+00	  0.0000E+00	  0.0000E+00	  0.0000E+00	  0.0000E+00	  0.0000E+00	  0.0000E+00	  0.0000E+00	  0.0000E+00	  0.0000E+00	  0.0000E+00	  0.0000E+00	  0.0000E+00	  0.0000E+00	  0.0000E+00	  0.0000E+00	  0.0000E+00	  0.0000E+00	  0.0000E+00	  0.0000E+00	  0.0000E+00	  0.0000E+00	  0.0000E+00	  0.0000E+00	  0.0000E+00	  0.0000E+00	  0.0000E+00	  0.0000E+00	  0.0000E+00	  0.0000E+00	  0.0000E+00	  0.0000E+00	  0.0000E+00	  0.0000E+00	  0.0000E+00	  0.0000E+00	  0.0000E+00	  0.0000E+00	  0.0000E+00	  0.0000E+00	  0.0000E+00	  0.0000E+00	  0.0000E+00	  0.0000E+00	  0.0000E+00	  0.0000E+00	  0.0000E+00	  0.0000E+00	  0.0000E+00	  0.0000E+00	  0.0000E+00	  0.0000E+00	  0.0000E+00	  0.0000E+00	  0.0000E+00	  0.0000E+00	  0.0000E+00	  0.0000E+00	  5.1777E-01	  6.0702E-03	  0.0000E+00	  0.0000E+00	  0.0000E+00	  0.0000E+00	  0.0000E+00	  6.0121E-01	  1.1819E+00	  1.6596E+00	  1.6563E+00	  7.7034E-01	  4.2142E+00	  3.6551E+00	  5.4809E-01	  5.6954E-01	  7.4380E-01	  1.8760E-01	  2.9273E+00	  2.0542E+00	  9.6008E-01	  3.5397E+00	  1.2102E+00	  5.5454E-01	  3.7558E+00	  2.7346E+00	  1.1776E+00	  4.9068E-02	  3.0970E-03	  1.1417E-01	  3.2276E-01	  0.0000E+00	  0.0000E+00	  0.0000E+00	  0.0000E+00	  0.0000E+00	  0.0000E+00	  0.0000E+00	  0.0000E+00	  0.0000E+00	  0.0000E+00	  0.0000E+00	  0.0000E+00	  0.0000E+00	  0.0000E+00	  0.0000E+00	  0.0000E+00	  0.0000E+00	  0.0000E+00	  0.0000E+00	  0.0000E+00	  0.0000E+00	  0.0000E+00	  0.0000E+00	  0.0000E+00	  0.0000E+00	  0.0000E+00	  0.0000E+00	  0.0000E+00	  0.0000E+00	  0.0000E+00
  0.0000E+00	  0.0000E+00	  0.0000E+00	  0.0000E+00	  0.0000E+00	  0.0000E+00	  0.0000E+00	  0.0000E+00	  0.0000E+00	  0.0000E+00	  0.0000E+00	  0.0000E+00	  0.0000E+00	  0.0000E+00	  0.0000E+00	  0.0000E+00	  0.0000E+00	  0.0000E+00	  0.0000E+00	  0.0000E+00	  0.0000E+00	  0.0000E+00	  0.0000E+00	  0.0000E+00	  0.0000E+00	  0.0000E+00	  0.0000E+00	  0.0000E+00	  0.0000E+00	  0.0000E+00	  0.0000E+00	  0.0000E+00	  0.0000E+00	  0.0000E+00	  0.0000E+00	  0.0000E+00	  0.0000E+00	  0.0000E+00	  0.0000E+00	  0.0000E+00	  0.0000E+00	  0.0000E+00	  0.0000E+00	  0.0000E+00	  0.0000E+00	  0.0000E+00	  0.0000E+00	  0.0000E+00	  0.0000E+00	  0.0000E+00	  0.0000E+00	  0.0000E+00	  0.0000E+00	  0.0000E+00	  0.0000E+00	  0.0000E+00	  0.0000E+00	  0.0000E+00	  0.0000E+00	  0.0000E+00	  0.0000E+00	  0.0000E+00	  0.0000E+00	  0.0000E+00	  0.0000E+00	  0.0000E+00	  0.0000E+00	  0.0000E+00	  0.0000E+00	  0.0000E+00	  0.0000E+00	  0.0000E+00	  0.0000E+00	  0.0000E+00	  0.0000E+00	  0.0000E+00	  5.2753E-03	  3.2667E-04	  0.0000E+00	  1.3478E+00	  6.8705E-01	  5.1219E-03	  0.0000E+00	  0.0000E+00	  0.0000E+00	  0.0000E+00	  6.0781E-02	  3.8885E-01	  6.1375E-02	  0.0000E+00	  0.0000E+00	  3.9366E-01	  1.6513E-01	  0.0000E+00	  0.0000E+00	  0.0000E+00	  0.0000E+00	  0.0000E+00	  0.0000E+00	  0.0000E+00	  0.0000E+00	  0.0000E+00	  0.0000E+00	  0.0000E+00	  0.0000E+00	  0.0000E+00	  0.0000E+00	  0.0000E+00	  0.0000E+00	  0.0000E+00	  0.0000E+00	  0.0000E+00	  0.0000E+00	  0.0000E+00	  0.0000E+00	  0.0000E+00	  0.0000E+00	  0.0000E+00	  0.0000E+00	  0.0000E+00	  0.0000E+00	  0.0000E+00	  0.0000E+00	  0.0000E+00	  0.0000E+00	  0.0000E+00	  0.0000E+00	  0.0000E+00
  0.0000E+00	  0.0000E+00	  0.0000E+00	  0.0000E+00	  0.0000E+00	  0.0000E+00	  0.0000E+00	  0.0000E+00	  0.0000E+00	  0.0000E+00	  0.0000E+00	  0.0000E+00	  0.0000E+00	  0.0000E+00	  0.0000E+00	  0.0000E+00	  0.0000E+00	  0.0000E+00	  0.0000E+00	  0.0000E+00	  0.0000E+00	  0.0000E+00	  0.0000E+00	  0.0000E+00	  0.0000E+00	  0.0000E+00	  0.0000E+00	  0.0000E+00	  0.0000E+00	  0.0000E+00	  0.0000E+00	  0.0000E+00	  0.0000E+00	  0.0000E+00	  0.0000E+00	  0.0000E+00	  0.0000E+00	  0.0000E+00	  0.0000E+00	  0.0000E+00	  0.0000E+00	  0.0000E+00	  0.0000E+00	  0.0000E+00	  0.0000E+00	  0.0000E+00	  0.0000E+00	  0.0000E+00	  0.0000E+00	  0.0000E+00	  0.0000E+00	  0.0000E+00	  0.0000E+00	  0.0000E+00	  0.0000E+00	  0.0000E+00	  0.0000E+00	  0.0000E+00	  0.0000E+00	  0.0000E+00	  0.0000E+00	  0.0000E+00	  0.0000E+00	  0.0000E+00	  0.0000E+00	  0.0000E+00	  0.0000E+00	  0.0000E+00	  0.0000E+00	  0.0000E+00	  0.0000E+00	  0.0000E+00	  0.0000E+00	  0.0000E+00	  0.0000E+00	  0.0000E+00	  0.0000E+00	  0.0000E+00	  0.0000E+00	  0.0000E+00	  0.0000E+00	  0.0000E+00	  0.0000E+00	  0.0000E+00	  0.0000E+00	  0.0000E+00	  0.0000E+00	  0.0000E+00	  0.0000E+00	  0.0000E+00	  0.0000E+00	  0.0000E+00	  0.0000E+00	  0.0000E+00	  0.0000E+00	  0.0000E+00	  0.0000E+00	  0.0000E+00	  0.0000E+00	  0.0000E+00	  0.0000E+00	  0.0000E+00	  0.0000E+00	  0.0000E+00	  0.0000E+00	  0.0000E+00	  0.0000E+00	  0.0000E+00	  0.0000E+00	  0.0000E+00	  0.0000E+00	  0.0000E+00	  0.0000E+00	  0.0000E+00	  0.0000E+00	  0.0000E+00	  0.0000E+00	  0.0000E+00	  0.0000E+00	  0.0000E+00	  0.0000E+00	  0.0000E+00	  0.0000E+00	  0.0000E+00	  0.0000E+00	  0.0000E+00	  0.0000E+00	  0.0000E+00
  0.0000E+00	  0.0000E+00	  0.0000E+00	  0.0000E+00	  0.0000E+00	  0.0000E+00	  0.0000E+00	  0.0000E+00	  0.0000E+00	  0.0000E+00	  0.0000E+00	  0.0000E+00	  0.0000E+00	  0.0000E+00	  0.0000E+00	  0.0000E+00	  0.0000E+00	  0.0000E+00	  0.0000E+00	  0.0000E+00	  0.0000E+00	  0.0000E+00	  0.0000E+00	  0.0000E+00	  0.0000E+00	  0.0000E+00	  0.0000E+00	  0.0000E+00	  0.0000E+00	  0.0000E+00	  0.0000E+00	  0.0000E+00	  0.0000E+00	  0.0000E+00	  0.0000E+00	  0.0000E+00	  0.0000E+00	  0.0000E+00	  0.0000E+00	  0.0000E+00	  0.0000E+00	  0.0000E+00	  0.0000E+00	  0.0000E+00	  0.0000E+00	  0.0000E+00	  0.0000E+00	  0.0000E+00	  0.0000E+00	  0.0000E+00	  0.0000E+00	  0.0000E+00	  0.0000E+00	  0.0000E+00	  0.0000E+00	  0.0000E+00	  0.0000E+00	  0.0000E+00	  0.0000E+00	  0.0000E+00	  0.0000E+00	  0.0000E+00	  0.0000E+00	  0.0000E+00	  0.0000E+00	  0.0000E+00	  0.0000E+00	  0.0000E+00	  0.0000E+00	  0.0000E+00	  0.0000E+00	  0.0000E+00	  0.0000E+00	  0.0000E+00	  0.0000E+00	  0.0000E+00	  0.0000E+00	  0.0000E+00	  0.0000E+00	  0.0000E+00	  0.0000E+00	  0.0000E+00	  0.0000E+00	  0.0000E+00	  0.0000E+00	  0.0000E+00	  0.0000E+00	  0.0000E+00	  0.0000E+00	  0.0000E+00	  0.0000E+00	  0.0000E+00	  0.0000E+00	  0.0000E+00	  0.0000E+00	  0.0000E+00	  0.0000E+00	  0.0000E+00	  0.0000E+00	  0.0000E+00	  0.0000E+00	  0.0000E+00	  0.0000E+00	  0.0000E+00	  0.0000E+00	  0.0000E+00	  0.0000E+00	  0.0000E+00	  0.0000E+00	  0.0000E+00	  0.0000E+00	  0.0000E+00	  0.0000E+00	  0.0000E+00	  0.0000E+00	  0.0000E+00	  0.0000E+00	  0.0000E+00	  0.0000E+00	  0.0000E+00	  0.0000E+00	  0.0000E+00	  0.0000E+00	  0.0000E+00	  0.0000E+00	  0.0000E+00	  0.0000E+00	  0.0000E+00
  0.0000E+00	  0.0000E+00	  0.0000E+00	  0.0000E+00	  0.0000E+00	  0.0000E+00	  0.0000E+00	  0.0000E+00	  0.0000E+00	  0.0000E+00	  0.0000E+00	  0.0000E+00	  0.0000E+00	  0.0000E+00	  0.0000E+00	  0.0000E+00	  0.0000E+00	  0.0000E+00	  0.0000E+00	  0.0000E+00	  0.0000E+00	  0.0000E+00	  0.0000E+00	  0.0000E+00	  0.0000E+00	  0.0000E+00	  0.0000E+00	  0.0000E+00	  0.0000E+00	  0.0000E+00	  0.0000E+00	  0.0000E+00	  0.0000E+00	  0.0000E+00	  0.0000E+00	  0.0000E+00	  0.0000E+00	  0.0000E+00	  0.0000E+00	  0.0000E+00	  0.0000E+00	  0.0000E+00	  0.0000E+00	  0.0000E+00	  0.0000E+00	  0.0000E+00	  0.0000E+00	  0.0000E+00	  0.0000E+00	  0.0000E+00	  0.0000E+00	  0.0000E+00	  0.0000E+00	  0.0000E+00	  0.0000E+00	  0.0000E+00	  0.0000E+00	  0.0000E+00	  0.0000E+00	  0.0000E+00	  0.0000E+00	  0.0000E+00	  0.0000E+00	  0.0000E+00	  0.0000E+00	  0.0000E+00	  0.0000E+00	  0.0000E+00	  0.0000E+00	  0.0000E+00	  0.0000E+00	  0.0000E+00	  0.0000E+00	  0.0000E+00	  0.0000E+00	  0.0000E+00	  0.0000E+00	  0.0000E+00	  0.0000E+00	  0.0000E+00	  0.0000E+00	  0.0000E+00	  0.0000E+00	  0.0000E+00	  0.0000E+00	  0.0000E+00	  0.0000E+00	  0.0000E+00	  0.0000E+00	  0.0000E+00	  0.0000E+00	  0.0000E+00	  0.0000E+00	  0.0000E+00	  0.0000E+00	  0.0000E+00	  0.0000E+00	  0.0000E+00	  0.0000E+00	  0.0000E+00	  0.0000E+00	  0.0000E+00	  0.0000E+00	  0.0000E+00	  0.0000E+00	  0.0000E+00	  0.0000E+00	  0.0000E+00	  0.0000E+00	  0.0000E+00	  0.0000E+00	  0.0000E+00	  0.0000E+00	  0.0000E+00	  0.0000E+00	  0.0000E+00	  0.0000E+00	  0.0000E+00	  0.0000E+00	  0.0000E+00	  0.0000E+00	  0.0000E+00	  0.0000E+00	  0.0000E+00	  0.0000E+00	  0.0000E+00	  0.0000E+00	  0.0000E+00
  0.0000E+00	  0.0000E+00	  0.0000E+00	  0.0000E+00	  0.0000E+00	  0.0000E+00	  0.0000E+00	  0.0000E+00	  0.0000E+00	  0.0000E+00	  0.0000E+00	  0.0000E+00	  0.0000E+00	  0.0000E+00	  0.0000E+00	  0.0000E+00	  0.0000E+00	  0.0000E+00	  0.0000E+00	  0.0000E+00	  0.0000E+00	  0.0000E+00	  0.0000E+00	  0.0000E+00	  0.0000E+00	  0.0000E+00	  0.0000E+00	  0.0000E+00	  0.0000E+00	  0.0000E+00	  0.0000E+00	  0.0000E+00	  0.0000E+00	  0.0000E+00	  0.0000E+00	  0.0000E+00	  0.0000E+00	  0.0000E+00	  0.0000E+00	  0.0000E+00	  0.0000E+00	  0.0000E+00	  0.0000E+00	  0.0000E+00	  0.0000E+00	  0.0000E+00	  0.0000E+00	  0.0000E+00	  0.0000E+00	  0.0000E+00	  0.0000E+00	  0.0000E+00	  0.0000E+00	  0.0000E+00	  0.0000E+00	  0.0000E+00	  0.0000E+00	  0.0000E+00	  0.0000E+00	  0.0000E+00	  0.0000E+00	  0.0000E+00	  0.0000E+00	  0.0000E+00	  0.0000E+00	  0.0000E+00	  0.0000E+00	  0.0000E+00	  0.0000E+00	  0.0000E+00	  0.0000E+00	  0.0000E+00	  0.0000E+00	  0.0000E+00	  0.0000E+00	  0.0000E+00	  0.0000E+00	  0.0000E+00	  0.0000E+00	  0.0000E+00	  0.0000E+00	  0.0000E+00	  0.0000E+00	  0.0000E+00	  0.0000E+00	  0.0000E+00	  0.0000E+00	  0.0000E+00	  0.0000E+00	  0.0000E+00	  0.0000E+00	  0.0000E+00	  0.0000E+00	  0.0000E+00	  0.0000E+00	  0.0000E+00	  0.0000E+00	  0.0000E+00	  0.0000E+00	  0.0000E+00	  0.0000E+00	  0.0000E+00	  0.0000E+00	  0.0000E+00	  0.0000E+00	  0.0000E+00	  0.0000E+00	  0.0000E+00	  0.0000E+00	  0.0000E+00	  0.0000E+00	  0.0000E+00	  0.0000E+00	  0.0000E+00	  0.0000E+00	  0.0000E+00	  0.0000E+00	  0.0000E+00	  0.0000E+00	  0.0000E+00	  0.0000E+00	  0.0000E+00	  0.0000E+00	  0.0000E+00	  0.0000E+00	  0.0000E+00	  0.0000E+00	  0.0000E+00
  0.0000E+00	  0.0000E+00	  0.0000E+00	  0.0000E+00	  0.0000E+00	  0.0000E+00	  0.0000E+00	  0.0000E+00	  0.0000E+00	  0.0000E+00	  0.0000E+00	  0.0000E+00	  0.0000E+00	  0.0000E+00	  0.0000E+00	  0.0000E+00	  0.0000E+00	  0.0000E+00	  0.0000E+00	  0.0000E+00	  0.0000E+00	  0.0000E+00	  0.0000E+00	  0.0000E+00	  0.0000E+00	  0.0000E+00	  0.0000E+00	  0.0000E+00	  0.0000E+00	  0.0000E+00	  0.0000E+00	  0.0000E+00	  0.0000E+00	  0.0000E+00	  0.0000E+00	  0.0000E+00	  0.0000E+00	  0.0000E+00	  0.0000E+00	  0.0000E+00	  0.0000E+00	  0.0000E+00	  0.0000E+00	  0.0000E+00	  0.0000E+00	  0.0000E+00	  0.0000E+00	  0.0000E+00	  0.0000E+00	  0.0000E+00	  0.0000E+00	  0.0000E+00	  0.0000E+00	  0.0000E+00	  0.0000E+00	  0.0000E+00	  0.0000E+00	  0.0000E+00	  0.0000E+00	  0.0000E+00	  0.0000E+00	  0.0000E+00	  0.0000E+00	  0.0000E+00	  0.0000E+00	  0.0000E+00	  0.0000E+00	  0.0000E+00	  0.0000E+00	  0.0000E+00	  0.0000E+00	  0.0000E+00	  0.0000E+00	  0.0000E+00	  0.0000E+00	  0.0000E+00	  0.0000E+00	  0.0000E+00	  0.0000E+00	  0.0000E+00	  0.0000E+00	  0.0000E+00	  0.0000E+00	  0.0000E+00	  0.0000E+00	  0.0000E+00	  0.0000E+00	  0.0000E+00	  0.0000E+00	  0.0000E+00	  0.0000E+00	  0.0000E+00	  0.0000E+00	  0.0000E+00	  0.0000E+00	  0.0000E+00	  0.0000E+00	  0.0000E+00	  0.0000E+00	  0.0000E+00	  0.0000E+00	  0.0000E+00	  0.0000E+00	  0.0000E+00	  0.0000E+00	  0.0000E+00	  0.0000E+00	  0.0000E+00	  0.0000E+00	  0.0000E+00	  0.0000E+00	  0.0000E+00	  0.0000E+00	  0.0000E+00	  0.0000E+00	  0.0000E+00	  0.0000E+00	  0.0000E+00	  0.0000E+00	  0.0000E+00	  0.0000E+00	  0.0000E+00	  0.0000E+00	  0.0000E+00	  0.0000E+00	  0.0000E+00	  0.0000E+00	  0.0000E+00
  0.0000E+00	  0.0000E+00	  0.0000E+00	  0.0000E+00	  0.0000E+00	  0.0000E+00	  0.0000E+00	  0.0000E+00	  0.0000E+00	  0.0000E+00	  0.0000E+00	  0.0000E+00	  0.0000E+00	  0.0000E+00	  0.0000E+00	  0.0000E+00	  0.0000E+00	  0.0000E+00	  0.0000E+00	  0.0000E+00	  0.0000E+00	  0.0000E+00	  0.0000E+00	  0.0000E+00	  0.0000E+00	  0.0000E+00	  0.0000E+00	  0.0000E+00	  0.0000E+00	  0.0000E+00	  0.0000E+00	  0.0000E+00	  0.0000E+00	  0.0000E+00	  0.0000E+00	  0.0000E+00	  0.0000E+00	  0.0000E+00	  0.0000E+00	  0.0000E+00	  0.0000E+00	  0.0000E+00	  0.0000E+00	  0.0000E+00	  0.0000E+00	  0.0000E+00	  0.0000E+00	  0.0000E+00	  0.0000E+00	  0.0000E+00	  0.0000E+00	  0.0000E+00	  0.0000E+00	  0.0000E+00	  0.0000E+00	  0.0000E+00	  0.0000E+00	  0.0000E+00	  0.0000E+00	  0.0000E+00	  0.0000E+00	  0.0000E+00	  0.0000E+00	  0.0000E+00	  0.0000E+00	  0.0000E+00	  0.0000E+00	  0.0000E+00	  0.0000E+00	  0.0000E+00	  0.0000E+00	  0.0000E+00	  0.0000E+00	  0.0000E+00	  0.0000E+00	  0.0000E+00	  0.0000E+00	  0.0000E+00	  0.0000E+00	  0.0000E+00	  0.0000E+00	  0.0000E+00	  0.0000E+00	  0.0000E+00	  0.0000E+00	  0.0000E+00	  0.0000E+00	  0.0000E+00	  0.0000E+00	  0.0000E+00	  0.0000E+00	  0.0000E+00	  0.0000E+00	  0.0000E+00	  0.0000E+00	  0.0000E+00	  0.0000E+00	  0.0000E+00	  0.0000E+00	  0.0000E+00	  0.0000E+00	  0.0000E+00	  0.0000E+00	  0.0000E+00	  0.0000E+00	  0.0000E+00	  0.0000E+00	  0.0000E+00	  0.0000E+00	  0.0000E+00	  0.0000E+00	  0.0000E+00	  0.0000E+00	  0.0000E+00	  0.0000E+00	  0.0000E+00	  0.0000E+00	  0.0000E+00	  0.0000E+00	  0.0000E+00	  0.0000E+00	  0.0000E+00	  0.0000E+00	  0.0000E+00	  0.0000E+00	  0.0000E+00	  0.0000E+00	  0.0000E+00
  0.0000E+00	  0.0000E+00	  0.0000E+00	  0.0000E+00	  0.0000E+00	  0.0000E+00	  0.0000E+00	  0.0000E+00	  0.0000E+00	  0.0000E+00	  0.0000E+00	  0.0000E+00	  0.0000E+00	  0.0000E+00	  0.0000E+00	  0.0000E+00	  0.0000E+00	  0.0000E+00	  0.0000E+00	  0.0000E+00	  0.0000E+00	  0.0000E+00	  0.0000E+00	  0.0000E+00	  0.0000E+00	  0.0000E+00	  0.0000E+00	  0.0000E+00	  0.0000E+00	  0.0000E+00	  0.0000E+00	  0.0000E+00	  0.0000E+00	  0.0000E+00	  0.0000E+00	  0.0000E+00	  0.0000E+00	  0.0000E+00	  0.0000E+00	  0.0000E+00	  0.0000E+00	  0.0000E+00	  0.0000E+00	  0.0000E+00	  0.0000E+00	  0.0000E+00	  0.0000E+00	  0.0000E+00	  0.0000E+00	  0.0000E+00	  0.0000E+00	  0.0000E+00	  0.0000E+00	  0.0000E+00	  0.0000E+00	  0.0000E+00	  0.0000E+00	  0.0000E+00	  0.0000E+00	  0.0000E+00	  0.0000E+00	  0.0000E+00	  0.0000E+00	  0.0000E+00	  0.0000E+00	  0.0000E+00	  0.0000E+00	  0.0000E+00	  0.0000E+00	  0.0000E+00	  0.0000E+00	  0.0000E+00	  0.0000E+00	  0.0000E+00	  0.0000E+00	  0.0000E+00	  0.0000E+00	  0.0000E+00	  0.0000E+00	  0.0000E+00	  0.0000E+00	  0.0000E+00	  0.0000E+00	  0.0000E+00	  0.0000E+00	  0.0000E+00	  0.0000E+00	  0.0000E+00	  0.0000E+00	  0.0000E+00	  0.0000E+00	  0.0000E+00	  0.0000E+00	  0.0000E+00	  0.0000E+00	  0.0000E+00	  0.0000E+00	  0.0000E+00	  0.0000E+00	  0.0000E+00	  0.0000E+00	  0.0000E+00	  0.0000E+00	  0.0000E+00	  0.0000E+00	  0.0000E+00	  0.0000E+00	  0.0000E+00	  0.0000E+00	  0.0000E+00	  0.0000E+00	  0.0000E+00	  0.0000E+00	  0.0000E+00	  0.0000E+00	  0.0000E+00	  0.0000E+00	  0.0000E+00	  0.0000E+00	  0.0000E+00	  0.0000E+00	  0.0000E+00	  0.0000E+00	  0.0000E+00	  0.0000E+00	  0.0000E+00	  0.0000E+00	  0.0000E+00
  0.0000E+00	  0.0000E+00	  0.0000E+00	  0.0000E+00	  0.0000E+00	  0.0000E+00	  0.0000E+00	  0.0000E+00	  0.0000E+00	  0.0000E+00	  0.0000E+00	  0.0000E+00	  0.0000E+00	  0.0000E+00	  0.0000E+00	  0.0000E+00	  0.0000E+00	  0.0000E+00	  0.0000E+00	  0.0000E+00	  0.0000E+00	  0.0000E+00	  0.0000E+00	  0.0000E+00	  0.0000E+00	  0.0000E+00	  0.0000E+00	  0.0000E+00	  0.0000E+00	  0.0000E+00	  0.0000E+00	  0.0000E+00	  0.0000E+00	  0.0000E+00	  0.0000E+00	  0.0000E+00	  0.0000E+00	  0.0000E+00	  0.0000E+00	  0.0000E+00	  0.0000E+00	  0.0000E+00	  0.0000E+00	  0.0000E+00	  0.0000E+00	  0.0000E+00	  0.0000E+00	  0.0000E+00	  0.0000E+00	  0.0000E+00	  0.0000E+00	  0.0000E+00	  0.0000E+00	  0.0000E+00	  0.0000E+00	  0.0000E+00	  0.0000E+00	  0.0000E+00	  0.0000E+00	  0.0000E+00	  0.0000E+00	  0.0000E+00	  0.0000E+00	  0.0000E+00	  0.0000E+00	  0.0000E+00	  0.0000E+00	  0.0000E+00	  0.0000E+00	  0.0000E+00	  0.0000E+00	  0.0000E+00	  0.0000E+00	  0.0000E+00	  0.0000E+00	  0.0000E+00	  0.0000E+00	  0.0000E+00	  0.0000E+00	  0.0000E+00	  0.0000E+00	  0.0000E+00	  0.0000E+00	  0.0000E+00	  0.0000E+00	  0.0000E+00	  0.0000E+00	  0.0000E+00	  0.0000E+00	  0.0000E+00	  0.0000E+00	  0.0000E+00	  0.0000E+00	  0.0000E+00	  0.0000E+00	  0.0000E+00	  0.0000E+00	  0.0000E+00	  0.0000E+00	  0.0000E+00	  0.0000E+00	  0.0000E+00	  0.0000E+00	  0.0000E+00	  0.0000E+00	  0.0000E+00	  0.0000E+00	  0.0000E+00	  0.0000E+00	  0.0000E+00	  0.0000E+00	  0.0000E+00	  0.0000E+00	  0.0000E+00	  0.0000E+00	  0.0000E+00	  0.0000E+00	  0.0000E+00	  0.0000E+00	  0.0000E+00	  0.0000E+00	  0.0000E+00	  0.0000E+00	  0.0000E+00	  0.0000E+00	  0.0000E+00	  0.0000E+00	  0.0000E+00
  0.0000E+00	  0.0000E+00	  0.0000E+00	  0.0000E+00	  0.0000E+00	  0.0000E+00	  0.0000E+00	  0.0000E+00	  0.0000E+00	  0.0000E+00	  0.0000E+00	  0.0000E+00	  0.0000E+00	  0.0000E+00	  0.0000E+00	  0.0000E+00	  0.0000E+00	  0.0000E+00	  0.0000E+00	  0.0000E+00	  0.0000E+00	  0.0000E+00	  0.0000E+00	  0.0000E+00	  0.0000E+00	  0.0000E+00	  0.0000E+00	  0.0000E+00	  0.0000E+00	  0.0000E+00	  0.0000E+00	  0.0000E+00	  0.0000E+00	  0.0000E+00	  0.0000E+00	  0.0000E+00	  0.0000E+00	  0.0000E+00	  0.0000E+00	  0.0000E+00	  0.0000E+00	  0.0000E+00	  0.0000E+00	  0.0000E+00	  0.0000E+00	  0.0000E+00	  0.0000E+00	  0.0000E+00	  0.0000E+00	  0.0000E+00	  0.0000E+00	  0.0000E+00	  0.0000E+00	  0.0000E+00	  0.0000E+00	  0.0000E+00	  0.0000E+00	  0.0000E+00	  0.0000E+00	  0.0000E+00	  0.0000E+00	  0.0000E+00	  0.0000E+00	  0.0000E+00	  0.0000E+00	  0.0000E+00	  0.0000E+00	  0.0000E+00	  0.0000E+00	  0.0000E+00	  0.0000E+00	  0.0000E+00	  0.0000E+00	  0.0000E+00	  0.0000E+00	  0.0000E+00	  0.0000E+00	  0.0000E+00	  0.0000E+00	  0.0000E+00	  0.0000E+00	  0.0000E+00	  0.0000E+00	  0.0000E+00	  0.0000E+00	  0.0000E+00	  0.0000E+00	  0.0000E+00	  0.0000E+00	  0.0000E+00	  0.0000E+00	  0.0000E+00	  0.0000E+00	  0.0000E+00	  0.0000E+00	  0.0000E+00	  0.0000E+00	  0.0000E+00	  0.0000E+00	  0.0000E+00	  0.0000E+00	  0.0000E+00	  0.0000E+00	  0.0000E+00	  0.0000E+00	  0.0000E+00	  0.0000E+00	  0.0000E+00	  0.0000E+00	  0.0000E+00	  0.0000E+00	  0.0000E+00	  0.0000E+00	  0.0000E+00	  0.0000E+00	  0.0000E+00	  0.0000E+00	  0.0000E+00	  0.0000E+00	  0.0000E+00	  0.0000E+00	  0.0000E+00	  0.0000E+00	  0.0000E+00	  0.0000E+00	  0.0000E+00	  0.0000E+00	  0.0000E+00
  0.0000E+00	  0.0000E+00	  0.0000E+00	  0.0000E+00	  0.0000E+00	  0.0000E+00	  0.0000E+00	  0.0000E+00	  0.0000E+00	  0.0000E+00	  0.0000E+00	  0.0000E+00	  0.0000E+00	  0.0000E+00	  0.0000E+00	  0.0000E+00	  0.0000E+00	  0.0000E+00	  0.0000E+00	  0.0000E+00	  0.0000E+00	  0.0000E+00	  0.0000E+00	  0.0000E+00	  0.0000E+00	  0.0000E+00	  0.0000E+00	  0.0000E+00	  0.0000E+00	  0.0000E+00	  0.0000E+00	  0.0000E+00	  0.0000E+00	  0.0000E+00	  0.0000E+00	  0.0000E+00	  0.0000E+00	  0.0000E+00	  0.0000E+00	  0.0000E+00	  0.0000E+00	  0.0000E+00	  0.0000E+00	  0.0000E+00	  0.0000E+00	  0.0000E+00	  0.0000E+00	  0.0000E+00	  0.0000E+00	  0.0000E+00	  0.0000E+00	  0.0000E+00	  0.0000E+00	  0.0000E+00	  0.0000E+00	  0.0000E+00	  0.0000E+00	  0.0000E+00	  0.0000E+00	  0.0000E+00	  0.0000E+00	  0.0000E+00	  0.0000E+00	  0.0000E+00	  0.0000E+00	  0.0000E+00	  0.0000E+00	  0.0000E+00	  0.0000E+00	  0.0000E+00	  0.0000E+00	  0.0000E+00	  0.0000E+00	  0.0000E+00	  0.0000E+00	  0.0000E+00	  0.0000E+00	  0.0000E+00	  0.0000E+00	  0.0000E+00	  0.0000E+00	  0.0000E+00	  0.0000E+00	  0.0000E+00	  0.0000E+00	  0.0000E+00	  0.0000E+00	  0.0000E+00	  0.0000E+00	  0.0000E+00	  0.0000E+00	  0.0000E+00	  0.0000E+00	  0.0000E+00	  0.0000E+00	  0.0000E+00	  0.0000E+00	  0.0000E+00	  0.0000E+00	  0.0000E+00	  0.0000E+00	  0.0000E+00	  0.0000E+00	  0.0000E+00	  0.0000E+00	  0.0000E+00	  0.0000E+00	  0.0000E+00	  0.0000E+00	  0.0000E+00	  0.0000E+00	  0.0000E+00	  0.0000E+00	  0.0000E+00	  0.0000E+00	  0.0000E+00	  0.0000E+00	  0.0000E+00	  0.0000E+00	  0.0000E+00	  0.0000E+00	  0.0000E+00	  0.0000E+00	  0.0000E+00	  0.0000E+00	  0.0000E+00	  0.0000E+00	  0.0000E+00
  0.0000E+00	  0.0000E+00	  0.0000E+00	  0.0000E+00	  0.0000E+00	  0.0000E+00	  0.0000E+00	  0.0000E+00	  0.0000E+00	  0.0000E+00	  0.0000E+00	  0.0000E+00	  0.0000E+00	  0.0000E+00	  0.0000E+00	  0.0000E+00	  0.0000E+00	  0.0000E+00	  0.0000E+00	  0.0000E+00	  0.0000E+00	  0.0000E+00	  0.0000E+00	  0.0000E+00	  0.0000E+00	  0.0000E+00	  0.0000E+00	  0.0000E+00	  0.0000E+00	  0.0000E+00	  0.0000E+00	  0.0000E+00	  0.0000E+00	  0.0000E+00	  0.0000E+00	  0.0000E+00	  0.0000E+00	  0.0000E+00	  0.0000E+00	  0.0000E+00	  0.0000E+00	  0.0000E+00	  0.0000E+00	  0.0000E+00	  0.0000E+00	  0.0000E+00	  0.0000E+00	  0.0000E+00	  0.0000E+00	  0.0000E+00	  0.0000E+00	  0.0000E+00	  0.0000E+00	  0.0000E+00	  0.0000E+00	  0.0000E+00	  0.0000E+00	  0.0000E+00	  0.0000E+00	  0.0000E+00	  0.0000E+00	  0.0000E+00	  0.0000E+00	  0.0000E+00	  0.0000E+00	  0.0000E+00	  0.0000E+00	  0.0000E+00	  0.0000E+00	  0.0000E+00	  0.0000E+00	  0.0000E+00	  0.0000E+00	  0.0000E+00	  0.0000E+00	  0.0000E+00	  0.0000E+00	  0.0000E+00	  0.0000E+00	  0.0000E+00	  0.0000E+00	  0.0000E+00	  0.0000E+00	  0.0000E+00	  0.0000E+00	  0.0000E+00	  0.0000E+00	  0.0000E+00	  0.0000E+00	  0.0000E+00	  0.0000E+00	  0.0000E+00	  0.0000E+00	  0.0000E+00	  0.0000E+00	  0.0000E+00	  0.0000E+00	  0.0000E+00	  0.0000E+00	  0.0000E+00	  0.0000E+00	  0.0000E+00	  0.0000E+00	  0.0000E+00	  0.0000E+00	  0.0000E+00	  0.0000E+00	  0.0000E+00	  0.0000E+00	  0.0000E+00	  0.0000E+00	  0.0000E+00	  0.0000E+00	  0.0000E+00	  0.0000E+00	  0.0000E+00	  0.0000E+00	  0.0000E+00	  0.0000E+00	  0.0000E+00	  0.0000E+00	  0.0000E+00	  0.0000E+00	  0.0000E+00	  0.0000E+00	  0.0000E+00	  0.0000E+00	  0.0000E+00
  0.0000E+00	  0.0000E+00	  0.0000E+00	  0.0000E+00	  0.0000E+00	  0.0000E+00	  0.0000E+00	  0.0000E+00	  0.0000E+00	  0.0000E+00	  0.0000E+00	  0.0000E+00	  0.0000E+00	  0.0000E+00	  0.0000E+00	  0.0000E+00	  0.0000E+00	  0.0000E+00	  0.0000E+00	  0.0000E+00	  0.0000E+00	  0.0000E+00	  0.0000E+00	  0.0000E+00	  0.0000E+00	  0.0000E+00	  0.0000E+00	  0.0000E+00	  0.0000E+00	  0.0000E+00	  0.0000E+00	  0.0000E+00	  0.0000E+00	  0.0000E+00	  0.0000E+00	  0.0000E+00	  0.0000E+00	  0.0000E+00	  0.0000E+00	  0.0000E+00	  0.0000E+00	  0.0000E+00	  0.0000E+00	  0.0000E+00	  0.0000E+00	  0.0000E+00	  0.0000E+00	  0.0000E+00	  0.0000E+00	  0.0000E+00	  0.0000E+00	  0.0000E+00	  0.0000E+00	  0.0000E+00	  0.0000E+00	  0.0000E+00	  0.0000E+00	  0.0000E+00	  0.0000E+00	  0.0000E+00	  0.0000E+00	  0.0000E+00	  0.0000E+00	  0.0000E+00	  0.0000E+00	  0.0000E+00	  0.0000E+00	  0.0000E+00	  0.0000E+00	  0.0000E+00	  0.0000E+00	  0.0000E+00	  0.0000E+00	  0.0000E+00	  0.0000E+00	  0.0000E+00	  0.0000E+00	  0.0000E+00	  0.0000E+00	  0.0000E+00	  0.0000E+00	  0.0000E+00	  0.0000E+00	  0.0000E+00	  0.0000E+00	  0.0000E+00	  0.0000E+00	  0.0000E+00	  0.0000E+00	  0.0000E+00	  0.0000E+00	  0.0000E+00	  0.0000E+00	  0.0000E+00	  0.0000E+00	  0.0000E+00	  0.0000E+00	  0.0000E+00	  0.0000E+00	  0.0000E+00	  0.0000E+00	  0.0000E+00	  0.0000E+00	  0.0000E+00	  0.0000E+00	  0.0000E+00	  0.0000E+00	  0.0000E+00	  0.0000E+00	  0.0000E+00	  0.0000E+00	  0.0000E+00	  0.0000E+00	  0.0000E+00	  0.0000E+00	  0.0000E+00	  0.0000E+00	  0.0000E+00	  0.0000E+00	  0.0000E+00	  0.0000E+00	  0.0000E+00	  0.0000E+00	  0.0000E+00	  0.0000E+00	  0.0000E+00	  0.0000E+00	  0.0000E+00
  0.0000E+00	  0.0000E+00	  0.0000E+00	  0.0000E+00	  0.0000E+00	  0.0000E+00	  0.0000E+00	  0.0000E+00	  0.0000E+00	  0.0000E+00	  0.0000E+00	  0.0000E+00	  0.0000E+00	  0.0000E+00	  0.0000E+00	  0.0000E+00	  0.0000E+00	  0.0000E+00	  0.0000E+00	  0.0000E+00	  0.0000E+00	  0.0000E+00	  0.0000E+00	  0.0000E+00	  0.0000E+00	  0.0000E+00	  0.0000E+00	  0.0000E+00	  0.0000E+00	  0.0000E+00	  0.0000E+00	  0.0000E+00	  0.0000E+00	  0.0000E+00	  0.0000E+00	  0.0000E+00	  0.0000E+00	  0.0000E+00	  0.0000E+00	  0.0000E+00	  0.0000E+00	  0.0000E+00	  0.0000E+00	  0.0000E+00	  0.0000E+00	  0.0000E+00	  0.0000E+00	  0.0000E+00	  0.0000E+00	  0.0000E+00	  0.0000E+00	  0.0000E+00	  0.0000E+00	  0.0000E+00	  0.0000E+00	  0.0000E+00	  0.0000E+00	  0.0000E+00	  0.0000E+00	  0.0000E+00	  0.0000E+00	  0.0000E+00	  0.0000E+00	  0.0000E+00	  0.0000E+00	  0.0000E+00	  0.0000E+00	  0.0000E+00	  0.0000E+00	  0.0000E+00	  0.0000E+00	  0.0000E+00	  0.0000E+00	  0.0000E+00	  0.0000E+00	  0.0000E+00	  0.0000E+00	  0.0000E+00	  0.0000E+00	  0.0000E+00	  0.0000E+00	  0.0000E+00	  0.0000E+00	  0.0000E+00	  0.0000E+00	  0.0000E+00	  0.0000E+00	  0.0000E+00	  0.0000E+00	  0.0000E+00	  0.0000E+00	  0.0000E+00	  0.0000E+00	  0.0000E+00	  0.0000E+00	  0.0000E+00	  0.0000E+00	  0.0000E+00	  0.0000E+00	  0.0000E+00	  0.0000E+00	  0.0000E+00	  0.0000E+00	  0.0000E+00	  0.0000E+00	  0.0000E+00	  0.0000E+00	  0.0000E+00	  0.0000E+00	  0.0000E+00	  0.0000E+00	  0.0000E+00	  0.0000E+00	  0.0000E+00	  0.0000E+00	  0.0000E+00	  0.0000E+00	  0.0000E+00	  0.0000E+00	  0.0000E+00	  0.0000E+00	  0.0000E+00	  0.0000E+00	  0.0000E+00	  0.0000E+00	  0.0000E+00	  0.0000E+00	  0.0000E+00
  0.0000E+00	  0.0000E+00	  0.0000E+00	  0.0000E+00	  0.0000E+00	  0.0000E+00	  0.0000E+00	  0.0000E+00	  0.0000E+00	  0.0000E+00	  0.0000E+00	  0.0000E+00	  0.0000E+00	  0.0000E+00	  0.0000E+00	  0.0000E+00	  0.0000E+00	  0.0000E+00	  0.0000E+00	  0.0000E+00	  0.0000E+00	  0.0000E+00	  0.0000E+00	  0.0000E+00	  0.0000E+00	  0.0000E+00	  0.0000E+00	  0.0000E+00	  0.0000E+00	  0.0000E+00	  0.0000E+00	  0.0000E+00	  0.0000E+00	  0.0000E+00	  0.0000E+00	  0.0000E+00	  0.0000E+00	  0.0000E+00	  0.0000E+00	  0.0000E+00	  0.0000E+00	  0.0000E+00	  0.0000E+00	  0.0000E+00	  0.0000E+00	  0.0000E+00	  0.0000E+00	  0.0000E+00	  0.0000E+00	  0.0000E+00	  0.0000E+00	  0.0000E+00	  0.0000E+00	  0.0000E+00	  0.0000E+00	  0.0000E+00	  0.0000E+00	  0.0000E+00	  0.0000E+00	  0.0000E+00	  0.0000E+00	  0.0000E+00	  0.0000E+00	  0.0000E+00	  0.0000E+00	  0.0000E+00	  0.0000E+00	  0.0000E+00	  0.0000E+00	  0.0000E+00	  0.0000E+00	  0.0000E+00	  0.0000E+00	  0.0000E+00	  0.0000E+00	  0.0000E+00	  0.0000E+00	  0.0000E+00	  0.0000E+00	  0.0000E+00	  0.0000E+00	  0.0000E+00	  0.0000E+00	  0.0000E+00	  0.0000E+00	  0.0000E+00	  0.0000E+00	  0.0000E+00	  0.0000E+00	  0.0000E+00	  0.0000E+00	  0.0000E+00	  0.0000E+00	  0.0000E+00	  0.0000E+00	  0.0000E+00	  0.0000E+00	  0.0000E+00	  0.0000E+00	  0.0000E+00	  0.0000E+00	  0.0000E+00	  0.0000E+00	  0.0000E+00	  0.0000E+00	  0.0000E+00	  0.0000E+00	  0.0000E+00	  0.0000E+00	  0.0000E+00	  0.0000E+00	  0.0000E+00	  0.0000E+00	  0.0000E+00	  0.0000E+00	  0.0000E+00	  0.0000E+00	  0.0000E+00	  0.0000E+00	  0.0000E+00	  0.0000E+00	  0.0000E+00	  0.0000E+00	  0.0000E+00	  0.0000E+00	  0.0000E+00	  0.0000E+00	  0.0000E+00
  0.0000E+00	  0.0000E+00	  0.0000E+00	  0.0000E+00	  0.0000E+00	  0.0000E+00	  0.0000E+00	  0.0000E+00	  0.0000E+00	  0.0000E+00	  0.0000E+00	  0.0000E+00	  0.0000E+00	  0.0000E+00	  0.0000E+00	  0.0000E+00	  0.0000E+00	  0.0000E+00	  0.0000E+00	  0.0000E+00	  0.0000E+00	  0.0000E+00	  0.0000E+00	  0.0000E+00	  0.0000E+00	  0.0000E+00	  0.0000E+00	  0.0000E+00	  0.0000E+00	  0.0000E+00	  0.0000E+00	  0.0000E+00	  0.0000E+00	  0.0000E+00	  0.0000E+00	  0.0000E+00	  0.0000E+00	  0.0000E+00	  0.0000E+00	  0.0000E+00	  0.0000E+00	  0.0000E+00	  0.0000E+00	  0.0000E+00	  0.0000E+00	  0.0000E+00	  0.0000E+00	  0.0000E+00	  0.0000E+00	  0.0000E+00	  0.0000E+00	  0.0000E+00	  0.0000E+00	  0.0000E+00	  0.0000E+00	  0.0000E+00	  0.0000E+00	  0.0000E+00	  0.0000E+00	  0.0000E+00	  0.0000E+00	  0.0000E+00	  0.0000E+00	  0.0000E+00	  0.0000E+00	  0.0000E+00	  0.0000E+00	  0.0000E+00	  0.0000E+00	  0.0000E+00	  0.0000E+00	  0.0000E+00	  0.0000E+00	  0.0000E+00	  0.0000E+00	  0.0000E+00	  0.0000E+00	  0.0000E+00	  0.0000E+00	  0.0000E+00	  0.0000E+00	  0.0000E+00	  0.0000E+00	  0.0000E+00	  0.0000E+00	  0.0000E+00	  0.0000E+00	  0.0000E+00	  0.0000E+00	  0.0000E+00	  0.0000E+00	  0.0000E+00	  0.0000E+00	  0.0000E+00	  0.0000E+00	  0.0000E+00	  0.0000E+00	  0.0000E+00	  0.0000E+00	  0.0000E+00	  0.0000E+00	  0.0000E+00	  0.0000E+00	  0.0000E+00	  0.0000E+00	  0.0000E+00	  0.0000E+00	  0.0000E+00	  0.0000E+00	  0.0000E+00	  0.0000E+00	  0.0000E+00	  0.0000E+00	  0.0000E+00	  0.0000E+00	  0.0000E+00	  0.0000E+00	  0.0000E+00	  0.0000E+00	  0.0000E+00	  0.0000E+00	  0.0000E+00	  0.0000E+00	  0.0000E+00	  0.0000E+00	  0.0000E+00	  0.0000E+00	  0.0000E+00
  0.0000E+00	  0.0000E+00	  0.0000E+00	  0.0000E+00	  0.0000E+00	  0.0000E+00	  0.0000E+00	  0.0000E+00	  0.0000E+00	  0.0000E+00	  0.0000E+00	  0.0000E+00	  0.0000E+00	  0.0000E+00	  0.0000E+00	  0.0000E+00	  0.0000E+00	  0.0000E+00	  0.0000E+00	  0.0000E+00	  0.0000E+00	  0.0000E+00	  0.0000E+00	  0.0000E+00	  0.0000E+00	  0.0000E+00	  0.0000E+00	  0.0000E+00	  0.0000E+00	  0.0000E+00	  0.0000E+00	  0.0000E+00	  0.0000E+00	  0.0000E+00	  0.0000E+00	  0.0000E+00	  0.0000E+00	  0.0000E+00	  0.0000E+00	  0.0000E+00	  0.0000E+00	  0.0000E+00	  0.0000E+00	  0.0000E+00	  0.0000E+00	  0.0000E+00	  0.0000E+00	  0.0000E+00	  0.0000E+00	  0.0000E+00	  0.0000E+00	  0.0000E+00	  0.0000E+00	  0.0000E+00	  0.0000E+00	  0.0000E+00	  0.0000E+00	  0.0000E+00	  0.0000E+00	  0.0000E+00	  0.0000E+00	  0.0000E+00	  0.0000E+00	  0.0000E+00	  0.0000E+00	  0.0000E+00	  0.0000E+00	  0.0000E+00	  0.0000E+00	  0.0000E+00	  0.0000E+00	  0.0000E+00	  0.0000E+00	  0.0000E+00	  0.0000E+00	  0.0000E+00	  0.0000E+00	  0.0000E+00	  0.0000E+00	  0.0000E+00	  0.0000E+00	  0.0000E+00	  0.0000E+00	  0.0000E+00	  0.0000E+00	  0.0000E+00	  0.0000E+00	  0.0000E+00	  0.0000E+00	  0.0000E+00	  0.0000E+00	  0.0000E+00	  0.0000E+00	  0.0000E+00	  0.0000E+00	  0.0000E+00	  0.0000E+00	  0.0000E+00	  0.0000E+00	  0.0000E+00	  0.0000E+00	  0.0000E+00	  0.0000E+00	  0.0000E+00	  0.0000E+00	  0.0000E+00	  0.0000E+00	  0.0000E+00	  0.0000E+00	  0.0000E+00	  0.0000E+00	  0.0000E+00	  0.0000E+00	  0.0000E+00	  0.0000E+00	  0.0000E+00	  0.0000E+00	  0.0000E+00	  0.0000E+00	  0.0000E+00	  0.0000E+00	  0.0000E+00	  0.0000E+00	  0.0000E+00	  0.0000E+00	  0.0000E+00	  0.0000E+00	  0.0000E+00
  0.0000E+00	  0.0000E+00	  0.0000E+00	  0.0000E+00	  0.0000E+00	  0.0000E+00	  0.0000E+00	  0.0000E+00	  0.0000E+00	  0.0000E+00	  0.0000E+00	  0.0000E+00	  0.0000E+00	  0.0000E+00	  0.0000E+00	  0.0000E+00	  0.0000E+00	  0.0000E+00	  0.0000E+00	  0.0000E+00	  0.0000E+00	  0.0000E+00	  0.0000E+00	  0.0000E+00	  0.0000E+00	  0.0000E+00	  0.0000E+00	  0.0000E+00	  0.0000E+00	  0.0000E+00	  0.0000E+00	  0.0000E+00	  0.0000E+00	  0.0000E+00	  0.0000E+00	  0.0000E+00	  0.0000E+00	  0.0000E+00	  0.0000E+00	  0.0000E+00	  0.0000E+00	  0.0000E+00	  0.0000E+00	  0.0000E+00	  0.0000E+00	  0.0000E+00	  0.0000E+00	  0.0000E+00	  0.0000E+00	  0.0000E+00	  0.0000E+00	  0.0000E+00	  0.0000E+00	  0.0000E+00	  0.0000E+00	  0.0000E+00	  0.0000E+00	  0.0000E+00	  0.0000E+00	  0.0000E+00	  0.0000E+00	  0.0000E+00	  0.0000E+00	  0.0000E+00	  0.0000E+00	  0.0000E+00	  0.0000E+00	  0.0000E+00	  0.0000E+00	  0.0000E+00	  0.0000E+00	  0.0000E+00	  0.0000E+00	  0.0000E+00	  0.0000E+00	  0.0000E+00	  0.0000E+00	  0.0000E+00	  0.0000E+00	  0.0000E+00	  0.0000E+00	  0.0000E+00	  0.0000E+00	  0.0000E+00	  0.0000E+00	  0.0000E+00	  0.0000E+00	  0.0000E+00	  0.0000E+00	  0.0000E+00	  0.0000E+00	  0.0000E+00	  0.0000E+00	  0.0000E+00	  0.0000E+00	  0.0000E+00	  0.0000E+00	  0.0000E+00	  0.0000E+00	  0.0000E+00	  0.0000E+00	  0.0000E+00	  0.0000E+00	  0.0000E+00	  0.0000E+00	  0.0000E+00	  0.0000E+00	  0.0000E+00	  0.0000E+00	  0.0000E+00	  0.0000E+00	  0.0000E+00	  0.0000E+00	  0.0000E+00	  0.0000E+00	  0.0000E+00	  0.0000E+00	  0.0000E+00	  0.0000E+00	  0.0000E+00	  0.0000E+00	  0.0000E+00	  0.0000E+00	  0.0000E+00	  0.0000E+00	  0.0000E+00	  0.0000E+00	  0.0000E+00
  0.0000E+00	  0.0000E+00	  0.0000E+00	  0.0000E+00	  0.0000E+00	  0.0000E+00	  0.0000E+00	  0.0000E+00	  0.0000E+00	  0.0000E+00	  0.0000E+00	  0.0000E+00	  0.0000E+00	  0.0000E+00	  0.0000E+00	  0.0000E+00	  0.0000E+00	  0.0000E+00	  0.0000E+00	  0.0000E+00	  0.0000E+00	  0.0000E+00	  0.0000E+00	  0.0000E+00	  0.0000E+00	  0.0000E+00	  0.0000E+00	  0.0000E+00	  0.0000E+00	  0.0000E+00	  0.0000E+00	  0.0000E+00	  0.0000E+00	  0.0000E+00	  0.0000E+00	  0.0000E+00	  0.0000E+00	  0.0000E+00	  0.0000E+00	  0.0000E+00	  0.0000E+00	  0.0000E+00	  0.0000E+00	  0.0000E+00	  0.0000E+00	  0.0000E+00	  0.0000E+00	  0.0000E+00	  0.0000E+00	  0.0000E+00	  0.0000E+00	  0.0000E+00	  0.0000E+00	  0.0000E+00	  0.0000E+00	  0.0000E+00	  0.0000E+00	  0.0000E+00	  0.0000E+00	  0.0000E+00	  0.0000E+00	  0.0000E+00	  0.0000E+00	  0.0000E+00	  0.0000E+00	  0.0000E+00	  0.0000E+00	  0.0000E+00	  0.0000E+00	  0.0000E+00	  0.0000E+00	  0.0000E+00	  0.0000E+00	  0.0000E+00	  0.0000E+00	  0.0000E+00	  0.0000E+00	  0.0000E+00	  0.0000E+00	  0.0000E+00	  0.0000E+00	  0.0000E+00	  0.0000E+00	  0.0000E+00	  0.0000E+00	  0.0000E+00	  0.0000E+00	  0.0000E+00	  0.0000E+00	  0.0000E+00	  0.0000E+00	  0.0000E+00	  0.0000E+00	  0.0000E+00	  0.0000E+00	  0.0000E+00	  0.0000E+00	  0.0000E+00	  0.0000E+00	  0.0000E+00	  0.0000E+00	  0.0000E+00	  0.0000E+00	  0.0000E+00	  0.0000E+00	  0.0000E+00	  0.0000E+00	  0.0000E+00	  0.0000E+00	  0.0000E+00	  0.0000E+00	  0.0000E+00	  0.0000E+00	  0.0000E+00	  0.0000E+00	  0.0000E+00	  0.0000E+00	  0.0000E+00	  0.0000E+00	  0.0000E+00	  0.0000E+00	  0.0000E+00	  0.0000E+00	  0.0000E+00	  0.0000E+00	  0.0000E+00	  0.0000E+00	  0.0000E+00
  0.0000E+00	  0.0000E+00	  0.0000E+00	  0.0000E+00	  0.0000E+00	  0.0000E+00	  0.0000E+00	  0.0000E+00	  0.0000E+00	  0.0000E+00	  0.0000E+00	  0.0000E+00	  0.0000E+00	  0.0000E+00	  0.0000E+00	  0.0000E+00	  0.0000E+00	  0.0000E+00	  0.0000E+00	  0.0000E+00	  0.0000E+00	  0.0000E+00	  0.0000E+00	  0.0000E+00	  0.0000E+00	  0.0000E+00	  0.0000E+00	  0.0000E+00	  0.0000E+00	  0.0000E+00	  0.0000E+00	  0.0000E+00	  0.0000E+00	  0.0000E+00	  0.0000E+00	  0.0000E+00	  0.0000E+00	  0.0000E+00	  0.0000E+00	  0.0000E+00	  0.0000E+00	  0.0000E+00	  0.0000E+00	  0.0000E+00	  0.0000E+00	  0.0000E+00	  0.0000E+00	  0.0000E+00	  0.0000E+00	  0.0000E+00	  0.0000E+00	  0.0000E+00	  0.0000E+00	  0.0000E+00	  0.0000E+00	  0.0000E+00	  0.0000E+00	  0.0000E+00	  0.0000E+00	  0.0000E+00	  0.0000E+00	  0.0000E+00	  0.0000E+00	  0.0000E+00	  0.0000E+00	  0.0000E+00	  0.0000E+00	  0.0000E+00	  0.0000E+00	  0.0000E+00	  0.0000E+00	  0.0000E+00	  0.0000E+00	  0.0000E+00	  0.0000E+00	  0.0000E+00	  0.0000E+00	  0.0000E+00	  0.0000E+00	  0.0000E+00	  0.0000E+00	  0.0000E+00	  0.0000E+00	  0.0000E+00	  0.0000E+00	  0.0000E+00	  0.0000E+00	  0.0000E+00	  0.0000E+00	  0.0000E+00	  0.0000E+00	  0.0000E+00	  0.0000E+00	  0.0000E+00	  0.0000E+00	  0.0000E+00	  0.0000E+00	  0.0000E+00	  0.0000E+00	  0.0000E+00	  0.0000E+00	  0.0000E+00	  0.0000E+00	  0.0000E+00	  0.0000E+00	  0.0000E+00	  0.0000E+00	  0.0000E+00	  0.0000E+00	  0.0000E+00	  0.0000E+00	  0.0000E+00	  0.0000E+00	  0.0000E+00	  0.0000E+00	  0.0000E+00	  0.0000E+00	  0.0000E+00	  0.0000E+00	  0.0000E+00	  0.0000E+00	  0.0000E+00	  0.0000E+00	  0.0000E+00	  0.0000E+00	  0.0000E+00	  0.0000E+00	  0.0000E+00
  0.0000E+00	  0.0000E+00	  0.0000E+00	  0.0000E+00	  0.0000E+00	  0.0000E+00	  0.0000E+00	  0.0000E+00	  0.0000E+00	  0.0000E+00	  0.0000E+00	  0.0000E+00	  0.0000E+00	  0.0000E+00	  0.0000E+00	  0.0000E+00	  0.0000E+00	  0.0000E+00	  0.0000E+00	  0.0000E+00	  0.0000E+00	  0.0000E+00	  0.0000E+00	  0.0000E+00	  0.0000E+00	  0.0000E+00	  0.0000E+00	  0.0000E+00	  0.0000E+00	  0.0000E+00	  0.0000E+00	  0.0000E+00	  0.0000E+00	  0.0000E+00	  0.0000E+00	  0.0000E+00	  0.0000E+00	  0.0000E+00	  0.0000E+00	  0.0000E+00	  0.0000E+00	  0.0000E+00	  0.0000E+00	  0.0000E+00	  0.0000E+00	  0.0000E+00	  0.0000E+00	  0.0000E+00	  0.0000E+00	  0.0000E+00	  0.0000E+00	  0.0000E+00	  0.0000E+00	  0.0000E+00	  0.0000E+00	  0.0000E+00	  0.0000E+00	  0.0000E+00	  0.0000E+00	  0.0000E+00	  0.0000E+00	  0.0000E+00	  0.0000E+00	  0.0000E+00	  0.0000E+00	  0.0000E+00	  0.0000E+00	  0.0000E+00	  0.0000E+00	  0.0000E+00	  0.0000E+00	  0.0000E+00	  0.0000E+00	  0.0000E+00	  0.0000E+00	  0.0000E+00	  0.0000E+00	  0.0000E+00	  0.0000E+00	  0.0000E+00	  0.0000E+00	  0.0000E+00	  0.0000E+00	  0.0000E+00	  0.0000E+00	  0.0000E+00	  0.0000E+00	  0.0000E+00	  0.0000E+00	  0.0000E+00	  0.0000E+00	  0.0000E+00	  0.0000E+00	  0.0000E+00	  0.0000E+00	  0.0000E+00	  0.0000E+00	  0.0000E+00	  0.0000E+00	  0.0000E+00	  0.0000E+00	  0.0000E+00	  0.0000E+00	  0.0000E+00	  0.0000E+00	  0.0000E+00	  0.0000E+00	  0.0000E+00	  0.0000E+00	  0.0000E+00	  0.0000E+00	  0.0000E+00	  0.0000E+00	  0.0000E+00	  0.0000E+00	  0.0000E+00	  0.0000E+00	  0.0000E+00	  0.0000E+00	  0.0000E+00	  0.0000E+00	  0.0000E+00	  0.0000E+00	  0.0000E+00	  0.0000E+00	  0.0000E+00	  0.0000E+00	  0.0000E+00
  0.0000E+00	  0.0000E+00	  0.0000E+00	  0.0000E+00	  0.0000E+00	  0.0000E+00	  0.0000E+00	  0.0000E+00	  0.0000E+00	  0.0000E+00	  0.0000E+00	  0.0000E+00	  0.0000E+00	  0.0000E+00	  0.0000E+00	  0.0000E+00	  0.0000E+00	  0.0000E+00	  0.0000E+00	  0.0000E+00	  0.0000E+00	  0.0000E+00	  0.0000E+00	  0.0000E+00	  0.0000E+00	  0.0000E+00	  0.0000E+00	  0.0000E+00	  0.0000E+00	  0.0000E+00	  0.0000E+00	  0.0000E+00	  0.0000E+00	  0.0000E+00	  0.0000E+00	  0.0000E+00	  0.0000E+00	  0.0000E+00	  0.0000E+00	  0.0000E+00	  0.0000E+00	  0.0000E+00	  0.0000E+00	  0.0000E+00	  0.0000E+00	  0.0000E+00	  0.0000E+00	  0.0000E+00	  0.0000E+00	  0.0000E+00	  0.0000E+00	  0.0000E+00	  0.0000E+00	  0.0000E+00	  0.0000E+00	  0.0000E+00	  0.0000E+00	  0.0000E+00	  0.0000E+00	  0.0000E+00	  0.0000E+00	  0.0000E+00	  0.0000E+00	  0.0000E+00	  0.0000E+00	  0.0000E+00	  0.0000E+00	  0.0000E+00	  0.0000E+00	  0.0000E+00	  0.0000E+00	  0.0000E+00	  0.0000E+00	  0.0000E+00	  0.0000E+00	  0.0000E+00	  0.0000E+00	  0.0000E+00	  0.0000E+00	  0.0000E+00	  0.0000E+00	  0.0000E+00	  0.0000E+00	  0.0000E+00	  0.0000E+00	  0.0000E+00	  0.0000E+00	  0.0000E+00	  0.0000E+00	  0.0000E+00	  0.0000E+00	  0.0000E+00	  0.0000E+00	  0.0000E+00	  0.0000E+00	  0.0000E+00	  0.0000E+00	  0.0000E+00	  0.0000E+00	  0.0000E+00	  0.0000E+00	  0.0000E+00	  0.0000E+00	  0.0000E+00	  0.0000E+00	  0.0000E+00	  0.0000E+00	  0.0000E+00	  0.0000E+00	  0.0000E+00	  0.0000E+00	  0.0000E+00	  0.0000E+00	  0.0000E+00	  0.0000E+00	  0.0000E+00	  0.0000E+00	  0.0000E+00	  0.0000E+00	  0.0000E+00	  0.0000E+00	  0.0000E+00	  0.0000E+00	  0.0000E+00	  0.0000E+00	  0.0000E+00	  0.0000E+00	  0.0000E+00
  0.0000E+00	  0.0000E+00	  0.0000E+00	  0.0000E+00	  0.0000E+00	  0.0000E+00	  0.0000E+00	  0.0000E+00	  0.0000E+00	  0.0000E+00	  0.0000E+00	  0.0000E+00	  0.0000E+00	  0.0000E+00	  0.0000E+00	  0.0000E+00	  0.0000E+00	  0.0000E+00	  0.0000E+00	  0.0000E+00	  0.0000E+00	  0.0000E+00	  0.0000E+00	  0.0000E+00	  0.0000E+00	  0.0000E+00	  0.0000E+00	  0.0000E+00	  0.0000E+00	  0.0000E+00	  0.0000E+00	  0.0000E+00	  0.0000E+00	  0.0000E+00	  0.0000E+00	  0.0000E+00	  0.0000E+00	  0.0000E+00	  0.0000E+00	  0.0000E+00	  0.0000E+00	  0.0000E+00	  0.0000E+00	  0.0000E+00	  0.0000E+00	  0.0000E+00	  0.0000E+00	  0.0000E+00	  0.0000E+00	  0.0000E+00	  0.0000E+00	  0.0000E+00	  0.0000E+00	  0.0000E+00	  0.0000E+00	  0.0000E+00	  0.0000E+00	  0.0000E+00	  0.0000E+00	  0.0000E+00	  0.0000E+00	  0.0000E+00	  0.0000E+00	  0.0000E+00	  0.0000E+00	  0.0000E+00	  0.0000E+00	  0.0000E+00	  0.0000E+00	  0.0000E+00	  0.0000E+00	  0.0000E+00	  0.0000E+00	  0.0000E+00	  0.0000E+00	  0.0000E+00	  0.0000E+00	  0.0000E+00	  0.0000E+00	  0.0000E+00	  0.0000E+00	  0.0000E+00	  0.0000E+00	  0.0000E+00	  0.0000E+00	  0.0000E+00	  0.0000E+00	  0.0000E+00	  0.0000E+00	  0.0000E+00	  0.0000E+00	  0.0000E+00	  0.0000E+00	  0.0000E+00	  0.0000E+00	  0.0000E+00	  0.0000E+00	  0.0000E+00	  0.0000E+00	  0.0000E+00	  0.0000E+00	  0.0000E+00	  0.0000E+00	  0.0000E+00	  0.0000E+00	  0.0000E+00	  0.0000E+00	  0.0000E+00	  0.0000E+00	  0.0000E+00	  0.0000E+00	  0.0000E+00	  0.0000E+00	  0.0000E+00	  0.0000E+00	  0.0000E+00	  0.0000E+00	  0.0000E+00	  0.0000E+00	  0.0000E+00	  0.0000E+00	  0.0000E+00	  0.0000E+00	  0.0000E+00	  0.0000E+00	  0.0000E+00	  0.0000E+00	  0.0000E+00
  0.0000E+00	  0.0000E+00	  0.0000E+00	  0.0000E+00	  0.0000E+00	  0.0000E+00	  0.0000E+00	  0.0000E+00	  0.0000E+00	  0.0000E+00	  0.0000E+00	  0.0000E+00	  0.0000E+00	  0.0000E+00	  0.0000E+00	  0.0000E+00	  0.0000E+00	  0.0000E+00	  0.0000E+00	  0.0000E+00	  0.0000E+00	  0.0000E+00	  0.0000E+00	  0.0000E+00	  0.0000E+00	  0.0000E+00	  0.0000E+00	  0.0000E+00	  0.0000E+00	  0.0000E+00	  0.0000E+00	  0.0000E+00	  0.0000E+00	  0.0000E+00	  0.0000E+00	  0.0000E+00	  0.0000E+00	  0.0000E+00	  0.0000E+00	  0.0000E+00	  0.0000E+00	  0.0000E+00	  0.0000E+00	  0.0000E+00	  0.0000E+00	  0.0000E+00	  0.0000E+00	  0.0000E+00	  0.0000E+00	  0.0000E+00	  0.0000E+00	  0.0000E+00	  0.0000E+00	  0.0000E+00	  0.0000E+00	  0.0000E+00	  0.0000E+00	  0.0000E+00	  0.0000E+00	  0.0000E+00	  0.0000E+00	  0.0000E+00	  0.0000E+00	  0.0000E+00	  0.0000E+00	  0.0000E+00	  0.0000E+00	  0.0000E+00	  0.0000E+00	  0.0000E+00	  0.0000E+00	  0.0000E+00	  0.0000E+00	  0.0000E+00	  0.0000E+00	  0.0000E+00	  0.0000E+00	  0.0000E+00	  0.0000E+00	  0.0000E+00	  0.0000E+00	  0.0000E+00	  0.0000E+00	  0.0000E+00	  0.0000E+00	  0.0000E+00	  0.0000E+00	  0.0000E+00	  0.0000E+00	  0.0000E+00	  0.0000E+00	  0.0000E+00	  0.0000E+00	  0.0000E+00	  0.0000E+00	  0.0000E+00	  0.0000E+00	  0.0000E+00	  0.0000E+00	  0.0000E+00	  0.0000E+00	  0.0000E+00	  0.0000E+00	  0.0000E+00	  0.0000E+00	  0.0000E+00	  0.0000E+00	  0.0000E+00	  0.0000E+00	  0.0000E+00	  0.0000E+00	  0.0000E+00	  0.0000E+00	  0.0000E+00	  0.0000E+00	  0.0000E+00	  0.0000E+00	  0.0000E+00	  0.0000E+00	  0.0000E+00	  0.0000E+00	  0.0000E+00	  0.0000E+00	  0.0000E+00	  0.0000E+00	  0.0000E+00	  0.0000E+00	  0.0000E+00
  0.0000E+00	  0.0000E+00	  0.0000E+00	  0.0000E+00	  0.0000E+00	  0.0000E+00	  0.0000E+00	  0.0000E+00	  0.0000E+00	  0.0000E+00	  0.0000E+00	  0.0000E+00	  0.0000E+00	  0.0000E+00	  0.0000E+00	  0.0000E+00	  0.0000E+00	  0.0000E+00	  0.0000E+00	  0.0000E+00	  0.0000E+00	  0.0000E+00	  0.0000E+00	  0.0000E+00	  0.0000E+00	  0.0000E+00	  0.0000E+00	  0.0000E+00	  0.0000E+00	  0.0000E+00	  0.0000E+00	  0.0000E+00	  0.0000E+00	  0.0000E+00	  0.0000E+00	  0.0000E+00	  0.0000E+00	  0.0000E+00	  0.0000E+00	  0.0000E+00	  0.0000E+00	  0.0000E+00	  0.0000E+00	  0.0000E+00	  0.0000E+00	  0.0000E+00	  0.0000E+00	  0.0000E+00	  0.0000E+00	  0.0000E+00	  0.0000E+00	  0.0000E+00	  0.0000E+00	  0.0000E+00	  0.0000E+00	  0.0000E+00	  0.0000E+00	  0.0000E+00	  0.0000E+00	  0.0000E+00	  0.0000E+00	  0.0000E+00	  0.0000E+00	  0.0000E+00	  0.0000E+00	  0.0000E+00	  0.0000E+00	  0.0000E+00	  0.0000E+00	  0.0000E+00	  0.0000E+00	  0.0000E+00	  0.0000E+00	  0.0000E+00	  0.0000E+00	  0.0000E+00	  0.0000E+00	  0.0000E+00	  0.0000E+00	  0.0000E+00	  0.0000E+00	  0.0000E+00	  0.0000E+00	  0.0000E+00	  0.0000E+00	  0.0000E+00	  0.0000E+00	  0.0000E+00	  0.0000E+00	  0.0000E+00	  0.0000E+00	  0.0000E+00	  0.0000E+00	  0.0000E+00	  0.0000E+00	  0.0000E+00	  0.0000E+00	  0.0000E+00	  0.0000E+00	  0.0000E+00	  0.0000E+00	  0.0000E+00	  0.0000E+00	  0.0000E+00	  0.0000E+00	  0.0000E+00	  0.0000E+00	  0.0000E+00	  0.0000E+00	  0.0000E+00	  0.0000E+00	  0.0000E+00	  0.0000E+00	  0.0000E+00	  0.0000E+00	  0.0000E+00	  0.0000E+00	  0.0000E+00	  0.0000E+00	  0.0000E+00	  0.0000E+00	  0.0000E+00	  0.0000E+00	  0.0000E+00	  0.0000E+00	  0.0000E+00	  0.0000E+00	  0.0000E+00
