Image analysis histogram listing

File : C:\Users\Jason Fucik\OneDrive - California Institute of Technology\zrepo\UVEX\20250326B_UVEX_FULLSYS_DESIGN_SIM.zmx
Title: UVEX Full System
Date : 8/26/2026
Configuration 3 of 3

Consider changing the field type to object height for improved accuracy. See Help Files for more details.
Field Width                    : 1e-06 degrees
Image Width                    : 0.128 Millimeters
Number of pixels               : 128 x 128
Total Weight of Rays Attempted :   1.000825E+06
Total Weight of Rays Passed    :   9.239880E+05
Total Rays Launched            : 1000825
Percent Efficiency             :   92.32 %
Total flux in watts            : 9.232E-01
Units                          : Watts/Millimeters squared

  0.0000E+00	  0.0000E+00	  0.0000E+00	  0.0000E+00	  0.0000E+00	  0.0000E+00	  0.0000E+00	  0.0000E+00	  0.0000E+00	  0.0000E+00	  0.0000E+00	  0.0000E+00	  0.0000E+00	  0.0000E+00	  0.0000E+00	  0.0000E+00	  0.0000E+00	  0.0000E+00	  0.0000E+00	  0.0000E+00	  0.0000E+00	  0.0000E+00	  0.0000E+00	  0.0000E+00	  0.0000E+00	  0.0000E+00	  0.0000E+00	  0.0000E+00	  0.0000E+00	  0.0000E+00	  0.0000E+00	  0.0000E+00	  0.0000E+00	  0.0000E+00	  0.0000E+00	  0.0000E+00	  0.0000E+00	  0.0000E+00	  0.0000E+00	  0.0000E+00	  0.0000E+00	  0.0000E+00	  0.0000E+00	  0.0000E+00	  0.0000E+00	  0.0000E+00	  0.0000E+00	  0.0000E+00	  0.0000E+00	  0.0000E+00	  0.0000E+00	  0.0000E+00	  0.0000E+00	  0.0000E+00	  0.0000E+00	  0.0000E+00	  0.0000E+00	  0.0000E+00	  0.0000E+00	  0.0000E+00	  0.0000E+00	  0.0000E+00	  0.0000E+00	  0.0000E+00	  0.0000E+00	  0.0000E+00	  0.0000E+00	  0.0000E+00	  0.0000E+00	  0.0000E+00	  0.0000E+00	  0.0000E+00	  0.0000E+00	  0.0000E+00	  0.0000E+00	  0.0000E+00	  0.0000E+00	  0.0000E+00	  0.0000E+00	  0.0000E+00	  0.0000E+00	  0.0000E+00	  0.0000E+00	  0.0000E+00	  0.0000E+00	  0.0000E+00	  0.0000E+00	  0.0000E+00	  0.0000E+00	  0.0000E+00	  0.0000E+00	  0.0000E+00	  0.0000E+00	  0.0000E+00	  0.0000E+00	  0.0000E+00	  0.0000E+00	  0.0000E+00	  0.0000E+00	  0.0000E+00	  0.0000E+00	  0.0000E+00	  0.0000E+00	  0.0000E+00	  0.0000E+00	  0.0000E+00	  0.0000E+00	  0.0000E+00	  0.0000E+00	  0.0000E+00	  0.0000E+00	  0.0000E+00	  0.0000E+00	  0.0000E+00	  0.0000E+00	  0.0000E+00	  0.0000E+00	  0.0000E+00	  0.0000E+00	  0.0000E+00	  0.0000E+00	  0.0000E+00	  0.0000E+00	  0.0000E+00	  0.0000E+00	  0.0000E+00	  0.0000E+00	  0.0000E+00
  0.0000E+00	  0.0000E+00	  0.0000E+00	  0.0000E+00	  0.0000E+00	  0.0000E+00	  0.0000E+00	  0.0000E+00	  0.0000E+00	  0.0000E+00	  0.0000E+00	  0.0000E+00	  0.0000E+00	  0.0000E+00	  0.0000E+00	  0.0000E+00	  0.0000E+00	  0.0000E+00	  0.0000E+00	  0.0000E+00	  0.0000E+00	  0.0000E+00	  0.0000E+00	  0.0000E+00	  0.0000E+00	  0.0000E+00	  0.0000E+00	  0.0000E+00	  0.0000E+00	  0.0000E+00	  0.0000E+00	  0.0000E+00	  0.0000E+00	  0.0000E+00	  0.0000E+00	  0.0000E+00	  0.0000E+00	  0.0000E+00	  0.0000E+00	  0.0000E+00	  0.0000E+00	  0.0000E+00	  0.0000E+00	  0.0000E+00	  0.0000E+00	  0.0000E+00	  0.0000E+00	  0.0000E+00	  0.0000E+00	  0.0000E+00	  0.0000E+00	  0.0000E+00	  0.0000E+00	  0.0000E+00	  0.0000E+00	  0.0000E+00	  0.0000E+00	  0.0000E+00	  0.0000E+00	  0.0000E+00	  0.0000E+00	  0.0000E+00	  0.0000E+00	  0.0000E+00	  0.0000E+00	  0.0000E+00	  0.0000E+00	  0.0000E+00	  0.0000E+00	  0.0000E+00	  0.0000E+00	  0.0000E+00	  0.0000E+00	  0.0000E+00	  0.0000E+00	  0.0000E+00	  0.0000E+00	  0.0000E+00	  0.0000E+00	  0.0000E+00	  0.0000E+00	  0.0000E+00	  0.0000E+00	  0.0000E+00	  0.0000E+00	  0.0000E+00	  0.0000E+00	  0.0000E+00	  0.0000E+00	  0.0000E+00	  0.0000E+00	  0.0000E+00	  0.0000E+00	  0.0000E+00	  0.0000E+00	  0.0000E+00	  0.0000E+00	  0.0000E+00	  0.0000E+00	  0.0000E+00	  0.0000E+00	  0.0000E+00	  0.0000E+00	  0.0000E+00	  0.0000E+00	  0.0000E+00	  0.0000E+00	  0.0000E+00	  0.0000E+00	  0.0000E+00	  0.0000E+00	  0.0000E+00	  0.0000E+00	  0.0000E+00	  0.0000E+00	  0.0000E+00	  0.0000E+00	  0.0000E+00	  0.0000E+00	  0.0000E+00	  0.0000E+00	  0.0000E+00	  0.0000E+00	  0.0000E+00	  0.0000E+00	  0.0000E+00	  0.0000E+00	  0.0000E+00
  0.0000E+00	  0.0000E+00	  0.0000E+00	  0.0000E+00	  0.0000E+00	  0.0000E+00	  0.0000E+00	  0.0000E+00	  0.0000E+00	  0.0000E+00	  0.0000E+00	  0.0000E+00	  0.0000E+00	  0.0000E+00	  0.0000E+00	  0.0000E+00	  0.0000E+00	  0.0000E+00	  0.0000E+00	  0.0000E+00	  0.0000E+00	  0.0000E+00	  0.0000E+00	  0.0000E+00	  0.0000E+00	  0.0000E+00	  0.0000E+00	  0.0000E+00	  0.0000E+00	  0.0000E+00	  0.0000E+00	  0.0000E+00	  0.0000E+00	  0.0000E+00	  0.0000E+00	  0.0000E+00	  0.0000E+00	  0.0000E+00	  0.0000E+00	  0.0000E+00	  0.0000E+00	  0.0000E+00	  0.0000E+00	  0.0000E+00	  0.0000E+00	  0.0000E+00	  0.0000E+00	  0.0000E+00	  0.0000E+00	  0.0000E+00	  0.0000E+00	  0.0000E+00	  0.0000E+00	  0.0000E+00	  0.0000E+00	  0.0000E+00	  0.0000E+00	  0.0000E+00	  0.0000E+00	  0.0000E+00	  0.0000E+00	  0.0000E+00	  0.0000E+00	  0.0000E+00	  0.0000E+00	  0.0000E+00	  0.0000E+00	  0.0000E+00	  0.0000E+00	  0.0000E+00	  0.0000E+00	  0.0000E+00	  0.0000E+00	  0.0000E+00	  0.0000E+00	  0.0000E+00	  0.0000E+00	  0.0000E+00	  0.0000E+00	  0.0000E+00	  0.0000E+00	  0.0000E+00	  0.0000E+00	  0.0000E+00	  0.0000E+00	  0.0000E+00	  0.0000E+00	  0.0000E+00	  0.0000E+00	  0.0000E+00	  0.0000E+00	  0.0000E+00	  0.0000E+00	  0.0000E+00	  0.0000E+00	  0.0000E+00	  0.0000E+00	  0.0000E+00	  0.0000E+00	  0.0000E+00	  0.0000E+00	  0.0000E+00	  0.0000E+00	  0.0000E+00	  0.0000E+00	  0.0000E+00	  0.0000E+00	  0.0000E+00	  0.0000E+00	  0.0000E+00	  0.0000E+00	  0.0000E+00	  0.0000E+00	  0.0000E+00	  0.0000E+00	  0.0000E+00	  0.0000E+00	  0.0000E+00	  0.0000E+00	  0.0000E+00	  0.0000E+00	  0.0000E+00	  0.0000E+00	  0.0000E+00	  0.0000E+00	  0.0000E+00	  0.0000E+00	  0.0000E+00
  0.0000E+00	  0.0000E+00	  0.0000E+00	  0.0000E+00	  0.0000E+00	  0.0000E+00	  0.0000E+00	  0.0000E+00	  0.0000E+00	  0.0000E+00	  0.0000E+00	  0.0000E+00	  0.0000E+00	  0.0000E+00	  0.0000E+00	  0.0000E+00	  0.0000E+00	  0.0000E+00	  0.0000E+00	  0.0000E+00	  0.0000E+00	  0.0000E+00	  0.0000E+00	  0.0000E+00	  0.0000E+00	  0.0000E+00	  0.0000E+00	  0.0000E+00	  0.0000E+00	  0.0000E+00	  0.0000E+00	  0.0000E+00	  0.0000E+00	  0.0000E+00	  0.0000E+00	  0.0000E+00	  0.0000E+00	  0.0000E+00	  0.0000E+00	  0.0000E+00	  0.0000E+00	  0.0000E+00	  0.0000E+00	  0.0000E+00	  0.0000E+00	  0.0000E+00	  0.0000E+00	  0.0000E+00	  0.0000E+00	  0.0000E+00	  0.0000E+00	  0.0000E+00	  0.0000E+00	  0.0000E+00	  0.0000E+00	  0.0000E+00	  0.0000E+00	  0.0000E+00	  0.0000E+00	  0.0000E+00	  0.0000E+00	  0.0000E+00	  0.0000E+00	  0.0000E+00	  0.0000E+00	  0.0000E+00	  0.0000E+00	  0.0000E+00	  0.0000E+00	  0.0000E+00	  0.0000E+00	  0.0000E+00	  0.0000E+00	  0.0000E+00	  0.0000E+00	  0.0000E+00	  0.0000E+00	  0.0000E+00	  0.0000E+00	  0.0000E+00	  0.0000E+00	  0.0000E+00	  0.0000E+00	  0.0000E+00	  0.0000E+00	  0.0000E+00	  0.0000E+00	  0.0000E+00	  0.0000E+00	  0.0000E+00	  0.0000E+00	  0.0000E+00	  0.0000E+00	  0.0000E+00	  0.0000E+00	  0.0000E+00	  0.0000E+00	  0.0000E+00	  0.0000E+00	  0.0000E+00	  0.0000E+00	  0.0000E+00	  0.0000E+00	  0.0000E+00	  0.0000E+00	  0.0000E+00	  0.0000E+00	  0.0000E+00	  0.0000E+00	  0.0000E+00	  0.0000E+00	  0.0000E+00	  0.0000E+00	  0.0000E+00	  0.0000E+00	  0.0000E+00	  0.0000E+00	  0.0000E+00	  0.0000E+00	  0.0000E+00	  0.0000E+00	  0.0000E+00	  0.0000E+00	  0.0000E+00	  0.0000E+00	  0.0000E+00	  0.0000E+00	  0.0000E+00
  0.0000E+00	  0.0000E+00	  0.0000E+00	  0.0000E+00	  0.0000E+00	  0.0000E+00	  0.0000E+00	  0.0000E+00	  0.0000E+00	  0.0000E+00	  0.0000E+00	  0.0000E+00	  0.0000E+00	  0.0000E+00	  0.0000E+00	  0.0000E+00	  0.0000E+00	  0.0000E+00	  0.0000E+00	  0.0000E+00	  0.0000E+00	  0.0000E+00	  0.0000E+00	  0.0000E+00	  0.0000E+00	  0.0000E+00	  0.0000E+00	  0.0000E+00	  0.0000E+00	  0.0000E+00	  0.0000E+00	  0.0000E+00	  0.0000E+00	  0.0000E+00	  0.0000E+00	  0.0000E+00	  0.0000E+00	  0.0000E+00	  0.0000E+00	  0.0000E+00	  0.0000E+00	  0.0000E+00	  0.0000E+00	  0.0000E+00	  0.0000E+00	  0.0000E+00	  0.0000E+00	  0.0000E+00	  0.0000E+00	  0.0000E+00	  0.0000E+00	  0.0000E+00	  0.0000E+00	  0.0000E+00	  0.0000E+00	  0.0000E+00	  0.0000E+00	  0.0000E+00	  0.0000E+00	  0.0000E+00	  0.0000E+00	  0.0000E+00	  0.0000E+00	  0.0000E+00	  0.0000E+00	  0.0000E+00	  0.0000E+00	  0.0000E+00	  0.0000E+00	  0.0000E+00	  0.0000E+00	  0.0000E+00	  0.0000E+00	  0.0000E+00	  0.0000E+00	  0.0000E+00	  0.0000E+00	  0.0000E+00	  0.0000E+00	  0.0000E+00	  0.0000E+00	  0.0000E+00	  0.0000E+00	  0.0000E+00	  0.0000E+00	  0.0000E+00	  0.0000E+00	  0.0000E+00	  0.0000E+00	  0.0000E+00	  0.0000E+00	  0.0000E+00	  0.0000E+00	  0.0000E+00	  0.0000E+00	  0.0000E+00	  0.0000E+00	  0.0000E+00	  0.0000E+00	  0.0000E+00	  0.0000E+00	  0.0000E+00	  0.0000E+00	  0.0000E+00	  0.0000E+00	  0.0000E+00	  0.0000E+00	  0.0000E+00	  0.0000E+00	  0.0000E+00	  0.0000E+00	  0.0000E+00	  0.0000E+00	  0.0000E+00	  0.0000E+00	  0.0000E+00	  0.0000E+00	  0.0000E+00	  0.0000E+00	  0.0000E+00	  0.0000E+00	  0.0000E+00	  0.0000E+00	  0.0000E+00	  0.0000E+00	  0.0000E+00	  0.0000E+00	  0.0000E+00
  0.0000E+00	  0.0000E+00	  0.0000E+00	  0.0000E+00	  0.0000E+00	  0.0000E+00	  0.0000E+00	  0.0000E+00	  0.0000E+00	  0.0000E+00	  0.0000E+00	  0.0000E+00	  0.0000E+00	  0.0000E+00	  0.0000E+00	  0.0000E+00	  0.0000E+00	  0.0000E+00	  0.0000E+00	  0.0000E+00	  0.0000E+00	  0.0000E+00	  0.0000E+00	  0.0000E+00	  0.0000E+00	  0.0000E+00	  0.0000E+00	  0.0000E+00	  0.0000E+00	  0.0000E+00	  0.0000E+00	  0.0000E+00	  0.0000E+00	  0.0000E+00	  0.0000E+00	  0.0000E+00	  0.0000E+00	  0.0000E+00	  0.0000E+00	  0.0000E+00	  0.0000E+00	  0.0000E+00	  0.0000E+00	  0.0000E+00	  0.0000E+00	  0.0000E+00	  0.0000E+00	  0.0000E+00	  0.0000E+00	  0.0000E+00	  0.0000E+00	  0.0000E+00	  0.0000E+00	  0.0000E+00	  0.0000E+00	  0.0000E+00	  0.0000E+00	  0.0000E+00	  0.0000E+00	  0.0000E+00	  0.0000E+00	  0.0000E+00	  0.0000E+00	  0.0000E+00	  0.0000E+00	  0.0000E+00	  0.0000E+00	  0.0000E+00	  0.0000E+00	  0.0000E+00	  0.0000E+00	  0.0000E+00	  0.0000E+00	  0.0000E+00	  0.0000E+00	  0.0000E+00	  0.0000E+00	  0.0000E+00	  0.0000E+00	  0.0000E+00	  0.0000E+00	  0.0000E+00	  0.0000E+00	  0.0000E+00	  0.0000E+00	  0.0000E+00	  0.0000E+00	  0.0000E+00	  0.0000E+00	  0.0000E+00	  0.0000E+00	  0.0000E+00	  0.0000E+00	  0.0000E+00	  0.0000E+00	  0.0000E+00	  0.0000E+00	  0.0000E+00	  0.0000E+00	  0.0000E+00	  0.0000E+00	  0.0000E+00	  0.0000E+00	  0.0000E+00	  0.0000E+00	  0.0000E+00	  0.0000E+00	  0.0000E+00	  0.0000E+00	  0.0000E+00	  0.0000E+00	  0.0000E+00	  0.0000E+00	  0.0000E+00	  0.0000E+00	  0.0000E+00	  0.0000E+00	  0.0000E+00	  0.0000E+00	  0.0000E+00	  0.0000E+00	  0.0000E+00	  0.0000E+00	  0.0000E+00	  0.0000E+00	  0.0000E+00	  0.0000E+00	  0.0000E+00
  0.0000E+00	  0.0000E+00	  0.0000E+00	  0.0000E+00	  0.0000E+00	  0.0000E+00	  0.0000E+00	  0.0000E+00	  0.0000E+00	  0.0000E+00	  0.0000E+00	  0.0000E+00	  0.0000E+00	  0.0000E+00	  0.0000E+00	  0.0000E+00	  0.0000E+00	  0.0000E+00	  0.0000E+00	  0.0000E+00	  0.0000E+00	  0.0000E+00	  0.0000E+00	  0.0000E+00	  0.0000E+00	  0.0000E+00	  0.0000E+00	  0.0000E+00	  0.0000E+00	  0.0000E+00	  0.0000E+00	  0.0000E+00	  0.0000E+00	  0.0000E+00	  0.0000E+00	  0.0000E+00	  0.0000E+00	  0.0000E+00	  0.0000E+00	  0.0000E+00	  0.0000E+00	  0.0000E+00	  0.0000E+00	  0.0000E+00	  0.0000E+00	  0.0000E+00	  0.0000E+00	  0.0000E+00	  0.0000E+00	  0.0000E+00	  0.0000E+00	  0.0000E+00	  0.0000E+00	  0.0000E+00	  0.0000E+00	  0.0000E+00	  0.0000E+00	  0.0000E+00	  0.0000E+00	  0.0000E+00	  0.0000E+00	  0.0000E+00	  0.0000E+00	  0.0000E+00	  0.0000E+00	  0.0000E+00	  0.0000E+00	  0.0000E+00	  0.0000E+00	  0.0000E+00	  0.0000E+00	  0.0000E+00	  0.0000E+00	  0.0000E+00	  0.0000E+00	  0.0000E+00	  0.0000E+00	  0.0000E+00	  0.0000E+00	  0.0000E+00	  0.0000E+00	  0.0000E+00	  0.0000E+00	  0.0000E+00	  0.0000E+00	  0.0000E+00	  0.0000E+00	  0.0000E+00	  0.0000E+00	  0.0000E+00	  0.0000E+00	  0.0000E+00	  0.0000E+00	  0.0000E+00	  0.0000E+00	  0.0000E+00	  0.0000E+00	  0.0000E+00	  0.0000E+00	  0.0000E+00	  0.0000E+00	  0.0000E+00	  0.0000E+00	  0.0000E+00	  0.0000E+00	  0.0000E+00	  0.0000E+00	  0.0000E+00	  0.0000E+00	  0.0000E+00	  0.0000E+00	  0.0000E+00	  0.0000E+00	  0.0000E+00	  0.0000E+00	  0.0000E+00	  0.0000E+00	  0.0000E+00	  0.0000E+00	  0.0000E+00	  0.0000E+00	  0.0000E+00	  0.0000E+00	  0.0000E+00	  0.0000E+00	  0.0000E+00	  0.0000E+00	  0.0000E+00
  0.0000E+00	  0.0000E+00	  0.0000E+00	  0.0000E+00	  0.0000E+00	  0.0000E+00	  0.0000E+00	  0.0000E+00	  0.0000E+00	  0.0000E+00	  0.0000E+00	  0.0000E+00	  0.0000E+00	  0.0000E+00	  0.0000E+00	  0.0000E+00	  0.0000E+00	  0.0000E+00	  0.0000E+00	  0.0000E+00	  0.0000E+00	  0.0000E+00	  0.0000E+00	  0.0000E+00	  0.0000E+00	  0.0000E+00	  0.0000E+00	  0.0000E+00	  0.0000E+00	  0.0000E+00	  0.0000E+00	  0.0000E+00	  0.0000E+00	  0.0000E+00	  0.0000E+00	  0.0000E+00	  0.0000E+00	  0.0000E+00	  0.0000E+00	  0.0000E+00	  0.0000E+00	  0.0000E+00	  0.0000E+00	  0.0000E+00	  0.0000E+00	  0.0000E+00	  0.0000E+00	  0.0000E+00	  0.0000E+00	  0.0000E+00	  0.0000E+00	  0.0000E+00	  0.0000E+00	  0.0000E+00	  0.0000E+00	  0.0000E+00	  0.0000E+00	  0.0000E+00	  0.0000E+00	  0.0000E+00	  0.0000E+00	  0.0000E+00	  0.0000E+00	  0.0000E+00	  0.0000E+00	  0.0000E+00	  0.0000E+00	  0.0000E+00	  0.0000E+00	  0.0000E+00	  0.0000E+00	  0.0000E+00	  0.0000E+00	  0.0000E+00	  0.0000E+00	  0.0000E+00	  0.0000E+00	  0.0000E+00	  0.0000E+00	  0.0000E+00	  0.0000E+00	  0.0000E+00	  0.0000E+00	  0.0000E+00	  0.0000E+00	  0.0000E+00	  0.0000E+00	  0.0000E+00	  0.0000E+00	  0.0000E+00	  0.0000E+00	  0.0000E+00	  0.0000E+00	  0.0000E+00	  0.0000E+00	  0.0000E+00	  0.0000E+00	  0.0000E+00	  0.0000E+00	  0.0000E+00	  0.0000E+00	  0.0000E+00	  0.0000E+00	  0.0000E+00	  0.0000E+00	  0.0000E+00	  0.0000E+00	  0.0000E+00	  0.0000E+00	  0.0000E+00	  0.0000E+00	  0.0000E+00	  0.0000E+00	  0.0000E+00	  0.0000E+00	  0.0000E+00	  0.0000E+00	  0.0000E+00	  0.0000E+00	  0.0000E+00	  0.0000E+00	  0.0000E+00	  0.0000E+00	  0.0000E+00	  0.0000E+00	  0.0000E+00	  0.0000E+00	  0.0000E+00
  0.0000E+00	  0.0000E+00	  0.0000E+00	  0.0000E+00	  0.0000E+00	  0.0000E+00	  0.0000E+00	  0.0000E+00	  0.0000E+00	  0.0000E+00	  0.0000E+00	  0.0000E+00	  0.0000E+00	  0.0000E+00	  0.0000E+00	  0.0000E+00	  0.0000E+00	  0.0000E+00	  0.0000E+00	  0.0000E+00	  0.0000E+00	  0.0000E+00	  0.0000E+00	  0.0000E+00	  0.0000E+00	  0.0000E+00	  0.0000E+00	  0.0000E+00	  0.0000E+00	  0.0000E+00	  0.0000E+00	  0.0000E+00	  0.0000E+00	  0.0000E+00	  0.0000E+00	  0.0000E+00	  0.0000E+00	  0.0000E+00	  0.0000E+00	  0.0000E+00	  0.0000E+00	  0.0000E+00	  0.0000E+00	  0.0000E+00	  0.0000E+00	  0.0000E+00	  0.0000E+00	  0.0000E+00	  0.0000E+00	  0.0000E+00	  0.0000E+00	  0.0000E+00	  0.0000E+00	  0.0000E+00	  0.0000E+00	  0.0000E+00	  0.0000E+00	  0.0000E+00	  0.0000E+00	  0.0000E+00	  0.0000E+00	  0.0000E+00	  0.0000E+00	  0.0000E+00	  0.0000E+00	  0.0000E+00	  0.0000E+00	  0.0000E+00	  0.0000E+00	  0.0000E+00	  0.0000E+00	  0.0000E+00	  0.0000E+00	  0.0000E+00	  0.0000E+00	  0.0000E+00	  0.0000E+00	  0.0000E+00	  0.0000E+00	  0.0000E+00	  0.0000E+00	  0.0000E+00	  0.0000E+00	  0.0000E+00	  0.0000E+00	  0.0000E+00	  0.0000E+00	  0.0000E+00	  0.0000E+00	  0.0000E+00	  0.0000E+00	  0.0000E+00	  0.0000E+00	  0.0000E+00	  0.0000E+00	  0.0000E+00	  0.0000E+00	  0.0000E+00	  0.0000E+00	  0.0000E+00	  0.0000E+00	  0.0000E+00	  0.0000E+00	  0.0000E+00	  0.0000E+00	  0.0000E+00	  0.0000E+00	  0.0000E+00	  0.0000E+00	  0.0000E+00	  0.0000E+00	  0.0000E+00	  0.0000E+00	  0.0000E+00	  0.0000E+00	  0.0000E+00	  0.0000E+00	  0.0000E+00	  0.0000E+00	  0.0000E+00	  0.0000E+00	  0.0000E+00	  0.0000E+00	  0.0000E+00	  0.0000E+00	  0.0000E+00	  0.0000E+00	  0.0000E+00
  0.0000E+00	  0.0000E+00	  0.0000E+00	  0.0000E+00	  0.0000E+00	  0.0000E+00	  0.0000E+00	  0.0000E+00	  0.0000E+00	  0.0000E+00	  0.0000E+00	  0.0000E+00	  0.0000E+00	  0.0000E+00	  0.0000E+00	  0.0000E+00	  0.0000E+00	  0.0000E+00	  0.0000E+00	  0.0000E+00	  0.0000E+00	  0.0000E+00	  0.0000E+00	  0.0000E+00	  0.0000E+00	  0.0000E+00	  0.0000E+00	  0.0000E+00	  0.0000E+00	  0.0000E+00	  0.0000E+00	  0.0000E+00	  0.0000E+00	  0.0000E+00	  0.0000E+00	  0.0000E+00	  0.0000E+00	  0.0000E+00	  0.0000E+00	  0.0000E+00	  0.0000E+00	  0.0000E+00	  0.0000E+00	  0.0000E+00	  0.0000E+00	  0.0000E+00	  0.0000E+00	  0.0000E+00	  0.0000E+00	  0.0000E+00	  0.0000E+00	  0.0000E+00	  0.0000E+00	  0.0000E+00	  0.0000E+00	  0.0000E+00	  0.0000E+00	  0.0000E+00	  0.0000E+00	  0.0000E+00	  0.0000E+00	  0.0000E+00	  0.0000E+00	  0.0000E+00	  0.0000E+00	  0.0000E+00	  0.0000E+00	  0.0000E+00	  0.0000E+00	  0.0000E+00	  0.0000E+00	  0.0000E+00	  0.0000E+00	  0.0000E+00	  0.0000E+00	  0.0000E+00	  0.0000E+00	  0.0000E+00	  0.0000E+00	  0.0000E+00	  0.0000E+00	  0.0000E+00	  0.0000E+00	  0.0000E+00	  0.0000E+00	  0.0000E+00	  0.0000E+00	  0.0000E+00	  0.0000E+00	  0.0000E+00	  0.0000E+00	  0.0000E+00	  0.0000E+00	  0.0000E+00	  0.0000E+00	  0.0000E+00	  0.0000E+00	  0.0000E+00	  0.0000E+00	  0.0000E+00	  0.0000E+00	  0.0000E+00	  0.0000E+00	  0.0000E+00	  0.0000E+00	  0.0000E+00	  0.0000E+00	  0.0000E+00	  0.0000E+00	  0.0000E+00	  0.0000E+00	  0.0000E+00	  0.0000E+00	  0.0000E+00	  0.0000E+00	  0.0000E+00	  0.0000E+00	  0.0000E+00	  0.0000E+00	  0.0000E+00	  0.0000E+00	  0.0000E+00	  0.0000E+00	  0.0000E+00	  0.0000E+00	  0.0000E+00	  0.0000E+00	  0.0000E+00
  0.0000E+00	  0.0000E+00	  0.0000E+00	  0.0000E+00	  0.0000E+00	  0.0000E+00	  0.0000E+00	  0.0000E+00	  0.0000E+00	  0.0000E+00	  0.0000E+00	  0.0000E+00	  0.0000E+00	  0.0000E+00	  0.0000E+00	  0.0000E+00	  0.0000E+00	  0.0000E+00	  0.0000E+00	  0.0000E+00	  0.0000E+00	  0.0000E+00	  0.0000E+00	  0.0000E+00	  0.0000E+00	  0.0000E+00	  0.0000E+00	  0.0000E+00	  0.0000E+00	  0.0000E+00	  0.0000E+00	  0.0000E+00	  0.0000E+00	  0.0000E+00	  0.0000E+00	  0.0000E+00	  0.0000E+00	  0.0000E+00	  0.0000E+00	  0.0000E+00	  0.0000E+00	  0.0000E+00	  0.0000E+00	  0.0000E+00	  0.0000E+00	  0.0000E+00	  0.0000E+00	  0.0000E+00	  0.0000E+00	  0.0000E+00	  0.0000E+00	  0.0000E+00	  0.0000E+00	  0.0000E+00	  0.0000E+00	  0.0000E+00	  0.0000E+00	  0.0000E+00	  0.0000E+00	  0.0000E+00	  0.0000E+00	  0.0000E+00	  0.0000E+00	  0.0000E+00	  0.0000E+00	  0.0000E+00	  0.0000E+00	  0.0000E+00	  0.0000E+00	  0.0000E+00	  0.0000E+00	  0.0000E+00	  0.0000E+00	  0.0000E+00	  0.0000E+00	  0.0000E+00	  0.0000E+00	  0.0000E+00	  0.0000E+00	  0.0000E+00	  0.0000E+00	  0.0000E+00	  0.0000E+00	  0.0000E+00	  0.0000E+00	  0.0000E+00	  0.0000E+00	  0.0000E+00	  0.0000E+00	  0.0000E+00	  0.0000E+00	  0.0000E+00	  0.0000E+00	  0.0000E+00	  0.0000E+00	  0.0000E+00	  0.0000E+00	  0.0000E+00	  0.0000E+00	  0.0000E+00	  0.0000E+00	  0.0000E+00	  0.0000E+00	  0.0000E+00	  0.0000E+00	  0.0000E+00	  0.0000E+00	  0.0000E+00	  0.0000E+00	  0.0000E+00	  0.0000E+00	  0.0000E+00	  0.0000E+00	  0.0000E+00	  0.0000E+00	  0.0000E+00	  0.0000E+00	  0.0000E+00	  0.0000E+00	  0.0000E+00	  0.0000E+00	  0.0000E+00	  0.0000E+00	  0.0000E+00	  0.0000E+00	  0.0000E+00	  0.0000E+00	  0.0000E+00
  0.0000E+00	  0.0000E+00	  0.0000E+00	  0.0000E+00	  0.0000E+00	  0.0000E+00	  0.0000E+00	  0.0000E+00	  0.0000E+00	  0.0000E+00	  0.0000E+00	  0.0000E+00	  0.0000E+00	  0.0000E+00	  0.0000E+00	  0.0000E+00	  0.0000E+00	  0.0000E+00	  0.0000E+00	  0.0000E+00	  0.0000E+00	  0.0000E+00	  0.0000E+00	  0.0000E+00	  0.0000E+00	  0.0000E+00	  0.0000E+00	  0.0000E+00	  0.0000E+00	  0.0000E+00	  0.0000E+00	  0.0000E+00	  0.0000E+00	  0.0000E+00	  0.0000E+00	  0.0000E+00	  0.0000E+00	  0.0000E+00	  0.0000E+00	  0.0000E+00	  0.0000E+00	  0.0000E+00	  0.0000E+00	  0.0000E+00	  0.0000E+00	  0.0000E+00	  0.0000E+00	  0.0000E+00	  0.0000E+00	  0.0000E+00	  0.0000E+00	  0.0000E+00	  0.0000E+00	  0.0000E+00	  0.0000E+00	  0.0000E+00	  0.0000E+00	  0.0000E+00	  0.0000E+00	  0.0000E+00	  0.0000E+00	  0.0000E+00	  0.0000E+00	  0.0000E+00	  0.0000E+00	  0.0000E+00	  0.0000E+00	  0.0000E+00	  0.0000E+00	  0.0000E+00	  0.0000E+00	  0.0000E+00	  0.0000E+00	  0.0000E+00	  0.0000E+00	  0.0000E+00	  0.0000E+00	  0.0000E+00	  0.0000E+00	  0.0000E+00	  0.0000E+00	  0.0000E+00	  0.0000E+00	  0.0000E+00	  0.0000E+00	  0.0000E+00	  0.0000E+00	  0.0000E+00	  0.0000E+00	  0.0000E+00	  0.0000E+00	  0.0000E+00	  0.0000E+00	  0.0000E+00	  0.0000E+00	  0.0000E+00	  0.0000E+00	  0.0000E+00	  0.0000E+00	  0.0000E+00	  0.0000E+00	  0.0000E+00	  0.0000E+00	  0.0000E+00	  0.0000E+00	  0.0000E+00	  0.0000E+00	  0.0000E+00	  0.0000E+00	  0.0000E+00	  0.0000E+00	  0.0000E+00	  0.0000E+00	  0.0000E+00	  0.0000E+00	  0.0000E+00	  0.0000E+00	  0.0000E+00	  0.0000E+00	  0.0000E+00	  0.0000E+00	  0.0000E+00	  0.0000E+00	  0.0000E+00	  0.0000E+00	  0.0000E+00	  0.0000E+00	  0.0000E+00
  0.0000E+00	  0.0000E+00	  0.0000E+00	  0.0000E+00	  0.0000E+00	  0.0000E+00	  0.0000E+00	  0.0000E+00	  0.0000E+00	  0.0000E+00	  0.0000E+00	  0.0000E+00	  0.0000E+00	  0.0000E+00	  0.0000E+00	  0.0000E+00	  0.0000E+00	  0.0000E+00	  0.0000E+00	  0.0000E+00	  0.0000E+00	  0.0000E+00	  0.0000E+00	  0.0000E+00	  0.0000E+00	  0.0000E+00	  0.0000E+00	  0.0000E+00	  0.0000E+00	  0.0000E+00	  0.0000E+00	  0.0000E+00	  0.0000E+00	  0.0000E+00	  0.0000E+00	  0.0000E+00	  0.0000E+00	  0.0000E+00	  0.0000E+00	  0.0000E+00	  0.0000E+00	  0.0000E+00	  0.0000E+00	  0.0000E+00	  0.0000E+00	  0.0000E+00	  0.0000E+00	  0.0000E+00	  0.0000E+00	  0.0000E+00	  0.0000E+00	  0.0000E+00	  0.0000E+00	  0.0000E+00	  0.0000E+00	  0.0000E+00	  0.0000E+00	  0.0000E+00	  0.0000E+00	  0.0000E+00	  0.0000E+00	  0.0000E+00	  0.0000E+00	  0.0000E+00	  0.0000E+00	  0.0000E+00	  0.0000E+00	  0.0000E+00	  0.0000E+00	  0.0000E+00	  0.0000E+00	  0.0000E+00	  0.0000E+00	  0.0000E+00	  0.0000E+00	  0.0000E+00	  0.0000E+00	  0.0000E+00	  0.0000E+00	  0.0000E+00	  0.0000E+00	  0.0000E+00	  0.0000E+00	  0.0000E+00	  0.0000E+00	  0.0000E+00	  0.0000E+00	  0.0000E+00	  0.0000E+00	  0.0000E+00	  0.0000E+00	  0.0000E+00	  0.0000E+00	  0.0000E+00	  0.0000E+00	  0.0000E+00	  0.0000E+00	  0.0000E+00	  0.0000E+00	  0.0000E+00	  0.0000E+00	  0.0000E+00	  0.0000E+00	  0.0000E+00	  0.0000E+00	  0.0000E+00	  0.0000E+00	  0.0000E+00	  0.0000E+00	  0.0000E+00	  0.0000E+00	  0.0000E+00	  0.0000E+00	  0.0000E+00	  0.0000E+00	  0.0000E+00	  0.0000E+00	  0.0000E+00	  0.0000E+00	  0.0000E+00	  0.0000E+00	  0.0000E+00	  0.0000E+00	  0.0000E+00	  0.0000E+00	  0.0000E+00	  0.0000E+00	  0.0000E+00
  0.0000E+00	  0.0000E+00	  0.0000E+00	  0.0000E+00	  0.0000E+00	  0.0000E+00	  0.0000E+00	  0.0000E+00	  0.0000E+00	  0.0000E+00	  0.0000E+00	  0.0000E+00	  0.0000E+00	  0.0000E+00	  0.0000E+00	  0.0000E+00	  0.0000E+00	  0.0000E+00	  0.0000E+00	  0.0000E+00	  0.0000E+00	  0.0000E+00	  0.0000E+00	  0.0000E+00	  0.0000E+00	  0.0000E+00	  0.0000E+00	  0.0000E+00	  0.0000E+00	  0.0000E+00	  0.0000E+00	  0.0000E+00	  0.0000E+00	  0.0000E+00	  0.0000E+00	  0.0000E+00	  0.0000E+00	  0.0000E+00	  0.0000E+00	  0.0000E+00	  0.0000E+00	  0.0000E+00	  0.0000E+00	  0.0000E+00	  0.0000E+00	  0.0000E+00	  0.0000E+00	  0.0000E+00	  0.0000E+00	  0.0000E+00	  0.0000E+00	  0.0000E+00	  0.0000E+00	  0.0000E+00	  0.0000E+00	  0.0000E+00	  0.0000E+00	  0.0000E+00	  0.0000E+00	  0.0000E+00	  0.0000E+00	  0.0000E+00	  0.0000E+00	  0.0000E+00	  0.0000E+00	  0.0000E+00	  0.0000E+00	  0.0000E+00	  0.0000E+00	  0.0000E+00	  0.0000E+00	  0.0000E+00	  0.0000E+00	  0.0000E+00	  0.0000E+00	  0.0000E+00	  0.0000E+00	  0.0000E+00	  0.0000E+00	  0.0000E+00	  0.0000E+00	  0.0000E+00	  0.0000E+00	  0.0000E+00	  0.0000E+00	  0.0000E+00	  0.0000E+00	  0.0000E+00	  0.0000E+00	  0.0000E+00	  0.0000E+00	  0.0000E+00	  0.0000E+00	  0.0000E+00	  0.0000E+00	  0.0000E+00	  0.0000E+00	  0.0000E+00	  0.0000E+00	  0.0000E+00	  0.0000E+00	  0.0000E+00	  0.0000E+00	  0.0000E+00	  0.0000E+00	  0.0000E+00	  0.0000E+00	  0.0000E+00	  0.0000E+00	  0.0000E+00	  0.0000E+00	  0.0000E+00	  0.0000E+00	  0.0000E+00	  0.0000E+00	  0.0000E+00	  0.0000E+00	  0.0000E+00	  0.0000E+00	  0.0000E+00	  0.0000E+00	  0.0000E+00	  0.0000E+00	  0.0000E+00	  0.0000E+00	  0.0000E+00	  0.0000E+00	  0.0000E+00
  0.0000E+00	  0.0000E+00	  0.0000E+00	  0.0000E+00	  0.0000E+00	  0.0000E+00	  0.0000E+00	  0.0000E+00	  0.0000E+00	  0.0000E+00	  0.0000E+00	  0.0000E+00	  0.0000E+00	  0.0000E+00	  0.0000E+00	  0.0000E+00	  0.0000E+00	  0.0000E+00	  0.0000E+00	  0.0000E+00	  0.0000E+00	  0.0000E+00	  0.0000E+00	  0.0000E+00	  0.0000E+00	  0.0000E+00	  0.0000E+00	  0.0000E+00	  0.0000E+00	  0.0000E+00	  0.0000E+00	  0.0000E+00	  0.0000E+00	  0.0000E+00	  0.0000E+00	  0.0000E+00	  0.0000E+00	  0.0000E+00	  0.0000E+00	  0.0000E+00	  0.0000E+00	  0.0000E+00	  0.0000E+00	  0.0000E+00	  0.0000E+00	  0.0000E+00	  0.0000E+00	  0.0000E+00	  0.0000E+00	  0.0000E+00	  0.0000E+00	  0.0000E+00	  0.0000E+00	  0.0000E+00	  0.0000E+00	  0.0000E+00	  0.0000E+00	  0.0000E+00	  0.0000E+00	  0.0000E+00	  0.0000E+00	  0.0000E+00	  0.0000E+00	  0.0000E+00	  0.0000E+00	  0.0000E+00	  0.0000E+00	  0.0000E+00	  0.0000E+00	  0.0000E+00	  0.0000E+00	  0.0000E+00	  0.0000E+00	  0.0000E+00	  0.0000E+00	  0.0000E+00	  0.0000E+00	  0.0000E+00	  0.0000E+00	  0.0000E+00	  0.0000E+00	  0.0000E+00	  0.0000E+00	  0.0000E+00	  0.0000E+00	  0.0000E+00	  0.0000E+00	  0.0000E+00	  0.0000E+00	  0.0000E+00	  0.0000E+00	  0.0000E+00	  0.0000E+00	  0.0000E+00	  0.0000E+00	  0.0000E+00	  0.0000E+00	  0.0000E+00	  0.0000E+00	  0.0000E+00	  0.0000E+00	  0.0000E+00	  0.0000E+00	  0.0000E+00	  0.0000E+00	  0.0000E+00	  0.0000E+00	  0.0000E+00	  0.0000E+00	  0.0000E+00	  0.0000E+00	  0.0000E+00	  0.0000E+00	  0.0000E+00	  0.0000E+00	  0.0000E+00	  0.0000E+00	  0.0000E+00	  0.0000E+00	  0.0000E+00	  0.0000E+00	  0.0000E+00	  0.0000E+00	  0.0000E+00	  0.0000E+00	  0.0000E+00	  0.0000E+00	  0.0000E+00
  0.0000E+00	  0.0000E+00	  0.0000E+00	  0.0000E+00	  0.0000E+00	  0.0000E+00	  0.0000E+00	  0.0000E+00	  0.0000E+00	  0.0000E+00	  0.0000E+00	  0.0000E+00	  0.0000E+00	  0.0000E+00	  0.0000E+00	  0.0000E+00	  0.0000E+00	  0.0000E+00	  0.0000E+00	  0.0000E+00	  0.0000E+00	  0.0000E+00	  0.0000E+00	  0.0000E+00	  0.0000E+00	  0.0000E+00	  0.0000E+00	  0.0000E+00	  0.0000E+00	  0.0000E+00	  0.0000E+00	  0.0000E+00	  0.0000E+00	  0.0000E+00	  0.0000E+00	  0.0000E+00	  0.0000E+00	  0.0000E+00	  0.0000E+00	  0.0000E+00	  0.0000E+00	  0.0000E+00	  0.0000E+00	  0.0000E+00	  0.0000E+00	  0.0000E+00	  0.0000E+00	  0.0000E+00	  0.0000E+00	  0.0000E+00	  0.0000E+00	  0.0000E+00	  0.0000E+00	  0.0000E+00	  0.0000E+00	  0.0000E+00	  0.0000E+00	  0.0000E+00	  0.0000E+00	  0.0000E+00	  0.0000E+00	  0.0000E+00	  0.0000E+00	  0.0000E+00	  0.0000E+00	  0.0000E+00	  0.0000E+00	  0.0000E+00	  0.0000E+00	  0.0000E+00	  0.0000E+00	  0.0000E+00	  0.0000E+00	  0.0000E+00	  0.0000E+00	  0.0000E+00	  0.0000E+00	  0.0000E+00	  0.0000E+00	  0.0000E+00	  0.0000E+00	  0.0000E+00	  0.0000E+00	  0.0000E+00	  0.0000E+00	  0.0000E+00	  0.0000E+00	  0.0000E+00	  0.0000E+00	  0.0000E+00	  0.0000E+00	  0.0000E+00	  0.0000E+00	  0.0000E+00	  0.0000E+00	  0.0000E+00	  0.0000E+00	  0.0000E+00	  0.0000E+00	  0.0000E+00	  0.0000E+00	  0.0000E+00	  0.0000E+00	  0.0000E+00	  0.0000E+00	  0.0000E+00	  0.0000E+00	  0.0000E+00	  0.0000E+00	  0.0000E+00	  0.0000E+00	  0.0000E+00	  0.0000E+00	  0.0000E+00	  0.0000E+00	  0.0000E+00	  0.0000E+00	  0.0000E+00	  0.0000E+00	  0.0000E+00	  0.0000E+00	  0.0000E+00	  0.0000E+00	  0.0000E+00	  0.0000E+00	  0.0000E+00	  0.0000E+00	  0.0000E+00
  0.0000E+00	  0.0000E+00	  0.0000E+00	  0.0000E+00	  0.0000E+00	  0.0000E+00	  0.0000E+00	  0.0000E+00	  0.0000E+00	  0.0000E+00	  0.0000E+00	  0.0000E+00	  0.0000E+00	  0.0000E+00	  0.0000E+00	  0.0000E+00	  0.0000E+00	  0.0000E+00	  0.0000E+00	  0.0000E+00	  0.0000E+00	  0.0000E+00	  0.0000E+00	  0.0000E+00	  0.0000E+00	  0.0000E+00	  0.0000E+00	  0.0000E+00	  0.0000E+00	  0.0000E+00	  0.0000E+00	  0.0000E+00	  0.0000E+00	  0.0000E+00	  0.0000E+00	  0.0000E+00	  0.0000E+00	  0.0000E+00	  0.0000E+00	  0.0000E+00	  0.0000E+00	  0.0000E+00	  0.0000E+00	  0.0000E+00	  0.0000E+00	  0.0000E+00	  0.0000E+00	  0.0000E+00	  0.0000E+00	  0.0000E+00	  0.0000E+00	  0.0000E+00	  0.0000E+00	  0.0000E+00	  0.0000E+00	  0.0000E+00	  0.0000E+00	  0.0000E+00	  0.0000E+00	  0.0000E+00	  0.0000E+00	  0.0000E+00	  0.0000E+00	  0.0000E+00	  0.0000E+00	  0.0000E+00	  0.0000E+00	  0.0000E+00	  0.0000E+00	  0.0000E+00	  0.0000E+00	  0.0000E+00	  0.0000E+00	  0.0000E+00	  0.0000E+00	  0.0000E+00	  0.0000E+00	  0.0000E+00	  0.0000E+00	  0.0000E+00	  0.0000E+00	  0.0000E+00	  0.0000E+00	  0.0000E+00	  0.0000E+00	  0.0000E+00	  0.0000E+00	  0.0000E+00	  0.0000E+00	  0.0000E+00	  0.0000E+00	  0.0000E+00	  0.0000E+00	  0.0000E+00	  0.0000E+00	  0.0000E+00	  0.0000E+00	  0.0000E+00	  0.0000E+00	  0.0000E+00	  0.0000E+00	  0.0000E+00	  0.0000E+00	  0.0000E+00	  0.0000E+00	  0.0000E+00	  0.0000E+00	  0.0000E+00	  0.0000E+00	  0.0000E+00	  0.0000E+00	  0.0000E+00	  0.0000E+00	  0.0000E+00	  0.0000E+00	  0.0000E+00	  0.0000E+00	  0.0000E+00	  0.0000E+00	  0.0000E+00	  0.0000E+00	  0.0000E+00	  0.0000E+00	  0.0000E+00	  0.0000E+00	  0.0000E+00	  0.0000E+00	  0.0000E+00
  0.0000E+00	  0.0000E+00	  0.0000E+00	  0.0000E+00	  0.0000E+00	  0.0000E+00	  0.0000E+00	  0.0000E+00	  0.0000E+00	  0.0000E+00	  0.0000E+00	  0.0000E+00	  0.0000E+00	  0.0000E+00	  0.0000E+00	  0.0000E+00	  0.0000E+00	  0.0000E+00	  0.0000E+00	  0.0000E+00	  0.0000E+00	  0.0000E+00	  0.0000E+00	  0.0000E+00	  0.0000E+00	  0.0000E+00	  0.0000E+00	  0.0000E+00	  0.0000E+00	  0.0000E+00	  0.0000E+00	  0.0000E+00	  0.0000E+00	  0.0000E+00	  0.0000E+00	  0.0000E+00	  0.0000E+00	  0.0000E+00	  0.0000E+00	  0.0000E+00	  0.0000E+00	  0.0000E+00	  0.0000E+00	  0.0000E+00	  0.0000E+00	  0.0000E+00	  0.0000E+00	  0.0000E+00	  0.0000E+00	  0.0000E+00	  0.0000E+00	  0.0000E+00	  0.0000E+00	  0.0000E+00	  0.0000E+00	  0.0000E+00	  0.0000E+00	  0.0000E+00	  0.0000E+00	  0.0000E+00	  0.0000E+00	  0.0000E+00	  0.0000E+00	  0.0000E+00	  0.0000E+00	  0.0000E+00	  0.0000E+00	  0.0000E+00	  0.0000E+00	  0.0000E+00	  0.0000E+00	  0.0000E+00	  0.0000E+00	  0.0000E+00	  0.0000E+00	  0.0000E+00	  0.0000E+00	  0.0000E+00	  0.0000E+00	  0.0000E+00	  0.0000E+00	  0.0000E+00	  0.0000E+00	  0.0000E+00	  0.0000E+00	  0.0000E+00	  0.0000E+00	  0.0000E+00	  0.0000E+00	  0.0000E+00	  0.0000E+00	  0.0000E+00	  0.0000E+00	  0.0000E+00	  0.0000E+00	  0.0000E+00	  0.0000E+00	  0.0000E+00	  0.0000E+00	  0.0000E+00	  0.0000E+00	  0.0000E+00	  0.0000E+00	  0.0000E+00	  0.0000E+00	  0.0000E+00	  0.0000E+00	  0.0000E+00	  0.0000E+00	  0.0000E+00	  0.0000E+00	  0.0000E+00	  0.0000E+00	  0.0000E+00	  0.0000E+00	  0.0000E+00	  0.0000E+00	  0.0000E+00	  0.0000E+00	  0.0000E+00	  0.0000E+00	  0.0000E+00	  0.0000E+00	  0.0000E+00	  0.0000E+00	  0.0000E+00	  0.0000E+00	  0.0000E+00
  0.0000E+00	  0.0000E+00	  0.0000E+00	  0.0000E+00	  0.0000E+00	  0.0000E+00	  0.0000E+00	  0.0000E+00	  0.0000E+00	  0.0000E+00	  0.0000E+00	  0.0000E+00	  0.0000E+00	  0.0000E+00	  0.0000E+00	  0.0000E+00	  0.0000E+00	  0.0000E+00	  0.0000E+00	  0.0000E+00	  0.0000E+00	  0.0000E+00	  0.0000E+00	  0.0000E+00	  0.0000E+00	  0.0000E+00	  0.0000E+00	  0.0000E+00	  0.0000E+00	  0.0000E+00	  0.0000E+00	  0.0000E+00	  0.0000E+00	  0.0000E+00	  0.0000E+00	  0.0000E+00	  0.0000E+00	  0.0000E+00	  0.0000E+00	  0.0000E+00	  0.0000E+00	  0.0000E+00	  0.0000E+00	  0.0000E+00	  0.0000E+00	  0.0000E+00	  0.0000E+00	  0.0000E+00	  0.0000E+00	  0.0000E+00	  0.0000E+00	  0.0000E+00	  0.0000E+00	  0.0000E+00	  0.0000E+00	  0.0000E+00	  0.0000E+00	  0.0000E+00	  0.0000E+00	  0.0000E+00	  0.0000E+00	  0.0000E+00	  0.0000E+00	  0.0000E+00	  0.0000E+00	  0.0000E+00	  0.0000E+00	  0.0000E+00	  0.0000E+00	  0.0000E+00	  0.0000E+00	  0.0000E+00	  0.0000E+00	  0.0000E+00	  0.0000E+00	  0.0000E+00	  0.0000E+00	  0.0000E+00	  0.0000E+00	  0.0000E+00	  0.0000E+00	  0.0000E+00	  0.0000E+00	  0.0000E+00	  0.0000E+00	  0.0000E+00	  0.0000E+00	  0.0000E+00	  0.0000E+00	  0.0000E+00	  0.0000E+00	  0.0000E+00	  0.0000E+00	  0.0000E+00	  0.0000E+00	  0.0000E+00	  0.0000E+00	  0.0000E+00	  0.0000E+00	  0.0000E+00	  0.0000E+00	  0.0000E+00	  0.0000E+00	  0.0000E+00	  0.0000E+00	  0.0000E+00	  0.0000E+00	  0.0000E+00	  0.0000E+00	  0.0000E+00	  0.0000E+00	  0.0000E+00	  0.0000E+00	  0.0000E+00	  0.0000E+00	  0.0000E+00	  0.0000E+00	  0.0000E+00	  0.0000E+00	  0.0000E+00	  0.0000E+00	  0.0000E+00	  0.0000E+00	  0.0000E+00	  0.0000E+00	  0.0000E+00	  0.0000E+00	  0.0000E+00
  0.0000E+00	  0.0000E+00	  0.0000E+00	  0.0000E+00	  0.0000E+00	  0.0000E+00	  0.0000E+00	  0.0000E+00	  0.0000E+00	  0.0000E+00	  0.0000E+00	  0.0000E+00	  0.0000E+00	  0.0000E+00	  0.0000E+00	  0.0000E+00	  0.0000E+00	  0.0000E+00	  0.0000E+00	  0.0000E+00	  0.0000E+00	  0.0000E+00	  0.0000E+00	  0.0000E+00	  0.0000E+00	  0.0000E+00	  0.0000E+00	  0.0000E+00	  0.0000E+00	  0.0000E+00	  0.0000E+00	  0.0000E+00	  0.0000E+00	  0.0000E+00	  0.0000E+00	  0.0000E+00	  0.0000E+00	  0.0000E+00	  0.0000E+00	  0.0000E+00	  0.0000E+00	  0.0000E+00	  0.0000E+00	  0.0000E+00	  0.0000E+00	  0.0000E+00	  0.0000E+00	  0.0000E+00	  0.0000E+00	  0.0000E+00	  0.0000E+00	  0.0000E+00	  0.0000E+00	  0.0000E+00	  0.0000E+00	  0.0000E+00	  0.0000E+00	  0.0000E+00	  0.0000E+00	  0.0000E+00	  0.0000E+00	  0.0000E+00	  0.0000E+00	  0.0000E+00	  0.0000E+00	  0.0000E+00	  0.0000E+00	  0.0000E+00	  0.0000E+00	  0.0000E+00	  0.0000E+00	  0.0000E+00	  0.0000E+00	  0.0000E+00	  0.0000E+00	  0.0000E+00	  0.0000E+00	  0.0000E+00	  0.0000E+00	  0.0000E+00	  0.0000E+00	  0.0000E+00	  0.0000E+00	  0.0000E+00	  0.0000E+00	  0.0000E+00	  0.0000E+00	  0.0000E+00	  0.0000E+00	  0.0000E+00	  0.0000E+00	  0.0000E+00	  0.0000E+00	  0.0000E+00	  0.0000E+00	  0.0000E+00	  0.0000E+00	  0.0000E+00	  0.0000E+00	  0.0000E+00	  0.0000E+00	  0.0000E+00	  0.0000E+00	  0.0000E+00	  0.0000E+00	  0.0000E+00	  0.0000E+00	  0.0000E+00	  0.0000E+00	  0.0000E+00	  0.0000E+00	  0.0000E+00	  0.0000E+00	  0.0000E+00	  0.0000E+00	  0.0000E+00	  0.0000E+00	  0.0000E+00	  0.0000E+00	  0.0000E+00	  0.0000E+00	  0.0000E+00	  0.0000E+00	  0.0000E+00	  0.0000E+00	  0.0000E+00	  0.0000E+00	  0.0000E+00
  0.0000E+00	  0.0000E+00	  0.0000E+00	  0.0000E+00	  0.0000E+00	  0.0000E+00	  0.0000E+00	  0.0000E+00	  0.0000E+00	  0.0000E+00	  0.0000E+00	  0.0000E+00	  0.0000E+00	  0.0000E+00	  0.0000E+00	  0.0000E+00	  0.0000E+00	  0.0000E+00	  0.0000E+00	  0.0000E+00	  0.0000E+00	  0.0000E+00	  0.0000E+00	  0.0000E+00	  0.0000E+00	  0.0000E+00	  0.0000E+00	  0.0000E+00	  0.0000E+00	  0.0000E+00	  0.0000E+00	  0.0000E+00	  0.0000E+00	  0.0000E+00	  0.0000E+00	  0.0000E+00	  0.0000E+00	  0.0000E+00	  0.0000E+00	  0.0000E+00	  0.0000E+00	  0.0000E+00	  0.0000E+00	  0.0000E+00	  0.0000E+00	  0.0000E+00	  0.0000E+00	  0.0000E+00	  0.0000E+00	  0.0000E+00	  0.0000E+00	  0.0000E+00	  0.0000E+00	  0.0000E+00	  0.0000E+00	  0.0000E+00	  0.0000E+00	  0.0000E+00	  0.0000E+00	  0.0000E+00	  0.0000E+00	  0.0000E+00	  0.0000E+00	  0.0000E+00	  0.0000E+00	  0.0000E+00	  0.0000E+00	  0.0000E+00	  0.0000E+00	  0.0000E+00	  0.0000E+00	  0.0000E+00	  0.0000E+00	  0.0000E+00	  0.0000E+00	  0.0000E+00	  0.0000E+00	  0.0000E+00	  0.0000E+00	  0.0000E+00	  0.0000E+00	  0.0000E+00	  0.0000E+00	  0.0000E+00	  0.0000E+00	  0.0000E+00	  0.0000E+00	  0.0000E+00	  0.0000E+00	  0.0000E+00	  0.0000E+00	  0.0000E+00	  0.0000E+00	  0.0000E+00	  0.0000E+00	  0.0000E+00	  0.0000E+00	  0.0000E+00	  0.0000E+00	  0.0000E+00	  0.0000E+00	  0.0000E+00	  0.0000E+00	  0.0000E+00	  0.0000E+00	  0.0000E+00	  0.0000E+00	  0.0000E+00	  0.0000E+00	  0.0000E+00	  0.0000E+00	  0.0000E+00	  0.0000E+00	  0.0000E+00	  0.0000E+00	  0.0000E+00	  0.0000E+00	  0.0000E+00	  0.0000E+00	  0.0000E+00	  0.0000E+00	  0.0000E+00	  0.0000E+00	  0.0000E+00	  0.0000E+00	  0.0000E+00	  0.0000E+00	  0.0000E+00
  0.0000E+00	  0.0000E+00	  0.0000E+00	  0.0000E+00	  0.0000E+00	  0.0000E+00	  0.0000E+00	  0.0000E+00	  0.0000E+00	  0.0000E+00	  0.0000E+00	  0.0000E+00	  0.0000E+00	  0.0000E+00	  0.0000E+00	  0.0000E+00	  0.0000E+00	  0.0000E+00	  0.0000E+00	  0.0000E+00	  0.0000E+00	  0.0000E+00	  0.0000E+00	  0.0000E+00	  0.0000E+00	  0.0000E+00	  0.0000E+00	  0.0000E+00	  0.0000E+00	  0.0000E+00	  0.0000E+00	  0.0000E+00	  0.0000E+00	  0.0000E+00	  0.0000E+00	  0.0000E+00	  0.0000E+00	  0.0000E+00	  0.0000E+00	  0.0000E+00	  0.0000E+00	  0.0000E+00	  0.0000E+00	  0.0000E+00	  0.0000E+00	  0.0000E+00	  0.0000E+00	  0.0000E+00	  0.0000E+00	  0.0000E+00	  0.0000E+00	  0.0000E+00	  0.0000E+00	  0.0000E+00	  0.0000E+00	  0.0000E+00	  0.0000E+00	  0.0000E+00	  0.0000E+00	  0.0000E+00	  0.0000E+00	  0.0000E+00	  0.0000E+00	  0.0000E+00	  0.0000E+00	  0.0000E+00	  0.0000E+00	  0.0000E+00	  0.0000E+00	  0.0000E+00	  0.0000E+00	  0.0000E+00	  0.0000E+00	  0.0000E+00	  0.0000E+00	  0.0000E+00	  0.0000E+00	  0.0000E+00	  0.0000E+00	  0.0000E+00	  0.0000E+00	  0.0000E+00	  0.0000E+00	  0.0000E+00	  0.0000E+00	  0.0000E+00	  0.0000E+00	  0.0000E+00	  0.0000E+00	  0.0000E+00	  0.0000E+00	  0.0000E+00	  0.0000E+00	  0.0000E+00	  0.0000E+00	  0.0000E+00	  0.0000E+00	  0.0000E+00	  0.0000E+00	  0.0000E+00	  0.0000E+00	  0.0000E+00	  0.0000E+00	  0.0000E+00	  0.0000E+00	  0.0000E+00	  0.0000E+00	  0.0000E+00	  0.0000E+00	  0.0000E+00	  0.0000E+00	  0.0000E+00	  0.0000E+00	  0.0000E+00	  0.0000E+00	  0.0000E+00	  0.0000E+00	  0.0000E+00	  0.0000E+00	  0.0000E+00	  0.0000E+00	  0.0000E+00	  0.0000E+00	  0.0000E+00	  0.0000E+00	  0.0000E+00	  0.0000E+00	  0.0000E+00
  0.0000E+00	  0.0000E+00	  0.0000E+00	  0.0000E+00	  0.0000E+00	  0.0000E+00	  0.0000E+00	  0.0000E+00	  0.0000E+00	  0.0000E+00	  0.0000E+00	  0.0000E+00	  0.0000E+00	  0.0000E+00	  0.0000E+00	  0.0000E+00	  0.0000E+00	  0.0000E+00	  0.0000E+00	  0.0000E+00	  0.0000E+00	  0.0000E+00	  0.0000E+00	  0.0000E+00	  0.0000E+00	  0.0000E+00	  0.0000E+00	  0.0000E+00	  0.0000E+00	  0.0000E+00	  0.0000E+00	  0.0000E+00	  0.0000E+00	  0.0000E+00	  0.0000E+00	  0.0000E+00	  0.0000E+00	  0.0000E+00	  0.0000E+00	  0.0000E+00	  0.0000E+00	  0.0000E+00	  0.0000E+00	  0.0000E+00	  0.0000E+00	  0.0000E+00	  0.0000E+00	  0.0000E+00	  0.0000E+00	  0.0000E+00	  0.0000E+00	  0.0000E+00	  0.0000E+00	  0.0000E+00	  0.0000E+00	  0.0000E+00	  0.0000E+00	  0.0000E+00	  0.0000E+00	  0.0000E+00	  0.0000E+00	  0.0000E+00	  0.0000E+00	  0.0000E+00	  0.0000E+00	  0.0000E+00	  0.0000E+00	  0.0000E+00	  0.0000E+00	  0.0000E+00	  0.0000E+00	  0.0000E+00	  0.0000E+00	  0.0000E+00	  0.0000E+00	  0.0000E+00	  0.0000E+00	  0.0000E+00	  0.0000E+00	  0.0000E+00	  0.0000E+00	  0.0000E+00	  0.0000E+00	  0.0000E+00	  0.0000E+00	  0.0000E+00	  0.0000E+00	  0.0000E+00	  0.0000E+00	  0.0000E+00	  0.0000E+00	  0.0000E+00	  0.0000E+00	  0.0000E+00	  0.0000E+00	  0.0000E+00	  0.0000E+00	  0.0000E+00	  0.0000E+00	  0.0000E+00	  0.0000E+00	  0.0000E+00	  0.0000E+00	  0.0000E+00	  0.0000E+00	  0.0000E+00	  0.0000E+00	  0.0000E+00	  0.0000E+00	  0.0000E+00	  0.0000E+00	  0.0000E+00	  0.0000E+00	  0.0000E+00	  0.0000E+00	  0.0000E+00	  0.0000E+00	  0.0000E+00	  0.0000E+00	  0.0000E+00	  0.0000E+00	  0.0000E+00	  0.0000E+00	  0.0000E+00	  0.0000E+00	  0.0000E+00	  0.0000E+00	  0.0000E+00
  0.0000E+00	  0.0000E+00	  0.0000E+00	  0.0000E+00	  0.0000E+00	  0.0000E+00	  0.0000E+00	  0.0000E+00	  0.0000E+00	  0.0000E+00	  0.0000E+00	  0.0000E+00	  0.0000E+00	  0.0000E+00	  0.0000E+00	  0.0000E+00	  0.0000E+00	  0.0000E+00	  0.0000E+00	  0.0000E+00	  0.0000E+00	  0.0000E+00	  0.0000E+00	  0.0000E+00	  0.0000E+00	  0.0000E+00	  0.0000E+00	  0.0000E+00	  0.0000E+00	  0.0000E+00	  0.0000E+00	  0.0000E+00	  0.0000E+00	  0.0000E+00	  0.0000E+00	  0.0000E+00	  0.0000E+00	  0.0000E+00	  0.0000E+00	  0.0000E+00	  0.0000E+00	  0.0000E+00	  0.0000E+00	  0.0000E+00	  0.0000E+00	  0.0000E+00	  0.0000E+00	  0.0000E+00	  0.0000E+00	  0.0000E+00	  0.0000E+00	  0.0000E+00	  0.0000E+00	  0.0000E+00	  0.0000E+00	  0.0000E+00	  0.0000E+00	  0.0000E+00	  0.0000E+00	  0.0000E+00	  0.0000E+00	  0.0000E+00	  0.0000E+00	  0.0000E+00	  0.0000E+00	  0.0000E+00	  0.0000E+00	  0.0000E+00	  0.0000E+00	  0.0000E+00	  0.0000E+00	  0.0000E+00	  0.0000E+00	  0.0000E+00	  0.0000E+00	  0.0000E+00	  0.0000E+00	  0.0000E+00	  0.0000E+00	  0.0000E+00	  0.0000E+00	  0.0000E+00	  0.0000E+00	  0.0000E+00	  0.0000E+00	  0.0000E+00	  0.0000E+00	  0.0000E+00	  0.0000E+00	  0.0000E+00	  0.0000E+00	  0.0000E+00	  0.0000E+00	  0.0000E+00	  0.0000E+00	  0.0000E+00	  0.0000E+00	  0.0000E+00	  0.0000E+00	  0.0000E+00	  0.0000E+00	  0.0000E+00	  0.0000E+00	  0.0000E+00	  0.0000E+00	  0.0000E+00	  0.0000E+00	  0.0000E+00	  0.0000E+00	  0.0000E+00	  0.0000E+00	  0.0000E+00	  0.0000E+00	  0.0000E+00	  0.0000E+00	  0.0000E+00	  0.0000E+00	  0.0000E+00	  0.0000E+00	  0.0000E+00	  0.0000E+00	  0.0000E+00	  0.0000E+00	  0.0000E+00	  0.0000E+00	  0.0000E+00	  0.0000E+00	  0.0000E+00
  0.0000E+00	  0.0000E+00	  0.0000E+00	  0.0000E+00	  0.0000E+00	  0.0000E+00	  0.0000E+00	  0.0000E+00	  0.0000E+00	  0.0000E+00	  0.0000E+00	  0.0000E+00	  0.0000E+00	  0.0000E+00	  0.0000E+00	  0.0000E+00	  0.0000E+00	  0.0000E+00	  0.0000E+00	  0.0000E+00	  0.0000E+00	  0.0000E+00	  0.0000E+00	  0.0000E+00	  0.0000E+00	  0.0000E+00	  0.0000E+00	  0.0000E+00	  0.0000E+00	  0.0000E+00	  0.0000E+00	  0.0000E+00	  0.0000E+00	  0.0000E+00	  0.0000E+00	  0.0000E+00	  0.0000E+00	  0.0000E+00	  0.0000E+00	  0.0000E+00	  0.0000E+00	  0.0000E+00	  0.0000E+00	  0.0000E+00	  0.0000E+00	  0.0000E+00	  0.0000E+00	  0.0000E+00	  0.0000E+00	  0.0000E+00	  0.0000E+00	  0.0000E+00	  0.0000E+00	  0.0000E+00	  0.0000E+00	  0.0000E+00	  0.0000E+00	  0.0000E+00	  0.0000E+00	  0.0000E+00	  0.0000E+00	  0.0000E+00	  0.0000E+00	  0.0000E+00	  0.0000E+00	  0.0000E+00	  0.0000E+00	  0.0000E+00	  0.0000E+00	  0.0000E+00	  0.0000E+00	  0.0000E+00	  0.0000E+00	  0.0000E+00	  0.0000E+00	  0.0000E+00	  0.0000E+00	  0.0000E+00	  0.0000E+00	  0.0000E+00	  0.0000E+00	  0.0000E+00	  0.0000E+00	  0.0000E+00	  0.0000E+00	  0.0000E+00	  0.0000E+00	  0.0000E+00	  0.0000E+00	  0.0000E+00	  0.0000E+00	  0.0000E+00	  0.0000E+00	  0.0000E+00	  0.0000E+00	  0.0000E+00	  0.0000E+00	  0.0000E+00	  0.0000E+00	  0.0000E+00	  0.0000E+00	  0.0000E+00	  0.0000E+00	  0.0000E+00	  0.0000E+00	  0.0000E+00	  0.0000E+00	  0.0000E+00	  0.0000E+00	  0.0000E+00	  0.0000E+00	  0.0000E+00	  0.0000E+00	  0.0000E+00	  0.0000E+00	  0.0000E+00	  0.0000E+00	  0.0000E+00	  0.0000E+00	  0.0000E+00	  0.0000E+00	  0.0000E+00	  0.0000E+00	  0.0000E+00	  0.0000E+00	  0.0000E+00	  0.0000E+00	  0.0000E+00
  0.0000E+00	  0.0000E+00	  0.0000E+00	  0.0000E+00	  0.0000E+00	  0.0000E+00	  0.0000E+00	  0.0000E+00	  0.0000E+00	  0.0000E+00	  0.0000E+00	  0.0000E+00	  0.0000E+00	  0.0000E+00	  0.0000E+00	  0.0000E+00	  0.0000E+00	  0.0000E+00	  0.0000E+00	  0.0000E+00	  0.0000E+00	  0.0000E+00	  0.0000E+00	  0.0000E+00	  0.0000E+00	  0.0000E+00	  0.0000E+00	  0.0000E+00	  0.0000E+00	  0.0000E+00	  0.0000E+00	  0.0000E+00	  0.0000E+00	  0.0000E+00	  0.0000E+00	  0.0000E+00	  0.0000E+00	  0.0000E+00	  0.0000E+00	  0.0000E+00	  0.0000E+00	  0.0000E+00	  0.0000E+00	  0.0000E+00	  0.0000E+00	  0.0000E+00	  0.0000E+00	  0.0000E+00	  0.0000E+00	  0.0000E+00	  0.0000E+00	  0.0000E+00	  0.0000E+00	  0.0000E+00	  0.0000E+00	  0.0000E+00	  0.0000E+00	  0.0000E+00	  0.0000E+00	  0.0000E+00	  0.0000E+00	  0.0000E+00	  0.0000E+00	  0.0000E+00	  0.0000E+00	  0.0000E+00	  0.0000E+00	  0.0000E+00	  0.0000E+00	  0.0000E+00	  0.0000E+00	  0.0000E+00	  0.0000E+00	  0.0000E+00	  0.0000E+00	  0.0000E+00	  0.0000E+00	  0.0000E+00	  0.0000E+00	  0.0000E+00	  0.0000E+00	  0.0000E+00	  0.0000E+00	  0.0000E+00	  0.0000E+00	  0.0000E+00	  0.0000E+00	  0.0000E+00	  0.0000E+00	  0.0000E+00	  0.0000E+00	  0.0000E+00	  0.0000E+00	  0.0000E+00	  0.0000E+00	  0.0000E+00	  0.0000E+00	  0.0000E+00	  0.0000E+00	  0.0000E+00	  0.0000E+00	  0.0000E+00	  0.0000E+00	  0.0000E+00	  0.0000E+00	  0.0000E+00	  0.0000E+00	  0.0000E+00	  0.0000E+00	  0.0000E+00	  0.0000E+00	  0.0000E+00	  0.0000E+00	  0.0000E+00	  0.0000E+00	  0.0000E+00	  0.0000E+00	  0.0000E+00	  0.0000E+00	  0.0000E+00	  0.0000E+00	  0.0000E+00	  0.0000E+00	  0.0000E+00	  0.0000E+00	  0.0000E+00	  0.0000E+00	  0.0000E+00
  0.0000E+00	  0.0000E+00	  0.0000E+00	  0.0000E+00	  0.0000E+00	  0.0000E+00	  0.0000E+00	  0.0000E+00	  0.0000E+00	  0.0000E+00	  0.0000E+00	  0.0000E+00	  0.0000E+00	  0.0000E+00	  0.0000E+00	  0.0000E+00	  0.0000E+00	  0.0000E+00	  0.0000E+00	  0.0000E+00	  0.0000E+00	  0.0000E+00	  0.0000E+00	  0.0000E+00	  0.0000E+00	  0.0000E+00	  0.0000E+00	  0.0000E+00	  0.0000E+00	  0.0000E+00	  0.0000E+00	  0.0000E+00	  0.0000E+00	  0.0000E+00	  0.0000E+00	  0.0000E+00	  0.0000E+00	  0.0000E+00	  0.0000E+00	  0.0000E+00	  0.0000E+00	  0.0000E+00	  0.0000E+00	  0.0000E+00	  0.0000E+00	  0.0000E+00	  0.0000E+00	  0.0000E+00	  0.0000E+00	  0.0000E+00	  0.0000E+00	  0.0000E+00	  0.0000E+00	  0.0000E+00	  0.0000E+00	  0.0000E+00	  0.0000E+00	  0.0000E+00	  0.0000E+00	  0.0000E+00	  0.0000E+00	  0.0000E+00	  0.0000E+00	  0.0000E+00	  0.0000E+00	  0.0000E+00	  0.0000E+00	  0.0000E+00	  0.0000E+00	  0.0000E+00	  0.0000E+00	  0.0000E+00	  0.0000E+00	  0.0000E+00	  0.0000E+00	  0.0000E+00	  0.0000E+00	  0.0000E+00	  0.0000E+00	  0.0000E+00	  0.0000E+00	  0.0000E+00	  0.0000E+00	  0.0000E+00	  0.0000E+00	  0.0000E+00	  0.0000E+00	  0.0000E+00	  0.0000E+00	  0.0000E+00	  0.0000E+00	  0.0000E+00	  0.0000E+00	  0.0000E+00	  0.0000E+00	  0.0000E+00	  0.0000E+00	  0.0000E+00	  0.0000E+00	  0.0000E+00	  0.0000E+00	  0.0000E+00	  0.0000E+00	  0.0000E+00	  0.0000E+00	  0.0000E+00	  0.0000E+00	  0.0000E+00	  0.0000E+00	  0.0000E+00	  0.0000E+00	  0.0000E+00	  0.0000E+00	  0.0000E+00	  0.0000E+00	  0.0000E+00	  0.0000E+00	  0.0000E+00	  0.0000E+00	  0.0000E+00	  0.0000E+00	  0.0000E+00	  0.0000E+00	  0.0000E+00	  0.0000E+00	  0.0000E+00	  0.0000E+00	  0.0000E+00
  0.0000E+00	  0.0000E+00	  0.0000E+00	  0.0000E+00	  0.0000E+00	  0.0000E+00	  0.0000E+00	  0.0000E+00	  0.0000E+00	  0.0000E+00	  0.0000E+00	  0.0000E+00	  0.0000E+00	  0.0000E+00	  0.0000E+00	  0.0000E+00	  0.0000E+00	  0.0000E+00	  0.0000E+00	  0.0000E+00	  0.0000E+00	  0.0000E+00	  0.0000E+00	  0.0000E+00	  0.0000E+00	  0.0000E+00	  0.0000E+00	  0.0000E+00	  0.0000E+00	  0.0000E+00	  0.0000E+00	  0.0000E+00	  0.0000E+00	  0.0000E+00	  0.0000E+00	  0.0000E+00	  0.0000E+00	  0.0000E+00	  0.0000E+00	  0.0000E+00	  0.0000E+00	  0.0000E+00	  0.0000E+00	  0.0000E+00	  0.0000E+00	  0.0000E+00	  0.0000E+00	  0.0000E+00	  0.0000E+00	  0.0000E+00	  0.0000E+00	  0.0000E+00	  0.0000E+00	  0.0000E+00	  0.0000E+00	  0.0000E+00	  0.0000E+00	  0.0000E+00	  0.0000E+00	  0.0000E+00	  0.0000E+00	  0.0000E+00	  0.0000E+00	  0.0000E+00	  0.0000E+00	  0.0000E+00	  0.0000E+00	  0.0000E+00	  0.0000E+00	  0.0000E+00	  0.0000E+00	  0.0000E+00	  0.0000E+00	  0.0000E+00	  0.0000E+00	  0.0000E+00	  0.0000E+00	  0.0000E+00	  0.0000E+00	  0.0000E+00	  0.0000E+00	  0.0000E+00	  0.0000E+00	  0.0000E+00	  0.0000E+00	  0.0000E+00	  0.0000E+00	  0.0000E+00	  0.0000E+00	  0.0000E+00	  0.0000E+00	  0.0000E+00	  0.0000E+00	  0.0000E+00	  0.0000E+00	  0.0000E+00	  0.0000E+00	  0.0000E+00	  0.0000E+00	  0.0000E+00	  0.0000E+00	  0.0000E+00	  0.0000E+00	  0.0000E+00	  0.0000E+00	  0.0000E+00	  0.0000E+00	  0.0000E+00	  0.0000E+00	  0.0000E+00	  0.0000E+00	  0.0000E+00	  0.0000E+00	  0.0000E+00	  0.0000E+00	  0.0000E+00	  0.0000E+00	  0.0000E+00	  0.0000E+00	  0.0000E+00	  0.0000E+00	  0.0000E+00	  0.0000E+00	  0.0000E+00	  0.0000E+00	  0.0000E+00	  0.0000E+00	  0.0000E+00
  0.0000E+00	  0.0000E+00	  0.0000E+00	  0.0000E+00	  0.0000E+00	  0.0000E+00	  0.0000E+00	  0.0000E+00	  0.0000E+00	  0.0000E+00	  0.0000E+00	  0.0000E+00	  0.0000E+00	  0.0000E+00	  0.0000E+00	  0.0000E+00	  0.0000E+00	  0.0000E+00	  0.0000E+00	  0.0000E+00	  0.0000E+00	  0.0000E+00	  0.0000E+00	  0.0000E+00	  0.0000E+00	  0.0000E+00	  0.0000E+00	  0.0000E+00	  0.0000E+00	  0.0000E+00	  0.0000E+00	  0.0000E+00	  0.0000E+00	  0.0000E+00	  0.0000E+00	  0.0000E+00	  0.0000E+00	  0.0000E+00	  0.0000E+00	  0.0000E+00	  0.0000E+00	  0.0000E+00	  0.0000E+00	  0.0000E+00	  0.0000E+00	  0.0000E+00	  0.0000E+00	  0.0000E+00	  0.0000E+00	  0.0000E+00	  0.0000E+00	  0.0000E+00	  0.0000E+00	  0.0000E+00	  0.0000E+00	  0.0000E+00	  0.0000E+00	  0.0000E+00	  0.0000E+00	  0.0000E+00	  0.0000E+00	  0.0000E+00	  0.0000E+00	  0.0000E+00	  0.0000E+00	  0.0000E+00	  0.0000E+00	  0.0000E+00	  0.0000E+00	  0.0000E+00	  0.0000E+00	  0.0000E+00	  0.0000E+00	  0.0000E+00	  0.0000E+00	  0.0000E+00	  0.0000E+00	  0.0000E+00	  0.0000E+00	  0.0000E+00	  0.0000E+00	  0.0000E+00	  0.0000E+00	  0.0000E+00	  0.0000E+00	  0.0000E+00	  0.0000E+00	  0.0000E+00	  0.0000E+00	  0.0000E+00	  0.0000E+00	  0.0000E+00	  0.0000E+00	  0.0000E+00	  0.0000E+00	  0.0000E+00	  0.0000E+00	  0.0000E+00	  0.0000E+00	  0.0000E+00	  0.0000E+00	  0.0000E+00	  0.0000E+00	  0.0000E+00	  0.0000E+00	  0.0000E+00	  0.0000E+00	  0.0000E+00	  0.0000E+00	  0.0000E+00	  0.0000E+00	  0.0000E+00	  0.0000E+00	  0.0000E+00	  0.0000E+00	  0.0000E+00	  0.0000E+00	  0.0000E+00	  0.0000E+00	  0.0000E+00	  0.0000E+00	  0.0000E+00	  0.0000E+00	  0.0000E+00	  0.0000E+00	  0.0000E+00	  0.0000E+00	  0.0000E+00
  0.0000E+00	  0.0000E+00	  0.0000E+00	  0.0000E+00	  0.0000E+00	  0.0000E+00	  0.0000E+00	  0.0000E+00	  0.0000E+00	  0.0000E+00	  0.0000E+00	  0.0000E+00	  0.0000E+00	  0.0000E+00	  0.0000E+00	  0.0000E+00	  0.0000E+00	  0.0000E+00	  0.0000E+00	  0.0000E+00	  0.0000E+00	  0.0000E+00	  0.0000E+00	  0.0000E+00	  0.0000E+00	  0.0000E+00	  0.0000E+00	  0.0000E+00	  0.0000E+00	  0.0000E+00	  0.0000E+00	  0.0000E+00	  0.0000E+00	  0.0000E+00	  0.0000E+00	  0.0000E+00	  0.0000E+00	  0.0000E+00	  0.0000E+00	  0.0000E+00	  0.0000E+00	  0.0000E+00	  0.0000E+00	  0.0000E+00	  0.0000E+00	  0.0000E+00	  0.0000E+00	  0.0000E+00	  0.0000E+00	  0.0000E+00	  0.0000E+00	  0.0000E+00	  0.0000E+00	  0.0000E+00	  0.0000E+00	  0.0000E+00	  0.0000E+00	  0.0000E+00	  0.0000E+00	  0.0000E+00	  0.0000E+00	  0.0000E+00	  0.0000E+00	  0.0000E+00	  0.0000E+00	  0.0000E+00	  0.0000E+00	  0.0000E+00	  0.0000E+00	  0.0000E+00	  0.0000E+00	  0.0000E+00	  0.0000E+00	  0.0000E+00	  0.0000E+00	  0.0000E+00	  0.0000E+00	  0.0000E+00	  0.0000E+00	  0.0000E+00	  0.0000E+00	  0.0000E+00	  0.0000E+00	  0.0000E+00	  0.0000E+00	  0.0000E+00	  0.0000E+00	  0.0000E+00	  0.0000E+00	  0.0000E+00	  0.0000E+00	  0.0000E+00	  0.0000E+00	  0.0000E+00	  0.0000E+00	  0.0000E+00	  0.0000E+00	  0.0000E+00	  0.0000E+00	  0.0000E+00	  0.0000E+00	  0.0000E+00	  0.0000E+00	  0.0000E+00	  0.0000E+00	  0.0000E+00	  0.0000E+00	  0.0000E+00	  0.0000E+00	  0.0000E+00	  0.0000E+00	  0.0000E+00	  0.0000E+00	  0.0000E+00	  0.0000E+00	  0.0000E+00	  0.0000E+00	  0.0000E+00	  0.0000E+00	  0.0000E+00	  0.0000E+00	  0.0000E+00	  0.0000E+00	  0.0000E+00	  0.0000E+00	  0.0000E+00	  0.0000E+00	  0.0000E+00
  0.0000E+00	  0.0000E+00	  0.0000E+00	  0.0000E+00	  0.0000E+00	  0.0000E+00	  0.0000E+00	  0.0000E+00	  0.0000E+00	  0.0000E+00	  0.0000E+00	  0.0000E+00	  0.0000E+00	  0.0000E+00	  0.0000E+00	  0.0000E+00	  0.0000E+00	  0.0000E+00	  0.0000E+00	  0.0000E+00	  0.0000E+00	  0.0000E+00	  0.0000E+00	  0.0000E+00	  0.0000E+00	  0.0000E+00	  0.0000E+00	  0.0000E+00	  0.0000E+00	  0.0000E+00	  0.0000E+00	  0.0000E+00	  0.0000E+00	  0.0000E+00	  0.0000E+00	  0.0000E+00	  0.0000E+00	  0.0000E+00	  0.0000E+00	  0.0000E+00	  0.0000E+00	  0.0000E+00	  0.0000E+00	  0.0000E+00	  0.0000E+00	  0.0000E+00	  0.0000E+00	  0.0000E+00	  0.0000E+00	  0.0000E+00	  0.0000E+00	  0.0000E+00	  0.0000E+00	  0.0000E+00	  0.0000E+00	  0.0000E+00	  0.0000E+00	  0.0000E+00	  0.0000E+00	  0.0000E+00	  0.0000E+00	  0.0000E+00	  0.0000E+00	  0.0000E+00	  0.0000E+00	  0.0000E+00	  0.0000E+00	  0.0000E+00	  0.0000E+00	  0.0000E+00	  0.0000E+00	  0.0000E+00	  0.0000E+00	  0.0000E+00	  0.0000E+00	  0.0000E+00	  0.0000E+00	  0.0000E+00	  0.0000E+00	  0.0000E+00	  0.0000E+00	  0.0000E+00	  0.0000E+00	  0.0000E+00	  0.0000E+00	  0.0000E+00	  0.0000E+00	  0.0000E+00	  0.0000E+00	  0.0000E+00	  0.0000E+00	  0.0000E+00	  0.0000E+00	  0.0000E+00	  0.0000E+00	  0.0000E+00	  0.0000E+00	  0.0000E+00	  0.0000E+00	  0.0000E+00	  0.0000E+00	  0.0000E+00	  0.0000E+00	  0.0000E+00	  0.0000E+00	  0.0000E+00	  0.0000E+00	  0.0000E+00	  0.0000E+00	  0.0000E+00	  0.0000E+00	  0.0000E+00	  0.0000E+00	  0.0000E+00	  0.0000E+00	  0.0000E+00	  0.0000E+00	  0.0000E+00	  0.0000E+00	  0.0000E+00	  0.0000E+00	  0.0000E+00	  0.0000E+00	  0.0000E+00	  0.0000E+00	  0.0000E+00	  0.0000E+00	  0.0000E+00
  0.0000E+00	  0.0000E+00	  0.0000E+00	  0.0000E+00	  0.0000E+00	  0.0000E+00	  0.0000E+00	  0.0000E+00	  0.0000E+00	  0.0000E+00	  0.0000E+00	  0.0000E+00	  0.0000E+00	  0.0000E+00	  0.0000E+00	  0.0000E+00	  0.0000E+00	  0.0000E+00	  0.0000E+00	  0.0000E+00	  0.0000E+00	  0.0000E+00	  0.0000E+00	  0.0000E+00	  0.0000E+00	  0.0000E+00	  0.0000E+00	  0.0000E+00	  0.0000E+00	  0.0000E+00	  0.0000E+00	  0.0000E+00	  0.0000E+00	  0.0000E+00	  0.0000E+00	  0.0000E+00	  0.0000E+00	  0.0000E+00	  0.0000E+00	  0.0000E+00	  0.0000E+00	  0.0000E+00	  0.0000E+00	  0.0000E+00	  0.0000E+00	  0.0000E+00	  1.8678E-01	  5.4636E-02	  0.0000E+00	  0.0000E+00	  0.0000E+00	  0.0000E+00	  0.0000E+00	  0.0000E+00	  0.0000E+00	  0.0000E+00	  0.0000E+00	  0.0000E+00	  0.0000E+00	  0.0000E+00	  0.0000E+00	  0.0000E+00	  5.9595E-01	  1.4986E-01	  0.0000E+00	  0.0000E+00	  0.0000E+00	  0.0000E+00	  0.0000E+00	  0.0000E+00	  0.0000E+00	  0.0000E+00	  3.3849E-01	  1.4794E-01	  0.0000E+00	  0.0000E+00	  0.0000E+00	  0.0000E+00	  0.0000E+00	  0.0000E+00	  0.0000E+00	  0.0000E+00	  0.0000E+00	  0.0000E+00	  0.0000E+00	  0.0000E+00	  0.0000E+00	  0.0000E+00	  0.0000E+00	  0.0000E+00	  0.0000E+00	  0.0000E+00	  0.0000E+00	  0.0000E+00	  0.0000E+00	  0.0000E+00	  0.0000E+00	  0.0000E+00	  0.0000E+00	  0.0000E+00	  0.0000E+00	  0.0000E+00	  0.0000E+00	  0.0000E+00	  0.0000E+00	  0.0000E+00	  0.0000E+00	  0.0000E+00	  0.0000E+00	  0.0000E+00	  0.0000E+00	  0.0000E+00	  0.0000E+00	  0.0000E+00	  0.0000E+00	  0.0000E+00	  0.0000E+00	  0.0000E+00	  0.0000E+00	  0.0000E+00	  0.0000E+00	  0.0000E+00	  0.0000E+00	  0.0000E+00	  0.0000E+00	  0.0000E+00	  0.0000E+00	  0.0000E+00
  0.0000E+00	  0.0000E+00	  0.0000E+00	  0.0000E+00	  0.0000E+00	  0.0000E+00	  0.0000E+00	  0.0000E+00	  0.0000E+00	  0.0000E+00	  0.0000E+00	  0.0000E+00	  0.0000E+00	  0.0000E+00	  0.0000E+00	  0.0000E+00	  0.0000E+00	  0.0000E+00	  0.0000E+00	  0.0000E+00	  0.0000E+00	  0.0000E+00	  0.0000E+00	  0.0000E+00	  0.0000E+00	  0.0000E+00	  0.0000E+00	  0.0000E+00	  0.0000E+00	  0.0000E+00	  0.0000E+00	  0.0000E+00	  0.0000E+00	  0.0000E+00	  0.0000E+00	  0.0000E+00	  0.0000E+00	  0.0000E+00	  0.0000E+00	  0.0000E+00	  0.0000E+00	  0.0000E+00	  0.0000E+00	  0.0000E+00	  0.0000E+00	  0.0000E+00	  5.8627E-01	  1.7149E-01	  0.0000E+00	  0.0000E+00	  0.0000E+00	  0.0000E+00	  0.0000E+00	  0.0000E+00	  0.0000E+00	  0.0000E+00	  5.7632E-02	  1.8089E-01	  0.0000E+00	  0.0000E+00	  0.0000E+00	  2.1253E-01	  1.5950E+00	  5.0911E-02	  1.0036E-01	  8.2135E-01	  2.0478E-01	  2.9634E-01	  1.0035E+00	  1.1904E+00	  2.5594E-01	  1.3457E-01	  1.5069E+00	  7.2996E-01	  1.2182E-01	  5.4293E-01	  3.2005E-01	  0.0000E+00	  2.3754E-02	  4.6818E-01	  1.0477E-01	  8.5828E-02	  0.0000E+00	  0.0000E+00	  0.0000E+00	  0.0000E+00	  0.0000E+00	  0.0000E+00	  0.0000E+00	  0.0000E+00	  0.0000E+00	  0.0000E+00	  0.0000E+00	  0.0000E+00	  0.0000E+00	  0.0000E+00	  0.0000E+00	  0.0000E+00	  0.0000E+00	  0.0000E+00	  0.0000E+00	  0.0000E+00	  0.0000E+00	  0.0000E+00	  0.0000E+00	  0.0000E+00	  0.0000E+00	  0.0000E+00	  0.0000E+00	  0.0000E+00	  0.0000E+00	  0.0000E+00	  0.0000E+00	  0.0000E+00	  0.0000E+00	  0.0000E+00	  0.0000E+00	  0.0000E+00	  0.0000E+00	  0.0000E+00	  0.0000E+00	  0.0000E+00	  0.0000E+00	  0.0000E+00	  0.0000E+00	  0.0000E+00	  0.0000E+00	  0.0000E+00
  0.0000E+00	  0.0000E+00	  0.0000E+00	  0.0000E+00	  0.0000E+00	  0.0000E+00	  0.0000E+00	  0.0000E+00	  0.0000E+00	  0.0000E+00	  0.0000E+00	  0.0000E+00	  0.0000E+00	  0.0000E+00	  0.0000E+00	  0.0000E+00	  0.0000E+00	  0.0000E+00	  0.0000E+00	  0.0000E+00	  0.0000E+00	  0.0000E+00	  0.0000E+00	  0.0000E+00	  0.0000E+00	  0.0000E+00	  0.0000E+00	  0.0000E+00	  0.0000E+00	  0.0000E+00	  0.0000E+00	  0.0000E+00	  0.0000E+00	  0.0000E+00	  0.0000E+00	  0.0000E+00	  0.0000E+00	  0.0000E+00	  0.0000E+00	  0.0000E+00	  0.0000E+00	  0.0000E+00	  0.0000E+00	  0.0000E+00	  0.0000E+00	  0.0000E+00	  0.0000E+00	  1.8357E-01	  2.8802E-01	  6.1956E-01	  1.1894E+00	  1.0656E+00	  0.0000E+00	  0.0000E+00	  2.9396E-02	  2.4831E-01	  1.1007E+00	  9.0948E-01	  1.2832E+00	  9.5105E-01	  3.0284E+00	  2.5253E+00	  4.7430E+00	  1.0569E+00	  2.7081E+00	  4.7363E+00	  2.1379E+00	  5.5842E+00	  8.9203E+00	  5.6638E+00	  3.5852E+00	  4.1283E+00	  3.9406E+00	  3.1335E+00	  1.9420E+00	  3.2162E+00	  1.2013E+00	  5.8346E-01	  9.5161E-01	  3.0890E+00	  1.7681E+00	  7.1898E-01	  4.7884E-01	  5.3654E-01	  3.5490E-01	  0.0000E+00	  0.0000E+00	  0.0000E+00	  0.0000E+00	  0.0000E+00	  0.0000E+00	  2.0529E-02	  1.8246E-02	  0.0000E+00	  0.0000E+00	  0.0000E+00	  0.0000E+00	  0.0000E+00	  0.0000E+00	  0.0000E+00	  0.0000E+00	  0.0000E+00	  0.0000E+00	  0.0000E+00	  0.0000E+00	  0.0000E+00	  0.0000E+00	  0.0000E+00	  0.0000E+00	  0.0000E+00	  0.0000E+00	  0.0000E+00	  0.0000E+00	  0.0000E+00	  0.0000E+00	  0.0000E+00	  0.0000E+00	  0.0000E+00	  0.0000E+00	  0.0000E+00	  0.0000E+00	  0.0000E+00	  0.0000E+00	  0.0000E+00	  0.0000E+00	  0.0000E+00	  0.0000E+00	  0.0000E+00
  0.0000E+00	  0.0000E+00	  0.0000E+00	  0.0000E+00	  0.0000E+00	  0.0000E+00	  0.0000E+00	  0.0000E+00	  0.0000E+00	  0.0000E+00	  0.0000E+00	  0.0000E+00	  0.0000E+00	  0.0000E+00	  0.0000E+00	  0.0000E+00	  0.0000E+00	  0.0000E+00	  0.0000E+00	  0.0000E+00	  0.0000E+00	  0.0000E+00	  0.0000E+00	  0.0000E+00	  0.0000E+00	  0.0000E+00	  0.0000E+00	  0.0000E+00	  0.0000E+00	  0.0000E+00	  0.0000E+00	  0.0000E+00	  0.0000E+00	  0.0000E+00	  0.0000E+00	  0.0000E+00	  0.0000E+00	  0.0000E+00	  0.0000E+00	  0.0000E+00	  0.0000E+00	  0.0000E+00	  0.0000E+00	  0.0000E+00	  0.0000E+00	  0.0000E+00	  0.0000E+00	  5.0521E-01	  2.8690E-01	  3.9966E-01	  3.9343E+00	  7.0215E+00	  7.6344E-01	  5.4921E-01	  3.1761E+00	  2.7801E+00	  4.6244E+00	  5.9937E+00	  6.0023E+00	  8.1544E+00	  1.5150E+01	  1.3938E+01	  8.6755E+00	  7.3770E+00	  9.1628E+00	  1.5091E+01	  1.4685E+01	  1.9649E+01	  2.8013E+01	  1.9471E+01	  1.0815E+01	  1.4189E+01	  1.3954E+01	  7.4582E+00	  6.8282E+00	  1.4175E+01	  1.3124E+01	  6.1156E+00	  5.3770E+00	  7.2928E+00	  5.3695E+00	  2.2117E+00	  2.1800E+00	  1.0493E+00	  5.3362E-01	  1.0385E-01	  5.0980E-01	  7.6470E-01	  4.5345E-01	  4.7738E-01	  1.4218E-01	  1.9648E+00	  5.6175E-01	  0.0000E+00	  0.0000E+00	  0.0000E+00	  0.0000E+00	  0.0000E+00	  0.0000E+00	  0.0000E+00	  0.0000E+00	  0.0000E+00	  0.0000E+00	  0.0000E+00	  0.0000E+00	  0.0000E+00	  0.0000E+00	  0.0000E+00	  0.0000E+00	  0.0000E+00	  0.0000E+00	  0.0000E+00	  0.0000E+00	  0.0000E+00	  0.0000E+00	  0.0000E+00	  0.0000E+00	  0.0000E+00	  0.0000E+00	  0.0000E+00	  0.0000E+00	  0.0000E+00	  0.0000E+00	  0.0000E+00	  0.0000E+00	  0.0000E+00	  0.0000E+00	  0.0000E+00
  0.0000E+00	  0.0000E+00	  0.0000E+00	  0.0000E+00	  0.0000E+00	  0.0000E+00	  0.0000E+00	  0.0000E+00	  0.0000E+00	  0.0000E+00	  0.0000E+00	  0.0000E+00	  0.0000E+00	  0.0000E+00	  0.0000E+00	  0.0000E+00	  0.0000E+00	  0.0000E+00	  0.0000E+00	  0.0000E+00	  0.0000E+00	  0.0000E+00	  0.0000E+00	  0.0000E+00	  0.0000E+00	  0.0000E+00	  0.0000E+00	  0.0000E+00	  0.0000E+00	  0.0000E+00	  0.0000E+00	  0.0000E+00	  0.0000E+00	  0.0000E+00	  0.0000E+00	  0.0000E+00	  0.0000E+00	  0.0000E+00	  0.0000E+00	  0.0000E+00	  0.0000E+00	  0.0000E+00	  0.0000E+00	  0.0000E+00	  0.0000E+00	  0.0000E+00	  1.2624E+00	  9.3677E-01	  1.5363E+00	  1.6644E+00	  6.2553E+00	  6.6687E+00	  5.0347E+00	  1.0384E+01	  1.0974E+01	  1.3800E+01	  2.2520E+01	  2.7500E+01	  3.0552E+01	  3.4422E+01	  3.8148E+01	  3.7758E+01	  3.3535E+01	  3.6539E+01	  3.0501E+01	  3.9179E+01	  4.2804E+01	  4.3089E+01	  4.6323E+01	  4.8915E+01	  4.0506E+01	  3.7834E+01	  4.0588E+01	  4.0433E+01	  3.9709E+01	  4.4302E+01	  3.7707E+01	  2.4979E+01	  1.7844E+01	  1.7634E+01	  1.9573E+01	  1.8630E+01	  1.0491E+01	  9.2744E+00	  4.0564E+00	  3.6791E+00	  6.0596E+00	  6.3023E+00	  4.2441E+00	  1.9182E+00	  1.8511E+00	  3.0556E+00	  3.4075E-01	  3.9339E-01	  2.2765E-01	  0.0000E+00	  0.0000E+00	  0.0000E+00	  0.0000E+00	  0.0000E+00	  0.0000E+00	  0.0000E+00	  0.0000E+00	  0.0000E+00	  0.0000E+00	  0.0000E+00	  0.0000E+00	  0.0000E+00	  0.0000E+00	  0.0000E+00	  0.0000E+00	  0.0000E+00	  0.0000E+00	  0.0000E+00	  0.0000E+00	  0.0000E+00	  0.0000E+00	  0.0000E+00	  0.0000E+00	  0.0000E+00	  0.0000E+00	  0.0000E+00	  0.0000E+00	  0.0000E+00	  0.0000E+00	  0.0000E+00	  0.0000E+00	  0.0000E+00
  0.0000E+00	  0.0000E+00	  0.0000E+00	  0.0000E+00	  0.0000E+00	  0.0000E+00	  0.0000E+00	  0.0000E+00	  0.0000E+00	  0.0000E+00	  0.0000E+00	  0.0000E+00	  0.0000E+00	  0.0000E+00	  0.0000E+00	  0.0000E+00	  0.0000E+00	  0.0000E+00	  0.0000E+00	  0.0000E+00	  0.0000E+00	  0.0000E+00	  0.0000E+00	  0.0000E+00	  0.0000E+00	  0.0000E+00	  0.0000E+00	  0.0000E+00	  0.0000E+00	  0.0000E+00	  0.0000E+00	  0.0000E+00	  0.0000E+00	  0.0000E+00	  0.0000E+00	  0.0000E+00	  0.0000E+00	  0.0000E+00	  0.0000E+00	  0.0000E+00	  0.0000E+00	  0.0000E+00	  5.5735E-02	  1.0189E+00	  2.5833E-01	  2.9666E+00	  6.6365E+00	  4.4684E+00	  7.4146E+00	  1.3669E+01	  1.6031E+01	  2.4914E+01	  2.7810E+01	  2.9708E+01	  3.7248E+01	  4.7804E+01	  6.5578E+01	  6.9514E+01	  7.8603E+01	  8.8813E+01	  8.8715E+01	  1.0255E+02	  9.1652E+01	  1.0964E+02	  9.8401E+01	  1.0016E+02	  1.1714E+02	  1.0893E+02	  9.7523E+01	  9.7409E+01	  1.1918E+02	  1.1064E+02	  1.0944E+02	  1.2626E+02	  1.1740E+02	  9.8337E+01	  7.8626E+01	  7.2463E+01	  6.0982E+01	  5.0688E+01	  5.5037E+01	  5.0014E+01	  3.7456E+01	  3.5474E+01	  3.4372E+01	  2.4089E+01	  1.8116E+01	  1.3783E+01	  8.9021E+00	  1.1629E+01	  5.4394E+00	  4.3737E+00	  2.6183E+00	  2.1578E+00	  1.0904E+00	  3.0114E-03	  0.0000E+00	  0.0000E+00	  0.0000E+00	  0.0000E+00	  0.0000E+00	  0.0000E+00	  0.0000E+00	  0.0000E+00	  0.0000E+00	  0.0000E+00	  0.0000E+00	  0.0000E+00	  0.0000E+00	  0.0000E+00	  0.0000E+00	  0.0000E+00	  0.0000E+00	  0.0000E+00	  0.0000E+00	  0.0000E+00	  0.0000E+00	  0.0000E+00	  0.0000E+00	  0.0000E+00	  0.0000E+00	  0.0000E+00	  0.0000E+00	  0.0000E+00	  0.0000E+00	  0.0000E+00	  0.0000E+00	  0.0000E+00
  0.0000E+00	  0.0000E+00	  0.0000E+00	  0.0000E+00	  0.0000E+00	  0.0000E+00	  0.0000E+00	  0.0000E+00	  0.0000E+00	  0.0000E+00	  0.0000E+00	  0.0000E+00	  0.0000E+00	  0.0000E+00	  0.0000E+00	  0.0000E+00	  0.0000E+00	  0.0000E+00	  0.0000E+00	  0.0000E+00	  0.0000E+00	  0.0000E+00	  0.0000E+00	  0.0000E+00	  0.0000E+00	  0.0000E+00	  0.0000E+00	  0.0000E+00	  0.0000E+00	  0.0000E+00	  0.0000E+00	  0.0000E+00	  0.0000E+00	  0.0000E+00	  0.0000E+00	  0.0000E+00	  0.0000E+00	  0.0000E+00	  0.0000E+00	  0.0000E+00	  3.7796E-02	  2.2000E-01	  2.3469E+00	  4.2608E+00	  5.7780E+00	  1.4284E+01	  1.7640E+01	  1.9455E+01	  3.7601E+01	  4.4129E+01	  5.3898E+01	  6.4257E+01	  7.5951E+01	  8.6108E+01	  9.1206E+01	  1.1709E+02	  1.4801E+02	  1.5060E+02	  1.5626E+02	  2.0663E+02	  2.1090E+02	  2.0435E+02	  1.8949E+02	  1.9952E+02	  2.1239E+02	  2.1899E+02	  2.2793E+02	  2.2929E+02	  2.2076E+02	  1.9808E+02	  1.8860E+02	  2.1239E+02	  2.3726E+02	  2.3183E+02	  2.2659E+02	  2.0294E+02	  1.8562E+02	  1.7633E+02	  1.6309E+02	  1.5627E+02	  1.2909E+02	  1.2720E+02	  1.0764E+02	  8.6125E+01	  8.1946E+01	  6.8354E+01	  6.2694E+01	  3.0698E+01	  2.4754E+01	  2.5401E+01	  1.6056E+01	  1.0772E+01	  7.6196E+00	  3.2567E+00	  2.8020E+00	  9.1129E-01	  1.9947E-01	  0.0000E+00	  1.2305E-01	  9.7302E-03	  0.0000E+00	  0.0000E+00	  0.0000E+00	  0.0000E+00	  0.0000E+00	  0.0000E+00	  0.0000E+00	  0.0000E+00	  0.0000E+00	  0.0000E+00	  0.0000E+00	  0.0000E+00	  0.0000E+00	  0.0000E+00	  0.0000E+00	  0.0000E+00	  0.0000E+00	  0.0000E+00	  0.0000E+00	  0.0000E+00	  0.0000E+00	  0.0000E+00	  0.0000E+00	  0.0000E+00	  0.0000E+00	  0.0000E+00	  0.0000E+00	  0.0000E+00
  0.0000E+00	  0.0000E+00	  0.0000E+00	  0.0000E+00	  0.0000E+00	  0.0000E+00	  0.0000E+00	  0.0000E+00	  0.0000E+00	  0.0000E+00	  0.0000E+00	  0.0000E+00	  0.0000E+00	  0.0000E+00	  0.0000E+00	  0.0000E+00	  0.0000E+00	  0.0000E+00	  0.0000E+00	  0.0000E+00	  0.0000E+00	  0.0000E+00	  0.0000E+00	  0.0000E+00	  0.0000E+00	  0.0000E+00	  0.0000E+00	  0.0000E+00	  0.0000E+00	  0.0000E+00	  0.0000E+00	  0.0000E+00	  0.0000E+00	  0.0000E+00	  0.0000E+00	  0.0000E+00	  0.0000E+00	  0.0000E+00	  0.0000E+00	  4.7383E-03	  1.3779E+00	  6.7907E+00	  6.7614E+00	  1.3349E+01	  2.4766E+01	  4.0042E+01	  4.8796E+01	  6.2661E+01	  9.3181E+01	  1.0291E+02	  1.3839E+02	  1.5617E+02	  1.6843E+02	  2.0059E+02	  2.3242E+02	  2.4926E+02	  2.6294E+02	  2.8278E+02	  2.9027E+02	  3.0490E+02	  3.1668E+02	  3.2220E+02	  3.3301E+02	  3.0733E+02	  3.4999E+02	  3.7808E+02	  3.2874E+02	  3.8327E+02	  3.3049E+02	  2.7369E+02	  2.8021E+02	  3.2712E+02	  3.3516E+02	  3.3199E+02	  3.2689E+02	  3.2526E+02	  3.4659E+02	  3.2625E+02	  2.9815E+02	  3.0928E+02	  2.7595E+02	  2.1808E+02	  1.9784E+02	  1.8851E+02	  1.7246E+02	  1.6455E+02	  1.3802E+02	  9.3944E+01	  7.2330E+01	  5.8078E+01	  4.3320E+01	  3.4350E+01	  1.4607E+01	  1.4816E+01	  1.2023E+01	  3.8524E+00	  2.2707E+00	  1.8964E-01	  1.4468E+00	  7.1386E-02	  0.0000E+00	  0.0000E+00	  0.0000E+00	  0.0000E+00	  0.0000E+00	  0.0000E+00	  0.0000E+00	  0.0000E+00	  0.0000E+00	  0.0000E+00	  0.0000E+00	  0.0000E+00	  0.0000E+00	  0.0000E+00	  0.0000E+00	  0.0000E+00	  0.0000E+00	  0.0000E+00	  0.0000E+00	  0.0000E+00	  0.0000E+00	  0.0000E+00	  0.0000E+00	  0.0000E+00	  0.0000E+00	  0.0000E+00	  0.0000E+00	  0.0000E+00
  0.0000E+00	  0.0000E+00	  0.0000E+00	  0.0000E+00	  0.0000E+00	  0.0000E+00	  0.0000E+00	  0.0000E+00	  0.0000E+00	  0.0000E+00	  0.0000E+00	  0.0000E+00	  0.0000E+00	  0.0000E+00	  0.0000E+00	  0.0000E+00	  0.0000E+00	  0.0000E+00	  0.0000E+00	  0.0000E+00	  0.0000E+00	  0.0000E+00	  0.0000E+00	  0.0000E+00	  0.0000E+00	  0.0000E+00	  0.0000E+00	  0.0000E+00	  0.0000E+00	  0.0000E+00	  0.0000E+00	  0.0000E+00	  0.0000E+00	  0.0000E+00	  0.0000E+00	  0.0000E+00	  7.3943E-03	  4.5986E-02	  1.9061E-01	  1.9046E+00	  8.3491E+00	  1.2465E+01	  1.8615E+01	  3.7838E+01	  6.1856E+01	  8.4156E+01	  1.1656E+02	  1.4455E+02	  1.6530E+02	  2.1137E+02	  2.7686E+02	  3.0205E+02	  3.2190E+02	  3.4839E+02	  3.7739E+02	  4.0344E+02	  4.0282E+02	  4.2417E+02	  4.4554E+02	  4.4013E+02	  4.4898E+02	  4.4573E+02	  4.3471E+02	  4.2402E+02	  4.3145E+02	  4.8733E+02	  4.7882E+02	  5.1469E+02	  4.8841E+02	  4.2065E+02	  4.3602E+02	  4.3311E+02	  4.2343E+02	  3.9952E+02	  4.2536E+02	  4.3353E+02	  4.8394E+02	  4.4650E+02	  4.3995E+02	  4.0797E+02	  3.8202E+02	  3.3731E+02	  3.1401E+02	  2.8853E+02	  3.0624E+02	  2.9031E+02	  2.5824E+02	  2.2963E+02	  1.8232E+02	  1.1025E+02	  8.7120E+01	  7.0857E+01	  5.0879E+01	  4.0130E+01	  2.5820E+01	  1.1281E+01	  4.8839E+00	  2.6047E+00	  1.8780E+00	  8.3700E-03	  0.0000E+00	  0.0000E+00	  0.0000E+00	  0.0000E+00	  0.0000E+00	  0.0000E+00	  0.0000E+00	  0.0000E+00	  0.0000E+00	  0.0000E+00	  0.0000E+00	  0.0000E+00	  0.0000E+00	  0.0000E+00	  0.0000E+00	  0.0000E+00	  0.0000E+00	  0.0000E+00	  0.0000E+00	  0.0000E+00	  0.0000E+00	  0.0000E+00	  0.0000E+00	  0.0000E+00	  0.0000E+00	  0.0000E+00	  0.0000E+00	  0.0000E+00
  0.0000E+00	  0.0000E+00	  0.0000E+00	  0.0000E+00	  0.0000E+00	  0.0000E+00	  0.0000E+00	  0.0000E+00	  0.0000E+00	  0.0000E+00	  0.0000E+00	  0.0000E+00	  0.0000E+00	  0.0000E+00	  0.0000E+00	  0.0000E+00	  0.0000E+00	  0.0000E+00	  0.0000E+00	  0.0000E+00	  0.0000E+00	  0.0000E+00	  0.0000E+00	  0.0000E+00	  0.0000E+00	  0.0000E+00	  0.0000E+00	  0.0000E+00	  0.0000E+00	  0.0000E+00	  0.0000E+00	  0.0000E+00	  0.0000E+00	  0.0000E+00	  0.0000E+00	  0.0000E+00	  3.4731E-01	  2.1664E+00	  3.3170E+00	  1.0692E+01	  2.1006E+01	  4.0032E+01	  6.3404E+01	  1.0290E+02	  1.5553E+02	  1.8539E+02	  2.2865E+02	  2.5561E+02	  2.6335E+02	  3.5441E+02	  4.3524E+02	  4.7060E+02	  4.9500E+02	  4.9688E+02	  4.9531E+02	  5.0656E+02	  4.9798E+02	  5.0079E+02	  5.2246E+02	  5.0656E+02	  5.2463E+02	  5.2771E+02	  5.2393E+02	  4.8583E+02	  5.1117E+02	  5.3213E+02	  5.3349E+02	  5.3947E+02	  5.2155E+02	  4.7248E+02	  4.9486E+02	  4.9094E+02	  5.0145E+02	  4.7073E+02	  5.1064E+02	  5.2951E+02	  5.5066E+02	  5.8807E+02	  5.2793E+02	  4.9778E+02	  4.5443E+02	  4.3502E+02	  4.3765E+02	  4.3272E+02	  4.6104E+02	  4.3783E+02	  3.8572E+02	  3.5639E+02	  2.7676E+02	  2.2136E+02	  1.8155E+02	  1.6670E+02	  1.2623E+02	  8.8627E+01	  5.9181E+01	  2.9758E+01	  1.3657E+01	  8.5577E+00	  2.0448E+00	  8.4445E-01	  4.7150E-01	  0.0000E+00	  0.0000E+00	  0.0000E+00	  0.0000E+00	  0.0000E+00	  0.0000E+00	  0.0000E+00	  0.0000E+00	  0.0000E+00	  0.0000E+00	  0.0000E+00	  0.0000E+00	  0.0000E+00	  0.0000E+00	  0.0000E+00	  0.0000E+00	  0.0000E+00	  0.0000E+00	  0.0000E+00	  0.0000E+00	  0.0000E+00	  0.0000E+00	  0.0000E+00	  0.0000E+00	  0.0000E+00	  0.0000E+00	  0.0000E+00
  0.0000E+00	  0.0000E+00	  0.0000E+00	  0.0000E+00	  0.0000E+00	  0.0000E+00	  0.0000E+00	  0.0000E+00	  0.0000E+00	  0.0000E+00	  0.0000E+00	  0.0000E+00	  0.0000E+00	  0.0000E+00	  0.0000E+00	  0.0000E+00	  0.0000E+00	  0.0000E+00	  0.0000E+00	  0.0000E+00	  0.0000E+00	  0.0000E+00	  0.0000E+00	  0.0000E+00	  0.0000E+00	  0.0000E+00	  0.0000E+00	  0.0000E+00	  0.0000E+00	  0.0000E+00	  0.0000E+00	  0.0000E+00	  0.0000E+00	  0.0000E+00	  0.0000E+00	  0.0000E+00	  1.3020E+00	  4.1890E+00	  1.3302E+01	  4.0563E+01	  5.8516E+01	  9.0408E+01	  1.4105E+02	  1.8765E+02	  2.7366E+02	  3.4204E+02	  4.0300E+02	  4.3092E+02	  4.0277E+02	  4.8303E+02	  5.2050E+02	  5.5826E+02	  6.1240E+02	  5.7884E+02	  5.4183E+02	  5.6207E+02	  5.1307E+02	  5.2375E+02	  5.6492E+02	  5.3475E+02	  5.5319E+02	  5.3308E+02	  5.3902E+02	  4.5199E+02	  5.1355E+02	  5.4691E+02	  4.9624E+02	  4.9803E+02	  5.1334E+02	  4.7461E+02	  4.6353E+02	  4.7286E+02	  4.8673E+02	  4.2783E+02	  4.7431E+02	  5.1041E+02	  5.2134E+02	  5.4380E+02	  5.2898E+02	  4.9878E+02	  5.4506E+02	  4.9639E+02	  5.0499E+02	  5.2935E+02	  5.2145E+02	  5.3493E+02	  4.7342E+02	  4.3369E+02	  4.0922E+02	  3.6271E+02	  3.4876E+02	  2.5953E+02	  2.1240E+02	  1.5474E+02	  1.0153E+02	  6.4530E+01	  3.9971E+01	  1.9563E+01	  7.3361E+00	  3.1228E+00	  2.1434E-01	  0.0000E+00	  0.0000E+00	  0.0000E+00	  0.0000E+00	  0.0000E+00	  0.0000E+00	  0.0000E+00	  0.0000E+00	  0.0000E+00	  0.0000E+00	  0.0000E+00	  0.0000E+00	  0.0000E+00	  0.0000E+00	  0.0000E+00	  0.0000E+00	  0.0000E+00	  0.0000E+00	  0.0000E+00	  0.0000E+00	  0.0000E+00	  0.0000E+00	  0.0000E+00	  0.0000E+00	  0.0000E+00	  0.0000E+00	  0.0000E+00
  0.0000E+00	  0.0000E+00	  0.0000E+00	  0.0000E+00	  0.0000E+00	  0.0000E+00	  0.0000E+00	  0.0000E+00	  0.0000E+00	  0.0000E+00	  0.0000E+00	  0.0000E+00	  0.0000E+00	  0.0000E+00	  0.0000E+00	  0.0000E+00	  0.0000E+00	  0.0000E+00	  0.0000E+00	  0.0000E+00	  0.0000E+00	  0.0000E+00	  0.0000E+00	  0.0000E+00	  0.0000E+00	  0.0000E+00	  0.0000E+00	  0.0000E+00	  0.0000E+00	  0.0000E+00	  0.0000E+00	  0.0000E+00	  0.0000E+00	  0.0000E+00	  7.5800E-01	  1.6233E+00	  6.6167E+00	  1.9732E+01	  3.4913E+01	  7.3765E+01	  1.3780E+02	  1.8680E+02	  2.6952E+02	  3.3614E+02	  4.2261E+02	  4.9487E+02	  5.3120E+02	  5.3483E+02	  4.9626E+02	  5.4490E+02	  6.0354E+02	  5.9655E+02	  6.0926E+02	  5.9190E+02	  5.5711E+02	  5.4725E+02	  5.3838E+02	  5.1253E+02	  4.9644E+02	  4.7726E+02	  4.9143E+02	  4.6608E+02	  4.2394E+02	  4.5853E+02	  4.7476E+02	  4.8160E+02	  4.3780E+02	  4.1278E+02	  4.3888E+02	  4.2031E+02	  4.0728E+02	  3.7866E+02	  3.9701E+02	  3.8406E+02	  4.1011E+02	  4.4855E+02	  4.8074E+02	  4.7890E+02	  4.7846E+02	  4.8429E+02	  4.7684E+02	  4.7728E+02	  4.5725E+02	  4.5820E+02	  5.0555E+02	  5.0713E+02	  5.1703E+02	  5.0868E+02	  5.2004E+02	  5.0232E+02	  4.4110E+02	  3.8809E+02	  3.3247E+02	  2.7573E+02	  1.9762E+02	  1.2758E+02	  6.8992E+01	  2.8351E+01	  1.9752E+01	  1.1095E+01	  4.6678E-01	  0.0000E+00	  0.0000E+00	  0.0000E+00	  0.0000E+00	  0.0000E+00	  0.0000E+00	  0.0000E+00	  0.0000E+00	  0.0000E+00	  0.0000E+00	  0.0000E+00	  0.0000E+00	  0.0000E+00	  0.0000E+00	  0.0000E+00	  0.0000E+00	  0.0000E+00	  0.0000E+00	  0.0000E+00	  0.0000E+00	  0.0000E+00	  0.0000E+00	  0.0000E+00	  0.0000E+00	  0.0000E+00	  0.0000E+00	  0.0000E+00
  0.0000E+00	  0.0000E+00	  0.0000E+00	  0.0000E+00	  0.0000E+00	  0.0000E+00	  0.0000E+00	  0.0000E+00	  0.0000E+00	  0.0000E+00	  0.0000E+00	  0.0000E+00	  0.0000E+00	  0.0000E+00	  0.0000E+00	  0.0000E+00	  0.0000E+00	  0.0000E+00	  0.0000E+00	  0.0000E+00	  0.0000E+00	  0.0000E+00	  0.0000E+00	  0.0000E+00	  0.0000E+00	  0.0000E+00	  0.0000E+00	  0.0000E+00	  0.0000E+00	  0.0000E+00	  0.0000E+00	  0.0000E+00	  0.0000E+00	  1.2050E+00	  2.1041E+00	  5.4152E+00	  2.1950E+01	  4.9769E+01	  8.5538E+01	  1.4516E+02	  2.1614E+02	  2.9745E+02	  4.0975E+02	  4.9010E+02	  5.4468E+02	  5.8597E+02	  5.5993E+02	  5.3428E+02	  5.2107E+02	  5.5455E+02	  5.8077E+02	  5.9842E+02	  5.8500E+02	  5.2872E+02	  4.9168E+02	  4.5350E+02	  4.6664E+02	  4.4830E+02	  4.0891E+02	  4.0709E+02	  3.9168E+02	  3.8865E+02	  3.7352E+02	  4.1584E+02	  3.7605E+02	  3.6788E+02	  3.5550E+02	  3.5443E+02	  3.5415E+02	  3.4573E+02	  3.4099E+02	  3.1368E+02	  3.2218E+02	  3.2550E+02	  3.3585E+02	  3.6200E+02	  3.8244E+02	  3.8124E+02	  3.7303E+02	  4.0150E+02	  4.1059E+02	  4.1805E+02	  4.1922E+02	  4.3368E+02	  4.5109E+02	  4.4027E+02	  4.6294E+02	  5.0337E+02	  5.3451E+02	  5.4617E+02	  4.9776E+02	  4.3988E+02	  4.5008E+02	  3.7201E+02	  3.0864E+02	  2.0340E+02	  1.2320E+02	  5.0892E+01	  2.6532E+01	  1.1024E+01	  3.4969E+00	  1.5226E-01	  0.0000E+00	  0.0000E+00	  0.0000E+00	  0.0000E+00	  0.0000E+00	  0.0000E+00	  0.0000E+00	  0.0000E+00	  0.0000E+00	  0.0000E+00	  0.0000E+00	  0.0000E+00	  0.0000E+00	  0.0000E+00	  0.0000E+00	  0.0000E+00	  0.0000E+00	  0.0000E+00	  0.0000E+00	  0.0000E+00	  0.0000E+00	  0.0000E+00	  0.0000E+00	  0.0000E+00	  0.0000E+00	  0.0000E+00
  0.0000E+00	  0.0000E+00	  0.0000E+00	  0.0000E+00	  0.0000E+00	  0.0000E+00	  0.0000E+00	  0.0000E+00	  0.0000E+00	  0.0000E+00	  0.0000E+00	  0.0000E+00	  0.0000E+00	  0.0000E+00	  0.0000E+00	  0.0000E+00	  0.0000E+00	  0.0000E+00	  0.0000E+00	  0.0000E+00	  0.0000E+00	  0.0000E+00	  0.0000E+00	  0.0000E+00	  0.0000E+00	  0.0000E+00	  0.0000E+00	  0.0000E+00	  0.0000E+00	  0.0000E+00	  0.0000E+00	  0.0000E+00	  0.0000E+00	  8.0996E-01	  6.1737E+00	  1.4977E+01	  4.6497E+01	  9.8637E+01	  1.7847E+02	  2.3909E+02	  3.4005E+02	  4.3289E+02	  5.3865E+02	  6.3350E+02	  6.6441E+02	  6.6359E+02	  6.2902E+02	  5.5995E+02	  5.1443E+02	  4.9786E+02	  5.1212E+02	  5.4264E+02	  4.9463E+02	  4.2913E+02	  3.8584E+02	  3.4981E+02	  3.1126E+02	  3.6149E+02	  3.6674E+02	  3.4815E+02	  3.1808E+02	  3.0211E+02	  2.8744E+02	  3.2583E+02	  3.0193E+02	  3.1595E+02	  2.6619E+02	  2.6230E+02	  2.6470E+02	  2.4810E+02	  2.6249E+02	  2.3648E+02	  2.6842E+02	  2.9029E+02	  2.6233E+02	  2.6410E+02	  2.7081E+02	  3.1270E+02	  3.2520E+02	  3.8042E+02	  3.4149E+02	  3.3969E+02	  3.4009E+02	  3.6692E+02	  4.0737E+02	  3.6619E+02	  3.5856E+02	  4.2892E+02	  4.4417E+02	  4.6904E+02	  5.0421E+02	  4.8216E+02	  4.8903E+02	  4.5675E+02	  3.8943E+02	  3.1906E+02	  2.0040E+02	  1.1936E+02	  5.4192E+01	  2.3583E+01	  5.6929E+00	  9.4720E-01	  8.1840E-01	  1.4835E+00	  1.8803E-01	  0.0000E+00	  0.0000E+00	  0.0000E+00	  0.0000E+00	  0.0000E+00	  0.0000E+00	  0.0000E+00	  0.0000E+00	  0.0000E+00	  0.0000E+00	  0.0000E+00	  0.0000E+00	  0.0000E+00	  0.0000E+00	  0.0000E+00	  0.0000E+00	  0.0000E+00	  0.0000E+00	  0.0000E+00	  0.0000E+00	  0.0000E+00	  0.0000E+00	  0.0000E+00
  0.0000E+00	  0.0000E+00	  0.0000E+00	  0.0000E+00	  0.0000E+00	  0.0000E+00	  0.0000E+00	  0.0000E+00	  0.0000E+00	  0.0000E+00	  0.0000E+00	  0.0000E+00	  0.0000E+00	  0.0000E+00	  0.0000E+00	  0.0000E+00	  0.0000E+00	  0.0000E+00	  0.0000E+00	  0.0000E+00	  0.0000E+00	  0.0000E+00	  0.0000E+00	  0.0000E+00	  0.0000E+00	  0.0000E+00	  0.0000E+00	  0.0000E+00	  0.0000E+00	  0.0000E+00	  1.3782E-02	  2.9262E-01	  8.1294E-01	  4.3613E+00	  1.8354E+01	  3.8128E+01	  7.7045E+01	  1.4612E+02	  2.8062E+02	  3.7658E+02	  4.8846E+02	  5.0536E+02	  6.2831E+02	  6.5918E+02	  6.5314E+02	  6.5049E+02	  5.9669E+02	  5.0286E+02	  4.5296E+02	  4.1842E+02	  4.3820E+02	  4.1062E+02	  3.7804E+02	  3.3778E+02	  3.0969E+02	  2.6964E+02	  2.5564E+02	  2.8697E+02	  2.9530E+02	  2.6086E+02	  2.1296E+02	  2.2261E+02	  2.0188E+02	  2.1039E+02	  2.3203E+02	  2.4584E+02	  2.3458E+02	  2.1847E+02	  2.3007E+02	  2.1635E+02	  2.0063E+02	  1.9500E+02	  2.2036E+02	  2.2779E+02	  1.9792E+02	  2.0895E+02	  2.0518E+02	  2.3006E+02	  2.5519E+02	  2.7238E+02	  2.6858E+02	  2.7755E+02	  3.1669E+02	  3.1129E+02	  3.2531E+02	  3.1629E+02	  2.7559E+02	  3.3445E+02	  3.8502E+02	  4.0473E+02	  4.1105E+02	  4.7728E+02	  4.9760E+02	  5.0245E+02	  4.6911E+02	  4.1371E+02	  3.1367E+02	  2.2622E+02	  1.3280E+02	  5.0316E+01	  2.1584E+01	  1.0585E+01	  4.9374E+00	  2.3706E+00	  7.9407E-01	  0.0000E+00	  0.0000E+00	  0.0000E+00	  0.0000E+00	  0.0000E+00	  0.0000E+00	  0.0000E+00	  0.0000E+00	  0.0000E+00	  0.0000E+00	  0.0000E+00	  0.0000E+00	  0.0000E+00	  0.0000E+00	  0.0000E+00	  0.0000E+00	  0.0000E+00	  0.0000E+00	  0.0000E+00	  0.0000E+00	  0.0000E+00	  0.0000E+00	  0.0000E+00
  0.0000E+00	  0.0000E+00	  0.0000E+00	  0.0000E+00	  0.0000E+00	  0.0000E+00	  0.0000E+00	  0.0000E+00	  0.0000E+00	  0.0000E+00	  0.0000E+00	  0.0000E+00	  0.0000E+00	  0.0000E+00	  0.0000E+00	  0.0000E+00	  0.0000E+00	  0.0000E+00	  0.0000E+00	  0.0000E+00	  0.0000E+00	  0.0000E+00	  0.0000E+00	  0.0000E+00	  0.0000E+00	  0.0000E+00	  0.0000E+00	  0.0000E+00	  0.0000E+00	  0.0000E+00	  7.6297E-01	  1.3996E+00	  4.4533E+00	  1.4330E+01	  3.8159E+01	  6.6147E+01	  1.1978E+02	  2.1964E+02	  3.6277E+02	  4.8004E+02	  5.3940E+02	  5.7578E+02	  5.8353E+02	  5.6649E+02	  5.6464E+02	  5.4569E+02	  4.6160E+02	  4.0992E+02	  3.8436E+02	  3.4885E+02	  3.2251E+02	  3.0933E+02	  2.6696E+02	  2.4261E+02	  2.2669E+02	  2.2857E+02	  2.1832E+02	  2.1947E+02	  2.3719E+02	  2.1579E+02	  1.9244E+02	  1.7865E+02	  1.6765E+02	  1.6356E+02	  1.7294E+02	  1.7366E+02	  1.9001E+02	  1.7374E+02	  1.9040E+02	  1.9891E+02	  1.9282E+02	  1.8382E+02	  2.0858E+02	  1.9465E+02	  2.0871E+02	  2.0907E+02	  2.0108E+02	  2.0593E+02	  1.8618E+02	  2.1036E+02	  2.3871E+02	  2.1517E+02	  2.4439E+02	  2.9078E+02	  2.9102E+02	  2.9185E+02	  2.6265E+02	  3.1362E+02	  3.7191E+02	  3.5466E+02	  3.6878E+02	  3.9349E+02	  4.3558E+02	  4.9069E+02	  4.9298E+02	  4.6181E+02	  4.2817E+02	  2.8979E+02	  1.9015E+02	  8.8899E+01	  5.4584E+01	  2.5791E+01	  6.9236E+00	  2.1833E+00	  2.0081E-01	  0.0000E+00	  0.0000E+00	  0.0000E+00	  0.0000E+00	  0.0000E+00	  0.0000E+00	  0.0000E+00	  0.0000E+00	  0.0000E+00	  0.0000E+00	  0.0000E+00	  0.0000E+00	  0.0000E+00	  0.0000E+00	  0.0000E+00	  0.0000E+00	  0.0000E+00	  0.0000E+00	  0.0000E+00	  0.0000E+00	  0.0000E+00	  0.0000E+00	  0.0000E+00
  0.0000E+00	  0.0000E+00	  0.0000E+00	  0.0000E+00	  0.0000E+00	  0.0000E+00	  0.0000E+00	  0.0000E+00	  0.0000E+00	  0.0000E+00	  0.0000E+00	  0.0000E+00	  0.0000E+00	  0.0000E+00	  0.0000E+00	  0.0000E+00	  0.0000E+00	  0.0000E+00	  0.0000E+00	  0.0000E+00	  0.0000E+00	  0.0000E+00	  0.0000E+00	  0.0000E+00	  0.0000E+00	  0.0000E+00	  0.0000E+00	  0.0000E+00	  0.0000E+00	  0.0000E+00	  1.5133E+00	  2.7513E+00	  9.2493E+00	  2.3422E+01	  4.5287E+01	  8.0976E+01	  1.7455E+02	  2.8072E+02	  4.1517E+02	  5.5005E+02	  6.2111E+02	  5.5733E+02	  5.1855E+02	  4.6295E+02	  4.4022E+02	  4.3673E+02	  3.8720E+02	  3.3228E+02	  3.2411E+02	  2.9053E+02	  2.5600E+02	  2.2871E+02	  2.3430E+02	  2.2052E+02	  1.8021E+02	  1.7758E+02	  1.7832E+02	  1.9780E+02	  2.0488E+02	  2.0023E+02	  1.8719E+02	  1.7446E+02	  1.5353E+02	  1.4459E+02	  1.5323E+02	  1.6691E+02	  1.8371E+02	  1.8634E+02	  2.2407E+02	  2.1100E+02	  1.8602E+02	  1.9429E+02	  2.0452E+02	  1.9453E+02	  2.0311E+02	  1.9008E+02	  1.9405E+02	  1.7466E+02	  1.7003E+02	  1.6667E+02	  2.0788E+02	  2.2462E+02	  2.2596E+02	  2.4868E+02	  2.5896E+02	  2.7510E+02	  2.6134E+02	  2.7735E+02	  3.0503E+02	  3.2278E+02	  3.6890E+02	  3.7688E+02	  3.8258E+02	  4.3317E+02	  4.9645E+02	  5.1154E+02	  4.5468E+02	  3.6914E+02	  2.6984E+02	  1.6878E+02	  9.9843E+01	  4.6940E+01	  1.3265E+01	  4.5983E+00	  7.0300E-01	  2.9396E-01	  0.0000E+00	  0.0000E+00	  0.0000E+00	  0.0000E+00	  0.0000E+00	  0.0000E+00	  0.0000E+00	  0.0000E+00	  0.0000E+00	  0.0000E+00	  0.0000E+00	  0.0000E+00	  0.0000E+00	  0.0000E+00	  0.0000E+00	  0.0000E+00	  0.0000E+00	  0.0000E+00	  0.0000E+00	  0.0000E+00	  0.0000E+00	  0.0000E+00
  0.0000E+00	  0.0000E+00	  0.0000E+00	  0.0000E+00	  0.0000E+00	  0.0000E+00	  0.0000E+00	  0.0000E+00	  0.0000E+00	  0.0000E+00	  0.0000E+00	  0.0000E+00	  0.0000E+00	  0.0000E+00	  0.0000E+00	  0.0000E+00	  0.0000E+00	  0.0000E+00	  0.0000E+00	  0.0000E+00	  0.0000E+00	  0.0000E+00	  0.0000E+00	  0.0000E+00	  0.0000E+00	  0.0000E+00	  0.0000E+00	  0.0000E+00	  0.0000E+00	  8.5789E-02	  1.8455E+00	  4.6492E+00	  8.1353E+00	  2.9452E+01	  6.7807E+01	  1.2978E+02	  2.3070E+02	  3.0622E+02	  4.2475E+02	  5.4546E+02	  5.7845E+02	  4.7867E+02	  4.4897E+02	  3.9230E+02	  3.7654E+02	  3.3179E+02	  3.0773E+02	  2.8826E+02	  2.9318E+02	  2.6172E+02	  2.3315E+02	  2.2115E+02	  2.0719E+02	  2.0950E+02	  1.7700E+02	  1.7312E+02	  1.5941E+02	  1.7143E+02	  1.8857E+02	  1.6718E+02	  1.6377E+02	  1.4201E+02	  1.4667E+02	  1.7583E+02	  1.7678E+02	  1.5522E+02	  1.5353E+02	  1.7434E+02	  2.0498E+02	  1.9268E+02	  1.8211E+02	  1.8091E+02	  1.8155E+02	  1.7383E+02	  1.7814E+02	  1.7260E+02	  1.6712E+02	  1.5580E+02	  1.6482E+02	  1.7654E+02	  1.9559E+02	  2.3021E+02	  2.3302E+02	  2.3830E+02	  2.3607E+02	  2.5760E+02	  2.5823E+02	  2.4912E+02	  2.8929E+02	  3.0658E+02	  3.3852E+02	  3.2016E+02	  3.6549E+02	  4.0914E+02	  4.3992E+02	  5.1772E+02	  5.1025E+02	  4.6106E+02	  3.5693E+02	  2.3493E+02	  1.4332E+02	  6.6064E+01	  2.6686E+01	  7.5266E+00	  7.0388E-01	  4.8600E-02	  0.0000E+00	  0.0000E+00	  0.0000E+00	  0.0000E+00	  0.0000E+00	  0.0000E+00	  0.0000E+00	  0.0000E+00	  0.0000E+00	  0.0000E+00	  0.0000E+00	  0.0000E+00	  0.0000E+00	  0.0000E+00	  0.0000E+00	  0.0000E+00	  0.0000E+00	  0.0000E+00	  0.0000E+00	  0.0000E+00	  0.0000E+00	  0.0000E+00
  0.0000E+00	  0.0000E+00	  0.0000E+00	  0.0000E+00	  0.0000E+00	  0.0000E+00	  0.0000E+00	  0.0000E+00	  0.0000E+00	  0.0000E+00	  0.0000E+00	  0.0000E+00	  0.0000E+00	  0.0000E+00	  0.0000E+00	  0.0000E+00	  0.0000E+00	  0.0000E+00	  0.0000E+00	  0.0000E+00	  0.0000E+00	  0.0000E+00	  0.0000E+00	  0.0000E+00	  0.0000E+00	  0.0000E+00	  0.0000E+00	  0.0000E+00	  0.0000E+00	  1.3086E-01	  1.7144E+00	  8.8467E+00	  2.0909E+01	  4.5441E+01	  8.7597E+01	  1.7758E+02	  2.4453E+02	  3.2910E+02	  4.1906E+02	  4.7858E+02	  4.7266E+02	  4.1573E+02	  3.9931E+02	  3.3605E+02	  3.1009E+02	  2.6764E+02	  2.8642E+02	  2.6144E+02	  2.4988E+02	  2.2692E+02	  2.1483E+02	  2.0364E+02	  1.9712E+02	  1.9408E+02	  1.8526E+02	  1.8129E+02	  1.6763E+02	  1.7172E+02	  1.5917E+02	  1.6235E+02	  1.7189E+02	  1.4943E+02	  1.4112E+02	  1.5946E+02	  1.4455E+02	  1.3299E+02	  1.5773E+02	  1.5632E+02	  1.5538E+02	  1.6250E+02	  1.6634E+02	  1.6231E+02	  1.7754E+02	  1.8812E+02	  1.9797E+02	  1.4614E+02	  1.5826E+02	  1.5387E+02	  1.5944E+02	  1.7740E+02	  2.0396E+02	  2.2185E+02	  2.1981E+02	  2.2263E+02	  2.0532E+02	  2.4875E+02	  2.2299E+02	  2.3693E+02	  2.5669E+02	  2.9004E+02	  2.9212E+02	  3.1435E+02	  3.5672E+02	  4.0419E+02	  4.2027E+02	  4.9628E+02	  5.3531E+02	  5.1286E+02	  4.3818E+02	  2.7538E+02	  1.8581E+02	  9.4596E+01	  4.7947E+01	  2.1237E+01	  4.8668E+00	  2.5813E-01	  0.0000E+00	  0.0000E+00	  0.0000E+00	  0.0000E+00	  0.0000E+00	  0.0000E+00	  0.0000E+00	  0.0000E+00	  0.0000E+00	  0.0000E+00	  0.0000E+00	  0.0000E+00	  0.0000E+00	  0.0000E+00	  0.0000E+00	  0.0000E+00	  0.0000E+00	  0.0000E+00	  0.0000E+00	  0.0000E+00	  0.0000E+00	  0.0000E+00
  0.0000E+00	  0.0000E+00	  0.0000E+00	  0.0000E+00	  0.0000E+00	  0.0000E+00	  0.0000E+00	  0.0000E+00	  0.0000E+00	  0.0000E+00	  0.0000E+00	  0.0000E+00	  0.0000E+00	  0.0000E+00	  0.0000E+00	  0.0000E+00	  0.0000E+00	  0.0000E+00	  0.0000E+00	  0.0000E+00	  0.0000E+00	  0.0000E+00	  0.0000E+00	  0.0000E+00	  0.0000E+00	  0.0000E+00	  0.0000E+00	  0.0000E+00	  0.0000E+00	  3.6680E-01	  3.0355E+00	  9.8983E+00	  2.4585E+01	  6.3984E+01	  1.1516E+02	  2.0311E+02	  2.8163E+02	  3.5474E+02	  4.0804E+02	  4.2519E+02	  4.2219E+02	  3.5203E+02	  3.1707E+02	  2.9183E+02	  2.5519E+02	  2.3982E+02	  2.4868E+02	  2.3765E+02	  2.2353E+02	  2.0060E+02	  2.2264E+02	  1.8948E+02	  1.9496E+02	  1.7612E+02	  1.6939E+02	  1.5171E+02	  1.5495E+02	  1.4744E+02	  1.4032E+02	  1.4841E+02	  1.5664E+02	  1.5894E+02	  1.4587E+02	  1.5159E+02	  1.2681E+02	  1.3865E+02	  1.5773E+02	  1.7183E+02	  1.5688E+02	  1.4406E+02	  1.2084E+02	  1.2411E+02	  1.6381E+02	  1.9538E+02	  1.9404E+02	  1.6039E+02	  1.4431E+02	  1.5056E+02	  1.6120E+02	  1.7645E+02	  2.0879E+02	  2.1893E+02	  2.2449E+02	  2.0840E+02	  2.0549E+02	  2.4842E+02	  2.2660E+02	  2.4814E+02	  2.6825E+02	  2.9845E+02	  2.9417E+02	  2.9144E+02	  3.0875E+02	  3.5211E+02	  3.6340E+02	  4.3823E+02	  4.8455E+02	  5.0112E+02	  4.4574E+02	  3.3516E+02	  2.1340E+02	  1.2380E+02	  5.4942E+01	  2.7424E+01	  8.8689E+00	  2.1010E+00	  5.5549E-01	  0.0000E+00	  0.0000E+00	  0.0000E+00	  0.0000E+00	  0.0000E+00	  0.0000E+00	  0.0000E+00	  0.0000E+00	  0.0000E+00	  0.0000E+00	  0.0000E+00	  0.0000E+00	  0.0000E+00	  0.0000E+00	  0.0000E+00	  0.0000E+00	  0.0000E+00	  0.0000E+00	  0.0000E+00	  0.0000E+00	  0.0000E+00
  0.0000E+00	  0.0000E+00	  0.0000E+00	  0.0000E+00	  0.0000E+00	  0.0000E+00	  0.0000E+00	  0.0000E+00	  0.0000E+00	  0.0000E+00	  0.0000E+00	  0.0000E+00	  0.0000E+00	  0.0000E+00	  0.0000E+00	  0.0000E+00	  0.0000E+00	  0.0000E+00	  0.0000E+00	  0.0000E+00	  0.0000E+00	  0.0000E+00	  0.0000E+00	  0.0000E+00	  0.0000E+00	  0.0000E+00	  0.0000E+00	  0.0000E+00	  0.0000E+00	  3.2692E-01	  2.5289E+00	  1.1469E+01	  3.3739E+01	  7.3467E+01	  1.3835E+02	  2.1560E+02	  2.9706E+02	  3.6339E+02	  3.9574E+02	  3.5615E+02	  3.1797E+02	  2.9351E+02	  2.6129E+02	  2.4605E+02	  2.3293E+02	  1.8938E+02	  2.0833E+02	  2.1654E+02	  1.9280E+02	  2.0389E+02	  1.9131E+02	  1.6909E+02	  1.5372E+02	  1.5244E+02	  1.6201E+02	  1.5328E+02	  1.4848E+02	  1.3418E+02	  1.2927E+02	  1.2974E+02	  1.6061E+02	  1.5928E+02	  1.5966E+02	  1.3674E+02	  1.1587E+02	  1.3213E+02	  1.3653E+02	  1.5964E+02	  1.5194E+02	  1.2317E+02	  1.0793E+02	  1.1607E+02	  1.7429E+02	  1.8488E+02	  1.8666E+02	  1.7527E+02	  1.5505E+02	  1.5709E+02	  1.7046E+02	  1.7160E+02	  1.8093E+02	  1.9370E+02	  1.7857E+02	  1.6635E+02	  1.8948E+02	  2.0111E+02	  2.0321E+02	  2.4720E+02	  2.5289E+02	  2.7295E+02	  2.9257E+02	  3.0338E+02	  3.0425E+02	  3.2777E+02	  3.4106E+02	  3.8869E+02	  4.1717E+02	  4.6767E+02	  4.3653E+02	  3.7692E+02	  2.4792E+02	  1.5564E+02	  7.3652E+01	  2.6453E+01	  9.2184E+00	  3.0205E+00	  2.5173E-01	  0.0000E+00	  0.0000E+00	  0.0000E+00	  0.0000E+00	  0.0000E+00	  0.0000E+00	  0.0000E+00	  0.0000E+00	  0.0000E+00	  0.0000E+00	  0.0000E+00	  0.0000E+00	  0.0000E+00	  0.0000E+00	  0.0000E+00	  0.0000E+00	  0.0000E+00	  0.0000E+00	  0.0000E+00	  0.0000E+00	  0.0000E+00
  0.0000E+00	  0.0000E+00	  0.0000E+00	  0.0000E+00	  0.0000E+00	  0.0000E+00	  0.0000E+00	  0.0000E+00	  0.0000E+00	  0.0000E+00	  0.0000E+00	  0.0000E+00	  0.0000E+00	  0.0000E+00	  0.0000E+00	  0.0000E+00	  0.0000E+00	  0.0000E+00	  0.0000E+00	  0.0000E+00	  0.0000E+00	  0.0000E+00	  0.0000E+00	  0.0000E+00	  0.0000E+00	  0.0000E+00	  0.0000E+00	  0.0000E+00	  2.3998E-01	  7.9568E-01	  7.7605E+00	  2.5625E+01	  5.3447E+01	  9.5324E+01	  1.9295E+02	  2.8495E+02	  3.3968E+02	  3.9165E+02	  3.9623E+02	  3.2176E+02	  2.7334E+02	  2.5775E+02	  2.4563E+02	  2.4662E+02	  2.3409E+02	  1.9736E+02	  1.7788E+02	  1.6560E+02	  1.5696E+02	  1.8473E+02	  1.8371E+02	  1.6326E+02	  1.4882E+02	  1.5448E+02	  1.3527E+02	  1.5550E+02	  1.5441E+02	  1.2775E+02	  1.4152E+02	  1.4981E+02	  1.5093E+02	  1.6778E+02	  1.5271E+02	  1.2545E+02	  1.2804E+02	  1.3772E+02	  1.4792E+02	  1.6196E+02	  1.5335E+02	  1.3437E+02	  1.0911E+02	  1.1524E+02	  1.4073E+02	  1.5678E+02	  1.7812E+02	  1.6518E+02	  1.6435E+02	  1.6213E+02	  1.5747E+02	  1.8547E+02	  1.7554E+02	  1.7728E+02	  1.6102E+02	  1.7601E+02	  1.9095E+02	  1.7929E+02	  2.1040E+02	  2.2211E+02	  2.2211E+02	  2.5570E+02	  2.7215E+02	  2.9482E+02	  3.1004E+02	  3.3690E+02	  3.1523E+02	  3.3773E+02	  3.9024E+02	  4.5174E+02	  4.6608E+02	  4.1083E+02	  3.2450E+02	  2.1490E+02	  1.1552E+02	  4.1225E+01	  1.0744E+01	  4.8011E+00	  4.8797E-01	  0.0000E+00	  0.0000E+00	  0.0000E+00	  0.0000E+00	  0.0000E+00	  0.0000E+00	  0.0000E+00	  0.0000E+00	  0.0000E+00	  0.0000E+00	  0.0000E+00	  0.0000E+00	  0.0000E+00	  0.0000E+00	  0.0000E+00	  0.0000E+00	  0.0000E+00	  0.0000E+00	  0.0000E+00	  0.0000E+00	  0.0000E+00
  0.0000E+00	  0.0000E+00	  0.0000E+00	  0.0000E+00	  0.0000E+00	  0.0000E+00	  0.0000E+00	  0.0000E+00	  0.0000E+00	  0.0000E+00	  0.0000E+00	  0.0000E+00	  0.0000E+00	  0.0000E+00	  0.0000E+00	  0.0000E+00	  0.0000E+00	  0.0000E+00	  0.0000E+00	  0.0000E+00	  0.0000E+00	  0.0000E+00	  0.0000E+00	  0.0000E+00	  0.0000E+00	  0.0000E+00	  0.0000E+00	  2.5936E-01	  1.7680E+00	  4.3150E+00	  1.2034E+01	  3.2715E+01	  6.8572E+01	  1.3431E+02	  2.1567E+02	  3.1627E+02	  3.8082E+02	  3.8625E+02	  3.6519E+02	  3.1696E+02	  2.7128E+02	  2.6470E+02	  2.4678E+02	  2.3828E+02	  2.1488E+02	  2.0308E+02	  1.8745E+02	  1.5065E+02	  1.6890E+02	  1.8117E+02	  1.6183E+02	  1.6419E+02	  1.5593E+02	  1.3724E+02	  1.3857E+02	  1.4034E+02	  1.3750E+02	  1.3274E+02	  1.6219E+02	  1.6598E+02	  1.4880E+02	  1.4508E+02	  1.4121E+02	  1.2719E+02	  1.4465E+02	  1.5256E+02	  1.6042E+02	  1.4694E+02	  1.6024E+02	  1.2748E+02	  1.1805E+02	  1.1788E+02	  1.2441E+02	  1.1581E+02	  1.3787E+02	  1.6422E+02	  1.4745E+02	  1.6331E+02	  1.4730E+02	  1.7715E+02	  1.7876E+02	  1.5360E+02	  1.7798E+02	  1.7666E+02	  2.0667E+02	  1.6688E+02	  1.7546E+02	  2.3516E+02	  2.4202E+02	  2.5776E+02	  2.6037E+02	  2.5673E+02	  3.0966E+02	  3.2569E+02	  3.2034E+02	  3.4159E+02	  3.9156E+02	  4.6639E+02	  4.8283E+02	  4.1734E+02	  3.4266E+02	  2.5574E+02	  1.4586E+02	  6.6957E+01	  2.2213E+01	  8.6941E+00	  3.0718E+00	  1.3574E+00	  0.0000E+00	  0.0000E+00	  0.0000E+00	  0.0000E+00	  0.0000E+00	  0.0000E+00	  0.0000E+00	  0.0000E+00	  0.0000E+00	  0.0000E+00	  0.0000E+00	  0.0000E+00	  0.0000E+00	  0.0000E+00	  0.0000E+00	  0.0000E+00	  0.0000E+00	  0.0000E+00	  0.0000E+00	  0.0000E+00
  0.0000E+00	  0.0000E+00	  0.0000E+00	  0.0000E+00	  0.0000E+00	  0.0000E+00	  0.0000E+00	  0.0000E+00	  0.0000E+00	  0.0000E+00	  0.0000E+00	  0.0000E+00	  0.0000E+00	  0.0000E+00	  0.0000E+00	  0.0000E+00	  0.0000E+00	  0.0000E+00	  0.0000E+00	  0.0000E+00	  0.0000E+00	  0.0000E+00	  0.0000E+00	  0.0000E+00	  0.0000E+00	  0.0000E+00	  0.0000E+00	  1.5944E-01	  6.7832E-01	  2.4730E+00	  1.2712E+01	  2.7588E+01	  7.4803E+01	  1.5485E+02	  2.2267E+02	  3.0776E+02	  3.3308E+02	  3.2637E+02	  3.2887E+02	  3.0836E+02	  2.8627E+02	  2.6493E+02	  1.9921E+02	  1.9073E+02	  2.0793E+02	  1.9054E+02	  1.7548E+02	  1.6413E+02	  1.8958E+02	  1.8604E+02	  1.6710E+02	  1.6565E+02	  1.4490E+02	  1.3984E+02	  1.3308E+02	  1.3840E+02	  1.3111E+02	  1.3709E+02	  1.5375E+02	  1.4235E+02	  1.4325E+02	  1.3184E+02	  1.3394E+02	  1.1608E+02	  1.4013E+02	  1.4837E+02	  1.7555E+02	  1.6010E+02	  1.5136E+02	  1.4277E+02	  1.4645E+02	  1.3105E+02	  1.1727E+02	  1.0474E+02	  1.2539E+02	  1.4285E+02	  1.4398E+02	  1.3501E+02	  1.3084E+02	  1.6718E+02	  1.7298E+02	  1.5406E+02	  1.5348E+02	  1.5600E+02	  1.6978E+02	  1.7617E+02	  1.8879E+02	  2.1199E+02	  2.2817E+02	  2.7348E+02	  2.8424E+02	  2.5644E+02	  3.1954E+02	  3.1734E+02	  3.4782E+02	  3.5252E+02	  3.7838E+02	  4.7636E+02	  4.9585E+02	  4.6745E+02	  3.7177E+02	  2.6762E+02	  1.5451E+02	  7.7516E+01	  2.3152E+01	  8.9106E+00	  4.2982E+00	  1.5217E+00	  0.0000E+00	  0.0000E+00	  0.0000E+00	  0.0000E+00	  0.0000E+00	  0.0000E+00	  0.0000E+00	  0.0000E+00	  0.0000E+00	  0.0000E+00	  0.0000E+00	  0.0000E+00	  0.0000E+00	  0.0000E+00	  0.0000E+00	  0.0000E+00	  0.0000E+00	  0.0000E+00	  0.0000E+00	  0.0000E+00
  0.0000E+00	  0.0000E+00	  0.0000E+00	  0.0000E+00	  0.0000E+00	  0.0000E+00	  0.0000E+00	  0.0000E+00	  0.0000E+00	  0.0000E+00	  0.0000E+00	  0.0000E+00	  0.0000E+00	  0.0000E+00	  0.0000E+00	  0.0000E+00	  0.0000E+00	  0.0000E+00	  0.0000E+00	  0.0000E+00	  0.0000E+00	  0.0000E+00	  0.0000E+00	  0.0000E+00	  0.0000E+00	  0.0000E+00	  0.0000E+00	  4.2406E-01	  3.0849E+00	  4.8996E+00	  1.7972E+01	  4.6462E+01	  1.0867E+02	  1.6694E+02	  2.3458E+02	  2.8058E+02	  3.1987E+02	  2.9819E+02	  3.0723E+02	  3.2466E+02	  2.7117E+02	  2.1395E+02	  1.9055E+02	  1.7639E+02	  1.9122E+02	  1.9663E+02	  1.8536E+02	  2.0057E+02	  1.9362E+02	  1.7273E+02	  1.7181E+02	  1.6234E+02	  1.4572E+02	  1.5487E+02	  1.4732E+02	  1.2057E+02	  1.1658E+02	  1.3176E+02	  1.3498E+02	  1.2998E+02	  1.2390E+02	  1.2265E+02	  1.0886E+02	  1.1897E+02	  1.3055E+02	  1.4257E+02	  1.4943E+02	  1.6137E+02	  1.4427E+02	  1.6202E+02	  1.7577E+02	  1.4707E+02	  1.1744E+02	  1.1761E+02	  1.1803E+02	  1.2196E+02	  1.4050E+02	  1.4044E+02	  1.3984E+02	  1.4374E+02	  1.5055E+02	  1.4408E+02	  1.4223E+02	  1.4439E+02	  1.8095E+02	  1.9302E+02	  2.2259E+02	  2.3158E+02	  2.4061E+02	  2.4075E+02	  2.5954E+02	  2.7005E+02	  3.1739E+02	  3.3593E+02	  3.5573E+02	  3.8711E+02	  3.9785E+02	  4.4459E+02	  4.5811E+02	  4.8318E+02	  4.4160E+02	  3.1699E+02	  1.7526E+02	  8.7725E+01	  3.1831E+01	  7.2226E+00	  3.2197E+00	  4.9010E-01	  0.0000E+00	  0.0000E+00	  0.0000E+00	  0.0000E+00	  0.0000E+00	  0.0000E+00	  0.0000E+00	  0.0000E+00	  0.0000E+00	  0.0000E+00	  0.0000E+00	  0.0000E+00	  0.0000E+00	  0.0000E+00	  0.0000E+00	  0.0000E+00	  0.0000E+00	  0.0000E+00	  0.0000E+00	  0.0000E+00
  0.0000E+00	  0.0000E+00	  0.0000E+00	  0.0000E+00	  0.0000E+00	  0.0000E+00	  0.0000E+00	  0.0000E+00	  0.0000E+00	  0.0000E+00	  0.0000E+00	  0.0000E+00	  0.0000E+00	  0.0000E+00	  0.0000E+00	  0.0000E+00	  0.0000E+00	  0.0000E+00	  0.0000E+00	  0.0000E+00	  0.0000E+00	  0.0000E+00	  0.0000E+00	  0.0000E+00	  0.0000E+00	  0.0000E+00	  0.0000E+00	  6.4605E-02	  1.6928E+00	  1.0084E+01	  2.3534E+01	  6.3111E+01	  1.2847E+02	  1.8107E+02	  2.3394E+02	  2.5577E+02	  2.8146E+02	  2.8899E+02	  2.9146E+02	  2.6426E+02	  2.3015E+02	  1.9906E+02	  2.1679E+02	  2.1209E+02	  1.7259E+02	  1.8874E+02	  1.8082E+02	  2.1547E+02	  1.9210E+02	  1.5541E+02	  1.6411E+02	  1.4588E+02	  1.2757E+02	  1.3192E+02	  1.3615E+02	  1.3008E+02	  1.3006E+02	  1.2390E+02	  1.0842E+02	  1.0925E+02	  1.2561E+02	  1.1683E+02	  1.1117E+02	  1.3389E+02	  1.4546E+02	  1.5280E+02	  1.6179E+02	  1.4065E+02	  1.5951E+02	  1.5533E+02	  1.6544E+02	  1.5273E+02	  1.2910E+02	  1.0319E+02	  1.0598E+02	  1.2307E+02	  1.4089E+02	  1.3533E+02	  1.4902E+02	  1.4027E+02	  1.5408E+02	  1.5584E+02	  1.5120E+02	  1.6353E+02	  2.0307E+02	  2.2211E+02	  2.4872E+02	  2.2642E+02	  2.1969E+02	  2.4302E+02	  2.2004E+02	  2.5854E+02	  2.9241E+02	  3.1031E+02	  3.5636E+02	  3.7397E+02	  4.1521E+02	  4.7318E+02	  4.8064E+02	  5.1804E+02	  4.7235E+02	  3.3405E+02	  2.2144E+02	  8.2271E+01	  3.3766E+01	  1.2913E+01	  3.8072E+00	  8.5008E-01	  0.0000E+00	  0.0000E+00	  0.0000E+00	  0.0000E+00	  0.0000E+00	  0.0000E+00	  0.0000E+00	  0.0000E+00	  0.0000E+00	  0.0000E+00	  0.0000E+00	  0.0000E+00	  0.0000E+00	  0.0000E+00	  0.0000E+00	  0.0000E+00	  0.0000E+00	  0.0000E+00	  0.0000E+00	  0.0000E+00
  0.0000E+00	  0.0000E+00	  0.0000E+00	  0.0000E+00	  0.0000E+00	  0.0000E+00	  0.0000E+00	  0.0000E+00	  0.0000E+00	  0.0000E+00	  0.0000E+00	  0.0000E+00	  0.0000E+00	  0.0000E+00	  0.0000E+00	  0.0000E+00	  0.0000E+00	  0.0000E+00	  0.0000E+00	  0.0000E+00	  0.0000E+00	  0.0000E+00	  0.0000E+00	  0.0000E+00	  0.0000E+00	  0.0000E+00	  0.0000E+00	  8.3303E-01	  6.7407E+00	  1.9923E+01	  3.2163E+01	  7.8172E+01	  1.3739E+02	  2.2342E+02	  2.5468E+02	  2.5052E+02	  2.6077E+02	  2.5898E+02	  2.6075E+02	  2.4636E+02	  2.0967E+02	  1.8952E+02	  2.0693E+02	  2.2550E+02	  1.9596E+02	  1.8814E+02	  1.9712E+02	  1.8965E+02	  1.7957E+02	  1.5517E+02	  1.4160E+02	  1.2348E+02	  1.2118E+02	  1.2104E+02	  1.2605E+02	  1.3135E+02	  1.3110E+02	  1.2632E+02	  1.1464E+02	  1.2664E+02	  1.3809E+02	  1.2083E+02	  1.0873E+02	  1.3718E+02	  1.5017E+02	  1.4364E+02	  1.4525E+02	  1.2982E+02	  1.4544E+02	  1.4750E+02	  1.4700E+02	  1.5301E+02	  1.3407E+02	  1.1679E+02	  1.1726E+02	  1.2918E+02	  1.4234E+02	  1.5250E+02	  1.6028E+02	  1.5299E+02	  1.4277E+02	  1.3696E+02	  1.4686E+02	  1.4761E+02	  1.6774E+02	  2.0829E+02	  2.4600E+02	  2.3447E+02	  2.1287E+02	  1.9993E+02	  2.1317E+02	  2.5752E+02	  2.9217E+02	  3.0748E+02	  3.2305E+02	  3.4980E+02	  3.8664E+02	  4.5232E+02	  4.8102E+02	  5.2454E+02	  4.6118E+02	  3.6155E+02	  2.3970E+02	  1.0229E+02	  3.9352E+01	  1.6158E+01	  3.5598E+00	  8.3600E-02	  0.0000E+00	  0.0000E+00	  0.0000E+00	  0.0000E+00	  0.0000E+00	  0.0000E+00	  0.0000E+00	  0.0000E+00	  0.0000E+00	  0.0000E+00	  0.0000E+00	  0.0000E+00	  0.0000E+00	  0.0000E+00	  0.0000E+00	  0.0000E+00	  0.0000E+00	  0.0000E+00	  0.0000E+00	  0.0000E+00
  0.0000E+00	  0.0000E+00	  0.0000E+00	  0.0000E+00	  0.0000E+00	  0.0000E+00	  0.0000E+00	  0.0000E+00	  0.0000E+00	  0.0000E+00	  0.0000E+00	  0.0000E+00	  0.0000E+00	  0.0000E+00	  0.0000E+00	  0.0000E+00	  0.0000E+00	  0.0000E+00	  0.0000E+00	  0.0000E+00	  0.0000E+00	  0.0000E+00	  0.0000E+00	  0.0000E+00	  0.0000E+00	  0.0000E+00	  0.0000E+00	  1.6626E+00	  6.8146E+00	  2.3250E+01	  5.0131E+01	  9.5383E+01	  1.6589E+02	  2.4265E+02	  2.3496E+02	  2.4488E+02	  2.3821E+02	  2.4741E+02	  2.5031E+02	  2.3194E+02	  2.0921E+02	  1.9223E+02	  1.8952E+02	  1.9734E+02	  1.7531E+02	  1.6765E+02	  1.8231E+02	  1.7748E+02	  1.6879E+02	  1.4403E+02	  1.3395E+02	  1.2040E+02	  1.1523E+02	  1.1191E+02	  1.2153E+02	  1.3050E+02	  1.1193E+02	  1.0504E+02	  9.8351E+01	  1.1857E+02	  1.3578E+02	  1.1707E+02	  9.3318E+01	  1.1015E+02	  1.4272E+02	  1.5549E+02	  1.3715E+02	  1.3545E+02	  1.3711E+02	  1.1972E+02	  1.2556E+02	  1.2067E+02	  1.3744E+02	  1.1992E+02	  1.2936E+02	  1.4366E+02	  1.3853E+02	  1.6862E+02	  1.7719E+02	  1.5704E+02	  1.3679E+02	  1.2747E+02	  1.5613E+02	  1.5696E+02	  1.8186E+02	  2.0191E+02	  2.2333E+02	  2.1256E+02	  1.9578E+02	  2.1088E+02	  2.4376E+02	  2.7344E+02	  2.7675E+02	  2.7796E+02	  2.8019E+02	  3.2990E+02	  3.7502E+02	  4.2529E+02	  4.6269E+02	  4.9543E+02	  4.6308E+02	  3.6188E+02	  2.4047E+02	  1.2660E+02	  4.9234E+01	  2.0171E+01	  4.7390E+00	  5.6803E-01	  0.0000E+00	  0.0000E+00	  0.0000E+00	  0.0000E+00	  0.0000E+00	  0.0000E+00	  0.0000E+00	  0.0000E+00	  0.0000E+00	  0.0000E+00	  0.0000E+00	  0.0000E+00	  0.0000E+00	  0.0000E+00	  0.0000E+00	  0.0000E+00	  0.0000E+00	  0.0000E+00	  0.0000E+00	  0.0000E+00
  0.0000E+00	  0.0000E+00	  0.0000E+00	  0.0000E+00	  0.0000E+00	  0.0000E+00	  0.0000E+00	  0.0000E+00	  0.0000E+00	  0.0000E+00	  0.0000E+00	  0.0000E+00	  0.0000E+00	  0.0000E+00	  0.0000E+00	  0.0000E+00	  0.0000E+00	  0.0000E+00	  0.0000E+00	  0.0000E+00	  0.0000E+00	  0.0000E+00	  0.0000E+00	  0.0000E+00	  0.0000E+00	  0.0000E+00	  3.8564E-01	  1.1303E+00	  7.8641E+00	  2.8653E+01	  6.5339E+01	  1.2847E+02	  2.0093E+02	  2.5474E+02	  2.4066E+02	  2.4118E+02	  2.4664E+02	  2.1823E+02	  2.2737E+02	  2.1366E+02	  2.0871E+02	  1.8668E+02	  1.7339E+02	  1.6840E+02	  1.4786E+02	  1.6041E+02	  1.5394E+02	  1.4971E+02	  1.5104E+02	  1.3761E+02	  1.2789E+02	  1.3345E+02	  1.3080E+02	  1.2335E+02	  1.1837E+02	  1.0885E+02	  9.6684E+01	  1.0572E+02	  1.0611E+02	  1.1544E+02	  1.2108E+02	  1.1158E+02	  1.0225E+02	  9.7535E+01	  1.2063E+02	  1.6285E+02	  1.5831E+02	  1.6120E+02	  1.1765E+02	  9.6491E+01	  1.0954E+02	  1.2517E+02	  1.3392E+02	  1.2703E+02	  1.4110E+02	  1.5556E+02	  1.6786E+02	  1.6733E+02	  1.6207E+02	  1.6370E+02	  1.5530E+02	  1.2906E+02	  1.5582E+02	  1.7415E+02	  1.7304E+02	  1.8379E+02	  1.9373E+02	  2.0443E+02	  2.0836E+02	  2.0541E+02	  2.3222E+02	  2.4597E+02	  2.6695E+02	  2.6118E+02	  2.7779E+02	  3.1624E+02	  3.4363E+02	  4.2765E+02	  5.0095E+02	  4.7439E+02	  4.4585E+02	  3.8541E+02	  2.4607E+02	  1.3327E+02	  8.0401E+01	  4.0158E+01	  1.0714E+01	  1.0138E+00	  0.0000E+00	  0.0000E+00	  0.0000E+00	  0.0000E+00	  0.0000E+00	  0.0000E+00	  0.0000E+00	  0.0000E+00	  0.0000E+00	  0.0000E+00	  0.0000E+00	  0.0000E+00	  0.0000E+00	  0.0000E+00	  0.0000E+00	  0.0000E+00	  0.0000E+00	  0.0000E+00	  0.0000E+00	  0.0000E+00
  0.0000E+00	  0.0000E+00	  0.0000E+00	  0.0000E+00	  0.0000E+00	  0.0000E+00	  0.0000E+00	  0.0000E+00	  0.0000E+00	  0.0000E+00	  0.0000E+00	  0.0000E+00	  0.0000E+00	  0.0000E+00	  0.0000E+00	  0.0000E+00	  0.0000E+00	  0.0000E+00	  0.0000E+00	  0.0000E+00	  0.0000E+00	  0.0000E+00	  0.0000E+00	  0.0000E+00	  0.0000E+00	  4.4589E-01	  1.5169E+00	  6.1469E+00	  2.1114E+01	  3.4960E+01	  8.0523E+01	  1.5564E+02	  2.3513E+02	  2.9764E+02	  2.7907E+02	  2.9502E+02	  2.6294E+02	  2.3220E+02	  2.4073E+02	  2.1931E+02	  2.0460E+02	  1.7976E+02	  1.6128E+02	  1.4602E+02	  1.4667E+02	  1.3898E+02	  1.2585E+02	  1.2339E+02	  1.2337E+02	  1.2125E+02	  1.2923E+02	  1.3295E+02	  1.3649E+02	  1.1289E+02	  1.1568E+02	  9.2686E+01	  9.6442E+01	  9.7578E+01	  1.0703E+02	  1.3069E+02	  1.2157E+02	  1.0348E+02	  1.0227E+02	  9.3464E+01	  1.1986E+02	  1.4628E+02	  1.6458E+02	  1.6393E+02	  1.3016E+02	  9.7310E+01	  8.8108E+01	  1.0634E+02	  1.2749E+02	  1.3368E+02	  1.4636E+02	  1.4131E+02	  1.4858E+02	  1.5341E+02	  1.4803E+02	  1.4713E+02	  1.5024E+02	  1.4732E+02	  1.4120E+02	  1.7546E+02	  1.6473E+02	  1.7041E+02	  2.0007E+02	  2.0212E+02	  1.9838E+02	  2.1572E+02	  2.0509E+02	  2.2394E+02	  2.3712E+02	  2.7660E+02	  2.8964E+02	  3.1720E+02	  3.4802E+02	  4.0224E+02	  4.6283E+02	  4.7762E+02	  4.5263E+02	  3.8984E+02	  2.5988E+02	  1.5795E+02	  9.6634E+01	  4.4006E+01	  1.7312E+01	  2.4194E+00	  8.8559E-02	  0.0000E+00	  0.0000E+00	  0.0000E+00	  0.0000E+00	  0.0000E+00	  0.0000E+00	  0.0000E+00	  0.0000E+00	  0.0000E+00	  0.0000E+00	  0.0000E+00	  0.0000E+00	  0.0000E+00	  0.0000E+00	  0.0000E+00	  0.0000E+00	  0.0000E+00	  0.0000E+00	  0.0000E+00
  0.0000E+00	  0.0000E+00	  0.0000E+00	  0.0000E+00	  0.0000E+00	  0.0000E+00	  0.0000E+00	  0.0000E+00	  0.0000E+00	  0.0000E+00	  0.0000E+00	  0.0000E+00	  0.0000E+00	  0.0000E+00	  0.0000E+00	  0.0000E+00	  0.0000E+00	  0.0000E+00	  0.0000E+00	  0.0000E+00	  0.0000E+00	  0.0000E+00	  0.0000E+00	  0.0000E+00	  0.0000E+00	  6.5791E-01	  3.0827E+00	  8.9492E+00	  2.5755E+01	  5.1769E+01	  8.8402E+01	  1.6180E+02	  2.3846E+02	  2.8586E+02	  3.3614E+02	  3.2933E+02	  2.8438E+02	  2.4735E+02	  2.1607E+02	  1.9233E+02	  1.8841E+02	  1.5606E+02	  1.5217E+02	  1.5119E+02	  1.4715E+02	  1.5432E+02	  1.1776E+02	  1.1924E+02	  1.1537E+02	  1.2718E+02	  1.4090E+02	  1.3162E+02	  1.2112E+02	  1.1702E+02	  1.0467E+02	  1.0006E+02	  1.0805E+02	  1.0332E+02	  1.2566E+02	  1.4862E+02	  1.1488E+02	  1.0532E+02	  1.0593E+02	  1.1135E+02	  1.0747E+02	  1.2186E+02	  1.3708E+02	  1.3178E+02	  1.1677E+02	  1.0640E+02	  1.0086E+02	  1.0607E+02	  1.2648E+02	  1.2392E+02	  1.3408E+02	  1.3669E+02	  1.3783E+02	  1.4732E+02	  1.5212E+02	  1.3462E+02	  1.4573E+02	  1.5052E+02	  1.3693E+02	  1.5355E+02	  1.8004E+02	  1.7234E+02	  1.9920E+02	  1.8830E+02	  1.8595E+02	  2.1846E+02	  2.0806E+02	  2.1560E+02	  2.5624E+02	  2.9087E+02	  3.0031E+02	  3.0448E+02	  3.3945E+02	  3.8693E+02	  4.4777E+02	  4.7625E+02	  4.7221E+02	  4.0884E+02	  2.9103E+02	  1.6376E+02	  9.0589E+01	  3.6191E+01	  1.2369E+01	  2.8124E+00	  4.0240E-01	  3.3752E-01	  0.0000E+00	  0.0000E+00	  0.0000E+00	  0.0000E+00	  0.0000E+00	  0.0000E+00	  0.0000E+00	  0.0000E+00	  0.0000E+00	  0.0000E+00	  0.0000E+00	  0.0000E+00	  0.0000E+00	  0.0000E+00	  0.0000E+00	  0.0000E+00	  0.0000E+00	  0.0000E+00
  0.0000E+00	  0.0000E+00	  0.0000E+00	  0.0000E+00	  0.0000E+00	  0.0000E+00	  0.0000E+00	  0.0000E+00	  0.0000E+00	  0.0000E+00	  0.0000E+00	  0.0000E+00	  0.0000E+00	  0.0000E+00	  0.0000E+00	  0.0000E+00	  0.0000E+00	  0.0000E+00	  0.0000E+00	  0.0000E+00	  0.0000E+00	  0.0000E+00	  0.0000E+00	  0.0000E+00	  1.2370E+00	  4.2539E+00	  4.1772E+00	  1.3634E+01	  2.6773E+01	  5.1758E+01	  1.0929E+02	  1.8522E+02	  2.3574E+02	  3.0643E+02	  3.2327E+02	  3.0725E+02	  2.8484E+02	  2.5645E+02	  2.0111E+02	  1.7538E+02	  1.6446E+02	  1.5655E+02	  1.5037E+02	  1.4090E+02	  1.5344E+02	  1.5275E+02	  1.2833E+02	  1.1469E+02	  1.1728E+02	  1.2681E+02	  1.3745E+02	  1.2508E+02	  1.3893E+02	  1.3194E+02	  1.0466E+02	  9.6449E+01	  1.0035E+02	  1.1082E+02	  1.2324E+02	  1.1379E+02	  9.7983E+01	  1.0746E+02	  1.2108E+02	  1.0715E+02	  1.0526E+02	  1.0973E+02	  1.2913E+02	  1.3127E+02	  1.2401E+02	  1.1169E+02	  1.2730E+02	  1.3207E+02	  1.2668E+02	  1.1660E+02	  1.2277E+02	  1.0926E+02	  1.2660E+02	  1.2516E+02	  1.3129E+02	  1.5334E+02	  1.5672E+02	  1.6541E+02	  1.7095E+02	  1.6349E+02	  1.4966E+02	  1.8551E+02	  1.8752E+02	  1.9449E+02	  1.8569E+02	  1.9826E+02	  2.2837E+02	  2.4269E+02	  2.6283E+02	  2.8356E+02	  2.9787E+02	  3.1002E+02	  3.3713E+02	  3.7318E+02	  4.4973E+02	  4.7692E+02	  4.8307E+02	  4.4968E+02	  3.2789E+02	  1.8315E+02	  8.4733E+01	  3.5679E+01	  1.1215E+01	  3.3795E+00	  4.5602E-01	  3.9708E-01	  0.0000E+00	  0.0000E+00	  0.0000E+00	  0.0000E+00	  0.0000E+00	  0.0000E+00	  0.0000E+00	  0.0000E+00	  0.0000E+00	  0.0000E+00	  0.0000E+00	  0.0000E+00	  0.0000E+00	  0.0000E+00	  0.0000E+00	  0.0000E+00	  0.0000E+00	  0.0000E+00
  0.0000E+00	  0.0000E+00	  0.0000E+00	  0.0000E+00	  0.0000E+00	  0.0000E+00	  0.0000E+00	  0.0000E+00	  0.0000E+00	  0.0000E+00	  0.0000E+00	  0.0000E+00	  0.0000E+00	  0.0000E+00	  0.0000E+00	  0.0000E+00	  0.0000E+00	  0.0000E+00	  0.0000E+00	  0.0000E+00	  0.0000E+00	  0.0000E+00	  0.0000E+00	  0.0000E+00	  7.9598E-01	  4.4334E+00	  7.6303E+00	  2.0273E+01	  3.2376E+01	  6.1119E+01	  1.2232E+02	  1.9513E+02	  2.3112E+02	  2.8299E+02	  2.8459E+02	  2.7491E+02	  2.7062E+02	  2.2629E+02	  2.1442E+02	  1.7754E+02	  1.7612E+02	  1.6522E+02	  1.4763E+02	  1.5343E+02	  1.4890E+02	  1.2527E+02	  1.2838E+02	  1.1459E+02	  1.0236E+02	  9.9853E+01	  1.4026E+02	  1.4029E+02	  1.3399E+02	  1.1938E+02	  1.1547E+02	  9.3417E+01	  8.9824E+01	  8.4762E+01	  9.9518E+01	  1.0862E+02	  1.1129E+02	  1.1552E+02	  1.2926E+02	  1.2368E+02	  1.1830E+02	  1.2360E+02	  1.1619E+02	  1.1519E+02	  1.3203E+02	  1.2060E+02	  1.3638E+02	  1.2418E+02	  1.1660E+02	  1.1565E+02	  1.1154E+02	  1.1305E+02	  1.3212E+02	  1.3032E+02	  1.3034E+02	  1.5732E+02	  1.9087E+02	  1.7731E+02	  1.7632E+02	  1.7340E+02	  1.7594E+02	  1.9674E+02	  1.9210E+02	  1.9018E+02	  1.9772E+02	  2.0219E+02	  2.3081E+02	  2.6083E+02	  2.6213E+02	  3.0052E+02	  3.0236E+02	  3.1514E+02	  3.2733E+02	  3.6963E+02	  4.5462E+02	  5.0122E+02	  4.9113E+02	  4.4498E+02	  3.2586E+02	  2.2615E+02	  9.9384E+01	  4.4824E+01	  1.1803E+01	  1.0027E+00	  2.3145E-01	  2.1901E-01	  3.2539E-01	  0.0000E+00	  0.0000E+00	  0.0000E+00	  0.0000E+00	  0.0000E+00	  0.0000E+00	  0.0000E+00	  0.0000E+00	  0.0000E+00	  0.0000E+00	  0.0000E+00	  0.0000E+00	  0.0000E+00	  0.0000E+00	  0.0000E+00	  0.0000E+00	  0.0000E+00
  0.0000E+00	  0.0000E+00	  0.0000E+00	  0.0000E+00	  0.0000E+00	  0.0000E+00	  0.0000E+00	  0.0000E+00	  0.0000E+00	  0.0000E+00	  0.0000E+00	  0.0000E+00	  0.0000E+00	  0.0000E+00	  0.0000E+00	  0.0000E+00	  0.0000E+00	  0.0000E+00	  0.0000E+00	  0.0000E+00	  0.0000E+00	  0.0000E+00	  0.0000E+00	  0.0000E+00	  1.5864E+00	  3.2551E+00	  8.0123E+00	  1.9722E+01	  3.9731E+01	  6.2247E+01	  1.0740E+02	  1.7827E+02	  2.0696E+02	  2.6095E+02	  2.8484E+02	  2.9298E+02	  2.6893E+02	  2.1791E+02	  2.0553E+02	  1.9012E+02	  1.7535E+02	  1.8615E+02	  1.4473E+02	  1.5810E+02	  1.3241E+02	  1.3349E+02	  1.3524E+02	  1.1674E+02	  1.3033E+02	  1.0491E+02	  1.2409E+02	  1.3336E+02	  1.2468E+02	  1.1497E+02	  1.1905E+02	  1.1219E+02	  1.1218E+02	  8.5857E+01	  8.9320E+01	  1.0117E+02	  1.2180E+02	  1.2844E+02	  1.2516E+02	  1.0422E+02	  1.0763E+02	  1.0754E+02	  1.0862E+02	  1.1324E+02	  1.2154E+02	  1.1980E+02	  1.1852E+02	  1.1791E+02	  1.0455E+02	  1.1349E+02	  1.0314E+02	  1.0558E+02	  1.2258E+02	  1.3511E+02	  1.6549E+02	  1.9089E+02	  2.0135E+02	  1.7869E+02	  1.6517E+02	  1.8911E+02	  2.0730E+02	  1.8140E+02	  1.8065E+02	  1.8644E+02	  1.9445E+02	  2.0345E+02	  2.4738E+02	  2.5067E+02	  2.8513E+02	  3.3648E+02	  3.3991E+02	  3.6008E+02	  3.5471E+02	  3.7884E+02	  4.4493E+02	  4.7644E+02	  5.1522E+02	  4.4087E+02	  3.3814E+02	  2.2117E+02	  1.0748E+02	  4.4643E+01	  8.9896E+00	  0.0000E+00	  4.4136E-01	  1.0860E+00	  1.8136E+00	  0.0000E+00	  0.0000E+00	  0.0000E+00	  0.0000E+00	  0.0000E+00	  0.0000E+00	  0.0000E+00	  0.0000E+00	  0.0000E+00	  0.0000E+00	  0.0000E+00	  0.0000E+00	  0.0000E+00	  0.0000E+00	  0.0000E+00	  0.0000E+00	  0.0000E+00
  0.0000E+00	  0.0000E+00	  0.0000E+00	  0.0000E+00	  0.0000E+00	  0.0000E+00	  0.0000E+00	  0.0000E+00	  0.0000E+00	  0.0000E+00	  0.0000E+00	  0.0000E+00	  0.0000E+00	  0.0000E+00	  0.0000E+00	  0.0000E+00	  0.0000E+00	  0.0000E+00	  0.0000E+00	  0.0000E+00	  0.0000E+00	  0.0000E+00	  0.0000E+00	  0.0000E+00	  2.1413E+00	  6.4327E+00	  1.2892E+01	  2.6244E+01	  5.4387E+01	  8.4524E+01	  1.2208E+02	  1.9015E+02	  2.1591E+02	  2.4425E+02	  2.5968E+02	  2.5407E+02	  2.3230E+02	  2.2266E+02	  2.0171E+02	  1.9383E+02	  1.7711E+02	  1.7831E+02	  1.5446E+02	  1.4335E+02	  1.4364E+02	  1.5611E+02	  1.4934E+02	  1.4923E+02	  1.2900E+02	  1.2388E+02	  1.3817E+02	  1.4120E+02	  1.4148E+02	  1.2280E+02	  1.1371E+02	  1.1557E+02	  1.2350E+02	  1.2892E+02	  1.1439E+02	  1.1045E+02	  1.1986E+02	  1.2680E+02	  1.2542E+02	  9.8722E+01	  1.0452E+02	  1.0061E+02	  1.0197E+02	  1.0537E+02	  1.1329E+02	  1.0841E+02	  1.1095E+02	  1.0405E+02	  1.1209E+02	  1.1879E+02	  1.1777E+02	  9.7349E+01	  1.0667E+02	  1.1704E+02	  1.6051E+02	  1.6358E+02	  1.7841E+02	  1.6353E+02	  1.6896E+02	  1.6757E+02	  2.0077E+02	  1.7396E+02	  1.6421E+02	  2.0163E+02	  2.1655E+02	  2.2981E+02	  2.6526E+02	  2.5551E+02	  2.8540E+02	  3.3050E+02	  3.5259E+02	  3.5700E+02	  3.7468E+02	  3.9720E+02	  4.4618E+02	  4.9151E+02	  5.1048E+02	  4.4468E+02	  3.3679E+02	  2.1052E+02	  1.1314E+02	  5.3025E+01	  1.1930E+01	  3.0065E+00	  3.1009E-01	  0.0000E+00	  0.0000E+00	  0.0000E+00	  0.0000E+00	  0.0000E+00	  0.0000E+00	  0.0000E+00	  0.0000E+00	  0.0000E+00	  0.0000E+00	  0.0000E+00	  0.0000E+00	  0.0000E+00	  0.0000E+00	  0.0000E+00	  0.0000E+00	  0.0000E+00	  0.0000E+00	  0.0000E+00
  0.0000E+00	  0.0000E+00	  0.0000E+00	  0.0000E+00	  0.0000E+00	  0.0000E+00	  0.0000E+00	  0.0000E+00	  0.0000E+00	  0.0000E+00	  0.0000E+00	  0.0000E+00	  0.0000E+00	  0.0000E+00	  0.0000E+00	  0.0000E+00	  0.0000E+00	  0.0000E+00	  0.0000E+00	  0.0000E+00	  0.0000E+00	  0.0000E+00	  0.0000E+00	  0.0000E+00	  3.8549E-01	  3.9074E+00	  1.6996E+01	  3.5936E+01	  6.7118E+01	  9.6559E+01	  1.5950E+02	  1.9939E+02	  2.1889E+02	  2.5746E+02	  2.4198E+02	  2.3758E+02	  2.2222E+02	  2.4144E+02	  2.2778E+02	  2.0656E+02	  1.8264E+02	  1.7252E+02	  1.4299E+02	  1.3675E+02	  1.5669E+02	  1.6231E+02	  1.4864E+02	  1.4645E+02	  1.3741E+02	  1.2752E+02	  1.3595E+02	  1.4389E+02	  1.1634E+02	  1.2560E+02	  1.1520E+02	  1.2616E+02	  1.4090E+02	  1.3652E+02	  1.2282E+02	  1.2453E+02	  1.1950E+02	  1.2324E+02	  1.2649E+02	  1.2336E+02	  1.2197E+02	  1.1107E+02	  1.0350E+02	  1.1516E+02	  1.2611E+02	  1.1692E+02	  1.1926E+02	  1.1041E+02	  1.2540E+02	  1.1922E+02	  1.1823E+02	  1.2505E+02	  1.1469E+02	  1.3099E+02	  1.5162E+02	  1.6602E+02	  1.7685E+02	  1.5800E+02	  1.6915E+02	  1.6529E+02	  1.8134E+02	  1.9758E+02	  1.8691E+02	  1.9897E+02	  2.0107E+02	  2.2396E+02	  2.5865E+02	  2.6606E+02	  2.7615E+02	  2.9417E+02	  3.3470E+02	  3.4524E+02	  3.6883E+02	  3.7590E+02	  4.2008E+02	  4.7622E+02	  5.0596E+02	  4.8075E+02	  3.3784E+02	  2.2115E+02	  1.1230E+02	  4.8847E+01	  1.6497E+01	  4.9549E+00	  7.7513E-01	  0.0000E+00	  0.0000E+00	  0.0000E+00	  0.0000E+00	  0.0000E+00	  0.0000E+00	  0.0000E+00	  0.0000E+00	  0.0000E+00	  0.0000E+00	  0.0000E+00	  0.0000E+00	  0.0000E+00	  0.0000E+00	  0.0000E+00	  0.0000E+00	  0.0000E+00	  0.0000E+00	  0.0000E+00
  0.0000E+00	  0.0000E+00	  0.0000E+00	  0.0000E+00	  0.0000E+00	  0.0000E+00	  0.0000E+00	  0.0000E+00	  0.0000E+00	  0.0000E+00	  0.0000E+00	  0.0000E+00	  0.0000E+00	  0.0000E+00	  0.0000E+00	  0.0000E+00	  0.0000E+00	  0.0000E+00	  0.0000E+00	  0.0000E+00	  0.0000E+00	  0.0000E+00	  0.0000E+00	  0.0000E+00	  9.1598E-01	  4.2479E+00	  1.6029E+01	  3.8022E+01	  7.5270E+01	  1.4287E+02	  1.8698E+02	  2.1841E+02	  2.2648E+02	  2.4256E+02	  2.5335E+02	  2.1611E+02	  2.1410E+02	  2.4346E+02	  2.7013E+02	  2.1999E+02	  1.8065E+02	  1.6344E+02	  1.5325E+02	  1.4088E+02	  1.5024E+02	  1.4849E+02	  1.6527E+02	  1.4534E+02	  1.3417E+02	  1.3790E+02	  1.3133E+02	  1.4522E+02	  1.2715E+02	  1.2873E+02	  1.2142E+02	  1.1854E+02	  1.3841E+02	  1.1243E+02	  1.1815E+02	  1.4631E+02	  1.4849E+02	  1.1820E+02	  1.2299E+02	  1.2282E+02	  1.1980E+02	  1.1485E+02	  1.0438E+02	  1.0922E+02	  1.3328E+02	  1.2955E+02	  1.3452E+02	  1.3530E+02	  1.4291E+02	  1.3281E+02	  1.2876E+02	  1.2513E+02	  1.1563E+02	  1.2038E+02	  1.3840E+02	  1.5078E+02	  1.6597E+02	  1.6028E+02	  1.6343E+02	  1.5764E+02	  1.6764E+02	  1.9926E+02	  1.9011E+02	  2.0671E+02	  2.1007E+02	  2.3170E+02	  2.5210E+02	  2.4517E+02	  2.4359E+02	  2.6791E+02	  3.1825E+02	  3.5817E+02	  3.5134E+02	  3.5518E+02	  4.3030E+02	  5.1475E+02	  5.4860E+02	  4.7347E+02	  3.5248E+02	  2.1325E+02	  1.0909E+02	  4.2789E+01	  1.9656E+01	  4.8184E+00	  5.4219E-01	  0.0000E+00	  0.0000E+00	  0.0000E+00	  0.0000E+00	  0.0000E+00	  0.0000E+00	  0.0000E+00	  0.0000E+00	  0.0000E+00	  0.0000E+00	  0.0000E+00	  0.0000E+00	  0.0000E+00	  0.0000E+00	  0.0000E+00	  0.0000E+00	  0.0000E+00	  0.0000E+00	  0.0000E+00
  0.0000E+00	  0.0000E+00	  0.0000E+00	  0.0000E+00	  0.0000E+00	  0.0000E+00	  0.0000E+00	  0.0000E+00	  0.0000E+00	  0.0000E+00	  0.0000E+00	  0.0000E+00	  0.0000E+00	  0.0000E+00	  0.0000E+00	  0.0000E+00	  0.0000E+00	  0.0000E+00	  0.0000E+00	  0.0000E+00	  0.0000E+00	  0.0000E+00	  0.0000E+00	  2.4815E-01	  7.4027E-01	  3.8530E+00	  1.5614E+01	  3.8952E+01	  8.8942E+01	  1.5451E+02	  2.1153E+02	  2.3289E+02	  2.4192E+02	  2.4398E+02	  2.6080E+02	  2.1507E+02	  2.1899E+02	  2.2640E+02	  2.4463E+02	  2.1895E+02	  1.8598E+02	  1.6170E+02	  1.5785E+02	  1.4242E+02	  1.4486E+02	  1.4952E+02	  1.5055E+02	  1.5510E+02	  1.4138E+02	  1.3672E+02	  1.2775E+02	  1.4711E+02	  1.3862E+02	  1.2844E+02	  1.0721E+02	  1.0887E+02	  1.0320E+02	  1.2069E+02	  1.2488E+02	  1.4035E+02	  1.3515E+02	  1.2052E+02	  1.3171E+02	  1.2238E+02	  1.1623E+02	  1.0746E+02	  1.0649E+02	  1.1037E+02	  1.2106E+02	  1.2447E+02	  1.4099E+02	  1.3250E+02	  1.3423E+02	  1.3662E+02	  1.2730E+02	  1.1310E+02	  1.2323E+02	  1.2250E+02	  1.5101E+02	  1.6117E+02	  1.8284E+02	  1.5414E+02	  1.8618E+02	  1.5607E+02	  1.5259E+02	  1.6471E+02	  1.7203E+02	  1.8904E+02	  2.1406E+02	  2.3484E+02	  2.5302E+02	  2.3202E+02	  2.3865E+02	  2.8307E+02	  3.3268E+02	  3.6224E+02	  3.8102E+02	  4.0733E+02	  4.7177E+02	  5.2113E+02	  5.2650E+02	  5.0139E+02	  3.6200E+02	  2.3260E+02	  1.2166E+02	  4.9462E+01	  1.5825E+01	  3.8659E+00	  1.3740E+00	  0.0000E+00	  0.0000E+00	  0.0000E+00	  0.0000E+00	  0.0000E+00	  0.0000E+00	  0.0000E+00	  0.0000E+00	  0.0000E+00	  0.0000E+00	  0.0000E+00	  0.0000E+00	  0.0000E+00	  0.0000E+00	  0.0000E+00	  0.0000E+00	  0.0000E+00	  0.0000E+00	  0.0000E+00
  0.0000E+00	  0.0000E+00	  0.0000E+00	  0.0000E+00	  0.0000E+00	  0.0000E+00	  0.0000E+00	  0.0000E+00	  0.0000E+00	  0.0000E+00	  0.0000E+00	  0.0000E+00	  0.0000E+00	  0.0000E+00	  0.0000E+00	  0.0000E+00	  0.0000E+00	  0.0000E+00	  0.0000E+00	  0.0000E+00	  0.0000E+00	  0.0000E+00	  0.0000E+00	  7.4346E-01	  1.4575E+00	  7.6538E+00	  1.5653E+01	  4.1477E+01	  8.6372E+01	  1.6342E+02	  2.3514E+02	  2.7797E+02	  2.8213E+02	  2.6128E+02	  2.4884E+02	  2.3145E+02	  2.1536E+02	  2.3729E+02	  2.1682E+02	  2.1384E+02	  1.8482E+02	  1.5998E+02	  1.6803E+02	  1.7397E+02	  1.6488E+02	  1.6597E+02	  1.3216E+02	  1.3289E+02	  1.3996E+02	  1.1162E+02	  1.2353E+02	  1.3024E+02	  1.6116E+02	  1.5279E+02	  1.2214E+02	  1.1318E+02	  1.2673E+02	  1.4401E+02	  1.2682E+02	  1.1018E+02	  1.0936E+02	  1.2287E+02	  1.1254E+02	  1.2048E+02	  1.2522E+02	  1.2761E+02	  1.3300E+02	  1.3646E+02	  1.4097E+02	  1.6582E+02	  1.6228E+02	  1.3412E+02	  1.1488E+02	  1.1629E+02	  1.2440E+02	  1.3288E+02	  1.3886E+02	  1.4001E+02	  1.6334E+02	  1.9028E+02	  1.8719E+02	  1.6297E+02	  1.7717E+02	  1.4293E+02	  1.4074E+02	  1.5961E+02	  1.6156E+02	  1.7828E+02	  2.1151E+02	  2.5169E+02	  2.5539E+02	  2.4680E+02	  2.5248E+02	  2.9783E+02	  3.5947E+02	  3.4633E+02	  3.8517E+02	  4.0252E+02	  4.8825E+02	  5.6718E+02	  5.5198E+02	  4.6044E+02	  3.4028E+02	  2.0136E+02	  9.9250E+01	  4.4837E+01	  1.2948E+01	  3.3513E+00	  6.0721E-01	  1.6422E-01	  0.0000E+00	  0.0000E+00	  0.0000E+00	  0.0000E+00	  0.0000E+00	  0.0000E+00	  0.0000E+00	  0.0000E+00	  0.0000E+00	  0.0000E+00	  0.0000E+00	  0.0000E+00	  0.0000E+00	  0.0000E+00	  0.0000E+00	  0.0000E+00	  0.0000E+00	  0.0000E+00
  0.0000E+00	  0.0000E+00	  0.0000E+00	  0.0000E+00	  0.0000E+00	  0.0000E+00	  0.0000E+00	  0.0000E+00	  0.0000E+00	  0.0000E+00	  0.0000E+00	  0.0000E+00	  0.0000E+00	  0.0000E+00	  0.0000E+00	  0.0000E+00	  0.0000E+00	  0.0000E+00	  0.0000E+00	  0.0000E+00	  0.0000E+00	  0.0000E+00	  0.0000E+00	  0.0000E+00	  5.1904E-01	  2.2497E+00	  1.8134E+01	  5.5534E+01	  1.0374E+02	  1.7057E+02	  2.2881E+02	  2.7477E+02	  2.8814E+02	  2.7086E+02	  2.2559E+02	  2.2173E+02	  2.1302E+02	  1.9489E+02	  1.9082E+02	  1.8254E+02	  1.7317E+02	  1.8546E+02	  1.7966E+02	  1.7165E+02	  1.7383E+02	  1.7990E+02	  1.3711E+02	  1.2263E+02	  1.2372E+02	  1.1908E+02	  1.2009E+02	  1.1701E+02	  1.3913E+02	  1.4265E+02	  1.3066E+02	  1.1884E+02	  1.2570E+02	  1.4689E+02	  1.6043E+02	  1.2436E+02	  1.1848E+02	  1.1715E+02	  1.0589E+02	  1.1349E+02	  1.1474E+02	  1.2643E+02	  1.3592E+02	  1.4808E+02	  1.6369E+02	  1.5800E+02	  1.5610E+02	  1.4353E+02	  1.2053E+02	  9.8404E+01	  1.1112E+02	  1.2262E+02	  1.4509E+02	  1.5893E+02	  1.5867E+02	  1.8180E+02	  1.7961E+02	  1.9041E+02	  1.9015E+02	  1.5420E+02	  1.4781E+02	  1.3519E+02	  1.6047E+02	  1.7522E+02	  2.0832E+02	  2.4377E+02	  2.6362E+02	  2.6562E+02	  2.6155E+02	  2.7165E+02	  3.1248E+02	  3.4541E+02	  4.0220E+02	  4.1682E+02	  4.7930E+02	  5.7452E+02	  5.3672E+02	  4.4964E+02	  3.2174E+02	  1.8072E+02	  8.5684E+01	  2.6824E+01	  8.5869E+00	  9.5657E-01	  9.1015E-01	  3.2071E-01	  0.0000E+00	  0.0000E+00	  0.0000E+00	  0.0000E+00	  0.0000E+00	  0.0000E+00	  0.0000E+00	  0.0000E+00	  0.0000E+00	  0.0000E+00	  0.0000E+00	  0.0000E+00	  0.0000E+00	  0.0000E+00	  0.0000E+00	  0.0000E+00	  0.0000E+00	  0.0000E+00
  0.0000E+00	  0.0000E+00	  0.0000E+00	  0.0000E+00	  0.0000E+00	  0.0000E+00	  0.0000E+00	  0.0000E+00	  0.0000E+00	  0.0000E+00	  0.0000E+00	  0.0000E+00	  0.0000E+00	  0.0000E+00	  0.0000E+00	  0.0000E+00	  0.0000E+00	  0.0000E+00	  0.0000E+00	  0.0000E+00	  0.0000E+00	  0.0000E+00	  0.0000E+00	  4.9543E-01	  4.3469E+00	  4.8740E+00	  2.1300E+01	  5.4622E+01	  1.2669E+02	  1.8730E+02	  2.3895E+02	  2.7678E+02	  2.7049E+02	  2.6203E+02	  2.2790E+02	  1.9806E+02	  1.9924E+02	  2.0357E+02	  1.9117E+02	  1.8391E+02	  1.5628E+02	  1.7718E+02	  1.8833E+02	  1.7585E+02	  1.6328E+02	  1.5943E+02	  1.4390E+02	  1.2688E+02	  1.3045E+02	  1.5070E+02	  1.4704E+02	  1.3902E+02	  1.2913E+02	  1.2349E+02	  1.1690E+02	  1.3186E+02	  1.4943E+02	  1.6525E+02	  1.8159E+02	  1.6222E+02	  1.3228E+02	  1.3680E+02	  1.1105E+02	  1.0900E+02	  1.2583E+02	  1.3895E+02	  1.4444E+02	  1.6018E+02	  1.6866E+02	  1.5108E+02	  1.2964E+02	  1.4379E+02	  1.1182E+02	  1.0420E+02	  1.1631E+02	  1.3169E+02	  1.4193E+02	  1.5218E+02	  1.6321E+02	  1.7807E+02	  1.8397E+02	  1.7060E+02	  1.6373E+02	  1.7015E+02	  1.6956E+02	  1.9414E+02	  1.7638E+02	  1.6599E+02	  2.2444E+02	  2.2021E+02	  2.5091E+02	  2.6211E+02	  2.6062E+02	  2.5915E+02	  2.4682E+02	  2.7035E+02	  3.5976E+02	  4.0415E+02	  4.7832E+02	  5.6648E+02	  5.2103E+02	  4.3755E+02	  3.1029E+02	  1.8774E+02	  8.7584E+01	  2.9260E+01	  8.5167E+00	  8.8915E-02	  0.0000E+00	  0.0000E+00	  0.0000E+00	  0.0000E+00	  0.0000E+00	  0.0000E+00	  0.0000E+00	  0.0000E+00	  0.0000E+00	  0.0000E+00	  0.0000E+00	  0.0000E+00	  0.0000E+00	  0.0000E+00	  0.0000E+00	  0.0000E+00	  0.0000E+00	  0.0000E+00	  0.0000E+00	  0.0000E+00
  0.0000E+00	  0.0000E+00	  0.0000E+00	  0.0000E+00	  0.0000E+00	  0.0000E+00	  0.0000E+00	  0.0000E+00	  0.0000E+00	  0.0000E+00	  0.0000E+00	  0.0000E+00	  0.0000E+00	  0.0000E+00	  0.0000E+00	  0.0000E+00	  0.0000E+00	  0.0000E+00	  0.0000E+00	  0.0000E+00	  0.0000E+00	  0.0000E+00	  2.4862E-02	  5.0750E-01	  4.3307E+00	  8.8457E+00	  2.6224E+01	  6.4051E+01	  1.3547E+02	  2.1013E+02	  2.5128E+02	  2.7690E+02	  2.8082E+02	  2.5404E+02	  2.2672E+02	  2.1162E+02	  2.2553E+02	  2.0937E+02	  2.0559E+02	  2.0460E+02	  1.9099E+02	  1.7406E+02	  1.7553E+02	  1.7420E+02	  1.5086E+02	  1.5387E+02	  1.5259E+02	  1.3469E+02	  1.3417E+02	  1.3902E+02	  1.5419E+02	  1.5975E+02	  1.3380E+02	  1.1645E+02	  1.1347E+02	  1.4037E+02	  1.3286E+02	  1.5063E+02	  1.5132E+02	  1.4271E+02	  1.2615E+02	  1.2108E+02	  1.1072E+02	  9.6360E+01	  1.2968E+02	  1.4082E+02	  1.4283E+02	  1.5835E+02	  1.3400E+02	  1.3676E+02	  1.2746E+02	  1.3562E+02	  1.3149E+02	  1.2939E+02	  1.4134E+02	  1.6022E+02	  1.5217E+02	  1.5549E+02	  1.4933E+02	  1.6449E+02	  1.8183E+02	  1.6864E+02	  1.5716E+02	  1.5660E+02	  1.7458E+02	  1.9642E+02	  1.9720E+02	  1.8562E+02	  2.0397E+02	  2.2726E+02	  2.3672E+02	  2.4119E+02	  2.6019E+02	  2.6396E+02	  2.6690E+02	  2.9306E+02	  3.5739E+02	  4.3579E+02	  4.9742E+02	  5.5011E+02	  5.3718E+02	  4.6376E+02	  3.2541E+02	  1.8281E+02	  8.7208E+01	  3.0579E+01	  6.2365E+00	  3.4801E-02	  0.0000E+00	  0.0000E+00	  0.0000E+00	  0.0000E+00	  0.0000E+00	  0.0000E+00	  0.0000E+00	  0.0000E+00	  0.0000E+00	  0.0000E+00	  0.0000E+00	  0.0000E+00	  0.0000E+00	  0.0000E+00	  0.0000E+00	  0.0000E+00	  0.0000E+00	  0.0000E+00	  0.0000E+00	  0.0000E+00
  0.0000E+00	  0.0000E+00	  0.0000E+00	  0.0000E+00	  0.0000E+00	  0.0000E+00	  0.0000E+00	  0.0000E+00	  0.0000E+00	  0.0000E+00	  0.0000E+00	  0.0000E+00	  0.0000E+00	  0.0000E+00	  0.0000E+00	  0.0000E+00	  0.0000E+00	  0.0000E+00	  0.0000E+00	  0.0000E+00	  0.0000E+00	  0.0000E+00	  4.1744E-01	  1.5577E+00	  4.2918E+00	  1.9217E+01	  5.3124E+01	  1.0505E+02	  1.5330E+02	  2.0105E+02	  2.4123E+02	  2.3956E+02	  2.5134E+02	  2.3386E+02	  2.4344E+02	  2.2690E+02	  2.1839E+02	  1.9878E+02	  1.9498E+02	  1.8647E+02	  1.8787E+02	  1.9129E+02	  1.7799E+02	  1.4284E+02	  1.4915E+02	  1.5935E+02	  1.5279E+02	  1.3787E+02	  1.2914E+02	  1.3352E+02	  1.5062E+02	  1.4725E+02	  1.3083E+02	  1.1866E+02	  1.1167E+02	  1.0055E+02	  1.2574E+02	  1.4021E+02	  1.3875E+02	  1.3497E+02	  1.3606E+02	  9.5570E+01	  9.6918E+01	  9.7757E+01	  1.0504E+02	  1.2133E+02	  1.3851E+02	  1.3802E+02	  1.3440E+02	  1.0721E+02	  1.1182E+02	  1.2620E+02	  1.3763E+02	  1.2371E+02	  1.4691E+02	  1.5252E+02	  1.8332E+02	  1.7338E+02	  1.5345E+02	  1.6244E+02	  1.8394E+02	  1.7319E+02	  1.6736E+02	  1.7311E+02	  1.6578E+02	  1.9637E+02	  2.2475E+02	  2.1143E+02	  2.1161E+02	  2.2756E+02	  2.5316E+02	  2.5135E+02	  2.7639E+02	  2.9762E+02	  3.0420E+02	  3.4227E+02	  4.1337E+02	  4.6744E+02	  5.3777E+02	  5.7400E+02	  5.4394E+02	  4.6634E+02	  2.9740E+02	  1.7092E+02	  7.6186E+01	  2.6620E+01	  6.2468E+00	  2.0831E-01	  0.0000E+00	  0.0000E+00	  0.0000E+00	  0.0000E+00	  0.0000E+00	  0.0000E+00	  0.0000E+00	  0.0000E+00	  0.0000E+00	  0.0000E+00	  0.0000E+00	  0.0000E+00	  0.0000E+00	  0.0000E+00	  0.0000E+00	  0.0000E+00	  0.0000E+00	  0.0000E+00	  0.0000E+00	  0.0000E+00
  0.0000E+00	  0.0000E+00	  0.0000E+00	  0.0000E+00	  0.0000E+00	  0.0000E+00	  0.0000E+00	  0.0000E+00	  0.0000E+00	  0.0000E+00	  0.0000E+00	  0.0000E+00	  0.0000E+00	  0.0000E+00	  0.0000E+00	  0.0000E+00	  0.0000E+00	  0.0000E+00	  0.0000E+00	  0.0000E+00	  0.0000E+00	  0.0000E+00	  8.7287E-01	  3.6892E+00	  9.1541E+00	  3.3210E+01	  7.1350E+01	  1.1971E+02	  1.7886E+02	  2.3595E+02	  2.6474E+02	  2.3506E+02	  2.2986E+02	  2.2856E+02	  2.4008E+02	  2.1665E+02	  1.9829E+02	  1.9347E+02	  1.7152E+02	  1.9299E+02	  1.6628E+02	  1.8047E+02	  1.5413E+02	  1.2220E+02	  1.4776E+02	  1.5099E+02	  1.4939E+02	  1.2175E+02	  1.3023E+02	  1.3689E+02	  1.4246E+02	  1.7520E+02	  1.5108E+02	  1.2870E+02	  1.1353E+02	  1.0181E+02	  1.2174E+02	  1.3263E+02	  1.3928E+02	  1.3549E+02	  1.3979E+02	  1.1232E+02	  9.5442E+01	  9.6811E+01	  8.8506E+01	  1.3144E+02	  1.4288E+02	  1.4412E+02	  1.2767E+02	  1.1178E+02	  1.2253E+02	  1.4331E+02	  1.5460E+02	  1.5311E+02	  1.5319E+02	  1.5402E+02	  1.7508E+02	  1.7830E+02	  1.5960E+02	  1.5235E+02	  1.7042E+02	  1.5970E+02	  1.8723E+02	  1.7243E+02	  1.6043E+02	  2.0089E+02	  2.1992E+02	  2.5177E+02	  2.4714E+02	  2.4716E+02	  2.5299E+02	  2.8163E+02	  3.1266E+02	  3.5203E+02	  3.2890E+02	  3.5787E+02	  4.7312E+02	  5.3085E+02	  5.5545E+02	  5.8400E+02	  5.4037E+02	  4.3685E+02	  2.7862E+02	  1.3461E+02	  7.5606E+01	  2.5092E+01	  7.5344E+00	  5.5224E-01	  4.4054E-03	  0.0000E+00	  0.0000E+00	  0.0000E+00	  0.0000E+00	  0.0000E+00	  0.0000E+00	  0.0000E+00	  0.0000E+00	  0.0000E+00	  0.0000E+00	  0.0000E+00	  0.0000E+00	  0.0000E+00	  0.0000E+00	  0.0000E+00	  0.0000E+00	  0.0000E+00	  0.0000E+00	  0.0000E+00
  0.0000E+00	  0.0000E+00	  0.0000E+00	  0.0000E+00	  0.0000E+00	  0.0000E+00	  0.0000E+00	  0.0000E+00	  0.0000E+00	  0.0000E+00	  0.0000E+00	  0.0000E+00	  0.0000E+00	  0.0000E+00	  0.0000E+00	  0.0000E+00	  0.0000E+00	  0.0000E+00	  0.0000E+00	  0.0000E+00	  0.0000E+00	  0.0000E+00	  3.0320E-01	  3.0282E+00	  1.4622E+01	  3.2968E+01	  7.1692E+01	  1.2727E+02	  2.1087E+02	  2.4269E+02	  2.5010E+02	  2.4204E+02	  2.3894E+02	  2.5051E+02	  2.4576E+02	  2.1363E+02	  1.8510E+02	  1.9243E+02	  1.9342E+02	  1.7972E+02	  1.5195E+02	  1.5681E+02	  1.3743E+02	  1.2876E+02	  1.4007E+02	  1.3807E+02	  1.1679E+02	  1.1219E+02	  1.1055E+02	  1.3358E+02	  1.4126E+02	  1.8194E+02	  1.4701E+02	  1.2238E+02	  1.0217E+02	  1.0825E+02	  1.2521E+02	  1.2818E+02	  1.2357E+02	  1.3633E+02	  1.1287E+02	  1.0647E+02	  1.0039E+02	  9.6984E+01	  1.0692E+02	  1.3574E+02	  1.6457E+02	  1.5931E+02	  1.4045E+02	  1.4263E+02	  1.3830E+02	  1.5502E+02	  1.4940E+02	  1.6898E+02	  1.7630E+02	  1.6670E+02	  1.7530E+02	  1.8682E+02	  1.6665E+02	  1.5684E+02	  1.7104E+02	  1.8648E+02	  2.2496E+02	  2.0547E+02	  2.1213E+02	  2.3091E+02	  2.2404E+02	  2.6714E+02	  2.6744E+02	  2.6363E+02	  2.9549E+02	  3.3127E+02	  3.4493E+02	  3.3028E+02	  3.2751E+02	  4.1535E+02	  4.9720E+02	  5.3075E+02	  5.5765E+02	  5.4388E+02	  4.8913E+02	  3.9506E+02	  2.2053E+02	  1.1133E+02	  4.3087E+01	  1.5846E+01	  2.6794E+00	  1.7745E+00	  4.4172E-02	  0.0000E+00	  0.0000E+00	  0.0000E+00	  0.0000E+00	  0.0000E+00	  0.0000E+00	  0.0000E+00	  0.0000E+00	  0.0000E+00	  0.0000E+00	  0.0000E+00	  0.0000E+00	  0.0000E+00	  0.0000E+00	  0.0000E+00	  0.0000E+00	  0.0000E+00	  0.0000E+00	  0.0000E+00
  0.0000E+00	  0.0000E+00	  0.0000E+00	  0.0000E+00	  0.0000E+00	  0.0000E+00	  0.0000E+00	  0.0000E+00	  0.0000E+00	  0.0000E+00	  0.0000E+00	  0.0000E+00	  0.0000E+00	  0.0000E+00	  0.0000E+00	  0.0000E+00	  0.0000E+00	  0.0000E+00	  0.0000E+00	  0.0000E+00	  0.0000E+00	  0.0000E+00	  2.8995E-01	  6.8493E+00	  2.8168E+01	  5.3883E+01	  7.7164E+01	  1.2789E+02	  2.1239E+02	  2.3490E+02	  2.5498E+02	  2.5343E+02	  2.3923E+02	  2.5352E+02	  2.2871E+02	  2.0773E+02	  1.9798E+02	  1.8544E+02	  2.0259E+02	  1.6438E+02	  1.6261E+02	  1.5464E+02	  1.4553E+02	  1.5318E+02	  1.2434E+02	  1.2866E+02	  1.3757E+02	  1.3655E+02	  1.2130E+02	  1.3061E+02	  1.4090E+02	  1.6235E+02	  1.5158E+02	  1.2096E+02	  1.1520E+02	  1.0858E+02	  1.1432E+02	  1.2679E+02	  1.3407E+02	  1.4591E+02	  1.1930E+02	  1.0526E+02	  9.8990E+01	  1.0738E+02	  1.2970E+02	  1.4321E+02	  1.5658E+02	  1.5583E+02	  1.5976E+02	  1.6678E+02	  1.5414E+02	  1.5447E+02	  1.6193E+02	  1.7060E+02	  1.7739E+02	  1.7787E+02	  1.6821E+02	  1.6004E+02	  1.5896E+02	  1.5397E+02	  1.7099E+02	  1.7498E+02	  1.9864E+02	  2.0696E+02	  2.3462E+02	  2.5652E+02	  2.6091E+02	  3.0614E+02	  2.6960E+02	  2.8443E+02	  3.2736E+02	  3.2735E+02	  3.2976E+02	  3.3141E+02	  3.9189E+02	  4.4137E+02	  4.8976E+02	  4.9987E+02	  5.6445E+02	  5.5473E+02	  4.3960E+02	  2.9507E+02	  1.6006E+02	  7.9263E+01	  2.6177E+01	  8.6653E+00	  8.4347E-01	  0.0000E+00	  0.0000E+00	  0.0000E+00	  0.0000E+00	  0.0000E+00	  0.0000E+00	  0.0000E+00	  0.0000E+00	  0.0000E+00	  0.0000E+00	  0.0000E+00	  0.0000E+00	  0.0000E+00	  0.0000E+00	  0.0000E+00	  0.0000E+00	  0.0000E+00	  0.0000E+00	  0.0000E+00	  0.0000E+00	  0.0000E+00
  0.0000E+00	  0.0000E+00	  0.0000E+00	  0.0000E+00	  0.0000E+00	  0.0000E+00	  0.0000E+00	  0.0000E+00	  0.0000E+00	  0.0000E+00	  0.0000E+00	  0.0000E+00	  0.0000E+00	  0.0000E+00	  0.0000E+00	  0.0000E+00	  0.0000E+00	  0.0000E+00	  0.0000E+00	  0.0000E+00	  3.4527E-01	  4.5332E-01	  1.0738E+00	  8.0539E+00	  4.1596E+01	  6.9685E+01	  8.7170E+01	  1.4444E+02	  2.0500E+02	  2.4145E+02	  2.3800E+02	  2.4542E+02	  2.1710E+02	  2.1405E+02	  2.0596E+02	  1.9920E+02	  1.8324E+02	  1.8055E+02	  1.8145E+02	  1.5558E+02	  1.5216E+02	  1.6357E+02	  1.6114E+02	  1.6296E+02	  1.6386E+02	  1.5854E+02	  1.4397E+02	  1.3765E+02	  1.4410E+02	  1.4614E+02	  1.5174E+02	  1.8263E+02	  1.6899E+02	  1.4435E+02	  1.3091E+02	  1.0773E+02	  1.1354E+02	  1.1567E+02	  1.3050E+02	  1.2353E+02	  1.2147E+02	  1.3704E+02	  1.3988E+02	  1.2193E+02	  1.3645E+02	  1.4903E+02	  1.5226E+02	  1.5454E+02	  1.7293E+02	  1.7977E+02	  1.7783E+02	  1.3960E+02	  1.4891E+02	  1.5691E+02	  1.7014E+02	  1.7015E+02	  1.6089E+02	  1.5277E+02	  1.5380E+02	  1.7362E+02	  1.7312E+02	  1.9292E+02	  2.1660E+02	  2.2318E+02	  2.5313E+02	  2.5690E+02	  2.7816E+02	  2.9092E+02	  2.7584E+02	  2.6483E+02	  3.0086E+02	  3.2808E+02	  3.3228E+02	  3.6333E+02	  4.2561E+02	  4.7114E+02	  4.8801E+02	  4.9010E+02	  5.6487E+02	  5.6181E+02	  4.0432E+02	  2.5381E+02	  1.3400E+02	  4.9310E+01	  2.1208E+01	  4.8572E+00	  7.8520E-01	  2.8225E-01	  0.0000E+00	  0.0000E+00	  0.0000E+00	  0.0000E+00	  0.0000E+00	  0.0000E+00	  0.0000E+00	  0.0000E+00	  0.0000E+00	  0.0000E+00	  0.0000E+00	  0.0000E+00	  0.0000E+00	  0.0000E+00	  0.0000E+00	  0.0000E+00	  0.0000E+00	  0.0000E+00	  0.0000E+00	  0.0000E+00
  0.0000E+00	  0.0000E+00	  0.0000E+00	  0.0000E+00	  0.0000E+00	  0.0000E+00	  0.0000E+00	  0.0000E+00	  0.0000E+00	  0.0000E+00	  0.0000E+00	  0.0000E+00	  0.0000E+00	  0.0000E+00	  0.0000E+00	  0.0000E+00	  0.0000E+00	  0.0000E+00	  0.0000E+00	  0.0000E+00	  8.6727E-02	  3.3703E-01	  4.9722E+00	  1.3332E+01	  3.9464E+01	  7.3160E+01	  1.1196E+02	  1.7332E+02	  2.1925E+02	  2.2142E+02	  2.4296E+02	  2.6024E+02	  2.3059E+02	  2.2685E+02	  2.1413E+02	  1.7287E+02	  1.5841E+02	  1.6223E+02	  1.7051E+02	  1.5909E+02	  1.5022E+02	  1.4989E+02	  1.7456E+02	  1.7374E+02	  1.8556E+02	  1.8423E+02	  1.6439E+02	  1.5126E+02	  1.3684E+02	  1.3567E+02	  1.6427E+02	  1.6507E+02	  1.6002E+02	  1.6531E+02	  1.6353E+02	  1.1889E+02	  1.3837E+02	  1.4215E+02	  1.2593E+02	  1.2733E+02	  1.3643E+02	  1.4596E+02	  1.6193E+02	  1.6412E+02	  1.6264E+02	  1.7708E+02	  1.6607E+02	  1.7782E+02	  1.7627E+02	  1.7704E+02	  1.8616E+02	  1.3916E+02	  1.5186E+02	  1.4117E+02	  1.5854E+02	  1.4482E+02	  1.3777E+02	  1.6831E+02	  1.7041E+02	  1.7972E+02	  1.8713E+02	  1.9397E+02	  2.0237E+02	  2.2998E+02	  2.3829E+02	  2.5593E+02	  2.7884E+02	  2.4889E+02	  2.4718E+02	  2.7880E+02	  3.1315E+02	  3.0477E+02	  3.4111E+02	  3.6012E+02	  3.9874E+02	  4.6620E+02	  4.9229E+02	  5.2185E+02	  5.2596E+02	  4.3757E+02	  3.2163E+02	  2.1083E+02	  1.0743E+02	  3.4579E+01	  1.3280E+01	  2.7048E+00	  5.4770E-01	  2.2546E-01	  0.0000E+00	  0.0000E+00	  0.0000E+00	  0.0000E+00	  0.0000E+00	  0.0000E+00	  0.0000E+00	  0.0000E+00	  0.0000E+00	  0.0000E+00	  0.0000E+00	  0.0000E+00	  0.0000E+00	  0.0000E+00	  0.0000E+00	  0.0000E+00	  0.0000E+00	  0.0000E+00	  0.0000E+00	  0.0000E+00
  0.0000E+00	  0.0000E+00	  0.0000E+00	  0.0000E+00	  0.0000E+00	  0.0000E+00	  0.0000E+00	  0.0000E+00	  0.0000E+00	  0.0000E+00	  0.0000E+00	  0.0000E+00	  0.0000E+00	  0.0000E+00	  0.0000E+00	  0.0000E+00	  0.0000E+00	  0.0000E+00	  0.0000E+00	  0.0000E+00	  0.0000E+00	  1.5308E+00	  5.9097E+00	  1.5756E+01	  3.5578E+01	  8.6588E+01	  1.5297E+02	  2.1679E+02	  2.5268E+02	  2.8390E+02	  2.7424E+02	  2.1762E+02	  2.5059E+02	  2.4093E+02	  2.1096E+02	  1.8714E+02	  1.8056E+02	  1.6271E+02	  1.6956E+02	  1.6144E+02	  1.5903E+02	  1.7499E+02	  1.8811E+02	  1.7580E+02	  1.7412E+02	  1.6183E+02	  1.5469E+02	  1.5572E+02	  1.3111E+02	  1.3394E+02	  1.5981E+02	  1.7756E+02	  1.9030E+02	  1.6421E+02	  1.4542E+02	  1.5922E+02	  1.5286E+02	  1.6352E+02	  1.5238E+02	  1.4964E+02	  1.7716E+02	  1.7586E+02	  1.4693E+02	  1.5512E+02	  1.6146E+02	  1.5735E+02	  1.4785E+02	  1.4575E+02	  1.6936E+02	  1.5893E+02	  1.7708E+02	  1.7305E+02	  1.8199E+02	  1.6341E+02	  1.8503E+02	  1.7171E+02	  1.4808E+02	  1.6949E+02	  2.0007E+02	  2.1642E+02	  2.0881E+02	  2.1888E+02	  2.3195E+02	  2.2851E+02	  2.4746E+02	  2.5686E+02	  2.8169E+02	  2.6843E+02	  2.6281E+02	  3.0873E+02	  3.1956E+02	  3.4060E+02	  3.6800E+02	  4.0945E+02	  4.4880E+02	  4.9963E+02	  5.2059E+02	  5.2808E+02	  4.6307E+02	  3.6713E+02	  2.5355E+02	  1.4959E+02	  6.7356E+01	  2.6299E+01	  7.7652E+00	  2.6511E+00	  1.5632E-01	  0.0000E+00	  0.0000E+00	  0.0000E+00	  0.0000E+00	  0.0000E+00	  0.0000E+00	  0.0000E+00	  0.0000E+00	  0.0000E+00	  0.0000E+00	  0.0000E+00	  0.0000E+00	  0.0000E+00	  0.0000E+00	  0.0000E+00	  0.0000E+00	  0.0000E+00	  0.0000E+00	  0.0000E+00	  0.0000E+00	  0.0000E+00
  0.0000E+00	  0.0000E+00	  0.0000E+00	  0.0000E+00	  0.0000E+00	  0.0000E+00	  0.0000E+00	  0.0000E+00	  0.0000E+00	  0.0000E+00	  0.0000E+00	  0.0000E+00	  0.0000E+00	  0.0000E+00	  0.0000E+00	  0.0000E+00	  0.0000E+00	  0.0000E+00	  0.0000E+00	  0.0000E+00	  0.0000E+00	  1.2623E+00	  7.3376E+00	  1.5776E+01	  4.2886E+01	  1.0938E+02	  1.7222E+02	  2.2373E+02	  2.8087E+02	  3.1806E+02	  2.9810E+02	  2.5385E+02	  2.4439E+02	  2.4208E+02	  2.3052E+02	  2.1753E+02	  2.0886E+02	  2.0063E+02	  1.8998E+02	  1.7377E+02	  1.6061E+02	  1.4340E+02	  1.7847E+02	  1.8197E+02	  1.6486E+02	  1.7125E+02	  1.6467E+02	  1.6243E+02	  1.3955E+02	  1.2398E+02	  1.5601E+02	  1.7760E+02	  1.9012E+02	  1.6448E+02	  1.4690E+02	  1.5246E+02	  1.3363E+02	  1.5520E+02	  1.5851E+02	  1.6641E+02	  1.9588E+02	  1.9759E+02	  1.7804E+02	  1.6198E+02	  1.6492E+02	  1.4434E+02	  1.3954E+02	  1.4491E+02	  1.7740E+02	  1.8413E+02	  1.7840E+02	  1.7776E+02	  1.7357E+02	  1.7376E+02	  1.9436E+02	  1.9474E+02	  1.8498E+02	  1.9919E+02	  2.0647E+02	  2.2549E+02	  2.2795E+02	  2.3110E+02	  2.1287E+02	  2.4471E+02	  2.7114E+02	  2.7511E+02	  2.7446E+02	  2.8442E+02	  2.9449E+02	  3.4747E+02	  3.8514E+02	  3.8097E+02	  3.5985E+02	  3.9438E+02	  4.5915E+02	  5.1474E+02	  5.3838E+02	  5.2944E+02	  4.2035E+02	  2.9097E+02	  2.0770E+02	  1.0335E+02	  4.1209E+01	  1.2613E+01	  3.6665E+00	  8.8042E-01	  0.0000E+00	  0.0000E+00	  0.0000E+00	  0.0000E+00	  0.0000E+00	  0.0000E+00	  0.0000E+00	  0.0000E+00	  0.0000E+00	  0.0000E+00	  0.0000E+00	  0.0000E+00	  0.0000E+00	  0.0000E+00	  0.0000E+00	  0.0000E+00	  0.0000E+00	  0.0000E+00	  0.0000E+00	  0.0000E+00	  0.0000E+00	  0.0000E+00
  0.0000E+00	  0.0000E+00	  0.0000E+00	  0.0000E+00	  0.0000E+00	  0.0000E+00	  0.0000E+00	  0.0000E+00	  0.0000E+00	  0.0000E+00	  0.0000E+00	  0.0000E+00	  0.0000E+00	  0.0000E+00	  0.0000E+00	  0.0000E+00	  0.0000E+00	  0.0000E+00	  0.0000E+00	  2.0537E-02	  7.3174E-01	  1.1117E+00	  4.9273E+00	  1.5744E+01	  5.1073E+01	  1.3368E+02	  1.9884E+02	  2.5658E+02	  2.9368E+02	  2.8836E+02	  2.5891E+02	  2.5153E+02	  2.3648E+02	  2.2536E+02	  2.2031E+02	  2.3897E+02	  2.4041E+02	  2.2490E+02	  1.7834E+02	  1.8182E+02	  1.7197E+02	  1.5380E+02	  1.5736E+02	  1.8965E+02	  1.9134E+02	  1.8937E+02	  1.7192E+02	  1.5806E+02	  1.4883E+02	  1.2320E+02	  1.5153E+02	  1.5692E+02	  1.7425E+02	  1.8642E+02	  1.6511E+02	  1.5921E+02	  1.5342E+02	  1.4823E+02	  1.5545E+02	  1.8186E+02	  1.8618E+02	  1.7126E+02	  1.5570E+02	  1.4763E+02	  1.6397E+02	  1.6727E+02	  1.4983E+02	  1.3897E+02	  1.7586E+02	  1.8553E+02	  1.7310E+02	  1.8756E+02	  1.7088E+02	  1.7768E+02	  1.6697E+02	  1.9347E+02	  2.0917E+02	  2.0076E+02	  2.0004E+02	  2.4169E+02	  2.1745E+02	  2.1482E+02	  2.2626E+02	  2.5840E+02	  2.8856E+02	  2.9151E+02	  2.9604E+02	  3.3741E+02	  3.2107E+02	  3.8866E+02	  4.0192E+02	  3.9464E+02	  3.9586E+02	  4.4065E+02	  4.7992E+02	  5.2510E+02	  5.0495E+02	  4.7032E+02	  3.4146E+02	  2.4060E+02	  1.5961E+02	  7.1449E+01	  2.4996E+01	  6.3902E+00	  1.0377E+00	  7.7213E-03	  0.0000E+00	  0.0000E+00	  0.0000E+00	  0.0000E+00	  0.0000E+00	  0.0000E+00	  0.0000E+00	  0.0000E+00	  0.0000E+00	  0.0000E+00	  0.0000E+00	  0.0000E+00	  0.0000E+00	  0.0000E+00	  0.0000E+00	  0.0000E+00	  0.0000E+00	  0.0000E+00	  0.0000E+00	  0.0000E+00	  0.0000E+00	  0.0000E+00
  0.0000E+00	  0.0000E+00	  0.0000E+00	  0.0000E+00	  0.0000E+00	  0.0000E+00	  0.0000E+00	  0.0000E+00	  0.0000E+00	  0.0000E+00	  0.0000E+00	  0.0000E+00	  0.0000E+00	  0.0000E+00	  0.0000E+00	  0.0000E+00	  0.0000E+00	  0.0000E+00	  0.0000E+00	  1.3366E-01	  9.3578E-01	  1.3035E+00	  7.1261E+00	  2.0896E+01	  6.8851E+01	  1.3018E+02	  1.9773E+02	  2.6302E+02	  2.9625E+02	  2.8705E+02	  2.6624E+02	  2.5271E+02	  2.5582E+02	  2.2429E+02	  2.1468E+02	  2.3959E+02	  2.4710E+02	  2.1813E+02	  2.0302E+02	  1.8570E+02	  1.7558E+02	  1.8305E+02	  1.9329E+02	  2.2356E+02	  2.1419E+02	  2.0866E+02	  1.9335E+02	  1.5690E+02	  1.3734E+02	  1.3395E+02	  1.4773E+02	  1.5502E+02	  1.6632E+02	  1.6845E+02	  1.6667E+02	  1.9796E+02	  1.7879E+02	  1.5570E+02	  1.7482E+02	  1.6573E+02	  1.7053E+02	  1.8342E+02	  1.6948E+02	  1.6138E+02	  1.5929E+02	  1.5009E+02	  1.5267E+02	  1.5641E+02	  1.8520E+02	  1.9782E+02	  1.7835E+02	  1.7651E+02	  1.7464E+02	  1.8334E+02	  1.5751E+02	  2.0095E+02	  2.1814E+02	  1.8127E+02	  2.0165E+02	  2.0928E+02	  2.1872E+02	  2.0601E+02	  2.2948E+02	  2.5670E+02	  2.7378E+02	  2.8561E+02	  3.2619E+02	  3.6048E+02	  3.6393E+02	  3.9741E+02	  4.3951E+02	  4.4121E+02	  4.3575E+02	  4.3102E+02	  4.5848E+02	  4.5313E+02	  4.0439E+02	  3.2416E+02	  2.3226E+02	  1.6704E+02	  9.2207E+01	  3.8402E+01	  1.4517E+01	  5.1163E+00	  1.3765E+00	  1.0385E-01	  0.0000E+00	  0.0000E+00	  0.0000E+00	  0.0000E+00	  0.0000E+00	  0.0000E+00	  0.0000E+00	  0.0000E+00	  0.0000E+00	  0.0000E+00	  0.0000E+00	  0.0000E+00	  0.0000E+00	  0.0000E+00	  0.0000E+00	  0.0000E+00	  0.0000E+00	  0.0000E+00	  0.0000E+00	  0.0000E+00	  0.0000E+00	  0.0000E+00
  0.0000E+00	  0.0000E+00	  0.0000E+00	  0.0000E+00	  0.0000E+00	  0.0000E+00	  0.0000E+00	  0.0000E+00	  0.0000E+00	  0.0000E+00	  0.0000E+00	  0.0000E+00	  0.0000E+00	  0.0000E+00	  0.0000E+00	  0.0000E+00	  0.0000E+00	  0.0000E+00	  0.0000E+00	  0.0000E+00	  0.0000E+00	  2.5158E+00	  6.3648E+00	  2.3326E+01	  6.4465E+01	  1.3901E+02	  2.3560E+02	  3.0677E+02	  3.1540E+02	  3.3244E+02	  3.0312E+02	  2.9659E+02	  2.8464E+02	  2.4302E+02	  2.1613E+02	  2.2910E+02	  2.4064E+02	  2.4808E+02	  2.2018E+02	  1.8851E+02	  1.8156E+02	  1.9024E+02	  2.0581E+02	  2.2372E+02	  2.1510E+02	  1.8945E+02	  1.8400E+02	  1.5305E+02	  1.3464E+02	  1.4496E+02	  1.5809E+02	  1.5885E+02	  1.6715E+02	  1.6781E+02	  1.6323E+02	  1.8034E+02	  1.6993E+02	  1.5843E+02	  1.5203E+02	  1.4555E+02	  1.4923E+02	  1.7250E+02	  1.7020E+02	  1.7186E+02	  1.5800E+02	  1.5725E+02	  1.5197E+02	  1.7204E+02	  2.1114E+02	  2.2745E+02	  2.1677E+02	  2.0860E+02	  2.0217E+02	  1.6971E+02	  1.7566E+02	  2.0575E+02	  2.1000E+02	  2.2189E+02	  1.9790E+02	  1.9199E+02	  2.5478E+02	  2.5162E+02	  2.2830E+02	  2.4154E+02	  2.7341E+02	  3.1985E+02	  3.4101E+02	  3.8411E+02	  4.2313E+02	  4.3313E+02	  5.0510E+02	  4.8718E+02	  4.5967E+02	  4.2002E+02	  3.9762E+02	  3.5630E+02	  2.7015E+02	  1.8232E+02	  1.3259E+02	  8.6683E+01	  4.1588E+01	  1.3575E+01	  4.0492E+00	  3.6734E-01	  0.0000E+00	  0.0000E+00	  0.0000E+00	  0.0000E+00	  0.0000E+00	  0.0000E+00	  0.0000E+00	  0.0000E+00	  0.0000E+00	  0.0000E+00	  0.0000E+00	  0.0000E+00	  0.0000E+00	  0.0000E+00	  0.0000E+00	  0.0000E+00	  0.0000E+00	  0.0000E+00	  0.0000E+00	  0.0000E+00	  0.0000E+00	  0.0000E+00	  0.0000E+00	  0.0000E+00
  0.0000E+00	  0.0000E+00	  0.0000E+00	  0.0000E+00	  0.0000E+00	  0.0000E+00	  0.0000E+00	  0.0000E+00	  0.0000E+00	  0.0000E+00	  0.0000E+00	  0.0000E+00	  0.0000E+00	  0.0000E+00	  0.0000E+00	  0.0000E+00	  0.0000E+00	  0.0000E+00	  0.0000E+00	  0.0000E+00	  1.7485E-02	  7.0387E-01	  6.8596E+00	  3.2674E+01	  7.1323E+01	  1.4908E+02	  2.4856E+02	  3.3743E+02	  3.7523E+02	  3.6795E+02	  3.4856E+02	  3.1013E+02	  2.7421E+02	  2.5113E+02	  2.2994E+02	  2.3586E+02	  2.3454E+02	  2.3751E+02	  2.0618E+02	  1.8490E+02	  2.0159E+02	  2.4113E+02	  2.2271E+02	  1.9511E+02	  1.8910E+02	  1.6554E+02	  1.6612E+02	  1.6412E+02	  1.7386E+02	  1.7462E+02	  1.7212E+02	  1.7132E+02	  1.5806E+02	  1.8311E+02	  1.7008E+02	  1.6623E+02	  1.6940E+02	  1.5585E+02	  1.5381E+02	  1.6287E+02	  1.5801E+02	  1.6295E+02	  1.6656E+02	  1.7137E+02	  1.4966E+02	  1.6418E+02	  1.7744E+02	  1.9921E+02	  2.3351E+02	  2.4386E+02	  2.5439E+02	  2.1219E+02	  2.1007E+02	  1.9360E+02	  1.9425E+02	  1.8999E+02	  2.0388E+02	  2.2428E+02	  2.0211E+02	  2.2898E+02	  2.7112E+02	  2.8206E+02	  2.7726E+02	  2.6793E+02	  2.7512E+02	  3.0123E+02	  3.4948E+02	  3.9708E+02	  4.3876E+02	  4.6811E+02	  5.1294E+02	  4.8306E+02	  4.3268E+02	  3.7004E+02	  3.1181E+02	  2.1509E+02	  1.4479E+02	  9.1355E+01	  6.3620E+01	  2.8646E+01	  2.0903E+01	  8.6503E+00	  1.5970E-01	  5.0321E-02	  0.0000E+00	  0.0000E+00	  0.0000E+00	  0.0000E+00	  0.0000E+00	  0.0000E+00	  0.0000E+00	  0.0000E+00	  0.0000E+00	  0.0000E+00	  0.0000E+00	  0.0000E+00	  0.0000E+00	  0.0000E+00	  0.0000E+00	  0.0000E+00	  0.0000E+00	  0.0000E+00	  0.0000E+00	  0.0000E+00	  0.0000E+00	  0.0000E+00	  0.0000E+00	  0.0000E+00
  0.0000E+00	  0.0000E+00	  0.0000E+00	  0.0000E+00	  0.0000E+00	  0.0000E+00	  0.0000E+00	  0.0000E+00	  0.0000E+00	  0.0000E+00	  0.0000E+00	  0.0000E+00	  0.0000E+00	  0.0000E+00	  0.0000E+00	  0.0000E+00	  0.0000E+00	  0.0000E+00	  0.0000E+00	  0.0000E+00	  1.3889E+00	  2.6762E+00	  3.4651E+00	  2.8803E+01	  6.9221E+01	  1.5790E+02	  2.7024E+02	  3.6297E+02	  4.4508E+02	  4.2196E+02	  3.7470E+02	  3.5813E+02	  3.0712E+02	  2.7708E+02	  2.5624E+02	  2.5316E+02	  2.3818E+02	  2.0819E+02	  2.0479E+02	  1.9073E+02	  2.1258E+02	  2.2447E+02	  2.1738E+02	  1.9486E+02	  1.6852E+02	  1.6661E+02	  1.7692E+02	  1.7280E+02	  1.8407E+02	  1.9259E+02	  1.8320E+02	  1.6725E+02	  1.6617E+02	  1.9981E+02	  1.7940E+02	  1.6790E+02	  1.8672E+02	  1.7905E+02	  1.6636E+02	  1.6318E+02	  1.7646E+02	  2.0231E+02	  1.9654E+02	  1.8060E+02	  1.8602E+02	  1.8912E+02	  1.9663E+02	  2.1905E+02	  2.5577E+02	  2.3561E+02	  2.6540E+02	  2.4235E+02	  2.0887E+02	  2.1093E+02	  2.0263E+02	  1.9079E+02	  2.2661E+02	  2.5464E+02	  2.6079E+02	  2.8015E+02	  3.1942E+02	  3.5529E+02	  3.1360E+02	  2.8167E+02	  3.2313E+02	  3.1712E+02	  3.7363E+02	  3.8494E+02	  4.0196E+02	  4.0237E+02	  4.1494E+02	  3.8891E+02	  3.2064E+02	  2.4954E+02	  1.7687E+02	  1.2061E+02	  6.1160E+01	  3.2155E+01	  1.6943E+01	  9.1450E+00	  7.3306E+00	  2.2616E+00	  0.0000E+00	  0.0000E+00	  0.0000E+00	  0.0000E+00	  0.0000E+00	  0.0000E+00	  0.0000E+00	  0.0000E+00	  0.0000E+00	  0.0000E+00	  0.0000E+00	  0.0000E+00	  0.0000E+00	  0.0000E+00	  0.0000E+00	  0.0000E+00	  0.0000E+00	  0.0000E+00	  0.0000E+00	  0.0000E+00	  0.0000E+00	  0.0000E+00	  0.0000E+00	  0.0000E+00	  0.0000E+00	  0.0000E+00
  0.0000E+00	  0.0000E+00	  0.0000E+00	  0.0000E+00	  0.0000E+00	  0.0000E+00	  0.0000E+00	  0.0000E+00	  0.0000E+00	  0.0000E+00	  0.0000E+00	  0.0000E+00	  0.0000E+00	  0.0000E+00	  0.0000E+00	  0.0000E+00	  0.0000E+00	  0.0000E+00	  0.0000E+00	  0.0000E+00	  7.6830E-01	  2.0116E+00	  5.0765E+00	  2.3635E+01	  6.1114E+01	  1.3364E+02	  2.5146E+02	  3.6354E+02	  4.2876E+02	  4.5688E+02	  4.1942E+02	  3.6279E+02	  3.3208E+02	  3.1315E+02	  2.6571E+02	  2.5159E+02	  2.2032E+02	  1.9952E+02	  2.0216E+02	  1.9722E+02	  2.1406E+02	  1.9900E+02	  2.0831E+02	  1.7507E+02	  1.6299E+02	  1.8287E+02	  1.9975E+02	  1.8782E+02	  1.9606E+02	  1.6641E+02	  1.7216E+02	  1.7255E+02	  1.8671E+02	  1.9622E+02	  1.9122E+02	  1.8934E+02	  2.0224E+02	  2.0549E+02	  1.7316E+02	  1.8825E+02	  1.7883E+02	  1.8517E+02	  1.8028E+02	  1.9881E+02	  2.1306E+02	  2.1328E+02	  2.2259E+02	  2.4417E+02	  2.7919E+02	  2.4384E+02	  2.5699E+02	  2.6982E+02	  2.5107E+02	  2.5319E+02	  2.5840E+02	  2.5300E+02	  2.6983E+02	  2.8521E+02	  3.0979E+02	  3.4229E+02	  3.7896E+02	  3.8418E+02	  3.5795E+02	  3.0417E+02	  3.1933E+02	  3.3585E+02	  3.8189E+02	  3.8025E+02	  3.4746E+02	  3.1925E+02	  3.0791E+02	  2.4644E+02	  1.9980E+02	  1.3781E+02	  9.1604E+01	  6.4148E+01	  2.8243E+01	  1.2132E+01	  7.4421E+00	  2.9081E+00	  3.0566E+00	  8.4419E-01	  0.0000E+00	  0.0000E+00	  0.0000E+00	  0.0000E+00	  0.0000E+00	  0.0000E+00	  0.0000E+00	  0.0000E+00	  0.0000E+00	  0.0000E+00	  0.0000E+00	  0.0000E+00	  0.0000E+00	  0.0000E+00	  0.0000E+00	  0.0000E+00	  0.0000E+00	  0.0000E+00	  0.0000E+00	  0.0000E+00	  0.0000E+00	  0.0000E+00	  0.0000E+00	  0.0000E+00	  0.0000E+00	  0.0000E+00
  0.0000E+00	  0.0000E+00	  0.0000E+00	  0.0000E+00	  0.0000E+00	  0.0000E+00	  0.0000E+00	  0.0000E+00	  0.0000E+00	  0.0000E+00	  0.0000E+00	  0.0000E+00	  0.0000E+00	  0.0000E+00	  0.0000E+00	  0.0000E+00	  0.0000E+00	  0.0000E+00	  0.0000E+00	  0.0000E+00	  6.7054E-03	  1.2773E+00	  6.6080E+00	  1.4792E+01	  5.4144E+01	  1.1410E+02	  2.0295E+02	  2.9300E+02	  3.8352E+02	  4.1522E+02	  4.3189E+02	  3.7457E+02	  3.2609E+02	  3.2656E+02	  2.9149E+02	  2.5940E+02	  2.2800E+02	  2.1470E+02	  2.1544E+02	  2.3553E+02	  2.2495E+02	  2.2651E+02	  2.1079E+02	  1.8179E+02	  1.7207E+02	  1.8720E+02	  2.3224E+02	  2.2122E+02	  2.0103E+02	  1.8337E+02	  1.8157E+02	  1.8762E+02	  1.8415E+02	  1.9911E+02	  2.0949E+02	  2.1298E+02	  2.3244E+02	  2.1698E+02	  1.8998E+02	  1.7094E+02	  1.7539E+02	  1.9143E+02	  2.1061E+02	  2.2875E+02	  2.2454E+02	  2.3688E+02	  2.6115E+02	  2.8120E+02	  2.9842E+02	  2.8219E+02	  2.9630E+02	  2.7729E+02	  2.5821E+02	  2.7191E+02	  2.8702E+02	  2.8448E+02	  3.0929E+02	  3.2043E+02	  3.9076E+02	  3.9559E+02	  4.1724E+02	  4.0670E+02	  3.6304E+02	  3.0789E+02	  2.9177E+02	  2.8714E+02	  2.8778E+02	  2.7503E+02	  2.4258E+02	  2.0936E+02	  2.0475E+02	  1.4772E+02	  1.0799E+02	  7.0136E+01	  4.2898E+01	  2.5669E+01	  1.2657E+01	  3.1911E+00	  1.4988E+00	  5.2197E-02	  0.0000E+00	  0.0000E+00	  0.0000E+00	  0.0000E+00	  0.0000E+00	  0.0000E+00	  0.0000E+00	  0.0000E+00	  0.0000E+00	  0.0000E+00	  0.0000E+00	  0.0000E+00	  0.0000E+00	  0.0000E+00	  0.0000E+00	  0.0000E+00	  0.0000E+00	  0.0000E+00	  0.0000E+00	  0.0000E+00	  0.0000E+00	  0.0000E+00	  0.0000E+00	  0.0000E+00	  0.0000E+00	  0.0000E+00	  0.0000E+00	  0.0000E+00
  0.0000E+00	  0.0000E+00	  0.0000E+00	  0.0000E+00	  0.0000E+00	  0.0000E+00	  0.0000E+00	  0.0000E+00	  0.0000E+00	  0.0000E+00	  0.0000E+00	  0.0000E+00	  0.0000E+00	  0.0000E+00	  0.0000E+00	  0.0000E+00	  0.0000E+00	  0.0000E+00	  0.0000E+00	  0.0000E+00	  0.0000E+00	  8.4955E-01	  5.6679E+00	  1.5169E+01	  4.1959E+01	  8.1283E+01	  1.4647E+02	  2.2188E+02	  3.2304E+02	  3.7752E+02	  4.0094E+02	  3.9620E+02	  3.6633E+02	  3.4472E+02	  3.0550E+02	  2.7368E+02	  2.7294E+02	  2.7059E+02	  2.4201E+02	  2.4027E+02	  2.2790E+02	  2.4616E+02	  2.3272E+02	  2.2589E+02	  2.4543E+02	  2.3678E+02	  2.5440E+02	  2.4159E+02	  2.1728E+02	  2.0042E+02	  2.1700E+02	  2.1866E+02	  2.3167E+02	  2.3522E+02	  2.4183E+02	  2.6912E+02	  2.6295E+02	  2.5080E+02	  2.0528E+02	  2.0683E+02	  2.0479E+02	  2.2160E+02	  2.4966E+02	  2.4525E+02	  2.4776E+02	  2.6848E+02	  2.7904E+02	  3.1967E+02	  3.2045E+02	  2.9917E+02	  3.2766E+02	  3.1265E+02	  2.9610E+02	  2.9315E+02	  2.9014E+02	  3.1036E+02	  3.3343E+02	  3.5634E+02	  3.8447E+02	  3.6051E+02	  3.5489E+02	  3.2991E+02	  2.9667E+02	  2.7160E+02	  2.1623E+02	  2.1948E+02	  2.0472E+02	  1.8875E+02	  1.4485E+02	  1.1841E+02	  9.5170E+01	  6.9448E+01	  5.1110E+01	  2.5224E+01	  7.7183E+00	  2.6106E+00	  2.6382E+00	  2.8405E+00	  5.2059E-03	  0.0000E+00	  0.0000E+00	  0.0000E+00	  0.0000E+00	  0.0000E+00	  0.0000E+00	  0.0000E+00	  0.0000E+00	  0.0000E+00	  0.0000E+00	  0.0000E+00	  0.0000E+00	  0.0000E+00	  0.0000E+00	  0.0000E+00	  0.0000E+00	  0.0000E+00	  0.0000E+00	  0.0000E+00	  0.0000E+00	  0.0000E+00	  0.0000E+00	  0.0000E+00	  0.0000E+00	  0.0000E+00	  0.0000E+00	  0.0000E+00	  0.0000E+00	  0.0000E+00
  0.0000E+00	  0.0000E+00	  0.0000E+00	  0.0000E+00	  0.0000E+00	  0.0000E+00	  0.0000E+00	  0.0000E+00	  0.0000E+00	  0.0000E+00	  0.0000E+00	  0.0000E+00	  0.0000E+00	  0.0000E+00	  0.0000E+00	  0.0000E+00	  0.0000E+00	  0.0000E+00	  0.0000E+00	  0.0000E+00	  0.0000E+00	  8.3541E-01	  2.0476E+00	  7.7964E+00	  1.8146E+01	  4.7102E+01	  9.0629E+01	  1.4703E+02	  2.1678E+02	  2.9332E+02	  3.3353E+02	  3.4878E+02	  3.5341E+02	  3.6675E+02	  3.3167E+02	  3.0537E+02	  2.9023E+02	  2.8434E+02	  2.7384E+02	  2.8989E+02	  2.9003E+02	  2.9026E+02	  2.8394E+02	  2.6143E+02	  2.7243E+02	  2.7696E+02	  2.6648E+02	  2.6093E+02	  2.7065E+02	  2.5312E+02	  2.5929E+02	  2.7173E+02	  2.8814E+02	  2.7875E+02	  2.5817E+02	  2.7264E+02	  2.8036E+02	  2.5297E+02	  2.2143E+02	  2.1958E+02	  2.4786E+02	  2.5098E+02	  2.4365E+02	  2.6622E+02	  2.6940E+02	  2.5581E+02	  3.0013E+02	  3.3026E+02	  3.2877E+02	  3.4161E+02	  3.2714E+02	  3.0366E+02	  2.8984E+02	  2.9574E+02	  2.8717E+02	  3.2951E+02	  3.2403E+02	  3.2674E+02	  3.0826E+02	  2.7831E+02	  2.4710E+02	  2.2657E+02	  2.0724E+02	  1.8980E+02	  1.5601E+02	  1.4410E+02	  1.2182E+02	  9.6603E+01	  6.9563E+01	  5.4849E+01	  3.8973E+01	  1.7606E+01	  2.0161E+01	  9.6254E+00	  3.8127E+00	  6.7006E-01	  4.5835E-01	  8.5280E-01	  0.0000E+00	  0.0000E+00	  0.0000E+00	  0.0000E+00	  0.0000E+00	  0.0000E+00	  0.0000E+00	  0.0000E+00	  0.0000E+00	  0.0000E+00	  0.0000E+00	  0.0000E+00	  0.0000E+00	  0.0000E+00	  0.0000E+00	  0.0000E+00	  0.0000E+00	  0.0000E+00	  0.0000E+00	  0.0000E+00	  0.0000E+00	  0.0000E+00	  0.0000E+00	  0.0000E+00	  0.0000E+00	  0.0000E+00	  0.0000E+00	  0.0000E+00	  0.0000E+00	  0.0000E+00
  0.0000E+00	  0.0000E+00	  0.0000E+00	  0.0000E+00	  0.0000E+00	  0.0000E+00	  0.0000E+00	  0.0000E+00	  0.0000E+00	  0.0000E+00	  0.0000E+00	  0.0000E+00	  0.0000E+00	  0.0000E+00	  0.0000E+00	  0.0000E+00	  0.0000E+00	  0.0000E+00	  0.0000E+00	  0.0000E+00	  0.0000E+00	  2.4106E-01	  1.3804E+00	  5.3854E+00	  8.5952E+00	  3.0820E+01	  4.6622E+01	  7.8361E+01	  1.2578E+02	  1.8267E+02	  2.2452E+02	  2.5875E+02	  2.9241E+02	  3.0301E+02	  2.7496E+02	  2.8981E+02	  2.9443E+02	  3.2114E+02	  2.9839E+02	  2.9673E+02	  2.8903E+02	  2.8375E+02	  3.0139E+02	  2.9741E+02	  2.8311E+02	  2.9729E+02	  2.9711E+02	  2.7375E+02	  2.8364E+02	  2.8943E+02	  2.8749E+02	  2.8282E+02	  3.0963E+02	  3.0254E+02	  2.7281E+02	  2.8324E+02	  2.5797E+02	  2.6906E+02	  2.5827E+02	  2.4440E+02	  2.5702E+02	  2.6370E+02	  2.5956E+02	  2.8096E+02	  2.7678E+02	  2.7311E+02	  3.2735E+02	  3.3307E+02	  3.0879E+02	  2.9806E+02	  2.7663E+02	  2.7374E+02	  2.4985E+02	  2.5016E+02	  2.1430E+02	  2.4389E+02	  2.3853E+02	  2.2761E+02	  2.0090E+02	  1.7692E+02	  1.5789E+02	  1.5468E+02	  1.2275E+02	  9.7093E+01	  8.1840E+01	  8.0280E+01	  6.3157E+01	  4.7571E+01	  2.7936E+01	  2.4419E+01	  1.6233E+01	  4.7294E+00	  6.8338E+00	  5.5970E+00	  1.7880E+00	  1.3616E-01	  3.7296E-01	  8.8932E-01	  0.0000E+00	  0.0000E+00	  0.0000E+00	  0.0000E+00	  0.0000E+00	  0.0000E+00	  0.0000E+00	  0.0000E+00	  0.0000E+00	  0.0000E+00	  0.0000E+00	  0.0000E+00	  0.0000E+00	  0.0000E+00	  0.0000E+00	  0.0000E+00	  0.0000E+00	  0.0000E+00	  0.0000E+00	  0.0000E+00	  0.0000E+00	  0.0000E+00	  0.0000E+00	  0.0000E+00	  0.0000E+00	  0.0000E+00	  0.0000E+00	  0.0000E+00	  0.0000E+00	  0.0000E+00
  0.0000E+00	  0.0000E+00	  0.0000E+00	  0.0000E+00	  0.0000E+00	  0.0000E+00	  0.0000E+00	  0.0000E+00	  0.0000E+00	  0.0000E+00	  0.0000E+00	  0.0000E+00	  0.0000E+00	  0.0000E+00	  0.0000E+00	  0.0000E+00	  0.0000E+00	  0.0000E+00	  0.0000E+00	  0.0000E+00	  0.0000E+00	  0.0000E+00	  5.6180E-01	  2.5822E+00	  5.1815E+00	  1.5815E+01	  2.1337E+01	  3.9467E+01	  6.0684E+01	  9.0852E+01	  1.2821E+02	  1.6770E+02	  2.2639E+02	  2.2484E+02	  2.2180E+02	  2.3691E+02	  2.4442E+02	  2.7499E+02	  2.7926E+02	  2.6325E+02	  2.5132E+02	  2.7580E+02	  2.9229E+02	  2.9022E+02	  2.5996E+02	  2.8026E+02	  2.9594E+02	  2.8676E+02	  2.9138E+02	  2.8379E+02	  2.8190E+02	  2.8642E+02	  3.0715E+02	  2.7826E+02	  2.6456E+02	  2.7006E+02	  2.8371E+02	  2.7169E+02	  2.4765E+02	  2.4631E+02	  2.3398E+02	  2.4360E+02	  2.2777E+02	  2.3835E+02	  2.4187E+02	  2.4973E+02	  2.5728E+02	  2.4681E+02	  2.3561E+02	  2.0911E+02	  2.2571E+02	  2.1702E+02	  1.6424E+02	  1.6966E+02	  1.7033E+02	  1.5702E+02	  1.3014E+02	  1.3233E+02	  1.1909E+02	  8.5465E+01	  8.2154E+01	  7.3241E+01	  5.5322E+01	  4.4588E+01	  4.0808E+01	  3.2674E+01	  1.6836E+01	  1.2601E+01	  1.0514E+01	  9.4714E+00	  4.8583E+00	  5.5559E-01	  1.2078E+00	  2.1959E+00	  2.9964E-01	  0.0000E+00	  0.0000E+00	  0.0000E+00	  0.0000E+00	  0.0000E+00	  0.0000E+00	  0.0000E+00	  0.0000E+00	  0.0000E+00	  0.0000E+00	  0.0000E+00	  0.0000E+00	  0.0000E+00	  0.0000E+00	  0.0000E+00	  0.0000E+00	  0.0000E+00	  0.0000E+00	  0.0000E+00	  0.0000E+00	  0.0000E+00	  0.0000E+00	  0.0000E+00	  0.0000E+00	  0.0000E+00	  0.0000E+00	  0.0000E+00	  0.0000E+00	  0.0000E+00	  0.0000E+00	  0.0000E+00	  0.0000E+00	  0.0000E+00
  0.0000E+00	  0.0000E+00	  0.0000E+00	  0.0000E+00	  0.0000E+00	  0.0000E+00	  0.0000E+00	  0.0000E+00	  0.0000E+00	  0.0000E+00	  0.0000E+00	  0.0000E+00	  0.0000E+00	  0.0000E+00	  0.0000E+00	  0.0000E+00	  0.0000E+00	  0.0000E+00	  0.0000E+00	  0.0000E+00	  0.0000E+00	  0.0000E+00	  0.0000E+00	  1.3511E-01	  2.5143E+00	  3.8442E+00	  7.3149E+00	  1.6569E+01	  2.8125E+01	  3.6106E+01	  5.8578E+01	  8.6445E+01	  1.0956E+02	  1.3696E+02	  1.5298E+02	  1.8245E+02	  1.8068E+02	  2.0748E+02	  2.1396E+02	  2.0485E+02	  1.7748E+02	  2.0496E+02	  2.3659E+02	  2.2006E+02	  2.1601E+02	  2.4215E+02	  2.5020E+02	  2.4871E+02	  2.3866E+02	  2.2829E+02	  2.2874E+02	  2.4386E+02	  2.4924E+02	  2.2629E+02	  2.1082E+02	  2.2498E+02	  2.3475E+02	  2.3276E+02	  2.2756E+02	  2.0912E+02	  2.1433E+02	  1.8758E+02	  1.7362E+02	  1.7281E+02	  1.6256E+02	  1.6155E+02	  1.7798E+02	  1.6179E+02	  1.4576E+02	  1.5276E+02	  1.4064E+02	  1.4015E+02	  1.1419E+02	  1.0345E+02	  9.4560E+01	  7.4013E+01	  5.4086E+01	  5.1573E+01	  4.7978E+01	  3.9830E+01	  3.3720E+01	  2.2207E+01	  1.1642E+01	  1.2491E+01	  1.2107E+01	  7.7303E+00	  1.8390E+00	  1.6359E+00	  6.5325E-01	  4.9888E-01	  1.5914E+00	  3.4812E-01	  3.2885E-02	  1.0355E-02	  0.0000E+00	  0.0000E+00	  0.0000E+00	  0.0000E+00	  0.0000E+00	  0.0000E+00	  0.0000E+00	  0.0000E+00	  0.0000E+00	  0.0000E+00	  0.0000E+00	  0.0000E+00	  0.0000E+00	  0.0000E+00	  0.0000E+00	  0.0000E+00	  0.0000E+00	  0.0000E+00	  0.0000E+00	  0.0000E+00	  0.0000E+00	  0.0000E+00	  0.0000E+00	  0.0000E+00	  0.0000E+00	  0.0000E+00	  0.0000E+00	  0.0000E+00	  0.0000E+00	  0.0000E+00	  0.0000E+00	  0.0000E+00	  0.0000E+00	  0.0000E+00
  0.0000E+00	  0.0000E+00	  0.0000E+00	  0.0000E+00	  0.0000E+00	  0.0000E+00	  0.0000E+00	  0.0000E+00	  0.0000E+00	  0.0000E+00	  0.0000E+00	  0.0000E+00	  0.0000E+00	  0.0000E+00	  0.0000E+00	  0.0000E+00	  0.0000E+00	  0.0000E+00	  0.0000E+00	  0.0000E+00	  0.0000E+00	  0.0000E+00	  0.0000E+00	  0.0000E+00	  2.5925E-01	  4.5726E+00	  2.8641E+00	  4.5157E+00	  1.4849E+01	  1.4616E+01	  2.3112E+01	  3.8649E+01	  4.9725E+01	  7.4446E+01	  8.3772E+01	  9.4429E+01	  1.0125E+02	  1.0927E+02	  1.3798E+02	  1.0913E+02	  1.0059E+02	  1.0439E+02	  1.4311E+02	  1.6109E+02	  1.6651E+02	  1.7261E+02	  1.7031E+02	  1.5852E+02	  1.6250E+02	  1.6063E+02	  1.5764E+02	  1.3851E+02	  1.4745E+02	  1.3791E+02	  1.5737E+02	  1.5568E+02	  1.5644E+02	  1.4255E+02	  1.4521E+02	  1.3868E+02	  1.3400E+02	  1.2563E+02	  1.1527E+02	  1.0331E+02	  9.2359E+01	  8.6056E+01	  9.0623E+01	  8.6297E+01	  8.0063E+01	  7.2402E+01	  6.2503E+01	  5.9492E+01	  4.4947E+01	  3.9605E+01	  3.7051E+01	  3.8748E+01	  2.7525E+01	  1.9513E+01	  1.9270E+01	  1.4890E+01	  1.0505E+01	  5.3352E+00	  3.5687E+00	  3.2029E+00	  8.6083E-01	  1.4384E+00	  4.8626E-02	  0.0000E+00	  0.0000E+00	  1.3335E-02	  4.5614E-02	  0.0000E+00	  0.0000E+00	  0.0000E+00	  0.0000E+00	  0.0000E+00	  0.0000E+00	  0.0000E+00	  0.0000E+00	  0.0000E+00	  0.0000E+00	  0.0000E+00	  0.0000E+00	  0.0000E+00	  0.0000E+00	  0.0000E+00	  0.0000E+00	  0.0000E+00	  0.0000E+00	  0.0000E+00	  0.0000E+00	  0.0000E+00	  0.0000E+00	  0.0000E+00	  0.0000E+00	  0.0000E+00	  0.0000E+00	  0.0000E+00	  0.0000E+00	  0.0000E+00	  0.0000E+00	  0.0000E+00	  0.0000E+00	  0.0000E+00	  0.0000E+00	  0.0000E+00	  0.0000E+00	  0.0000E+00
  0.0000E+00	  0.0000E+00	  0.0000E+00	  0.0000E+00	  0.0000E+00	  0.0000E+00	  0.0000E+00	  0.0000E+00	  0.0000E+00	  0.0000E+00	  0.0000E+00	  0.0000E+00	  0.0000E+00	  0.0000E+00	  0.0000E+00	  0.0000E+00	  0.0000E+00	  0.0000E+00	  0.0000E+00	  0.0000E+00	  0.0000E+00	  0.0000E+00	  0.0000E+00	  0.0000E+00	  0.0000E+00	  1.1439E+00	  2.0133E+00	  1.7734E+00	  2.5034E+00	  4.4879E+00	  7.5373E+00	  1.4186E+01	  1.8920E+01	  2.0766E+01	  3.1242E+01	  3.6128E+01	  5.2053E+01	  6.2787E+01	  6.5940E+01	  5.5174E+01	  4.8196E+01	  4.9305E+01	  6.4075E+01	  9.1632E+01	  1.2310E+02	  9.9730E+01	  9.5178E+01	  8.5877E+01	  8.1247E+01	  7.8821E+01	  7.4055E+01	  6.2809E+01	  7.1171E+01	  6.8262E+01	  8.1291E+01	  7.7722E+01	  7.8916E+01	  7.3434E+01	  7.0134E+01	  7.8878E+01	  5.6478E+01	  4.8190E+01	  4.6243E+01	  4.3075E+01	  3.9634E+01	  3.4397E+01	  3.2556E+01	  4.0497E+01	  2.6083E+01	  2.7244E+01	  2.2277E+01	  1.5213E+01	  1.1464E+01	  5.7276E+00	  7.6699E+00	  1.0266E+01	  7.7985E+00	  4.0963E+00	  1.3849E+00	  3.8509E+00	  2.8771E+00	  1.2931E+00	  6.4217E-01	  7.1878E-01	  3.4642E-01	  0.0000E+00	  0.0000E+00	  0.0000E+00	  0.0000E+00	  0.0000E+00	  0.0000E+00	  0.0000E+00	  0.0000E+00	  0.0000E+00	  0.0000E+00	  0.0000E+00	  0.0000E+00	  0.0000E+00	  0.0000E+00	  0.0000E+00	  0.0000E+00	  0.0000E+00	  0.0000E+00	  0.0000E+00	  0.0000E+00	  0.0000E+00	  0.0000E+00	  0.0000E+00	  0.0000E+00	  0.0000E+00	  0.0000E+00	  0.0000E+00	  0.0000E+00	  0.0000E+00	  0.0000E+00	  0.0000E+00	  0.0000E+00	  0.0000E+00	  0.0000E+00	  0.0000E+00	  0.0000E+00	  0.0000E+00	  0.0000E+00	  0.0000E+00	  0.0000E+00	  0.0000E+00	  0.0000E+00	  0.0000E+00
  0.0000E+00	  0.0000E+00	  0.0000E+00	  0.0000E+00	  0.0000E+00	  0.0000E+00	  0.0000E+00	  0.0000E+00	  0.0000E+00	  0.0000E+00	  0.0000E+00	  0.0000E+00	  0.0000E+00	  0.0000E+00	  0.0000E+00	  0.0000E+00	  0.0000E+00	  0.0000E+00	  0.0000E+00	  0.0000E+00	  0.0000E+00	  0.0000E+00	  0.0000E+00	  0.0000E+00	  0.0000E+00	  4.3371E-03	  6.4070E-01	  2.0191E+00	  6.6376E-01	  1.4656E+00	  1.5039E+00	  5.6609E+00	  8.3134E+00	  1.2296E+01	  9.2640E+00	  6.6238E+00	  1.4861E+01	  2.2936E+01	  2.8283E+01	  1.9019E+01	  1.4148E+01	  2.0435E+01	  2.3282E+01	  2.4283E+01	  4.2210E+01	  4.0752E+01	  4.9147E+01	  3.5949E+01	  3.2200E+01	  2.4233E+01	  3.0671E+01	  2.9147E+01	  3.6688E+01	  3.1505E+01	  3.6409E+01	  3.4915E+01	  3.7146E+01	  2.5704E+01	  2.6574E+01	  3.2432E+01	  1.8401E+01	  1.8697E+01	  1.8064E+01	  1.6938E+01	  2.0064E+01	  1.4448E+01	  1.4182E+01	  1.2583E+01	  1.0624E+01	  1.0128E+01	  6.2428E+00	  1.5413E+00	  2.3425E+00	  1.8528E+00	  3.4956E-01	  2.4235E-01	  8.7932E-01	  7.3811E-01	  6.6087E-01	  2.2674E+00	  2.5256E-01	  0.0000E+00	  0.0000E+00	  0.0000E+00	  0.0000E+00	  0.0000E+00	  0.0000E+00	  0.0000E+00	  0.0000E+00	  0.0000E+00	  0.0000E+00	  0.0000E+00	  0.0000E+00	  0.0000E+00	  0.0000E+00	  0.0000E+00	  0.0000E+00	  0.0000E+00	  0.0000E+00	  0.0000E+00	  0.0000E+00	  0.0000E+00	  0.0000E+00	  0.0000E+00	  0.0000E+00	  0.0000E+00	  0.0000E+00	  0.0000E+00	  0.0000E+00	  0.0000E+00	  0.0000E+00	  0.0000E+00	  0.0000E+00	  0.0000E+00	  0.0000E+00	  0.0000E+00	  0.0000E+00	  0.0000E+00	  0.0000E+00	  0.0000E+00	  0.0000E+00	  0.0000E+00	  0.0000E+00	  0.0000E+00	  0.0000E+00	  0.0000E+00	  0.0000E+00	  0.0000E+00
  0.0000E+00	  0.0000E+00	  0.0000E+00	  0.0000E+00	  0.0000E+00	  0.0000E+00	  0.0000E+00	  0.0000E+00	  0.0000E+00	  0.0000E+00	  0.0000E+00	  0.0000E+00	  0.0000E+00	  0.0000E+00	  0.0000E+00	  0.0000E+00	  0.0000E+00	  0.0000E+00	  0.0000E+00	  0.0000E+00	  0.0000E+00	  0.0000E+00	  0.0000E+00	  0.0000E+00	  0.0000E+00	  0.0000E+00	  1.9818E-03	  2.4158E-01	  6.4458E-02	  1.0554E-01	  8.5148E-02	  6.3421E-01	  8.7933E-01	  1.8422E+00	  3.1016E+00	  2.0196E+00	  3.6187E+00	  8.5932E+00	  8.9728E+00	  5.5487E+00	  6.0103E+00	  9.2766E+00	  9.1145E+00	  8.1457E+00	  1.0445E+01	  1.0691E+01	  1.3591E+01	  1.0608E+01	  1.4944E+01	  9.1908E+00	  1.0299E+01	  1.1864E+01	  9.2278E+00	  1.2016E+01	  1.1995E+01	  1.2882E+01	  1.5532E+01	  1.2267E+01	  7.6457E+00	  7.0674E+00	  4.2562E+00	  6.2431E+00	  3.6046E+00	  2.3037E+00	  3.9472E+00	  1.8777E+00	  2.8121E+00	  1.0563E+00	  1.6383E+00	  1.9545E+00	  1.2176E+00	  6.4313E-01	  6.7339E-02	  9.4902E-02	  0.0000E+00	  0.0000E+00	  4.9238E-01	  1.2359E+00	  1.2891E-01	  0.0000E+00	  0.0000E+00	  0.0000E+00	  0.0000E+00	  0.0000E+00	  0.0000E+00	  0.0000E+00	  0.0000E+00	  0.0000E+00	  0.0000E+00	  0.0000E+00	  0.0000E+00	  0.0000E+00	  0.0000E+00	  0.0000E+00	  0.0000E+00	  0.0000E+00	  0.0000E+00	  0.0000E+00	  0.0000E+00	  0.0000E+00	  0.0000E+00	  0.0000E+00	  0.0000E+00	  0.0000E+00	  0.0000E+00	  0.0000E+00	  0.0000E+00	  0.0000E+00	  0.0000E+00	  0.0000E+00	  0.0000E+00	  0.0000E+00	  0.0000E+00	  0.0000E+00	  0.0000E+00	  0.0000E+00	  0.0000E+00	  0.0000E+00	  0.0000E+00	  0.0000E+00	  0.0000E+00	  0.0000E+00	  0.0000E+00	  0.0000E+00	  0.0000E+00	  0.0000E+00	  0.0000E+00	  0.0000E+00
  0.0000E+00	  0.0000E+00	  0.0000E+00	  0.0000E+00	  0.0000E+00	  0.0000E+00	  0.0000E+00	  0.0000E+00	  0.0000E+00	  0.0000E+00	  0.0000E+00	  0.0000E+00	  0.0000E+00	  0.0000E+00	  0.0000E+00	  0.0000E+00	  0.0000E+00	  0.0000E+00	  0.0000E+00	  0.0000E+00	  0.0000E+00	  0.0000E+00	  0.0000E+00	  0.0000E+00	  0.0000E+00	  0.0000E+00	  0.0000E+00	  0.0000E+00	  0.0000E+00	  0.0000E+00	  0.0000E+00	  0.0000E+00	  1.3608E-02	  2.1483E-02	  8.1744E-02	  1.3740E+00	  1.6461E+00	  2.1430E+00	  1.9346E+00	  2.6513E-01	  1.9212E+00	  2.1911E+00	  2.3308E+00	  1.5852E+00	  1.4372E+00	  3.2471E+00	  2.7500E+00	  3.8397E+00	  3.1709E+00	  2.7454E+00	  1.4867E+00	  5.0695E+00	  2.7356E+00	  1.5349E+00	  1.5431E+00	  2.6258E+00	  3.7780E+00	  4.3315E+00	  1.5826E+00	  1.5778E-01	  1.3410E+00	  2.8981E+00	  5.3639E-02	  8.8392E-04	  0.0000E+00	  0.0000E+00	  5.2654E-02	  8.1685E-01	  5.0954E-02	  1.7027E-02	  0.0000E+00	  0.0000E+00	  0.0000E+00	  0.0000E+00	  0.0000E+00	  0.0000E+00	  6.4914E-02	  7.2995E-02	  3.2820E-03	  0.0000E+00	  0.0000E+00	  0.0000E+00	  0.0000E+00	  0.0000E+00	  0.0000E+00	  0.0000E+00	  0.0000E+00	  0.0000E+00	  0.0000E+00	  0.0000E+00	  0.0000E+00	  0.0000E+00	  0.0000E+00	  0.0000E+00	  0.0000E+00	  0.0000E+00	  0.0000E+00	  0.0000E+00	  0.0000E+00	  0.0000E+00	  0.0000E+00	  0.0000E+00	  0.0000E+00	  0.0000E+00	  0.0000E+00	  0.0000E+00	  0.0000E+00	  0.0000E+00	  0.0000E+00	  0.0000E+00	  0.0000E+00	  0.0000E+00	  0.0000E+00	  0.0000E+00	  0.0000E+00	  0.0000E+00	  0.0000E+00	  0.0000E+00	  0.0000E+00	  0.0000E+00	  0.0000E+00	  0.0000E+00	  0.0000E+00	  0.0000E+00	  0.0000E+00	  0.0000E+00	  0.0000E+00	  0.0000E+00
  0.0000E+00	  0.0000E+00	  0.0000E+00	  0.0000E+00	  0.0000E+00	  0.0000E+00	  0.0000E+00	  0.0000E+00	  0.0000E+00	  0.0000E+00	  0.0000E+00	  0.0000E+00	  0.0000E+00	  0.0000E+00	  0.0000E+00	  0.0000E+00	  0.0000E+00	  0.0000E+00	  0.0000E+00	  0.0000E+00	  0.0000E+00	  0.0000E+00	  0.0000E+00	  0.0000E+00	  0.0000E+00	  0.0000E+00	  0.0000E+00	  0.0000E+00	  0.0000E+00	  0.0000E+00	  0.0000E+00	  0.0000E+00	  0.0000E+00	  0.0000E+00	  1.3725E-01	  1.1599E+00	  6.3801E-02	  0.0000E+00	  0.0000E+00	  0.0000E+00	  0.0000E+00	  0.0000E+00	  3.2873E-02	  1.1320E-02	  0.0000E+00	  1.1340E-01	  1.0094E+00	  1.6654E+00	  1.5680E+00	  2.1329E+00	  1.2817E+00	  1.7792E+00	  1.9682E-01	  1.5521E-02	  1.5074E-02	  7.5365E-01	  4.0755E-01	  6.1165E-02	  0.0000E+00	  0.0000E+00	  6.9188E-02	  2.5490E-01	  0.0000E+00	  0.0000E+00	  0.0000E+00	  0.0000E+00	  7.8526E-03	  1.2182E-01	  0.0000E+00	  0.0000E+00	  0.0000E+00	  0.0000E+00	  0.0000E+00	  0.0000E+00	  0.0000E+00	  0.0000E+00	  0.0000E+00	  0.0000E+00	  0.0000E+00	  0.0000E+00	  0.0000E+00	  0.0000E+00	  0.0000E+00	  0.0000E+00	  0.0000E+00	  0.0000E+00	  0.0000E+00	  0.0000E+00	  0.0000E+00	  0.0000E+00	  0.0000E+00	  0.0000E+00	  0.0000E+00	  0.0000E+00	  0.0000E+00	  0.0000E+00	  0.0000E+00	  0.0000E+00	  0.0000E+00	  0.0000E+00	  0.0000E+00	  0.0000E+00	  0.0000E+00	  0.0000E+00	  0.0000E+00	  0.0000E+00	  0.0000E+00	  0.0000E+00	  0.0000E+00	  0.0000E+00	  0.0000E+00	  0.0000E+00	  0.0000E+00	  0.0000E+00	  0.0000E+00	  0.0000E+00	  0.0000E+00	  0.0000E+00	  0.0000E+00	  0.0000E+00	  0.0000E+00	  0.0000E+00	  0.0000E+00	  0.0000E+00	  0.0000E+00	  0.0000E+00	  0.0000E+00	  0.0000E+00
  0.0000E+00	  0.0000E+00	  0.0000E+00	  0.0000E+00	  0.0000E+00	  0.0000E+00	  0.0000E+00	  0.0000E+00	  0.0000E+00	  0.0000E+00	  0.0000E+00	  0.0000E+00	  0.0000E+00	  0.0000E+00	  0.0000E+00	  0.0000E+00	  0.0000E+00	  0.0000E+00	  0.0000E+00	  0.0000E+00	  0.0000E+00	  0.0000E+00	  0.0000E+00	  0.0000E+00	  0.0000E+00	  0.0000E+00	  0.0000E+00	  0.0000E+00	  0.0000E+00	  0.0000E+00	  0.0000E+00	  0.0000E+00	  0.0000E+00	  0.0000E+00	  0.0000E+00	  0.0000E+00	  0.0000E+00	  0.0000E+00	  0.0000E+00	  0.0000E+00	  0.0000E+00	  0.0000E+00	  0.0000E+00	  0.0000E+00	  0.0000E+00	  0.0000E+00	  7.0786E-02	  6.0210E-01	  8.4788E-01	  2.4736E+00	  1.5621E+00	  1.3311E-01	  0.0000E+00	  0.0000E+00	  0.0000E+00	  0.0000E+00	  0.0000E+00	  0.0000E+00	  0.0000E+00	  0.0000E+00	  0.0000E+00	  0.0000E+00	  0.0000E+00	  0.0000E+00	  0.0000E+00	  0.0000E+00	  0.0000E+00	  0.0000E+00	  0.0000E+00	  0.0000E+00	  0.0000E+00	  0.0000E+00	  0.0000E+00	  0.0000E+00	  0.0000E+00	  0.0000E+00	  0.0000E+00	  0.0000E+00	  0.0000E+00	  0.0000E+00	  0.0000E+00	  0.0000E+00	  0.0000E+00	  0.0000E+00	  0.0000E+00	  0.0000E+00	  0.0000E+00	  0.0000E+00	  0.0000E+00	  0.0000E+00	  0.0000E+00	  0.0000E+00	  0.0000E+00	  0.0000E+00	  0.0000E+00	  0.0000E+00	  0.0000E+00	  0.0000E+00	  0.0000E+00	  0.0000E+00	  0.0000E+00	  0.0000E+00	  0.0000E+00	  0.0000E+00	  0.0000E+00	  0.0000E+00	  0.0000E+00	  0.0000E+00	  0.0000E+00	  0.0000E+00	  0.0000E+00	  0.0000E+00	  0.0000E+00	  0.0000E+00	  0.0000E+00	  0.0000E+00	  0.0000E+00	  0.0000E+00	  0.0000E+00	  0.0000E+00	  0.0000E+00	  0.0000E+00	  0.0000E+00	  0.0000E+00	  0.0000E+00	  0.0000E+00	  0.0000E+00	  0.0000E+00
  0.0000E+00	  0.0000E+00	  0.0000E+00	  0.0000E+00	  0.0000E+00	  0.0000E+00	  0.0000E+00	  0.0000E+00	  0.0000E+00	  0.0000E+00	  0.0000E+00	  0.0000E+00	  0.0000E+00	  0.0000E+00	  0.0000E+00	  0.0000E+00	  0.0000E+00	  0.0000E+00	  0.0000E+00	  0.0000E+00	  0.0000E+00	  0.0000E+00	  0.0000E+00	  0.0000E+00	  0.0000E+00	  0.0000E+00	  0.0000E+00	  0.0000E+00	  0.0000E+00	  0.0000E+00	  0.0000E+00	  0.0000E+00	  0.0000E+00	  0.0000E+00	  0.0000E+00	  0.0000E+00	  0.0000E+00	  0.0000E+00	  0.0000E+00	  0.0000E+00	  0.0000E+00	  0.0000E+00	  0.0000E+00	  0.0000E+00	  0.0000E+00	  0.0000E+00	  0.0000E+00	  0.0000E+00	  1.9037E-02	  4.9582E-02	  0.0000E+00	  0.0000E+00	  0.0000E+00	  0.0000E+00	  0.0000E+00	  0.0000E+00	  0.0000E+00	  0.0000E+00	  0.0000E+00	  0.0000E+00	  0.0000E+00	  0.0000E+00	  0.0000E+00	  0.0000E+00	  0.0000E+00	  0.0000E+00	  0.0000E+00	  0.0000E+00	  0.0000E+00	  0.0000E+00	  0.0000E+00	  0.0000E+00	  0.0000E+00	  0.0000E+00	  0.0000E+00	  0.0000E+00	  0.0000E+00	  0.0000E+00	  0.0000E+00	  0.0000E+00	  0.0000E+00	  0.0000E+00	  0.0000E+00	  0.0000E+00	  0.0000E+00	  0.0000E+00	  0.0000E+00	  0.0000E+00	  0.0000E+00	  0.0000E+00	  0.0000E+00	  0.0000E+00	  0.0000E+00	  0.0000E+00	  0.0000E+00	  0.0000E+00	  0.0000E+00	  0.0000E+00	  0.0000E+00	  0.0000E+00	  0.0000E+00	  0.0000E+00	  0.0000E+00	  0.0000E+00	  0.0000E+00	  0.0000E+00	  0.0000E+00	  0.0000E+00	  0.0000E+00	  0.0000E+00	  0.0000E+00	  0.0000E+00	  0.0000E+00	  0.0000E+00	  0.0000E+00	  0.0000E+00	  0.0000E+00	  0.0000E+00	  0.0000E+00	  0.0000E+00	  0.0000E+00	  0.0000E+00	  0.0000E+00	  0.0000E+00	  0.0000E+00	  0.0000E+00	  0.0000E+00	  0.0000E+00
  0.0000E+00	  0.0000E+00	  0.0000E+00	  0.0000E+00	  0.0000E+00	  0.0000E+00	  0.0000E+00	  0.0000E+00	  0.0000E+00	  0.0000E+00	  0.0000E+00	  0.0000E+00	  0.0000E+00	  0.0000E+00	  0.0000E+00	  0.0000E+00	  0.0000E+00	  0.0000E+00	  0.0000E+00	  0.0000E+00	  0.0000E+00	  0.0000E+00	  0.0000E+00	  0.0000E+00	  0.0000E+00	  0.0000E+00	  0.0000E+00	  0.0000E+00	  0.0000E+00	  0.0000E+00	  0.0000E+00	  0.0000E+00	  0.0000E+00	  0.0000E+00	  0.0000E+00	  0.0000E+00	  0.0000E+00	  0.0000E+00	  0.0000E+00	  0.0000E+00	  0.0000E+00	  0.0000E+00	  0.0000E+00	  0.0000E+00	  0.0000E+00	  0.0000E+00	  0.0000E+00	  0.0000E+00	  0.0000E+00	  0.0000E+00	  0.0000E+00	  0.0000E+00	  0.0000E+00	  0.0000E+00	  0.0000E+00	  0.0000E+00	  0.0000E+00	  0.0000E+00	  0.0000E+00	  0.0000E+00	  0.0000E+00	  0.0000E+00	  0.0000E+00	  0.0000E+00	  0.0000E+00	  0.0000E+00	  0.0000E+00	  0.0000E+00	  0.0000E+00	  0.0000E+00	  0.0000E+00	  0.0000E+00	  0.0000E+00	  0.0000E+00	  0.0000E+00	  0.0000E+00	  0.0000E+00	  0.0000E+00	  0.0000E+00	  0.0000E+00	  0.0000E+00	  0.0000E+00	  0.0000E+00	  0.0000E+00	  0.0000E+00	  0.0000E+00	  0.0000E+00	  0.0000E+00	  0.0000E+00	  0.0000E+00	  0.0000E+00	  0.0000E+00	  0.0000E+00	  0.0000E+00	  0.0000E+00	  0.0000E+00	  0.0000E+00	  0.0000E+00	  0.0000E+00	  0.0000E+00	  0.0000E+00	  0.0000E+00	  0.0000E+00	  0.0000E+00	  0.0000E+00	  0.0000E+00	  0.0000E+00	  0.0000E+00	  0.0000E+00	  0.0000E+00	  0.0000E+00	  0.0000E+00	  0.0000E+00	  0.0000E+00	  0.0000E+00	  0.0000E+00	  0.0000E+00	  0.0000E+00	  0.0000E+00	  0.0000E+00	  0.0000E+00	  0.0000E+00	  0.0000E+00	  0.0000E+00	  0.0000E+00	  0.0000E+00	  0.0000E+00	  0.0000E+00
  0.0000E+00	  0.0000E+00	  0.0000E+00	  0.0000E+00	  0.0000E+00	  0.0000E+00	  0.0000E+00	  0.0000E+00	  0.0000E+00	  0.0000E+00	  0.0000E+00	  0.0000E+00	  0.0000E+00	  0.0000E+00	  0.0000E+00	  0.0000E+00	  0.0000E+00	  0.0000E+00	  0.0000E+00	  0.0000E+00	  0.0000E+00	  0.0000E+00	  0.0000E+00	  0.0000E+00	  0.0000E+00	  0.0000E+00	  0.0000E+00	  0.0000E+00	  0.0000E+00	  0.0000E+00	  0.0000E+00	  0.0000E+00	  0.0000E+00	  0.0000E+00	  0.0000E+00	  0.0000E+00	  0.0000E+00	  0.0000E+00	  0.0000E+00	  0.0000E+00	  0.0000E+00	  0.0000E+00	  0.0000E+00	  0.0000E+00	  0.0000E+00	  0.0000E+00	  0.0000E+00	  0.0000E+00	  0.0000E+00	  0.0000E+00	  0.0000E+00	  0.0000E+00	  0.0000E+00	  0.0000E+00	  0.0000E+00	  0.0000E+00	  0.0000E+00	  0.0000E+00	  0.0000E+00	  0.0000E+00	  0.0000E+00	  0.0000E+00	  0.0000E+00	  0.0000E+00	  0.0000E+00	  0.0000E+00	  0.0000E+00	  0.0000E+00	  0.0000E+00	  0.0000E+00	  0.0000E+00	  0.0000E+00	  0.0000E+00	  0.0000E+00	  0.0000E+00	  0.0000E+00	  0.0000E+00	  0.0000E+00	  0.0000E+00	  0.0000E+00	  0.0000E+00	  0.0000E+00	  0.0000E+00	  0.0000E+00	  0.0000E+00	  0.0000E+00	  0.0000E+00	  0.0000E+00	  0.0000E+00	  0.0000E+00	  0.0000E+00	  0.0000E+00	  0.0000E+00	  0.0000E+00	  0.0000E+00	  0.0000E+00	  0.0000E+00	  0.0000E+00	  0.0000E+00	  0.0000E+00	  0.0000E+00	  0.0000E+00	  0.0000E+00	  0.0000E+00	  0.0000E+00	  0.0000E+00	  0.0000E+00	  0.0000E+00	  0.0000E+00	  0.0000E+00	  0.0000E+00	  0.0000E+00	  0.0000E+00	  0.0000E+00	  0.0000E+00	  0.0000E+00	  0.0000E+00	  0.0000E+00	  0.0000E+00	  0.0000E+00	  0.0000E+00	  0.0000E+00	  0.0000E+00	  0.0000E+00	  0.0000E+00	  0.0000E+00	  0.0000E+00	  0.0000E+00
  0.0000E+00	  0.0000E+00	  0.0000E+00	  0.0000E+00	  0.0000E+00	  0.0000E+00	  0.0000E+00	  0.0000E+00	  0.0000E+00	  0.0000E+00	  0.0000E+00	  0.0000E+00	  0.0000E+00	  0.0000E+00	  0.0000E+00	  0.0000E+00	  0.0000E+00	  0.0000E+00	  0.0000E+00	  0.0000E+00	  0.0000E+00	  0.0000E+00	  0.0000E+00	  0.0000E+00	  0.0000E+00	  0.0000E+00	  0.0000E+00	  0.0000E+00	  0.0000E+00	  0.0000E+00	  0.0000E+00	  0.0000E+00	  0.0000E+00	  0.0000E+00	  0.0000E+00	  0.0000E+00	  0.0000E+00	  0.0000E+00	  0.0000E+00	  0.0000E+00	  0.0000E+00	  0.0000E+00	  0.0000E+00	  0.0000E+00	  0.0000E+00	  0.0000E+00	  0.0000E+00	  0.0000E+00	  0.0000E+00	  0.0000E+00	  0.0000E+00	  0.0000E+00	  0.0000E+00	  0.0000E+00	  0.0000E+00	  0.0000E+00	  0.0000E+00	  0.0000E+00	  0.0000E+00	  0.0000E+00	  0.0000E+00	  0.0000E+00	  0.0000E+00	  0.0000E+00	  0.0000E+00	  0.0000E+00	  0.0000E+00	  0.0000E+00	  0.0000E+00	  0.0000E+00	  0.0000E+00	  0.0000E+00	  0.0000E+00	  0.0000E+00	  0.0000E+00	  0.0000E+00	  0.0000E+00	  0.0000E+00	  0.0000E+00	  0.0000E+00	  0.0000E+00	  0.0000E+00	  0.0000E+00	  0.0000E+00	  0.0000E+00	  0.0000E+00	  0.0000E+00	  0.0000E+00	  0.0000E+00	  0.0000E+00	  0.0000E+00	  0.0000E+00	  0.0000E+00	  0.0000E+00	  0.0000E+00	  0.0000E+00	  0.0000E+00	  0.0000E+00	  0.0000E+00	  0.0000E+00	  0.0000E+00	  0.0000E+00	  0.0000E+00	  0.0000E+00	  0.0000E+00	  0.0000E+00	  0.0000E+00	  0.0000E+00	  0.0000E+00	  0.0000E+00	  0.0000E+00	  0.0000E+00	  0.0000E+00	  0.0000E+00	  0.0000E+00	  0.0000E+00	  0.0000E+00	  0.0000E+00	  0.0000E+00	  0.0000E+00	  0.0000E+00	  0.0000E+00	  0.0000E+00	  0.0000E+00	  0.0000E+00	  0.0000E+00	  0.0000E+00	  0.0000E+00
  0.0000E+00	  0.0000E+00	  0.0000E+00	  0.0000E+00	  0.0000E+00	  0.0000E+00	  0.0000E+00	  0.0000E+00	  0.0000E+00	  0.0000E+00	  0.0000E+00	  0.0000E+00	  0.0000E+00	  0.0000E+00	  0.0000E+00	  0.0000E+00	  0.0000E+00	  0.0000E+00	  0.0000E+00	  0.0000E+00	  0.0000E+00	  0.0000E+00	  0.0000E+00	  0.0000E+00	  0.0000E+00	  0.0000E+00	  0.0000E+00	  0.0000E+00	  0.0000E+00	  0.0000E+00	  0.0000E+00	  0.0000E+00	  0.0000E+00	  0.0000E+00	  0.0000E+00	  0.0000E+00	  0.0000E+00	  0.0000E+00	  0.0000E+00	  0.0000E+00	  0.0000E+00	  0.0000E+00	  0.0000E+00	  0.0000E+00	  0.0000E+00	  0.0000E+00	  0.0000E+00	  0.0000E+00	  0.0000E+00	  0.0000E+00	  0.0000E+00	  0.0000E+00	  0.0000E+00	  0.0000E+00	  0.0000E+00	  0.0000E+00	  0.0000E+00	  0.0000E+00	  0.0000E+00	  0.0000E+00	  0.0000E+00	  0.0000E+00	  0.0000E+00	  0.0000E+00	  0.0000E+00	  0.0000E+00	  0.0000E+00	  0.0000E+00	  0.0000E+00	  0.0000E+00	  0.0000E+00	  0.0000E+00	  0.0000E+00	  0.0000E+00	  0.0000E+00	  0.0000E+00	  0.0000E+00	  0.0000E+00	  0.0000E+00	  0.0000E+00	  0.0000E+00	  0.0000E+00	  0.0000E+00	  0.0000E+00	  0.0000E+00	  0.0000E+00	  0.0000E+00	  0.0000E+00	  0.0000E+00	  0.0000E+00	  0.0000E+00	  0.0000E+00	  0.0000E+00	  0.0000E+00	  0.0000E+00	  0.0000E+00	  0.0000E+00	  0.0000E+00	  0.0000E+00	  0.0000E+00	  0.0000E+00	  0.0000E+00	  0.0000E+00	  0.0000E+00	  0.0000E+00	  0.0000E+00	  0.0000E+00	  0.0000E+00	  0.0000E+00	  0.0000E+00	  0.0000E+00	  0.0000E+00	  0.0000E+00	  0.0000E+00	  0.0000E+00	  0.0000E+00	  0.0000E+00	  0.0000E+00	  0.0000E+00	  0.0000E+00	  0.0000E+00	  0.0000E+00	  0.0000E+00	  0.0000E+00	  0.0000E+00	  0.0000E+00	  0.0000E+00	  0.0000E+00
  0.0000E+00	  0.0000E+00	  0.0000E+00	  0.0000E+00	  0.0000E+00	  0.0000E+00	  0.0000E+00	  0.0000E+00	  0.0000E+00	  0.0000E+00	  0.0000E+00	  0.0000E+00	  0.0000E+00	  0.0000E+00	  0.0000E+00	  0.0000E+00	  0.0000E+00	  0.0000E+00	  0.0000E+00	  0.0000E+00	  0.0000E+00	  0.0000E+00	  0.0000E+00	  0.0000E+00	  0.0000E+00	  0.0000E+00	  0.0000E+00	  0.0000E+00	  0.0000E+00	  0.0000E+00	  0.0000E+00	  0.0000E+00	  0.0000E+00	  0.0000E+00	  0.0000E+00	  0.0000E+00	  0.0000E+00	  0.0000E+00	  0.0000E+00	  0.0000E+00	  0.0000E+00	  0.0000E+00	  0.0000E+00	  0.0000E+00	  0.0000E+00	  0.0000E+00	  0.0000E+00	  0.0000E+00	  0.0000E+00	  0.0000E+00	  0.0000E+00	  0.0000E+00	  0.0000E+00	  0.0000E+00	  0.0000E+00	  0.0000E+00	  0.0000E+00	  0.0000E+00	  0.0000E+00	  0.0000E+00	  0.0000E+00	  0.0000E+00	  0.0000E+00	  0.0000E+00	  0.0000E+00	  0.0000E+00	  0.0000E+00	  0.0000E+00	  0.0000E+00	  0.0000E+00	  0.0000E+00	  0.0000E+00	  0.0000E+00	  0.0000E+00	  0.0000E+00	  0.0000E+00	  0.0000E+00	  0.0000E+00	  0.0000E+00	  0.0000E+00	  0.0000E+00	  0.0000E+00	  0.0000E+00	  0.0000E+00	  0.0000E+00	  0.0000E+00	  0.0000E+00	  0.0000E+00	  0.0000E+00	  0.0000E+00	  0.0000E+00	  0.0000E+00	  0.0000E+00	  0.0000E+00	  0.0000E+00	  0.0000E+00	  0.0000E+00	  0.0000E+00	  0.0000E+00	  0.0000E+00	  0.0000E+00	  0.0000E+00	  0.0000E+00	  0.0000E+00	  0.0000E+00	  0.0000E+00	  0.0000E+00	  0.0000E+00	  0.0000E+00	  0.0000E+00	  0.0000E+00	  0.0000E+00	  0.0000E+00	  0.0000E+00	  0.0000E+00	  0.0000E+00	  0.0000E+00	  0.0000E+00	  0.0000E+00	  0.0000E+00	  0.0000E+00	  0.0000E+00	  0.0000E+00	  0.0000E+00	  0.0000E+00	  0.0000E+00	  0.0000E+00	  0.0000E+00
  0.0000E+00	  0.0000E+00	  0.0000E+00	  0.0000E+00	  0.0000E+00	  0.0000E+00	  0.0000E+00	  0.0000E+00	  0.0000E+00	  0.0000E+00	  0.0000E+00	  0.0000E+00	  0.0000E+00	  0.0000E+00	  0.0000E+00	  0.0000E+00	  0.0000E+00	  0.0000E+00	  0.0000E+00	  0.0000E+00	  0.0000E+00	  0.0000E+00	  0.0000E+00	  0.0000E+00	  0.0000E+00	  0.0000E+00	  0.0000E+00	  0.0000E+00	  0.0000E+00	  0.0000E+00	  0.0000E+00	  0.0000E+00	  0.0000E+00	  0.0000E+00	  0.0000E+00	  0.0000E+00	  0.0000E+00	  0.0000E+00	  0.0000E+00	  0.0000E+00	  0.0000E+00	  0.0000E+00	  0.0000E+00	  0.0000E+00	  0.0000E+00	  0.0000E+00	  0.0000E+00	  0.0000E+00	  0.0000E+00	  0.0000E+00	  0.0000E+00	  0.0000E+00	  0.0000E+00	  0.0000E+00	  0.0000E+00	  0.0000E+00	  0.0000E+00	  0.0000E+00	  0.0000E+00	  0.0000E+00	  0.0000E+00	  0.0000E+00	  0.0000E+00	  0.0000E+00	  0.0000E+00	  0.0000E+00	  0.0000E+00	  0.0000E+00	  0.0000E+00	  0.0000E+00	  0.0000E+00	  0.0000E+00	  0.0000E+00	  0.0000E+00	  0.0000E+00	  0.0000E+00	  0.0000E+00	  0.0000E+00	  0.0000E+00	  0.0000E+00	  0.0000E+00	  0.0000E+00	  0.0000E+00	  0.0000E+00	  0.0000E+00	  0.0000E+00	  0.0000E+00	  0.0000E+00	  0.0000E+00	  0.0000E+00	  0.0000E+00	  0.0000E+00	  0.0000E+00	  0.0000E+00	  0.0000E+00	  0.0000E+00	  0.0000E+00	  0.0000E+00	  0.0000E+00	  0.0000E+00	  0.0000E+00	  0.0000E+00	  0.0000E+00	  0.0000E+00	  0.0000E+00	  0.0000E+00	  0.0000E+00	  0.0000E+00	  0.0000E+00	  0.0000E+00	  0.0000E+00	  0.0000E+00	  0.0000E+00	  0.0000E+00	  0.0000E+00	  0.0000E+00	  0.0000E+00	  0.0000E+00	  0.0000E+00	  0.0000E+00	  0.0000E+00	  0.0000E+00	  0.0000E+00	  0.0000E+00	  0.0000E+00	  0.0000E+00	  0.0000E+00	  0.0000E+00
  0.0000E+00	  0.0000E+00	  0.0000E+00	  0.0000E+00	  0.0000E+00	  0.0000E+00	  0.0000E+00	  0.0000E+00	  0.0000E+00	  0.0000E+00	  0.0000E+00	  0.0000E+00	  0.0000E+00	  0.0000E+00	  0.0000E+00	  0.0000E+00	  0.0000E+00	  0.0000E+00	  0.0000E+00	  0.0000E+00	  0.0000E+00	  0.0000E+00	  0.0000E+00	  0.0000E+00	  0.0000E+00	  0.0000E+00	  0.0000E+00	  0.0000E+00	  0.0000E+00	  0.0000E+00	  0.0000E+00	  0.0000E+00	  0.0000E+00	  0.0000E+00	  0.0000E+00	  0.0000E+00	  0.0000E+00	  0.0000E+00	  0.0000E+00	  0.0000E+00	  0.0000E+00	  0.0000E+00	  0.0000E+00	  0.0000E+00	  0.0000E+00	  0.0000E+00	  0.0000E+00	  0.0000E+00	  0.0000E+00	  0.0000E+00	  0.0000E+00	  0.0000E+00	  0.0000E+00	  0.0000E+00	  0.0000E+00	  0.0000E+00	  0.0000E+00	  0.0000E+00	  0.0000E+00	  0.0000E+00	  0.0000E+00	  0.0000E+00	  0.0000E+00	  0.0000E+00	  0.0000E+00	  0.0000E+00	  0.0000E+00	  0.0000E+00	  0.0000E+00	  0.0000E+00	  0.0000E+00	  0.0000E+00	  0.0000E+00	  0.0000E+00	  0.0000E+00	  0.0000E+00	  0.0000E+00	  0.0000E+00	  0.0000E+00	  0.0000E+00	  0.0000E+00	  0.0000E+00	  0.0000E+00	  0.0000E+00	  0.0000E+00	  0.0000E+00	  0.0000E+00	  0.0000E+00	  0.0000E+00	  0.0000E+00	  0.0000E+00	  0.0000E+00	  0.0000E+00	  0.0000E+00	  0.0000E+00	  0.0000E+00	  0.0000E+00	  0.0000E+00	  0.0000E+00	  0.0000E+00	  0.0000E+00	  0.0000E+00	  0.0000E+00	  0.0000E+00	  0.0000E+00	  0.0000E+00	  0.0000E+00	  0.0000E+00	  0.0000E+00	  0.0000E+00	  0.0000E+00	  0.0000E+00	  0.0000E+00	  0.0000E+00	  0.0000E+00	  0.0000E+00	  0.0000E+00	  0.0000E+00	  0.0000E+00	  0.0000E+00	  0.0000E+00	  0.0000E+00	  0.0000E+00	  0.0000E+00	  0.0000E+00	  0.0000E+00	  0.0000E+00	  0.0000E+00
  0.0000E+00	  0.0000E+00	  0.0000E+00	  0.0000E+00	  0.0000E+00	  0.0000E+00	  0.0000E+00	  0.0000E+00	  0.0000E+00	  0.0000E+00	  0.0000E+00	  0.0000E+00	  0.0000E+00	  0.0000E+00	  0.0000E+00	  0.0000E+00	  0.0000E+00	  0.0000E+00	  0.0000E+00	  0.0000E+00	  0.0000E+00	  0.0000E+00	  0.0000E+00	  0.0000E+00	  0.0000E+00	  0.0000E+00	  0.0000E+00	  0.0000E+00	  0.0000E+00	  0.0000E+00	  0.0000E+00	  0.0000E+00	  0.0000E+00	  0.0000E+00	  0.0000E+00	  0.0000E+00	  0.0000E+00	  0.0000E+00	  0.0000E+00	  0.0000E+00	  0.0000E+00	  0.0000E+00	  0.0000E+00	  0.0000E+00	  0.0000E+00	  0.0000E+00	  0.0000E+00	  0.0000E+00	  0.0000E+00	  0.0000E+00	  0.0000E+00	  0.0000E+00	  0.0000E+00	  0.0000E+00	  0.0000E+00	  0.0000E+00	  0.0000E+00	  0.0000E+00	  0.0000E+00	  0.0000E+00	  0.0000E+00	  0.0000E+00	  0.0000E+00	  0.0000E+00	  0.0000E+00	  0.0000E+00	  0.0000E+00	  0.0000E+00	  0.0000E+00	  0.0000E+00	  0.0000E+00	  0.0000E+00	  0.0000E+00	  0.0000E+00	  0.0000E+00	  0.0000E+00	  0.0000E+00	  0.0000E+00	  0.0000E+00	  0.0000E+00	  0.0000E+00	  0.0000E+00	  0.0000E+00	  0.0000E+00	  0.0000E+00	  0.0000E+00	  0.0000E+00	  0.0000E+00	  0.0000E+00	  0.0000E+00	  0.0000E+00	  0.0000E+00	  0.0000E+00	  0.0000E+00	  0.0000E+00	  0.0000E+00	  0.0000E+00	  0.0000E+00	  0.0000E+00	  0.0000E+00	  0.0000E+00	  0.0000E+00	  0.0000E+00	  0.0000E+00	  0.0000E+00	  0.0000E+00	  0.0000E+00	  0.0000E+00	  0.0000E+00	  0.0000E+00	  0.0000E+00	  0.0000E+00	  0.0000E+00	  0.0000E+00	  0.0000E+00	  0.0000E+00	  0.0000E+00	  0.0000E+00	  0.0000E+00	  0.0000E+00	  0.0000E+00	  0.0000E+00	  0.0000E+00	  0.0000E+00	  0.0000E+00	  0.0000E+00	  0.0000E+00	  0.0000E+00
  0.0000E+00	  0.0000E+00	  0.0000E+00	  0.0000E+00	  0.0000E+00	  0.0000E+00	  0.0000E+00	  0.0000E+00	  0.0000E+00	  0.0000E+00	  0.0000E+00	  0.0000E+00	  0.0000E+00	  0.0000E+00	  0.0000E+00	  0.0000E+00	  0.0000E+00	  0.0000E+00	  0.0000E+00	  0.0000E+00	  0.0000E+00	  0.0000E+00	  0.0000E+00	  0.0000E+00	  0.0000E+00	  0.0000E+00	  0.0000E+00	  0.0000E+00	  0.0000E+00	  0.0000E+00	  0.0000E+00	  0.0000E+00	  0.0000E+00	  0.0000E+00	  0.0000E+00	  0.0000E+00	  0.0000E+00	  0.0000E+00	  0.0000E+00	  0.0000E+00	  0.0000E+00	  0.0000E+00	  0.0000E+00	  0.0000E+00	  0.0000E+00	  0.0000E+00	  0.0000E+00	  0.0000E+00	  0.0000E+00	  0.0000E+00	  0.0000E+00	  0.0000E+00	  0.0000E+00	  0.0000E+00	  0.0000E+00	  0.0000E+00	  0.0000E+00	  0.0000E+00	  0.0000E+00	  0.0000E+00	  0.0000E+00	  0.0000E+00	  0.0000E+00	  0.0000E+00	  0.0000E+00	  0.0000E+00	  0.0000E+00	  0.0000E+00	  0.0000E+00	  0.0000E+00	  0.0000E+00	  0.0000E+00	  0.0000E+00	  0.0000E+00	  0.0000E+00	  0.0000E+00	  0.0000E+00	  0.0000E+00	  0.0000E+00	  0.0000E+00	  0.0000E+00	  0.0000E+00	  0.0000E+00	  0.0000E+00	  0.0000E+00	  0.0000E+00	  0.0000E+00	  0.0000E+00	  0.0000E+00	  0.0000E+00	  0.0000E+00	  0.0000E+00	  0.0000E+00	  0.0000E+00	  0.0000E+00	  0.0000E+00	  0.0000E+00	  0.0000E+00	  0.0000E+00	  0.0000E+00	  0.0000E+00	  0.0000E+00	  0.0000E+00	  0.0000E+00	  0.0000E+00	  0.0000E+00	  0.0000E+00	  0.0000E+00	  0.0000E+00	  0.0000E+00	  0.0000E+00	  0.0000E+00	  0.0000E+00	  0.0000E+00	  0.0000E+00	  0.0000E+00	  0.0000E+00	  0.0000E+00	  0.0000E+00	  0.0000E+00	  0.0000E+00	  0.0000E+00	  0.0000E+00	  0.0000E+00	  0.0000E+00	  0.0000E+00	  0.0000E+00	  0.0000E+00
  0.0000E+00	  0.0000E+00	  0.0000E+00	  0.0000E+00	  0.0000E+00	  0.0000E+00	  0.0000E+00	  0.0000E+00	  0.0000E+00	  0.0000E+00	  0.0000E+00	  0.0000E+00	  0.0000E+00	  0.0000E+00	  0.0000E+00	  0.0000E+00	  0.0000E+00	  0.0000E+00	  0.0000E+00	  0.0000E+00	  0.0000E+00	  0.0000E+00	  0.0000E+00	  0.0000E+00	  0.0000E+00	  0.0000E+00	  0.0000E+00	  0.0000E+00	  0.0000E+00	  0.0000E+00	  0.0000E+00	  0.0000E+00	  0.0000E+00	  0.0000E+00	  0.0000E+00	  0.0000E+00	  0.0000E+00	  0.0000E+00	  0.0000E+00	  0.0000E+00	  0.0000E+00	  0.0000E+00	  0.0000E+00	  0.0000E+00	  0.0000E+00	  0.0000E+00	  0.0000E+00	  0.0000E+00	  0.0000E+00	  0.0000E+00	  0.0000E+00	  0.0000E+00	  0.0000E+00	  0.0000E+00	  0.0000E+00	  0.0000E+00	  0.0000E+00	  0.0000E+00	  0.0000E+00	  0.0000E+00	  0.0000E+00	  0.0000E+00	  0.0000E+00	  0.0000E+00	  0.0000E+00	  0.0000E+00	  0.0000E+00	  0.0000E+00	  0.0000E+00	  0.0000E+00	  0.0000E+00	  0.0000E+00	  0.0000E+00	  0.0000E+00	  0.0000E+00	  0.0000E+00	  0.0000E+00	  0.0000E+00	  0.0000E+00	  0.0000E+00	  0.0000E+00	  0.0000E+00	  0.0000E+00	  0.0000E+00	  0.0000E+00	  0.0000E+00	  0.0000E+00	  0.0000E+00	  0.0000E+00	  0.0000E+00	  0.0000E+00	  0.0000E+00	  0.0000E+00	  0.0000E+00	  0.0000E+00	  0.0000E+00	  0.0000E+00	  0.0000E+00	  0.0000E+00	  0.0000E+00	  0.0000E+00	  0.0000E+00	  0.0000E+00	  0.0000E+00	  0.0000E+00	  0.0000E+00	  0.0000E+00	  0.0000E+00	  0.0000E+00	  0.0000E+00	  0.0000E+00	  0.0000E+00	  0.0000E+00	  0.0000E+00	  0.0000E+00	  0.0000E+00	  0.0000E+00	  0.0000E+00	  0.0000E+00	  0.0000E+00	  0.0000E+00	  0.0000E+00	  0.0000E+00	  0.0000E+00	  0.0000E+00	  0.0000E+00	  0.0000E+00	  0.0000E+00
  0.0000E+00	  0.0000E+00	  0.0000E+00	  0.0000E+00	  0.0000E+00	  0.0000E+00	  0.0000E+00	  0.0000E+00	  0.0000E+00	  0.0000E+00	  0.0000E+00	  0.0000E+00	  0.0000E+00	  0.0000E+00	  0.0000E+00	  0.0000E+00	  0.0000E+00	  0.0000E+00	  0.0000E+00	  0.0000E+00	  0.0000E+00	  0.0000E+00	  0.0000E+00	  0.0000E+00	  0.0000E+00	  0.0000E+00	  0.0000E+00	  0.0000E+00	  0.0000E+00	  0.0000E+00	  0.0000E+00	  0.0000E+00	  0.0000E+00	  0.0000E+00	  0.0000E+00	  0.0000E+00	  0.0000E+00	  0.0000E+00	  0.0000E+00	  0.0000E+00	  0.0000E+00	  0.0000E+00	  0.0000E+00	  0.0000E+00	  0.0000E+00	  0.0000E+00	  0.0000E+00	  0.0000E+00	  0.0000E+00	  0.0000E+00	  0.0000E+00	  0.0000E+00	  0.0000E+00	  0.0000E+00	  0.0000E+00	  0.0000E+00	  0.0000E+00	  0.0000E+00	  0.0000E+00	  0.0000E+00	  0.0000E+00	  0.0000E+00	  0.0000E+00	  0.0000E+00	  0.0000E+00	  0.0000E+00	  0.0000E+00	  0.0000E+00	  0.0000E+00	  0.0000E+00	  0.0000E+00	  0.0000E+00	  0.0000E+00	  0.0000E+00	  0.0000E+00	  0.0000E+00	  0.0000E+00	  0.0000E+00	  0.0000E+00	  0.0000E+00	  0.0000E+00	  0.0000E+00	  0.0000E+00	  0.0000E+00	  0.0000E+00	  0.0000E+00	  0.0000E+00	  0.0000E+00	  0.0000E+00	  0.0000E+00	  0.0000E+00	  0.0000E+00	  0.0000E+00	  0.0000E+00	  0.0000E+00	  0.0000E+00	  0.0000E+00	  0.0000E+00	  0.0000E+00	  0.0000E+00	  0.0000E+00	  0.0000E+00	  0.0000E+00	  0.0000E+00	  0.0000E+00	  0.0000E+00	  0.0000E+00	  0.0000E+00	  0.0000E+00	  0.0000E+00	  0.0000E+00	  0.0000E+00	  0.0000E+00	  0.0000E+00	  0.0000E+00	  0.0000E+00	  0.0000E+00	  0.0000E+00	  0.0000E+00	  0.0000E+00	  0.0000E+00	  0.0000E+00	  0.0000E+00	  0.0000E+00	  0.0000E+00	  0.0000E+00	  0.0000E+00	  0.0000E+00
  0.0000E+00	  0.0000E+00	  0.0000E+00	  0.0000E+00	  0.0000E+00	  0.0000E+00	  0.0000E+00	  0.0000E+00	  0.0000E+00	  0.0000E+00	  0.0000E+00	  0.0000E+00	  0.0000E+00	  0.0000E+00	  0.0000E+00	  0.0000E+00	  0.0000E+00	  0.0000E+00	  0.0000E+00	  0.0000E+00	  0.0000E+00	  0.0000E+00	  0.0000E+00	  0.0000E+00	  0.0000E+00	  0.0000E+00	  0.0000E+00	  0.0000E+00	  0.0000E+00	  0.0000E+00	  0.0000E+00	  0.0000E+00	  0.0000E+00	  0.0000E+00	  0.0000E+00	  0.0000E+00	  0.0000E+00	  0.0000E+00	  0.0000E+00	  0.0000E+00	  0.0000E+00	  0.0000E+00	  0.0000E+00	  0.0000E+00	  0.0000E+00	  0.0000E+00	  0.0000E+00	  0.0000E+00	  0.0000E+00	  0.0000E+00	  0.0000E+00	  0.0000E+00	  0.0000E+00	  0.0000E+00	  0.0000E+00	  0.0000E+00	  0.0000E+00	  0.0000E+00	  0.0000E+00	  0.0000E+00	  0.0000E+00	  0.0000E+00	  0.0000E+00	  0.0000E+00	  0.0000E+00	  0.0000E+00	  0.0000E+00	  0.0000E+00	  0.0000E+00	  0.0000E+00	  0.0000E+00	  0.0000E+00	  0.0000E+00	  0.0000E+00	  0.0000E+00	  0.0000E+00	  0.0000E+00	  0.0000E+00	  0.0000E+00	  0.0000E+00	  0.0000E+00	  0.0000E+00	  0.0000E+00	  0.0000E+00	  0.0000E+00	  0.0000E+00	  0.0000E+00	  0.0000E+00	  0.0000E+00	  0.0000E+00	  0.0000E+00	  0.0000E+00	  0.0000E+00	  0.0000E+00	  0.0000E+00	  0.0000E+00	  0.0000E+00	  0.0000E+00	  0.0000E+00	  0.0000E+00	  0.0000E+00	  0.0000E+00	  0.0000E+00	  0.0000E+00	  0.0000E+00	  0.0000E+00	  0.0000E+00	  0.0000E+00	  0.0000E+00	  0.0000E+00	  0.0000E+00	  0.0000E+00	  0.0000E+00	  0.0000E+00	  0.0000E+00	  0.0000E+00	  0.0000E+00	  0.0000E+00	  0.0000E+00	  0.0000E+00	  0.0000E+00	  0.0000E+00	  0.0000E+00	  0.0000E+00	  0.0000E+00	  0.0000E+00	  0.0000E+00	  0.0000E+00
  0.0000E+00	  0.0000E+00	  0.0000E+00	  0.0000E+00	  0.0000E+00	  0.0000E+00	  0.0000E+00	  0.0000E+00	  0.0000E+00	  0.0000E+00	  0.0000E+00	  0.0000E+00	  0.0000E+00	  0.0000E+00	  0.0000E+00	  0.0000E+00	  0.0000E+00	  0.0000E+00	  0.0000E+00	  0.0000E+00	  0.0000E+00	  0.0000E+00	  0.0000E+00	  0.0000E+00	  0.0000E+00	  0.0000E+00	  0.0000E+00	  0.0000E+00	  0.0000E+00	  0.0000E+00	  0.0000E+00	  0.0000E+00	  0.0000E+00	  0.0000E+00	  0.0000E+00	  0.0000E+00	  0.0000E+00	  0.0000E+00	  0.0000E+00	  0.0000E+00	  0.0000E+00	  0.0000E+00	  0.0000E+00	  0.0000E+00	  0.0000E+00	  0.0000E+00	  0.0000E+00	  0.0000E+00	  0.0000E+00	  0.0000E+00	  0.0000E+00	  0.0000E+00	  0.0000E+00	  0.0000E+00	  0.0000E+00	  0.0000E+00	  0.0000E+00	  0.0000E+00	  0.0000E+00	  0.0000E+00	  0.0000E+00	  0.0000E+00	  0.0000E+00	  0.0000E+00	  0.0000E+00	  0.0000E+00	  0.0000E+00	  0.0000E+00	  0.0000E+00	  0.0000E+00	  0.0000E+00	  0.0000E+00	  0.0000E+00	  0.0000E+00	  0.0000E+00	  0.0000E+00	  0.0000E+00	  0.0000E+00	  0.0000E+00	  0.0000E+00	  0.0000E+00	  0.0000E+00	  0.0000E+00	  0.0000E+00	  0.0000E+00	  0.0000E+00	  0.0000E+00	  0.0000E+00	  0.0000E+00	  0.0000E+00	  0.0000E+00	  0.0000E+00	  0.0000E+00	  0.0000E+00	  0.0000E+00	  0.0000E+00	  0.0000E+00	  0.0000E+00	  0.0000E+00	  0.0000E+00	  0.0000E+00	  0.0000E+00	  0.0000E+00	  0.0000E+00	  0.0000E+00	  0.0000E+00	  0.0000E+00	  0.0000E+00	  0.0000E+00	  0.0000E+00	  0.0000E+00	  0.0000E+00	  0.0000E+00	  0.0000E+00	  0.0000E+00	  0.0000E+00	  0.0000E+00	  0.0000E+00	  0.0000E+00	  0.0000E+00	  0.0000E+00	  0.0000E+00	  0.0000E+00	  0.0000E+00	  0.0000E+00	  0.0000E+00	  0.0000E+00	  0.0000E+00
  0.0000E+00	  0.0000E+00	  0.0000E+00	  0.0000E+00	  0.0000E+00	  0.0000E+00	  0.0000E+00	  0.0000E+00	  0.0000E+00	  0.0000E+00	  0.0000E+00	  0.0000E+00	  0.0000E+00	  0.0000E+00	  0.0000E+00	  0.0000E+00	  0.0000E+00	  0.0000E+00	  0.0000E+00	  0.0000E+00	  0.0000E+00	  0.0000E+00	  0.0000E+00	  0.0000E+00	  0.0000E+00	  0.0000E+00	  0.0000E+00	  0.0000E+00	  0.0000E+00	  0.0000E+00	  0.0000E+00	  0.0000E+00	  0.0000E+00	  0.0000E+00	  0.0000E+00	  0.0000E+00	  0.0000E+00	  0.0000E+00	  0.0000E+00	  0.0000E+00	  0.0000E+00	  0.0000E+00	  0.0000E+00	  0.0000E+00	  0.0000E+00	  0.0000E+00	  0.0000E+00	  0.0000E+00	  0.0000E+00	  0.0000E+00	  0.0000E+00	  0.0000E+00	  0.0000E+00	  0.0000E+00	  0.0000E+00	  0.0000E+00	  0.0000E+00	  0.0000E+00	  0.0000E+00	  0.0000E+00	  0.0000E+00	  0.0000E+00	  0.0000E+00	  0.0000E+00	  0.0000E+00	  0.0000E+00	  0.0000E+00	  0.0000E+00	  0.0000E+00	  0.0000E+00	  0.0000E+00	  0.0000E+00	  0.0000E+00	  0.0000E+00	  0.0000E+00	  0.0000E+00	  0.0000E+00	  0.0000E+00	  0.0000E+00	  0.0000E+00	  0.0000E+00	  0.0000E+00	  0.0000E+00	  0.0000E+00	  0.0000E+00	  0.0000E+00	  0.0000E+00	  0.0000E+00	  0.0000E+00	  0.0000E+00	  0.0000E+00	  0.0000E+00	  0.0000E+00	  0.0000E+00	  0.0000E+00	  0.0000E+00	  0.0000E+00	  0.0000E+00	  0.0000E+00	  0.0000E+00	  0.0000E+00	  0.0000E+00	  0.0000E+00	  0.0000E+00	  0.0000E+00	  0.0000E+00	  0.0000E+00	  0.0000E+00	  0.0000E+00	  0.0000E+00	  0.0000E+00	  0.0000E+00	  0.0000E+00	  0.0000E+00	  0.0000E+00	  0.0000E+00	  0.0000E+00	  0.0000E+00	  0.0000E+00	  0.0000E+00	  0.0000E+00	  0.0000E+00	  0.0000E+00	  0.0000E+00	  0.0000E+00	  0.0000E+00	  0.0000E+00	  0.0000E+00
  0.0000E+00	  0.0000E+00	  0.0000E+00	  0.0000E+00	  0.0000E+00	  0.0000E+00	  0.0000E+00	  0.0000E+00	  0.0000E+00	  0.0000E+00	  0.0000E+00	  0.0000E+00	  0.0000E+00	  0.0000E+00	  0.0000E+00	  0.0000E+00	  0.0000E+00	  0.0000E+00	  0.0000E+00	  0.0000E+00	  0.0000E+00	  0.0000E+00	  0.0000E+00	  0.0000E+00	  0.0000E+00	  0.0000E+00	  0.0000E+00	  0.0000E+00	  0.0000E+00	  0.0000E+00	  0.0000E+00	  0.0000E+00	  0.0000E+00	  0.0000E+00	  0.0000E+00	  0.0000E+00	  0.0000E+00	  0.0000E+00	  0.0000E+00	  0.0000E+00	  0.0000E+00	  0.0000E+00	  0.0000E+00	  0.0000E+00	  0.0000E+00	  0.0000E+00	  0.0000E+00	  0.0000E+00	  0.0000E+00	  0.0000E+00	  0.0000E+00	  0.0000E+00	  0.0000E+00	  0.0000E+00	  0.0000E+00	  0.0000E+00	  0.0000E+00	  0.0000E+00	  0.0000E+00	  0.0000E+00	  0.0000E+00	  0.0000E+00	  0.0000E+00	  0.0000E+00	  0.0000E+00	  0.0000E+00	  0.0000E+00	  0.0000E+00	  0.0000E+00	  0.0000E+00	  0.0000E+00	  0.0000E+00	  0.0000E+00	  0.0000E+00	  0.0000E+00	  0.0000E+00	  0.0000E+00	  0.0000E+00	  0.0000E+00	  0.0000E+00	  0.0000E+00	  0.0000E+00	  0.0000E+00	  0.0000E+00	  0.0000E+00	  0.0000E+00	  0.0000E+00	  0.0000E+00	  0.0000E+00	  0.0000E+00	  0.0000E+00	  0.0000E+00	  0.0000E+00	  0.0000E+00	  0.0000E+00	  0.0000E+00	  0.0000E+00	  0.0000E+00	  0.0000E+00	  0.0000E+00	  0.0000E+00	  0.0000E+00	  0.0000E+00	  0.0000E+00	  0.0000E+00	  0.0000E+00	  0.0000E+00	  0.0000E+00	  0.0000E+00	  0.0000E+00	  0.0000E+00	  0.0000E+00	  0.0000E+00	  0.0000E+00	  0.0000E+00	  0.0000E+00	  0.0000E+00	  0.0000E+00	  0.0000E+00	  0.0000E+00	  0.0000E+00	  0.0000E+00	  0.0000E+00	  0.0000E+00	  0.0000E+00	  0.0000E+00	  0.0000E+00	  0.0000E+00
  0.0000E+00	  0.0000E+00	  0.0000E+00	  0.0000E+00	  0.0000E+00	  0.0000E+00	  0.0000E+00	  0.0000E+00	  0.0000E+00	  0.0000E+00	  0.0000E+00	  0.0000E+00	  0.0000E+00	  0.0000E+00	  0.0000E+00	  0.0000E+00	  0.0000E+00	  0.0000E+00	  0.0000E+00	  0.0000E+00	  0.0000E+00	  0.0000E+00	  0.0000E+00	  0.0000E+00	  0.0000E+00	  0.0000E+00	  0.0000E+00	  0.0000E+00	  0.0000E+00	  0.0000E+00	  0.0000E+00	  0.0000E+00	  0.0000E+00	  0.0000E+00	  0.0000E+00	  0.0000E+00	  0.0000E+00	  0.0000E+00	  0.0000E+00	  0.0000E+00	  0.0000E+00	  0.0000E+00	  0.0000E+00	  0.0000E+00	  0.0000E+00	  0.0000E+00	  0.0000E+00	  0.0000E+00	  0.0000E+00	  0.0000E+00	  0.0000E+00	  0.0000E+00	  0.0000E+00	  0.0000E+00	  0.0000E+00	  0.0000E+00	  0.0000E+00	  0.0000E+00	  0.0000E+00	  0.0000E+00	  0.0000E+00	  0.0000E+00	  0.0000E+00	  0.0000E+00	  0.0000E+00	  0.0000E+00	  0.0000E+00	  0.0000E+00	  0.0000E+00	  0.0000E+00	  0.0000E+00	  0.0000E+00	  0.0000E+00	  0.0000E+00	  0.0000E+00	  0.0000E+00	  0.0000E+00	  0.0000E+00	  0.0000E+00	  0.0000E+00	  0.0000E+00	  0.0000E+00	  0.0000E+00	  0.0000E+00	  0.0000E+00	  0.0000E+00	  0.0000E+00	  0.0000E+00	  0.0000E+00	  0.0000E+00	  0.0000E+00	  0.0000E+00	  0.0000E+00	  0.0000E+00	  0.0000E+00	  0.0000E+00	  0.0000E+00	  0.0000E+00	  0.0000E+00	  0.0000E+00	  0.0000E+00	  0.0000E+00	  0.0000E+00	  0.0000E+00	  0.0000E+00	  0.0000E+00	  0.0000E+00	  0.0000E+00	  0.0000E+00	  0.0000E+00	  0.0000E+00	  0.0000E+00	  0.0000E+00	  0.0000E+00	  0.0000E+00	  0.0000E+00	  0.0000E+00	  0.0000E+00	  0.0000E+00	  0.0000E+00	  0.0000E+00	  0.0000E+00	  0.0000E+00	  0.0000E+00	  0.0000E+00	  0.0000E+00	  0.0000E+00	  0.0000E+00
  0.0000E+00	  0.0000E+00	  0.0000E+00	  0.0000E+00	  0.0000E+00	  0.0000E+00	  0.0000E+00	  0.0000E+00	  0.0000E+00	  0.0000E+00	  0.0000E+00	  0.0000E+00	  0.0000E+00	  0.0000E+00	  0.0000E+00	  0.0000E+00	  0.0000E+00	  0.0000E+00	  0.0000E+00	  0.0000E+00	  0.0000E+00	  0.0000E+00	  0.0000E+00	  0.0000E+00	  0.0000E+00	  0.0000E+00	  0.0000E+00	  0.0000E+00	  0.0000E+00	  0.0000E+00	  0.0000E+00	  0.0000E+00	  0.0000E+00	  0.0000E+00	  0.0000E+00	  0.0000E+00	  0.0000E+00	  0.0000E+00	  0.0000E+00	  0.0000E+00	  0.0000E+00	  0.0000E+00	  0.0000E+00	  0.0000E+00	  0.0000E+00	  0.0000E+00	  0.0000E+00	  0.0000E+00	  0.0000E+00	  0.0000E+00	  0.0000E+00	  0.0000E+00	  0.0000E+00	  0.0000E+00	  0.0000E+00	  0.0000E+00	  0.0000E+00	  0.0000E+00	  0.0000E+00	  0.0000E+00	  0.0000E+00	  0.0000E+00	  0.0000E+00	  0.0000E+00	  0.0000E+00	  0.0000E+00	  0.0000E+00	  0.0000E+00	  0.0000E+00	  0.0000E+00	  0.0000E+00	  0.0000E+00	  0.0000E+00	  0.0000E+00	  0.0000E+00	  0.0000E+00	  0.0000E+00	  0.0000E+00	  0.0000E+00	  0.0000E+00	  0.0000E+00	  0.0000E+00	  0.0000E+00	  0.0000E+00	  0.0000E+00	  0.0000E+00	  0.0000E+00	  0.0000E+00	  0.0000E+00	  0.0000E+00	  0.0000E+00	  0.0000E+00	  0.0000E+00	  0.0000E+00	  0.0000E+00	  0.0000E+00	  0.0000E+00	  0.0000E+00	  0.0000E+00	  0.0000E+00	  0.0000E+00	  0.0000E+00	  0.0000E+00	  0.0000E+00	  0.0000E+00	  0.0000E+00	  0.0000E+00	  0.0000E+00	  0.0000E+00	  0.0000E+00	  0.0000E+00	  0.0000E+00	  0.0000E+00	  0.0000E+00	  0.0000E+00	  0.0000E+00	  0.0000E+00	  0.0000E+00	  0.0000E+00	  0.0000E+00	  0.0000E+00	  0.0000E+00	  0.0000E+00	  0.0000E+00	  0.0000E+00	  0.0000E+00	  0.0000E+00	  0.0000E+00
  0.0000E+00	  0.0000E+00	  0.0000E+00	  0.0000E+00	  0.0000E+00	  0.0000E+00	  0.0000E+00	  0.0000E+00	  0.0000E+00	  0.0000E+00	  0.0000E+00	  0.0000E+00	  0.0000E+00	  0.0000E+00	  0.0000E+00	  0.0000E+00	  0.0000E+00	  0.0000E+00	  0.0000E+00	  0.0000E+00	  0.0000E+00	  0.0000E+00	  0.0000E+00	  0.0000E+00	  0.0000E+00	  0.0000E+00	  0.0000E+00	  0.0000E+00	  0.0000E+00	  0.0000E+00	  0.0000E+00	  0.0000E+00	  0.0000E+00	  0.0000E+00	  0.0000E+00	  0.0000E+00	  0.0000E+00	  0.0000E+00	  0.0000E+00	  0.0000E+00	  0.0000E+00	  0.0000E+00	  0.0000E+00	  0.0000E+00	  0.0000E+00	  0.0000E+00	  0.0000E+00	  0.0000E+00	  0.0000E+00	  0.0000E+00	  0.0000E+00	  0.0000E+00	  0.0000E+00	  0.0000E+00	  0.0000E+00	  0.0000E+00	  0.0000E+00	  0.0000E+00	  0.0000E+00	  0.0000E+00	  0.0000E+00	  0.0000E+00	  0.0000E+00	  0.0000E+00	  0.0000E+00	  0.0000E+00	  0.0000E+00	  0.0000E+00	  0.0000E+00	  0.0000E+00	  0.0000E+00	  0.0000E+00	  0.0000E+00	  0.0000E+00	  0.0000E+00	  0.0000E+00	  0.0000E+00	  0.0000E+00	  0.0000E+00	  0.0000E+00	  0.0000E+00	  0.0000E+00	  0.0000E+00	  0.0000E+00	  0.0000E+00	  0.0000E+00	  0.0000E+00	  0.0000E+00	  0.0000E+00	  0.0000E+00	  0.0000E+00	  0.0000E+00	  0.0000E+00	  0.0000E+00	  0.0000E+00	  0.0000E+00	  0.0000E+00	  0.0000E+00	  0.0000E+00	  0.0000E+00	  0.0000E+00	  0.0000E+00	  0.0000E+00	  0.0000E+00	  0.0000E+00	  0.0000E+00	  0.0000E+00	  0.0000E+00	  0.0000E+00	  0.0000E+00	  0.0000E+00	  0.0000E+00	  0.0000E+00	  0.0000E+00	  0.0000E+00	  0.0000E+00	  0.0000E+00	  0.0000E+00	  0.0000E+00	  0.0000E+00	  0.0000E+00	  0.0000E+00	  0.0000E+00	  0.0000E+00	  0.0000E+00	  0.0000E+00	  0.0000E+00	  0.0000E+00
  0.0000E+00	  0.0000E+00	  0.0000E+00	  0.0000E+00	  0.0000E+00	  0.0000E+00	  0.0000E+00	  0.0000E+00	  0.0000E+00	  0.0000E+00	  0.0000E+00	  0.0000E+00	  0.0000E+00	  0.0000E+00	  0.0000E+00	  0.0000E+00	  0.0000E+00	  0.0000E+00	  0.0000E+00	  0.0000E+00	  0.0000E+00	  0.0000E+00	  0.0000E+00	  0.0000E+00	  0.0000E+00	  0.0000E+00	  0.0000E+00	  0.0000E+00	  0.0000E+00	  0.0000E+00	  0.0000E+00	  0.0000E+00	  0.0000E+00	  0.0000E+00	  0.0000E+00	  0.0000E+00	  0.0000E+00	  0.0000E+00	  0.0000E+00	  0.0000E+00	  0.0000E+00	  0.0000E+00	  0.0000E+00	  0.0000E+00	  0.0000E+00	  0.0000E+00	  0.0000E+00	  0.0000E+00	  0.0000E+00	  0.0000E+00	  0.0000E+00	  0.0000E+00	  0.0000E+00	  0.0000E+00	  0.0000E+00	  0.0000E+00	  0.0000E+00	  0.0000E+00	  0.0000E+00	  0.0000E+00	  0.0000E+00	  0.0000E+00	  0.0000E+00	  0.0000E+00	  0.0000E+00	  0.0000E+00	  0.0000E+00	  0.0000E+00	  0.0000E+00	  0.0000E+00	  0.0000E+00	  0.0000E+00	  0.0000E+00	  0.0000E+00	  0.0000E+00	  0.0000E+00	  0.0000E+00	  0.0000E+00	  0.0000E+00	  0.0000E+00	  0.0000E+00	  0.0000E+00	  0.0000E+00	  0.0000E+00	  0.0000E+00	  0.0000E+00	  0.0000E+00	  0.0000E+00	  0.0000E+00	  0.0000E+00	  0.0000E+00	  0.0000E+00	  0.0000E+00	  0.0000E+00	  0.0000E+00	  0.0000E+00	  0.0000E+00	  0.0000E+00	  0.0000E+00	  0.0000E+00	  0.0000E+00	  0.0000E+00	  0.0000E+00	  0.0000E+00	  0.0000E+00	  0.0000E+00	  0.0000E+00	  0.0000E+00	  0.0000E+00	  0.0000E+00	  0.0000E+00	  0.0000E+00	  0.0000E+00	  0.0000E+00	  0.0000E+00	  0.0000E+00	  0.0000E+00	  0.0000E+00	  0.0000E+00	  0.0000E+00	  0.0000E+00	  0.0000E+00	  0.0000E+00	  0.0000E+00	  0.0000E+00	  0.0000E+00	  0.0000E+00	  0.0000E+00
  0.0000E+00	  0.0000E+00	  0.0000E+00	  0.0000E+00	  0.0000E+00	  0.0000E+00	  0.0000E+00	  0.0000E+00	  0.0000E+00	  0.0000E+00	  0.0000E+00	  0.0000E+00	  0.0000E+00	  0.0000E+00	  0.0000E+00	  0.0000E+00	  0.0000E+00	  0.0000E+00	  0.0000E+00	  0.0000E+00	  0.0000E+00	  0.0000E+00	  0.0000E+00	  0.0000E+00	  0.0000E+00	  0.0000E+00	  0.0000E+00	  0.0000E+00	  0.0000E+00	  0.0000E+00	  0.0000E+00	  0.0000E+00	  0.0000E+00	  0.0000E+00	  0.0000E+00	  0.0000E+00	  0.0000E+00	  0.0000E+00	  0.0000E+00	  0.0000E+00	  0.0000E+00	  0.0000E+00	  0.0000E+00	  0.0000E+00	  0.0000E+00	  0.0000E+00	  0.0000E+00	  0.0000E+00	  0.0000E+00	  0.0000E+00	  0.0000E+00	  0.0000E+00	  0.0000E+00	  0.0000E+00	  0.0000E+00	  0.0000E+00	  0.0000E+00	  0.0000E+00	  0.0000E+00	  0.0000E+00	  0.0000E+00	  0.0000E+00	  0.0000E+00	  0.0000E+00	  0.0000E+00	  0.0000E+00	  0.0000E+00	  0.0000E+00	  0.0000E+00	  0.0000E+00	  0.0000E+00	  0.0000E+00	  0.0000E+00	  0.0000E+00	  0.0000E+00	  0.0000E+00	  0.0000E+00	  0.0000E+00	  0.0000E+00	  0.0000E+00	  0.0000E+00	  0.0000E+00	  0.0000E+00	  0.0000E+00	  0.0000E+00	  0.0000E+00	  0.0000E+00	  0.0000E+00	  0.0000E+00	  0.0000E+00	  0.0000E+00	  0.0000E+00	  0.0000E+00	  0.0000E+00	  0.0000E+00	  0.0000E+00	  0.0000E+00	  0.0000E+00	  0.0000E+00	  0.0000E+00	  0.0000E+00	  0.0000E+00	  0.0000E+00	  0.0000E+00	  0.0000E+00	  0.0000E+00	  0.0000E+00	  0.0000E+00	  0.0000E+00	  0.0000E+00	  0.0000E+00	  0.0000E+00	  0.0000E+00	  0.0000E+00	  0.0000E+00	  0.0000E+00	  0.0000E+00	  0.0000E+00	  0.0000E+00	  0.0000E+00	  0.0000E+00	  0.0000E+00	  0.0000E+00	  0.0000E+00	  0.0000E+00	  0.0000E+00	  0.0000E+00	  0.0000E+00
  0.0000E+00	  0.0000E+00	  0.0000E+00	  0.0000E+00	  0.0000E+00	  0.0000E+00	  0.0000E+00	  0.0000E+00	  0.0000E+00	  0.0000E+00	  0.0000E+00	  0.0000E+00	  0.0000E+00	  0.0000E+00	  0.0000E+00	  0.0000E+00	  0.0000E+00	  0.0000E+00	  0.0000E+00	  0.0000E+00	  0.0000E+00	  0.0000E+00	  0.0000E+00	  0.0000E+00	  0.0000E+00	  0.0000E+00	  0.0000E+00	  0.0000E+00	  0.0000E+00	  0.0000E+00	  0.0000E+00	  0.0000E+00	  0.0000E+00	  0.0000E+00	  0.0000E+00	  0.0000E+00	  0.0000E+00	  0.0000E+00	  0.0000E+00	  0.0000E+00	  0.0000E+00	  0.0000E+00	  0.0000E+00	  0.0000E+00	  0.0000E+00	  0.0000E+00	  0.0000E+00	  0.0000E+00	  0.0000E+00	  0.0000E+00	  0.0000E+00	  0.0000E+00	  0.0000E+00	  0.0000E+00	  0.0000E+00	  0.0000E+00	  0.0000E+00	  0.0000E+00	  0.0000E+00	  0.0000E+00	  0.0000E+00	  0.0000E+00	  0.0000E+00	  0.0000E+00	  0.0000E+00	  0.0000E+00	  0.0000E+00	  0.0000E+00	  0.0000E+00	  0.0000E+00	  0.0000E+00	  0.0000E+00	  0.0000E+00	  0.0000E+00	  0.0000E+00	  0.0000E+00	  0.0000E+00	  0.0000E+00	  0.0000E+00	  0.0000E+00	  0.0000E+00	  0.0000E+00	  0.0000E+00	  0.0000E+00	  0.0000E+00	  0.0000E+00	  0.0000E+00	  0.0000E+00	  0.0000E+00	  0.0000E+00	  0.0000E+00	  0.0000E+00	  0.0000E+00	  0.0000E+00	  0.0000E+00	  0.0000E+00	  0.0000E+00	  0.0000E+00	  0.0000E+00	  0.0000E+00	  0.0000E+00	  0.0000E+00	  0.0000E+00	  0.0000E+00	  0.0000E+00	  0.0000E+00	  0.0000E+00	  0.0000E+00	  0.0000E+00	  0.0000E+00	  0.0000E+00	  0.0000E+00	  0.0000E+00	  0.0000E+00	  0.0000E+00	  0.0000E+00	  0.0000E+00	  0.0000E+00	  0.0000E+00	  0.0000E+00	  0.0000E+00	  0.0000E+00	  0.0000E+00	  0.0000E+00	  0.0000E+00	  0.0000E+00	  0.0000E+00	  0.0000E+00
  0.0000E+00	  0.0000E+00	  0.0000E+00	  0.0000E+00	  0.0000E+00	  0.0000E+00	  0.0000E+00	  0.0000E+00	  0.0000E+00	  0.0000E+00	  0.0000E+00	  0.0000E+00	  0.0000E+00	  0.0000E+00	  0.0000E+00	  0.0000E+00	  0.0000E+00	  0.0000E+00	  0.0000E+00	  0.0000E+00	  0.0000E+00	  0.0000E+00	  0.0000E+00	  0.0000E+00	  0.0000E+00	  0.0000E+00	  0.0000E+00	  0.0000E+00	  0.0000E+00	  0.0000E+00	  0.0000E+00	  0.0000E+00	  0.0000E+00	  0.0000E+00	  0.0000E+00	  0.0000E+00	  0.0000E+00	  0.0000E+00	  0.0000E+00	  0.0000E+00	  0.0000E+00	  0.0000E+00	  0.0000E+00	  0.0000E+00	  0.0000E+00	  0.0000E+00	  0.0000E+00	  0.0000E+00	  0.0000E+00	  0.0000E+00	  0.0000E+00	  0.0000E+00	  0.0000E+00	  0.0000E+00	  0.0000E+00	  0.0000E+00	  0.0000E+00	  0.0000E+00	  0.0000E+00	  0.0000E+00	  0.0000E+00	  0.0000E+00	  0.0000E+00	  0.0000E+00	  0.0000E+00	  0.0000E+00	  0.0000E+00	  0.0000E+00	  0.0000E+00	  0.0000E+00	  0.0000E+00	  0.0000E+00	  0.0000E+00	  0.0000E+00	  0.0000E+00	  0.0000E+00	  0.0000E+00	  0.0000E+00	  0.0000E+00	  0.0000E+00	  0.0000E+00	  0.0000E+00	  0.0000E+00	  0.0000E+00	  0.0000E+00	  0.0000E+00	  0.0000E+00	  0.0000E+00	  0.0000E+00	  0.0000E+00	  0.0000E+00	  0.0000E+00	  0.0000E+00	  0.0000E+00	  0.0000E+00	  0.0000E+00	  0.0000E+00	  0.0000E+00	  0.0000E+00	  0.0000E+00	  0.0000E+00	  0.0000E+00	  0.0000E+00	  0.0000E+00	  0.0000E+00	  0.0000E+00	  0.0000E+00	  0.0000E+00	  0.0000E+00	  0.0000E+00	  0.0000E+00	  0.0000E+00	  0.0000E+00	  0.0000E+00	  0.0000E+00	  0.0000E+00	  0.0000E+00	  0.0000E+00	  0.0000E+00	  0.0000E+00	  0.0000E+00	  0.0000E+00	  0.0000E+00	  0.0000E+00	  0.0000E+00	  0.0000E+00	  0.0000E+00	  0.0000E+00
  0.0000E+00	  0.0000E+00	  0.0000E+00	  0.0000E+00	  0.0000E+00	  0.0000E+00	  0.0000E+00	  0.0000E+00	  0.0000E+00	  0.0000E+00	  0.0000E+00	  0.0000E+00	  0.0000E+00	  0.0000E+00	  0.0000E+00	  0.0000E+00	  0.0000E+00	  0.0000E+00	  0.0000E+00	  0.0000E+00	  0.0000E+00	  0.0000E+00	  0.0000E+00	  0.0000E+00	  0.0000E+00	  0.0000E+00	  0.0000E+00	  0.0000E+00	  0.0000E+00	  0.0000E+00	  0.0000E+00	  0.0000E+00	  0.0000E+00	  0.0000E+00	  0.0000E+00	  0.0000E+00	  0.0000E+00	  0.0000E+00	  0.0000E+00	  0.0000E+00	  0.0000E+00	  0.0000E+00	  0.0000E+00	  0.0000E+00	  0.0000E+00	  0.0000E+00	  0.0000E+00	  0.0000E+00	  0.0000E+00	  0.0000E+00	  0.0000E+00	  0.0000E+00	  0.0000E+00	  0.0000E+00	  0.0000E+00	  0.0000E+00	  0.0000E+00	  0.0000E+00	  0.0000E+00	  0.0000E+00	  0.0000E+00	  0.0000E+00	  0.0000E+00	  0.0000E+00	  0.0000E+00	  0.0000E+00	  0.0000E+00	  0.0000E+00	  0.0000E+00	  0.0000E+00	  0.0000E+00	  0.0000E+00	  0.0000E+00	  0.0000E+00	  0.0000E+00	  0.0000E+00	  0.0000E+00	  0.0000E+00	  0.0000E+00	  0.0000E+00	  0.0000E+00	  0.0000E+00	  0.0000E+00	  0.0000E+00	  0.0000E+00	  0.0000E+00	  0.0000E+00	  0.0000E+00	  0.0000E+00	  0.0000E+00	  0.0000E+00	  0.0000E+00	  0.0000E+00	  0.0000E+00	  0.0000E+00	  0.0000E+00	  0.0000E+00	  0.0000E+00	  0.0000E+00	  0.0000E+00	  0.0000E+00	  0.0000E+00	  0.0000E+00	  0.0000E+00	  0.0000E+00	  0.0000E+00	  0.0000E+00	  0.0000E+00	  0.0000E+00	  0.0000E+00	  0.0000E+00	  0.0000E+00	  0.0000E+00	  0.0000E+00	  0.0000E+00	  0.0000E+00	  0.0000E+00	  0.0000E+00	  0.0000E+00	  0.0000E+00	  0.0000E+00	  0.0000E+00	  0.0000E+00	  0.0000E+00	  0.0000E+00	  0.0000E+00	  0.0000E+00	  0.0000E+00
  0.0000E+00	  0.0000E+00	  0.0000E+00	  0.0000E+00	  0.0000E+00	  0.0000E+00	  0.0000E+00	  0.0000E+00	  0.0000E+00	  0.0000E+00	  0.0000E+00	  0.0000E+00	  0.0000E+00	  0.0000E+00	  0.0000E+00	  0.0000E+00	  0.0000E+00	  0.0000E+00	  0.0000E+00	  0.0000E+00	  0.0000E+00	  0.0000E+00	  0.0000E+00	  0.0000E+00	  0.0000E+00	  0.0000E+00	  0.0000E+00	  0.0000E+00	  0.0000E+00	  0.0000E+00	  0.0000E+00	  0.0000E+00	  0.0000E+00	  0.0000E+00	  0.0000E+00	  0.0000E+00	  0.0000E+00	  0.0000E+00	  0.0000E+00	  0.0000E+00	  0.0000E+00	  0.0000E+00	  0.0000E+00	  0.0000E+00	  0.0000E+00	  0.0000E+00	  0.0000E+00	  0.0000E+00	  0.0000E+00	  0.0000E+00	  0.0000E+00	  0.0000E+00	  0.0000E+00	  0.0000E+00	  0.0000E+00	  0.0000E+00	  0.0000E+00	  0.0000E+00	  0.0000E+00	  0.0000E+00	  0.0000E+00	  0.0000E+00	  0.0000E+00	  0.0000E+00	  0.0000E+00	  0.0000E+00	  0.0000E+00	  0.0000E+00	  0.0000E+00	  0.0000E+00	  0.0000E+00	  0.0000E+00	  0.0000E+00	  0.0000E+00	  0.0000E+00	  0.0000E+00	  0.0000E+00	  0.0000E+00	  0.0000E+00	  0.0000E+00	  0.0000E+00	  0.0000E+00	  0.0000E+00	  0.0000E+00	  0.0000E+00	  0.0000E+00	  0.0000E+00	  0.0000E+00	  0.0000E+00	  0.0000E+00	  0.0000E+00	  0.0000E+00	  0.0000E+00	  0.0000E+00	  0.0000E+00	  0.0000E+00	  0.0000E+00	  0.0000E+00	  0.0000E+00	  0.0000E+00	  0.0000E+00	  0.0000E+00	  0.0000E+00	  0.0000E+00	  0.0000E+00	  0.0000E+00	  0.0000E+00	  0.0000E+00	  0.0000E+00	  0.0000E+00	  0.0000E+00	  0.0000E+00	  0.0000E+00	  0.0000E+00	  0.0000E+00	  0.0000E+00	  0.0000E+00	  0.0000E+00	  0.0000E+00	  0.0000E+00	  0.0000E+00	  0.0000E+00	  0.0000E+00	  0.0000E+00	  0.0000E+00	  0.0000E+00	  0.0000E+00	  0.0000E+00
  0.0000E+00	  0.0000E+00	  0.0000E+00	  0.0000E+00	  0.0000E+00	  0.0000E+00	  0.0000E+00	  0.0000E+00	  0.0000E+00	  0.0000E+00	  0.0000E+00	  0.0000E+00	  0.0000E+00	  0.0000E+00	  0.0000E+00	  0.0000E+00	  0.0000E+00	  0.0000E+00	  0.0000E+00	  0.0000E+00	  0.0000E+00	  0.0000E+00	  0.0000E+00	  0.0000E+00	  0.0000E+00	  0.0000E+00	  0.0000E+00	  0.0000E+00	  0.0000E+00	  0.0000E+00	  0.0000E+00	  0.0000E+00	  0.0000E+00	  0.0000E+00	  0.0000E+00	  0.0000E+00	  0.0000E+00	  0.0000E+00	  0.0000E+00	  0.0000E+00	  0.0000E+00	  0.0000E+00	  0.0000E+00	  0.0000E+00	  0.0000E+00	  0.0000E+00	  0.0000E+00	  0.0000E+00	  0.0000E+00	  0.0000E+00	  0.0000E+00	  0.0000E+00	  0.0000E+00	  0.0000E+00	  0.0000E+00	  0.0000E+00	  0.0000E+00	  0.0000E+00	  0.0000E+00	  0.0000E+00	  0.0000E+00	  0.0000E+00	  0.0000E+00	  0.0000E+00	  0.0000E+00	  0.0000E+00	  0.0000E+00	  0.0000E+00	  0.0000E+00	  0.0000E+00	  0.0000E+00	  0.0000E+00	  0.0000E+00	  0.0000E+00	  0.0000E+00	  0.0000E+00	  0.0000E+00	  0.0000E+00	  0.0000E+00	  0.0000E+00	  0.0000E+00	  0.0000E+00	  0.0000E+00	  0.0000E+00	  0.0000E+00	  0.0000E+00	  0.0000E+00	  0.0000E+00	  0.0000E+00	  0.0000E+00	  0.0000E+00	  0.0000E+00	  0.0000E+00	  0.0000E+00	  0.0000E+00	  0.0000E+00	  0.0000E+00	  0.0000E+00	  0.0000E+00	  0.0000E+00	  0.0000E+00	  0.0000E+00	  0.0000E+00	  0.0000E+00	  0.0000E+00	  0.0000E+00	  0.0000E+00	  0.0000E+00	  0.0000E+00	  0.0000E+00	  0.0000E+00	  0.0000E+00	  0.0000E+00	  0.0000E+00	  0.0000E+00	  0.0000E+00	  0.0000E+00	  0.0000E+00	  0.0000E+00	  0.0000E+00	  0.0000E+00	  0.0000E+00	  0.0000E+00	  0.0000E+00	  0.0000E+00	  0.0000E+00	  0.0000E+00	  0.0000E+00
  0.0000E+00	  0.0000E+00	  0.0000E+00	  0.0000E+00	  0.0000E+00	  0.0000E+00	  0.0000E+00	  0.0000E+00	  0.0000E+00	  0.0000E+00	  0.0000E+00	  0.0000E+00	  0.0000E+00	  0.0000E+00	  0.0000E+00	  0.0000E+00	  0.0000E+00	  0.0000E+00	  0.0000E+00	  0.0000E+00	  0.0000E+00	  0.0000E+00	  0.0000E+00	  0.0000E+00	  0.0000E+00	  0.0000E+00	  0.0000E+00	  0.0000E+00	  0.0000E+00	  0.0000E+00	  0.0000E+00	  0.0000E+00	  0.0000E+00	  0.0000E+00	  0.0000E+00	  0.0000E+00	  0.0000E+00	  0.0000E+00	  0.0000E+00	  0.0000E+00	  0.0000E+00	  0.0000E+00	  0.0000E+00	  0.0000E+00	  0.0000E+00	  0.0000E+00	  0.0000E+00	  0.0000E+00	  0.0000E+00	  0.0000E+00	  0.0000E+00	  0.0000E+00	  0.0000E+00	  0.0000E+00	  0.0000E+00	  0.0000E+00	  0.0000E+00	  0.0000E+00	  0.0000E+00	  0.0000E+00	  0.0000E+00	  0.0000E+00	  0.0000E+00	  0.0000E+00	  0.0000E+00	  0.0000E+00	  0.0000E+00	  0.0000E+00	  0.0000E+00	  0.0000E+00	  0.0000E+00	  0.0000E+00	  0.0000E+00	  0.0000E+00	  0.0000E+00	  0.0000E+00	  0.0000E+00	  0.0000E+00	  0.0000E+00	  0.0000E+00	  0.0000E+00	  0.0000E+00	  0.0000E+00	  0.0000E+00	  0.0000E+00	  0.0000E+00	  0.0000E+00	  0.0000E+00	  0.0000E+00	  0.0000E+00	  0.0000E+00	  0.0000E+00	  0.0000E+00	  0.0000E+00	  0.0000E+00	  0.0000E+00	  0.0000E+00	  0.0000E+00	  0.0000E+00	  0.0000E+00	  0.0000E+00	  0.0000E+00	  0.0000E+00	  0.0000E+00	  0.0000E+00	  0.0000E+00	  0.0000E+00	  0.0000E+00	  0.0000E+00	  0.0000E+00	  0.0000E+00	  0.0000E+00	  0.0000E+00	  0.0000E+00	  0.0000E+00	  0.0000E+00	  0.0000E+00	  0.0000E+00	  0.0000E+00	  0.0000E+00	  0.0000E+00	  0.0000E+00	  0.0000E+00	  0.0000E+00	  0.0000E+00	  0.0000E+00	  0.0000E+00	  0.0000E+00
  0.0000E+00	  0.0000E+00	  0.0000E+00	  0.0000E+00	  0.0000E+00	  0.0000E+00	  0.0000E+00	  0.0000E+00	  0.0000E+00	  0.0000E+00	  0.0000E+00	  0.0000E+00	  0.0000E+00	  0.0000E+00	  0.0000E+00	  0.0000E+00	  0.0000E+00	  0.0000E+00	  0.0000E+00	  0.0000E+00	  0.0000E+00	  0.0000E+00	  0.0000E+00	  0.0000E+00	  0.0000E+00	  0.0000E+00	  0.0000E+00	  0.0000E+00	  0.0000E+00	  0.0000E+00	  0.0000E+00	  0.0000E+00	  0.0000E+00	  0.0000E+00	  0.0000E+00	  0.0000E+00	  0.0000E+00	  0.0000E+00	  0.0000E+00	  0.0000E+00	  0.0000E+00	  0.0000E+00	  0.0000E+00	  0.0000E+00	  0.0000E+00	  0.0000E+00	  0.0000E+00	  0.0000E+00	  0.0000E+00	  0.0000E+00	  0.0000E+00	  0.0000E+00	  0.0000E+00	  0.0000E+00	  0.0000E+00	  0.0000E+00	  0.0000E+00	  0.0000E+00	  0.0000E+00	  0.0000E+00	  0.0000E+00	  0.0000E+00	  0.0000E+00	  0.0000E+00	  0.0000E+00	  0.0000E+00	  0.0000E+00	  0.0000E+00	  0.0000E+00	  0.0000E+00	  0.0000E+00	  0.0000E+00	  0.0000E+00	  0.0000E+00	  0.0000E+00	  0.0000E+00	  0.0000E+00	  0.0000E+00	  0.0000E+00	  0.0000E+00	  0.0000E+00	  0.0000E+00	  0.0000E+00	  0.0000E+00	  0.0000E+00	  0.0000E+00	  0.0000E+00	  0.0000E+00	  0.0000E+00	  0.0000E+00	  0.0000E+00	  0.0000E+00	  0.0000E+00	  0.0000E+00	  0.0000E+00	  0.0000E+00	  0.0000E+00	  0.0000E+00	  0.0000E+00	  0.0000E+00	  0.0000E+00	  0.0000E+00	  0.0000E+00	  0.0000E+00	  0.0000E+00	  0.0000E+00	  0.0000E+00	  0.0000E+00	  0.0000E+00	  0.0000E+00	  0.0000E+00	  0.0000E+00	  0.0000E+00	  0.0000E+00	  0.0000E+00	  0.0000E+00	  0.0000E+00	  0.0000E+00	  0.0000E+00	  0.0000E+00	  0.0000E+00	  0.0000E+00	  0.0000E+00	  0.0000E+00	  0.0000E+00	  0.0000E+00	  0.0000E+00	  0.0000E+00
