Image analysis histogram listing

File : C:\Users\Jason Fucik\OneDrive - California Institute of Technology\zrepo\UVEX\20250326B_UVEX_FULLSYS_DESIGN_SIM.zmx
Title: UVEX Full System
Date : 8/26/2026
Configuration 3 of 3

Consider changing the field type to object height for improved accuracy. See Help Files for more details.
Field Width                    : 1e-06 degrees
Image Width                    : 0.128 Millimeters
Number of pixels               : 128 x 128
Total Weight of Rays Attempted :   1.000825E+06
Total Weight of Rays Passed    :   1.000825E+06
Total Rays Launched            : 1000825
Percent Efficiency             :  100.00 %
Total flux in watts            : 1.000E+00
Units                          : Watts/Millimeters squared

  0.0000E+00	  0.0000E+00	  0.0000E+00	  0.0000E+00	  0.0000E+00	  0.0000E+00	  0.0000E+00	  0.0000E+00	  0.0000E+00	  0.0000E+00	  0.0000E+00	  0.0000E+00	  0.0000E+00	  0.0000E+00	  0.0000E+00	  0.0000E+00	  0.0000E+00	  0.0000E+00	  0.0000E+00	  0.0000E+00	  0.0000E+00	  0.0000E+00	  0.0000E+00	  0.0000E+00	  0.0000E+00	  0.0000E+00	  0.0000E+00	  0.0000E+00	  0.0000E+00	  0.0000E+00	  0.0000E+00	  0.0000E+00	  0.0000E+00	  0.0000E+00	  0.0000E+00	  0.0000E+00	  0.0000E+00	  0.0000E+00	  0.0000E+00	  0.0000E+00	  0.0000E+00	  0.0000E+00	  0.0000E+00	  0.0000E+00	  0.0000E+00	  0.0000E+00	  0.0000E+00	  0.0000E+00	  0.0000E+00	  0.0000E+00	  0.0000E+00	  0.0000E+00	  0.0000E+00	  0.0000E+00	  0.0000E+00	  0.0000E+00	  0.0000E+00	  0.0000E+00	  0.0000E+00	  0.0000E+00	  0.0000E+00	  0.0000E+00	  0.0000E+00	  0.0000E+00	  0.0000E+00	  0.0000E+00	  0.0000E+00	  0.0000E+00	  0.0000E+00	  0.0000E+00	  0.0000E+00	  0.0000E+00	  0.0000E+00	  0.0000E+00	  0.0000E+00	  0.0000E+00	  0.0000E+00	  0.0000E+00	  0.0000E+00	  0.0000E+00	  0.0000E+00	  0.0000E+00	  0.0000E+00	  0.0000E+00	  0.0000E+00	  0.0000E+00	  0.0000E+00	  0.0000E+00	  0.0000E+00	  0.0000E+00	  0.0000E+00	  0.0000E+00	  0.0000E+00	  0.0000E+00	  0.0000E+00	  0.0000E+00	  0.0000E+00	  0.0000E+00	  0.0000E+00	  0.0000E+00	  0.0000E+00	  0.0000E+00	  0.0000E+00	  0.0000E+00	  0.0000E+00	  0.0000E+00	  0.0000E+00	  0.0000E+00	  0.0000E+00	  0.0000E+00	  0.0000E+00	  0.0000E+00	  0.0000E+00	  0.0000E+00	  0.0000E+00	  0.0000E+00	  0.0000E+00	  0.0000E+00	  0.0000E+00	  0.0000E+00	  0.0000E+00	  0.0000E+00	  0.0000E+00	  0.0000E+00	  0.0000E+00	  0.0000E+00	  0.0000E+00	  0.0000E+00
  0.0000E+00	  0.0000E+00	  0.0000E+00	  0.0000E+00	  0.0000E+00	  0.0000E+00	  0.0000E+00	  0.0000E+00	  0.0000E+00	  0.0000E+00	  0.0000E+00	  0.0000E+00	  0.0000E+00	  0.0000E+00	  0.0000E+00	  0.0000E+00	  0.0000E+00	  0.0000E+00	  0.0000E+00	  0.0000E+00	  0.0000E+00	  0.0000E+00	  0.0000E+00	  0.0000E+00	  0.0000E+00	  0.0000E+00	  0.0000E+00	  0.0000E+00	  0.0000E+00	  0.0000E+00	  0.0000E+00	  0.0000E+00	  0.0000E+00	  0.0000E+00	  0.0000E+00	  0.0000E+00	  0.0000E+00	  0.0000E+00	  0.0000E+00	  0.0000E+00	  0.0000E+00	  0.0000E+00	  0.0000E+00	  0.0000E+00	  0.0000E+00	  0.0000E+00	  0.0000E+00	  0.0000E+00	  0.0000E+00	  0.0000E+00	  0.0000E+00	  0.0000E+00	  0.0000E+00	  0.0000E+00	  0.0000E+00	  0.0000E+00	  0.0000E+00	  0.0000E+00	  0.0000E+00	  0.0000E+00	  0.0000E+00	  0.0000E+00	  0.0000E+00	  0.0000E+00	  0.0000E+00	  0.0000E+00	  0.0000E+00	  0.0000E+00	  0.0000E+00	  0.0000E+00	  0.0000E+00	  0.0000E+00	  0.0000E+00	  0.0000E+00	  0.0000E+00	  0.0000E+00	  0.0000E+00	  0.0000E+00	  0.0000E+00	  0.0000E+00	  0.0000E+00	  0.0000E+00	  0.0000E+00	  0.0000E+00	  0.0000E+00	  0.0000E+00	  0.0000E+00	  0.0000E+00	  0.0000E+00	  0.0000E+00	  0.0000E+00	  0.0000E+00	  0.0000E+00	  0.0000E+00	  0.0000E+00	  0.0000E+00	  0.0000E+00	  0.0000E+00	  0.0000E+00	  0.0000E+00	  0.0000E+00	  0.0000E+00	  0.0000E+00	  0.0000E+00	  0.0000E+00	  0.0000E+00	  0.0000E+00	  0.0000E+00	  0.0000E+00	  0.0000E+00	  0.0000E+00	  0.0000E+00	  0.0000E+00	  0.0000E+00	  0.0000E+00	  0.0000E+00	  0.0000E+00	  0.0000E+00	  0.0000E+00	  0.0000E+00	  0.0000E+00	  0.0000E+00	  0.0000E+00	  0.0000E+00	  0.0000E+00	  0.0000E+00	  0.0000E+00	  0.0000E+00
  0.0000E+00	  0.0000E+00	  0.0000E+00	  0.0000E+00	  0.0000E+00	  0.0000E+00	  0.0000E+00	  0.0000E+00	  0.0000E+00	  0.0000E+00	  0.0000E+00	  0.0000E+00	  0.0000E+00	  0.0000E+00	  0.0000E+00	  0.0000E+00	  0.0000E+00	  0.0000E+00	  0.0000E+00	  0.0000E+00	  0.0000E+00	  0.0000E+00	  0.0000E+00	  0.0000E+00	  0.0000E+00	  0.0000E+00	  0.0000E+00	  0.0000E+00	  0.0000E+00	  0.0000E+00	  0.0000E+00	  0.0000E+00	  0.0000E+00	  0.0000E+00	  0.0000E+00	  0.0000E+00	  0.0000E+00	  0.0000E+00	  0.0000E+00	  0.0000E+00	  0.0000E+00	  0.0000E+00	  0.0000E+00	  0.0000E+00	  0.0000E+00	  0.0000E+00	  0.0000E+00	  0.0000E+00	  0.0000E+00	  0.0000E+00	  0.0000E+00	  0.0000E+00	  0.0000E+00	  0.0000E+00	  0.0000E+00	  0.0000E+00	  0.0000E+00	  0.0000E+00	  0.0000E+00	  0.0000E+00	  0.0000E+00	  0.0000E+00	  0.0000E+00	  0.0000E+00	  0.0000E+00	  0.0000E+00	  0.0000E+00	  0.0000E+00	  0.0000E+00	  0.0000E+00	  0.0000E+00	  0.0000E+00	  0.0000E+00	  0.0000E+00	  0.0000E+00	  0.0000E+00	  0.0000E+00	  0.0000E+00	  0.0000E+00	  0.0000E+00	  0.0000E+00	  0.0000E+00	  0.0000E+00	  0.0000E+00	  0.0000E+00	  0.0000E+00	  0.0000E+00	  0.0000E+00	  0.0000E+00	  0.0000E+00	  0.0000E+00	  0.0000E+00	  0.0000E+00	  0.0000E+00	  0.0000E+00	  0.0000E+00	  0.0000E+00	  0.0000E+00	  0.0000E+00	  0.0000E+00	  0.0000E+00	  0.0000E+00	  0.0000E+00	  0.0000E+00	  0.0000E+00	  0.0000E+00	  0.0000E+00	  0.0000E+00	  0.0000E+00	  0.0000E+00	  0.0000E+00	  0.0000E+00	  0.0000E+00	  0.0000E+00	  0.0000E+00	  0.0000E+00	  0.0000E+00	  0.0000E+00	  0.0000E+00	  0.0000E+00	  0.0000E+00	  0.0000E+00	  0.0000E+00	  0.0000E+00	  0.0000E+00	  0.0000E+00	  0.0000E+00	  0.0000E+00
  0.0000E+00	  0.0000E+00	  0.0000E+00	  0.0000E+00	  0.0000E+00	  0.0000E+00	  0.0000E+00	  0.0000E+00	  0.0000E+00	  0.0000E+00	  0.0000E+00	  0.0000E+00	  0.0000E+00	  0.0000E+00	  0.0000E+00	  0.0000E+00	  0.0000E+00	  0.0000E+00	  0.0000E+00	  0.0000E+00	  0.0000E+00	  0.0000E+00	  0.0000E+00	  0.0000E+00	  0.0000E+00	  0.0000E+00	  0.0000E+00	  0.0000E+00	  0.0000E+00	  0.0000E+00	  0.0000E+00	  0.0000E+00	  0.0000E+00	  0.0000E+00	  0.0000E+00	  0.0000E+00	  0.0000E+00	  0.0000E+00	  0.0000E+00	  0.0000E+00	  0.0000E+00	  0.0000E+00	  0.0000E+00	  0.0000E+00	  0.0000E+00	  0.0000E+00	  0.0000E+00	  0.0000E+00	  0.0000E+00	  0.0000E+00	  0.0000E+00	  0.0000E+00	  0.0000E+00	  0.0000E+00	  0.0000E+00	  0.0000E+00	  0.0000E+00	  0.0000E+00	  0.0000E+00	  0.0000E+00	  0.0000E+00	  0.0000E+00	  0.0000E+00	  0.0000E+00	  0.0000E+00	  0.0000E+00	  0.0000E+00	  0.0000E+00	  0.0000E+00	  0.0000E+00	  0.0000E+00	  0.0000E+00	  0.0000E+00	  0.0000E+00	  0.0000E+00	  0.0000E+00	  0.0000E+00	  0.0000E+00	  0.0000E+00	  0.0000E+00	  0.0000E+00	  0.0000E+00	  0.0000E+00	  0.0000E+00	  0.0000E+00	  0.0000E+00	  0.0000E+00	  0.0000E+00	  0.0000E+00	  0.0000E+00	  0.0000E+00	  0.0000E+00	  0.0000E+00	  0.0000E+00	  0.0000E+00	  0.0000E+00	  0.0000E+00	  0.0000E+00	  0.0000E+00	  0.0000E+00	  0.0000E+00	  0.0000E+00	  0.0000E+00	  0.0000E+00	  0.0000E+00	  0.0000E+00	  0.0000E+00	  0.0000E+00	  0.0000E+00	  0.0000E+00	  0.0000E+00	  0.0000E+00	  0.0000E+00	  0.0000E+00	  0.0000E+00	  0.0000E+00	  0.0000E+00	  0.0000E+00	  0.0000E+00	  0.0000E+00	  0.0000E+00	  0.0000E+00	  0.0000E+00	  0.0000E+00	  0.0000E+00	  0.0000E+00	  0.0000E+00	  0.0000E+00
  0.0000E+00	  0.0000E+00	  0.0000E+00	  0.0000E+00	  0.0000E+00	  0.0000E+00	  0.0000E+00	  0.0000E+00	  0.0000E+00	  0.0000E+00	  0.0000E+00	  0.0000E+00	  0.0000E+00	  0.0000E+00	  0.0000E+00	  0.0000E+00	  0.0000E+00	  0.0000E+00	  0.0000E+00	  0.0000E+00	  0.0000E+00	  0.0000E+00	  0.0000E+00	  0.0000E+00	  0.0000E+00	  0.0000E+00	  0.0000E+00	  0.0000E+00	  0.0000E+00	  0.0000E+00	  0.0000E+00	  0.0000E+00	  0.0000E+00	  0.0000E+00	  0.0000E+00	  0.0000E+00	  0.0000E+00	  0.0000E+00	  0.0000E+00	  0.0000E+00	  0.0000E+00	  0.0000E+00	  0.0000E+00	  0.0000E+00	  0.0000E+00	  0.0000E+00	  0.0000E+00	  0.0000E+00	  0.0000E+00	  0.0000E+00	  0.0000E+00	  0.0000E+00	  0.0000E+00	  0.0000E+00	  0.0000E+00	  0.0000E+00	  0.0000E+00	  0.0000E+00	  0.0000E+00	  0.0000E+00	  0.0000E+00	  0.0000E+00	  0.0000E+00	  0.0000E+00	  0.0000E+00	  0.0000E+00	  0.0000E+00	  0.0000E+00	  0.0000E+00	  0.0000E+00	  0.0000E+00	  0.0000E+00	  0.0000E+00	  0.0000E+00	  0.0000E+00	  0.0000E+00	  0.0000E+00	  0.0000E+00	  0.0000E+00	  0.0000E+00	  0.0000E+00	  0.0000E+00	  0.0000E+00	  0.0000E+00	  0.0000E+00	  0.0000E+00	  0.0000E+00	  0.0000E+00	  0.0000E+00	  0.0000E+00	  0.0000E+00	  0.0000E+00	  0.0000E+00	  0.0000E+00	  0.0000E+00	  0.0000E+00	  0.0000E+00	  0.0000E+00	  0.0000E+00	  0.0000E+00	  0.0000E+00	  0.0000E+00	  0.0000E+00	  0.0000E+00	  0.0000E+00	  0.0000E+00	  0.0000E+00	  0.0000E+00	  0.0000E+00	  0.0000E+00	  0.0000E+00	  0.0000E+00	  0.0000E+00	  0.0000E+00	  0.0000E+00	  0.0000E+00	  0.0000E+00	  0.0000E+00	  0.0000E+00	  0.0000E+00	  0.0000E+00	  0.0000E+00	  0.0000E+00	  0.0000E+00	  0.0000E+00	  0.0000E+00	  0.0000E+00	  0.0000E+00
  0.0000E+00	  0.0000E+00	  0.0000E+00	  0.0000E+00	  0.0000E+00	  0.0000E+00	  0.0000E+00	  0.0000E+00	  0.0000E+00	  0.0000E+00	  0.0000E+00	  0.0000E+00	  0.0000E+00	  0.0000E+00	  0.0000E+00	  0.0000E+00	  0.0000E+00	  0.0000E+00	  0.0000E+00	  0.0000E+00	  0.0000E+00	  0.0000E+00	  0.0000E+00	  0.0000E+00	  0.0000E+00	  0.0000E+00	  0.0000E+00	  0.0000E+00	  0.0000E+00	  0.0000E+00	  0.0000E+00	  0.0000E+00	  0.0000E+00	  0.0000E+00	  0.0000E+00	  0.0000E+00	  0.0000E+00	  0.0000E+00	  0.0000E+00	  0.0000E+00	  0.0000E+00	  0.0000E+00	  0.0000E+00	  0.0000E+00	  0.0000E+00	  0.0000E+00	  0.0000E+00	  0.0000E+00	  0.0000E+00	  0.0000E+00	  0.0000E+00	  0.0000E+00	  0.0000E+00	  0.0000E+00	  0.0000E+00	  0.0000E+00	  0.0000E+00	  0.0000E+00	  0.0000E+00	  0.0000E+00	  0.0000E+00	  0.0000E+00	  0.0000E+00	  0.0000E+00	  0.0000E+00	  0.0000E+00	  0.0000E+00	  0.0000E+00	  0.0000E+00	  0.0000E+00	  0.0000E+00	  0.0000E+00	  0.0000E+00	  0.0000E+00	  0.0000E+00	  0.0000E+00	  0.0000E+00	  0.0000E+00	  0.0000E+00	  0.0000E+00	  0.0000E+00	  0.0000E+00	  0.0000E+00	  0.0000E+00	  0.0000E+00	  0.0000E+00	  0.0000E+00	  0.0000E+00	  0.0000E+00	  0.0000E+00	  0.0000E+00	  0.0000E+00	  0.0000E+00	  0.0000E+00	  0.0000E+00	  0.0000E+00	  0.0000E+00	  0.0000E+00	  0.0000E+00	  0.0000E+00	  0.0000E+00	  0.0000E+00	  0.0000E+00	  0.0000E+00	  0.0000E+00	  0.0000E+00	  0.0000E+00	  0.0000E+00	  0.0000E+00	  0.0000E+00	  0.0000E+00	  0.0000E+00	  0.0000E+00	  0.0000E+00	  0.0000E+00	  0.0000E+00	  0.0000E+00	  0.0000E+00	  0.0000E+00	  0.0000E+00	  0.0000E+00	  0.0000E+00	  0.0000E+00	  0.0000E+00	  0.0000E+00	  0.0000E+00	  0.0000E+00	  0.0000E+00
  0.0000E+00	  0.0000E+00	  0.0000E+00	  0.0000E+00	  0.0000E+00	  0.0000E+00	  0.0000E+00	  0.0000E+00	  0.0000E+00	  0.0000E+00	  0.0000E+00	  0.0000E+00	  0.0000E+00	  0.0000E+00	  0.0000E+00	  0.0000E+00	  0.0000E+00	  0.0000E+00	  0.0000E+00	  0.0000E+00	  0.0000E+00	  0.0000E+00	  0.0000E+00	  0.0000E+00	  0.0000E+00	  0.0000E+00	  0.0000E+00	  0.0000E+00	  0.0000E+00	  0.0000E+00	  0.0000E+00	  0.0000E+00	  0.0000E+00	  0.0000E+00	  0.0000E+00	  0.0000E+00	  0.0000E+00	  0.0000E+00	  0.0000E+00	  0.0000E+00	  0.0000E+00	  0.0000E+00	  0.0000E+00	  0.0000E+00	  0.0000E+00	  0.0000E+00	  0.0000E+00	  0.0000E+00	  0.0000E+00	  0.0000E+00	  0.0000E+00	  0.0000E+00	  0.0000E+00	  0.0000E+00	  0.0000E+00	  0.0000E+00	  0.0000E+00	  0.0000E+00	  0.0000E+00	  0.0000E+00	  0.0000E+00	  0.0000E+00	  0.0000E+00	  0.0000E+00	  0.0000E+00	  0.0000E+00	  0.0000E+00	  0.0000E+00	  0.0000E+00	  0.0000E+00	  0.0000E+00	  0.0000E+00	  0.0000E+00	  0.0000E+00	  0.0000E+00	  0.0000E+00	  0.0000E+00	  0.0000E+00	  0.0000E+00	  0.0000E+00	  0.0000E+00	  0.0000E+00	  0.0000E+00	  0.0000E+00	  0.0000E+00	  0.0000E+00	  0.0000E+00	  0.0000E+00	  0.0000E+00	  0.0000E+00	  0.0000E+00	  0.0000E+00	  0.0000E+00	  0.0000E+00	  0.0000E+00	  0.0000E+00	  0.0000E+00	  0.0000E+00	  0.0000E+00	  0.0000E+00	  0.0000E+00	  0.0000E+00	  0.0000E+00	  0.0000E+00	  0.0000E+00	  0.0000E+00	  0.0000E+00	  0.0000E+00	  0.0000E+00	  0.0000E+00	  0.0000E+00	  0.0000E+00	  0.0000E+00	  0.0000E+00	  0.0000E+00	  0.0000E+00	  0.0000E+00	  0.0000E+00	  0.0000E+00	  0.0000E+00	  0.0000E+00	  0.0000E+00	  0.0000E+00	  0.0000E+00	  0.0000E+00	  0.0000E+00	  0.0000E+00	  0.0000E+00
  0.0000E+00	  0.0000E+00	  0.0000E+00	  0.0000E+00	  0.0000E+00	  0.0000E+00	  0.0000E+00	  0.0000E+00	  0.0000E+00	  0.0000E+00	  0.0000E+00	  0.0000E+00	  0.0000E+00	  0.0000E+00	  0.0000E+00	  0.0000E+00	  0.0000E+00	  0.0000E+00	  0.0000E+00	  0.0000E+00	  0.0000E+00	  0.0000E+00	  0.0000E+00	  0.0000E+00	  0.0000E+00	  0.0000E+00	  0.0000E+00	  0.0000E+00	  0.0000E+00	  0.0000E+00	  0.0000E+00	  0.0000E+00	  0.0000E+00	  0.0000E+00	  0.0000E+00	  0.0000E+00	  0.0000E+00	  0.0000E+00	  0.0000E+00	  0.0000E+00	  0.0000E+00	  0.0000E+00	  0.0000E+00	  0.0000E+00	  0.0000E+00	  0.0000E+00	  0.0000E+00	  0.0000E+00	  0.0000E+00	  0.0000E+00	  0.0000E+00	  0.0000E+00	  0.0000E+00	  0.0000E+00	  0.0000E+00	  0.0000E+00	  0.0000E+00	  0.0000E+00	  0.0000E+00	  0.0000E+00	  0.0000E+00	  0.0000E+00	  0.0000E+00	  0.0000E+00	  0.0000E+00	  0.0000E+00	  0.0000E+00	  0.0000E+00	  0.0000E+00	  0.0000E+00	  0.0000E+00	  0.0000E+00	  0.0000E+00	  0.0000E+00	  0.0000E+00	  0.0000E+00	  0.0000E+00	  0.0000E+00	  0.0000E+00	  0.0000E+00	  0.0000E+00	  0.0000E+00	  0.0000E+00	  0.0000E+00	  0.0000E+00	  0.0000E+00	  0.0000E+00	  0.0000E+00	  0.0000E+00	  0.0000E+00	  0.0000E+00	  0.0000E+00	  0.0000E+00	  0.0000E+00	  0.0000E+00	  0.0000E+00	  0.0000E+00	  0.0000E+00	  0.0000E+00	  0.0000E+00	  0.0000E+00	  0.0000E+00	  0.0000E+00	  0.0000E+00	  0.0000E+00	  0.0000E+00	  0.0000E+00	  0.0000E+00	  0.0000E+00	  0.0000E+00	  0.0000E+00	  0.0000E+00	  0.0000E+00	  0.0000E+00	  0.0000E+00	  0.0000E+00	  0.0000E+00	  0.0000E+00	  0.0000E+00	  0.0000E+00	  0.0000E+00	  0.0000E+00	  0.0000E+00	  0.0000E+00	  0.0000E+00	  0.0000E+00	  0.0000E+00	  0.0000E+00
  0.0000E+00	  0.0000E+00	  0.0000E+00	  0.0000E+00	  0.0000E+00	  0.0000E+00	  0.0000E+00	  0.0000E+00	  0.0000E+00	  0.0000E+00	  0.0000E+00	  0.0000E+00	  0.0000E+00	  0.0000E+00	  0.0000E+00	  0.0000E+00	  0.0000E+00	  0.0000E+00	  0.0000E+00	  0.0000E+00	  0.0000E+00	  0.0000E+00	  0.0000E+00	  0.0000E+00	  0.0000E+00	  0.0000E+00	  0.0000E+00	  0.0000E+00	  0.0000E+00	  0.0000E+00	  0.0000E+00	  0.0000E+00	  0.0000E+00	  0.0000E+00	  0.0000E+00	  0.0000E+00	  0.0000E+00	  0.0000E+00	  0.0000E+00	  0.0000E+00	  0.0000E+00	  0.0000E+00	  0.0000E+00	  0.0000E+00	  0.0000E+00	  0.0000E+00	  0.0000E+00	  0.0000E+00	  0.0000E+00	  0.0000E+00	  0.0000E+00	  0.0000E+00	  0.0000E+00	  0.0000E+00	  0.0000E+00	  0.0000E+00	  0.0000E+00	  0.0000E+00	  0.0000E+00	  0.0000E+00	  0.0000E+00	  0.0000E+00	  0.0000E+00	  0.0000E+00	  0.0000E+00	  0.0000E+00	  0.0000E+00	  0.0000E+00	  0.0000E+00	  0.0000E+00	  0.0000E+00	  0.0000E+00	  0.0000E+00	  0.0000E+00	  0.0000E+00	  0.0000E+00	  0.0000E+00	  0.0000E+00	  0.0000E+00	  0.0000E+00	  0.0000E+00	  0.0000E+00	  0.0000E+00	  0.0000E+00	  0.0000E+00	  0.0000E+00	  0.0000E+00	  0.0000E+00	  0.0000E+00	  0.0000E+00	  0.0000E+00	  0.0000E+00	  0.0000E+00	  0.0000E+00	  0.0000E+00	  0.0000E+00	  0.0000E+00	  0.0000E+00	  0.0000E+00	  0.0000E+00	  0.0000E+00	  0.0000E+00	  0.0000E+00	  0.0000E+00	  0.0000E+00	  0.0000E+00	  0.0000E+00	  0.0000E+00	  0.0000E+00	  0.0000E+00	  0.0000E+00	  0.0000E+00	  0.0000E+00	  0.0000E+00	  0.0000E+00	  0.0000E+00	  0.0000E+00	  0.0000E+00	  0.0000E+00	  0.0000E+00	  0.0000E+00	  0.0000E+00	  0.0000E+00	  0.0000E+00	  0.0000E+00	  0.0000E+00	  0.0000E+00	  0.0000E+00
  0.0000E+00	  0.0000E+00	  0.0000E+00	  0.0000E+00	  0.0000E+00	  0.0000E+00	  0.0000E+00	  0.0000E+00	  0.0000E+00	  0.0000E+00	  0.0000E+00	  0.0000E+00	  0.0000E+00	  0.0000E+00	  0.0000E+00	  0.0000E+00	  0.0000E+00	  0.0000E+00	  0.0000E+00	  0.0000E+00	  0.0000E+00	  0.0000E+00	  0.0000E+00	  0.0000E+00	  0.0000E+00	  0.0000E+00	  0.0000E+00	  0.0000E+00	  0.0000E+00	  0.0000E+00	  0.0000E+00	  0.0000E+00	  0.0000E+00	  0.0000E+00	  0.0000E+00	  0.0000E+00	  0.0000E+00	  0.0000E+00	  0.0000E+00	  0.0000E+00	  0.0000E+00	  0.0000E+00	  0.0000E+00	  0.0000E+00	  0.0000E+00	  0.0000E+00	  0.0000E+00	  0.0000E+00	  0.0000E+00	  0.0000E+00	  0.0000E+00	  0.0000E+00	  0.0000E+00	  0.0000E+00	  0.0000E+00	  0.0000E+00	  0.0000E+00	  0.0000E+00	  0.0000E+00	  0.0000E+00	  0.0000E+00	  0.0000E+00	  0.0000E+00	  0.0000E+00	  0.0000E+00	  0.0000E+00	  0.0000E+00	  0.0000E+00	  0.0000E+00	  0.0000E+00	  0.0000E+00	  0.0000E+00	  0.0000E+00	  0.0000E+00	  0.0000E+00	  0.0000E+00	  0.0000E+00	  0.0000E+00	  0.0000E+00	  0.0000E+00	  0.0000E+00	  0.0000E+00	  0.0000E+00	  0.0000E+00	  0.0000E+00	  0.0000E+00	  0.0000E+00	  0.0000E+00	  0.0000E+00	  0.0000E+00	  0.0000E+00	  0.0000E+00	  0.0000E+00	  0.0000E+00	  0.0000E+00	  0.0000E+00	  0.0000E+00	  0.0000E+00	  0.0000E+00	  0.0000E+00	  0.0000E+00	  0.0000E+00	  0.0000E+00	  0.0000E+00	  0.0000E+00	  0.0000E+00	  0.0000E+00	  0.0000E+00	  0.0000E+00	  0.0000E+00	  0.0000E+00	  0.0000E+00	  0.0000E+00	  0.0000E+00	  0.0000E+00	  0.0000E+00	  0.0000E+00	  0.0000E+00	  0.0000E+00	  0.0000E+00	  0.0000E+00	  0.0000E+00	  0.0000E+00	  0.0000E+00	  0.0000E+00	  0.0000E+00	  0.0000E+00	  0.0000E+00
  0.0000E+00	  0.0000E+00	  0.0000E+00	  0.0000E+00	  0.0000E+00	  0.0000E+00	  0.0000E+00	  0.0000E+00	  0.0000E+00	  0.0000E+00	  0.0000E+00	  0.0000E+00	  0.0000E+00	  0.0000E+00	  0.0000E+00	  0.0000E+00	  0.0000E+00	  0.0000E+00	  0.0000E+00	  0.0000E+00	  0.0000E+00	  0.0000E+00	  0.0000E+00	  0.0000E+00	  0.0000E+00	  0.0000E+00	  0.0000E+00	  0.0000E+00	  0.0000E+00	  0.0000E+00	  0.0000E+00	  0.0000E+00	  0.0000E+00	  0.0000E+00	  0.0000E+00	  0.0000E+00	  0.0000E+00	  0.0000E+00	  0.0000E+00	  0.0000E+00	  0.0000E+00	  0.0000E+00	  0.0000E+00	  0.0000E+00	  0.0000E+00	  0.0000E+00	  0.0000E+00	  0.0000E+00	  0.0000E+00	  0.0000E+00	  0.0000E+00	  0.0000E+00	  0.0000E+00	  0.0000E+00	  0.0000E+00	  0.0000E+00	  0.0000E+00	  0.0000E+00	  0.0000E+00	  0.0000E+00	  0.0000E+00	  0.0000E+00	  0.0000E+00	  0.0000E+00	  0.0000E+00	  0.0000E+00	  0.0000E+00	  0.0000E+00	  0.0000E+00	  0.0000E+00	  0.0000E+00	  0.0000E+00	  0.0000E+00	  0.0000E+00	  0.0000E+00	  0.0000E+00	  0.0000E+00	  0.0000E+00	  0.0000E+00	  0.0000E+00	  0.0000E+00	  0.0000E+00	  0.0000E+00	  0.0000E+00	  0.0000E+00	  0.0000E+00	  0.0000E+00	  0.0000E+00	  0.0000E+00	  0.0000E+00	  0.0000E+00	  0.0000E+00	  0.0000E+00	  0.0000E+00	  0.0000E+00	  0.0000E+00	  0.0000E+00	  0.0000E+00	  0.0000E+00	  0.0000E+00	  0.0000E+00	  0.0000E+00	  0.0000E+00	  0.0000E+00	  0.0000E+00	  0.0000E+00	  0.0000E+00	  0.0000E+00	  0.0000E+00	  0.0000E+00	  0.0000E+00	  0.0000E+00	  0.0000E+00	  0.0000E+00	  0.0000E+00	  0.0000E+00	  0.0000E+00	  0.0000E+00	  0.0000E+00	  0.0000E+00	  0.0000E+00	  0.0000E+00	  0.0000E+00	  0.0000E+00	  0.0000E+00	  0.0000E+00	  0.0000E+00	  0.0000E+00
  0.0000E+00	  0.0000E+00	  0.0000E+00	  0.0000E+00	  0.0000E+00	  0.0000E+00	  0.0000E+00	  0.0000E+00	  0.0000E+00	  0.0000E+00	  0.0000E+00	  0.0000E+00	  0.0000E+00	  0.0000E+00	  0.0000E+00	  0.0000E+00	  0.0000E+00	  0.0000E+00	  0.0000E+00	  0.0000E+00	  0.0000E+00	  0.0000E+00	  0.0000E+00	  0.0000E+00	  0.0000E+00	  0.0000E+00	  0.0000E+00	  0.0000E+00	  0.0000E+00	  0.0000E+00	  0.0000E+00	  0.0000E+00	  0.0000E+00	  0.0000E+00	  0.0000E+00	  0.0000E+00	  0.0000E+00	  0.0000E+00	  0.0000E+00	  0.0000E+00	  0.0000E+00	  0.0000E+00	  0.0000E+00	  0.0000E+00	  0.0000E+00	  0.0000E+00	  0.0000E+00	  0.0000E+00	  0.0000E+00	  0.0000E+00	  0.0000E+00	  0.0000E+00	  0.0000E+00	  0.0000E+00	  0.0000E+00	  0.0000E+00	  0.0000E+00	  0.0000E+00	  0.0000E+00	  0.0000E+00	  0.0000E+00	  0.0000E+00	  0.0000E+00	  0.0000E+00	  0.0000E+00	  0.0000E+00	  0.0000E+00	  0.0000E+00	  0.0000E+00	  0.0000E+00	  0.0000E+00	  0.0000E+00	  0.0000E+00	  0.0000E+00	  0.0000E+00	  0.0000E+00	  0.0000E+00	  0.0000E+00	  0.0000E+00	  0.0000E+00	  0.0000E+00	  0.0000E+00	  0.0000E+00	  0.0000E+00	  0.0000E+00	  0.0000E+00	  0.0000E+00	  0.0000E+00	  0.0000E+00	  0.0000E+00	  0.0000E+00	  0.0000E+00	  0.0000E+00	  0.0000E+00	  0.0000E+00	  0.0000E+00	  0.0000E+00	  0.0000E+00	  0.0000E+00	  0.0000E+00	  0.0000E+00	  0.0000E+00	  0.0000E+00	  0.0000E+00	  0.0000E+00	  0.0000E+00	  0.0000E+00	  0.0000E+00	  0.0000E+00	  0.0000E+00	  0.0000E+00	  0.0000E+00	  0.0000E+00	  0.0000E+00	  0.0000E+00	  0.0000E+00	  0.0000E+00	  0.0000E+00	  0.0000E+00	  0.0000E+00	  0.0000E+00	  0.0000E+00	  0.0000E+00	  0.0000E+00	  0.0000E+00	  0.0000E+00	  0.0000E+00	  0.0000E+00
  0.0000E+00	  0.0000E+00	  0.0000E+00	  0.0000E+00	  0.0000E+00	  0.0000E+00	  0.0000E+00	  0.0000E+00	  0.0000E+00	  0.0000E+00	  0.0000E+00	  0.0000E+00	  0.0000E+00	  0.0000E+00	  0.0000E+00	  0.0000E+00	  0.0000E+00	  0.0000E+00	  0.0000E+00	  0.0000E+00	  0.0000E+00	  0.0000E+00	  0.0000E+00	  0.0000E+00	  0.0000E+00	  0.0000E+00	  0.0000E+00	  0.0000E+00	  0.0000E+00	  0.0000E+00	  0.0000E+00	  0.0000E+00	  0.0000E+00	  0.0000E+00	  0.0000E+00	  0.0000E+00	  0.0000E+00	  0.0000E+00	  0.0000E+00	  0.0000E+00	  0.0000E+00	  0.0000E+00	  0.0000E+00	  0.0000E+00	  0.0000E+00	  0.0000E+00	  0.0000E+00	  0.0000E+00	  0.0000E+00	  0.0000E+00	  0.0000E+00	  0.0000E+00	  0.0000E+00	  0.0000E+00	  0.0000E+00	  0.0000E+00	  0.0000E+00	  0.0000E+00	  0.0000E+00	  0.0000E+00	  0.0000E+00	  0.0000E+00	  0.0000E+00	  0.0000E+00	  0.0000E+00	  0.0000E+00	  0.0000E+00	  0.0000E+00	  0.0000E+00	  0.0000E+00	  0.0000E+00	  0.0000E+00	  0.0000E+00	  0.0000E+00	  0.0000E+00	  0.0000E+00	  0.0000E+00	  0.0000E+00	  0.0000E+00	  0.0000E+00	  0.0000E+00	  0.0000E+00	  0.0000E+00	  0.0000E+00	  0.0000E+00	  0.0000E+00	  0.0000E+00	  0.0000E+00	  0.0000E+00	  0.0000E+00	  0.0000E+00	  0.0000E+00	  0.0000E+00	  0.0000E+00	  0.0000E+00	  0.0000E+00	  0.0000E+00	  0.0000E+00	  0.0000E+00	  0.0000E+00	  0.0000E+00	  0.0000E+00	  0.0000E+00	  0.0000E+00	  0.0000E+00	  0.0000E+00	  0.0000E+00	  0.0000E+00	  0.0000E+00	  0.0000E+00	  0.0000E+00	  0.0000E+00	  0.0000E+00	  0.0000E+00	  0.0000E+00	  0.0000E+00	  0.0000E+00	  0.0000E+00	  0.0000E+00	  0.0000E+00	  0.0000E+00	  0.0000E+00	  0.0000E+00	  0.0000E+00	  0.0000E+00	  0.0000E+00	  0.0000E+00	  0.0000E+00
  0.0000E+00	  0.0000E+00	  0.0000E+00	  0.0000E+00	  0.0000E+00	  0.0000E+00	  0.0000E+00	  0.0000E+00	  0.0000E+00	  0.0000E+00	  0.0000E+00	  0.0000E+00	  0.0000E+00	  0.0000E+00	  0.0000E+00	  0.0000E+00	  0.0000E+00	  0.0000E+00	  0.0000E+00	  0.0000E+00	  0.0000E+00	  0.0000E+00	  0.0000E+00	  0.0000E+00	  0.0000E+00	  0.0000E+00	  0.0000E+00	  0.0000E+00	  0.0000E+00	  0.0000E+00	  0.0000E+00	  0.0000E+00	  0.0000E+00	  0.0000E+00	  0.0000E+00	  0.0000E+00	  0.0000E+00	  0.0000E+00	  0.0000E+00	  0.0000E+00	  0.0000E+00	  0.0000E+00	  0.0000E+00	  0.0000E+00	  0.0000E+00	  0.0000E+00	  0.0000E+00	  0.0000E+00	  0.0000E+00	  0.0000E+00	  0.0000E+00	  0.0000E+00	  0.0000E+00	  0.0000E+00	  0.0000E+00	  0.0000E+00	  0.0000E+00	  0.0000E+00	  0.0000E+00	  0.0000E+00	  0.0000E+00	  0.0000E+00	  0.0000E+00	  0.0000E+00	  0.0000E+00	  0.0000E+00	  0.0000E+00	  0.0000E+00	  0.0000E+00	  0.0000E+00	  0.0000E+00	  0.0000E+00	  0.0000E+00	  0.0000E+00	  0.0000E+00	  0.0000E+00	  0.0000E+00	  0.0000E+00	  0.0000E+00	  0.0000E+00	  0.0000E+00	  0.0000E+00	  0.0000E+00	  0.0000E+00	  0.0000E+00	  0.0000E+00	  0.0000E+00	  0.0000E+00	  0.0000E+00	  0.0000E+00	  0.0000E+00	  0.0000E+00	  0.0000E+00	  0.0000E+00	  0.0000E+00	  0.0000E+00	  0.0000E+00	  0.0000E+00	  0.0000E+00	  0.0000E+00	  0.0000E+00	  0.0000E+00	  0.0000E+00	  0.0000E+00	  0.0000E+00	  0.0000E+00	  0.0000E+00	  0.0000E+00	  0.0000E+00	  0.0000E+00	  0.0000E+00	  0.0000E+00	  0.0000E+00	  0.0000E+00	  0.0000E+00	  0.0000E+00	  0.0000E+00	  0.0000E+00	  0.0000E+00	  0.0000E+00	  0.0000E+00	  0.0000E+00	  0.0000E+00	  0.0000E+00	  0.0000E+00	  0.0000E+00	  0.0000E+00	  0.0000E+00
  0.0000E+00	  0.0000E+00	  0.0000E+00	  0.0000E+00	  0.0000E+00	  0.0000E+00	  0.0000E+00	  0.0000E+00	  0.0000E+00	  0.0000E+00	  0.0000E+00	  0.0000E+00	  0.0000E+00	  0.0000E+00	  0.0000E+00	  0.0000E+00	  0.0000E+00	  0.0000E+00	  0.0000E+00	  0.0000E+00	  0.0000E+00	  0.0000E+00	  0.0000E+00	  0.0000E+00	  0.0000E+00	  0.0000E+00	  0.0000E+00	  0.0000E+00	  0.0000E+00	  0.0000E+00	  0.0000E+00	  0.0000E+00	  0.0000E+00	  0.0000E+00	  0.0000E+00	  0.0000E+00	  0.0000E+00	  0.0000E+00	  0.0000E+00	  0.0000E+00	  0.0000E+00	  0.0000E+00	  0.0000E+00	  0.0000E+00	  0.0000E+00	  0.0000E+00	  0.0000E+00	  0.0000E+00	  0.0000E+00	  0.0000E+00	  0.0000E+00	  0.0000E+00	  0.0000E+00	  0.0000E+00	  0.0000E+00	  0.0000E+00	  0.0000E+00	  0.0000E+00	  0.0000E+00	  0.0000E+00	  0.0000E+00	  0.0000E+00	  0.0000E+00	  0.0000E+00	  0.0000E+00	  0.0000E+00	  0.0000E+00	  0.0000E+00	  0.0000E+00	  0.0000E+00	  0.0000E+00	  0.0000E+00	  0.0000E+00	  0.0000E+00	  0.0000E+00	  0.0000E+00	  0.0000E+00	  0.0000E+00	  0.0000E+00	  0.0000E+00	  0.0000E+00	  0.0000E+00	  0.0000E+00	  0.0000E+00	  0.0000E+00	  0.0000E+00	  0.0000E+00	  0.0000E+00	  0.0000E+00	  0.0000E+00	  0.0000E+00	  0.0000E+00	  0.0000E+00	  0.0000E+00	  0.0000E+00	  0.0000E+00	  0.0000E+00	  0.0000E+00	  0.0000E+00	  0.0000E+00	  0.0000E+00	  0.0000E+00	  0.0000E+00	  0.0000E+00	  0.0000E+00	  0.0000E+00	  0.0000E+00	  0.0000E+00	  0.0000E+00	  0.0000E+00	  0.0000E+00	  0.0000E+00	  0.0000E+00	  0.0000E+00	  0.0000E+00	  0.0000E+00	  0.0000E+00	  0.0000E+00	  0.0000E+00	  0.0000E+00	  0.0000E+00	  0.0000E+00	  0.0000E+00	  0.0000E+00	  0.0000E+00	  0.0000E+00	  0.0000E+00	  0.0000E+00
  0.0000E+00	  0.0000E+00	  0.0000E+00	  0.0000E+00	  0.0000E+00	  0.0000E+00	  0.0000E+00	  0.0000E+00	  0.0000E+00	  0.0000E+00	  0.0000E+00	  0.0000E+00	  0.0000E+00	  0.0000E+00	  0.0000E+00	  0.0000E+00	  0.0000E+00	  0.0000E+00	  0.0000E+00	  0.0000E+00	  0.0000E+00	  0.0000E+00	  0.0000E+00	  0.0000E+00	  0.0000E+00	  0.0000E+00	  0.0000E+00	  0.0000E+00	  0.0000E+00	  0.0000E+00	  0.0000E+00	  0.0000E+00	  0.0000E+00	  0.0000E+00	  0.0000E+00	  0.0000E+00	  0.0000E+00	  0.0000E+00	  0.0000E+00	  0.0000E+00	  0.0000E+00	  0.0000E+00	  0.0000E+00	  0.0000E+00	  0.0000E+00	  0.0000E+00	  0.0000E+00	  0.0000E+00	  0.0000E+00	  0.0000E+00	  0.0000E+00	  0.0000E+00	  0.0000E+00	  0.0000E+00	  0.0000E+00	  0.0000E+00	  0.0000E+00	  0.0000E+00	  0.0000E+00	  0.0000E+00	  0.0000E+00	  0.0000E+00	  0.0000E+00	  0.0000E+00	  0.0000E+00	  0.0000E+00	  0.0000E+00	  0.0000E+00	  0.0000E+00	  0.0000E+00	  0.0000E+00	  0.0000E+00	  0.0000E+00	  0.0000E+00	  0.0000E+00	  0.0000E+00	  0.0000E+00	  0.0000E+00	  0.0000E+00	  0.0000E+00	  0.0000E+00	  0.0000E+00	  0.0000E+00	  0.0000E+00	  0.0000E+00	  0.0000E+00	  0.0000E+00	  0.0000E+00	  0.0000E+00	  0.0000E+00	  0.0000E+00	  0.0000E+00	  0.0000E+00	  0.0000E+00	  0.0000E+00	  0.0000E+00	  0.0000E+00	  0.0000E+00	  0.0000E+00	  0.0000E+00	  0.0000E+00	  0.0000E+00	  0.0000E+00	  0.0000E+00	  0.0000E+00	  0.0000E+00	  0.0000E+00	  0.0000E+00	  0.0000E+00	  0.0000E+00	  0.0000E+00	  0.0000E+00	  0.0000E+00	  0.0000E+00	  0.0000E+00	  0.0000E+00	  0.0000E+00	  0.0000E+00	  0.0000E+00	  0.0000E+00	  0.0000E+00	  0.0000E+00	  0.0000E+00	  0.0000E+00	  0.0000E+00	  0.0000E+00	  0.0000E+00	  0.0000E+00
  0.0000E+00	  0.0000E+00	  0.0000E+00	  0.0000E+00	  0.0000E+00	  0.0000E+00	  0.0000E+00	  0.0000E+00	  0.0000E+00	  0.0000E+00	  0.0000E+00	  0.0000E+00	  0.0000E+00	  0.0000E+00	  0.0000E+00	  0.0000E+00	  0.0000E+00	  0.0000E+00	  0.0000E+00	  0.0000E+00	  0.0000E+00	  0.0000E+00	  0.0000E+00	  0.0000E+00	  0.0000E+00	  0.0000E+00	  0.0000E+00	  0.0000E+00	  0.0000E+00	  0.0000E+00	  0.0000E+00	  0.0000E+00	  0.0000E+00	  0.0000E+00	  0.0000E+00	  0.0000E+00	  0.0000E+00	  0.0000E+00	  0.0000E+00	  0.0000E+00	  0.0000E+00	  0.0000E+00	  0.0000E+00	  0.0000E+00	  0.0000E+00	  0.0000E+00	  0.0000E+00	  0.0000E+00	  0.0000E+00	  0.0000E+00	  0.0000E+00	  0.0000E+00	  0.0000E+00	  0.0000E+00	  0.0000E+00	  0.0000E+00	  0.0000E+00	  0.0000E+00	  0.0000E+00	  0.0000E+00	  0.0000E+00	  0.0000E+00	  0.0000E+00	  0.0000E+00	  0.0000E+00	  0.0000E+00	  0.0000E+00	  0.0000E+00	  0.0000E+00	  0.0000E+00	  0.0000E+00	  0.0000E+00	  0.0000E+00	  0.0000E+00	  0.0000E+00	  0.0000E+00	  0.0000E+00	  0.0000E+00	  0.0000E+00	  0.0000E+00	  0.0000E+00	  0.0000E+00	  0.0000E+00	  0.0000E+00	  0.0000E+00	  0.0000E+00	  0.0000E+00	  0.0000E+00	  0.0000E+00	  0.0000E+00	  0.0000E+00	  0.0000E+00	  0.0000E+00	  0.0000E+00	  0.0000E+00	  0.0000E+00	  0.0000E+00	  0.0000E+00	  0.0000E+00	  0.0000E+00	  0.0000E+00	  0.0000E+00	  0.0000E+00	  0.0000E+00	  0.0000E+00	  0.0000E+00	  0.0000E+00	  0.0000E+00	  0.0000E+00	  0.0000E+00	  0.0000E+00	  0.0000E+00	  0.0000E+00	  0.0000E+00	  0.0000E+00	  0.0000E+00	  0.0000E+00	  0.0000E+00	  0.0000E+00	  0.0000E+00	  0.0000E+00	  0.0000E+00	  0.0000E+00	  0.0000E+00	  0.0000E+00	  0.0000E+00	  0.0000E+00	  0.0000E+00
  0.0000E+00	  0.0000E+00	  0.0000E+00	  0.0000E+00	  0.0000E+00	  0.0000E+00	  0.0000E+00	  0.0000E+00	  0.0000E+00	  0.0000E+00	  0.0000E+00	  0.0000E+00	  0.0000E+00	  0.0000E+00	  0.0000E+00	  0.0000E+00	  0.0000E+00	  0.0000E+00	  0.0000E+00	  0.0000E+00	  0.0000E+00	  0.0000E+00	  0.0000E+00	  0.0000E+00	  0.0000E+00	  0.0000E+00	  0.0000E+00	  0.0000E+00	  0.0000E+00	  0.0000E+00	  0.0000E+00	  0.0000E+00	  0.0000E+00	  0.0000E+00	  0.0000E+00	  0.0000E+00	  0.0000E+00	  0.0000E+00	  0.0000E+00	  0.0000E+00	  0.0000E+00	  0.0000E+00	  0.0000E+00	  0.0000E+00	  0.0000E+00	  0.0000E+00	  0.0000E+00	  0.0000E+00	  0.0000E+00	  0.0000E+00	  0.0000E+00	  0.0000E+00	  0.0000E+00	  0.0000E+00	  0.0000E+00	  0.0000E+00	  0.0000E+00	  0.0000E+00	  0.0000E+00	  0.0000E+00	  0.0000E+00	  0.0000E+00	  0.0000E+00	  0.0000E+00	  0.0000E+00	  0.0000E+00	  0.0000E+00	  0.0000E+00	  0.0000E+00	  0.0000E+00	  0.0000E+00	  0.0000E+00	  0.0000E+00	  0.0000E+00	  0.0000E+00	  0.0000E+00	  0.0000E+00	  0.0000E+00	  0.0000E+00	  0.0000E+00	  0.0000E+00	  0.0000E+00	  0.0000E+00	  0.0000E+00	  0.0000E+00	  0.0000E+00	  0.0000E+00	  0.0000E+00	  0.0000E+00	  0.0000E+00	  0.0000E+00	  0.0000E+00	  0.0000E+00	  0.0000E+00	  0.0000E+00	  0.0000E+00	  0.0000E+00	  0.0000E+00	  0.0000E+00	  0.0000E+00	  0.0000E+00	  0.0000E+00	  0.0000E+00	  0.0000E+00	  0.0000E+00	  0.0000E+00	  0.0000E+00	  0.0000E+00	  0.0000E+00	  0.0000E+00	  0.0000E+00	  0.0000E+00	  0.0000E+00	  0.0000E+00	  0.0000E+00	  0.0000E+00	  0.0000E+00	  0.0000E+00	  0.0000E+00	  0.0000E+00	  0.0000E+00	  0.0000E+00	  0.0000E+00	  0.0000E+00	  0.0000E+00	  0.0000E+00	  0.0000E+00	  0.0000E+00
  0.0000E+00	  0.0000E+00	  0.0000E+00	  0.0000E+00	  0.0000E+00	  0.0000E+00	  0.0000E+00	  0.0000E+00	  0.0000E+00	  0.0000E+00	  0.0000E+00	  0.0000E+00	  0.0000E+00	  0.0000E+00	  0.0000E+00	  0.0000E+00	  0.0000E+00	  0.0000E+00	  0.0000E+00	  0.0000E+00	  0.0000E+00	  0.0000E+00	  0.0000E+00	  0.0000E+00	  0.0000E+00	  0.0000E+00	  0.0000E+00	  0.0000E+00	  0.0000E+00	  0.0000E+00	  0.0000E+00	  0.0000E+00	  0.0000E+00	  0.0000E+00	  0.0000E+00	  0.0000E+00	  0.0000E+00	  0.0000E+00	  0.0000E+00	  0.0000E+00	  0.0000E+00	  0.0000E+00	  0.0000E+00	  0.0000E+00	  0.0000E+00	  0.0000E+00	  0.0000E+00	  0.0000E+00	  0.0000E+00	  0.0000E+00	  0.0000E+00	  0.0000E+00	  0.0000E+00	  0.0000E+00	  0.0000E+00	  0.0000E+00	  0.0000E+00	  0.0000E+00	  0.0000E+00	  0.0000E+00	  0.0000E+00	  0.0000E+00	  0.0000E+00	  0.0000E+00	  0.0000E+00	  0.0000E+00	  0.0000E+00	  0.0000E+00	  0.0000E+00	  0.0000E+00	  0.0000E+00	  0.0000E+00	  0.0000E+00	  0.0000E+00	  0.0000E+00	  0.0000E+00	  0.0000E+00	  0.0000E+00	  0.0000E+00	  0.0000E+00	  0.0000E+00	  0.0000E+00	  0.0000E+00	  0.0000E+00	  0.0000E+00	  0.0000E+00	  0.0000E+00	  0.0000E+00	  0.0000E+00	  0.0000E+00	  0.0000E+00	  0.0000E+00	  0.0000E+00	  0.0000E+00	  0.0000E+00	  0.0000E+00	  0.0000E+00	  0.0000E+00	  0.0000E+00	  0.0000E+00	  0.0000E+00	  0.0000E+00	  0.0000E+00	  0.0000E+00	  0.0000E+00	  0.0000E+00	  0.0000E+00	  0.0000E+00	  0.0000E+00	  0.0000E+00	  0.0000E+00	  0.0000E+00	  0.0000E+00	  0.0000E+00	  0.0000E+00	  0.0000E+00	  0.0000E+00	  0.0000E+00	  0.0000E+00	  0.0000E+00	  0.0000E+00	  0.0000E+00	  0.0000E+00	  0.0000E+00	  0.0000E+00	  0.0000E+00	  0.0000E+00	  0.0000E+00
  0.0000E+00	  0.0000E+00	  0.0000E+00	  0.0000E+00	  0.0000E+00	  0.0000E+00	  0.0000E+00	  0.0000E+00	  0.0000E+00	  0.0000E+00	  0.0000E+00	  0.0000E+00	  0.0000E+00	  0.0000E+00	  0.0000E+00	  0.0000E+00	  0.0000E+00	  0.0000E+00	  0.0000E+00	  0.0000E+00	  0.0000E+00	  0.0000E+00	  0.0000E+00	  0.0000E+00	  0.0000E+00	  0.0000E+00	  0.0000E+00	  0.0000E+00	  0.0000E+00	  0.0000E+00	  0.0000E+00	  0.0000E+00	  0.0000E+00	  0.0000E+00	  0.0000E+00	  0.0000E+00	  0.0000E+00	  0.0000E+00	  0.0000E+00	  0.0000E+00	  0.0000E+00	  0.0000E+00	  0.0000E+00	  0.0000E+00	  0.0000E+00	  0.0000E+00	  0.0000E+00	  0.0000E+00	  0.0000E+00	  0.0000E+00	  0.0000E+00	  0.0000E+00	  0.0000E+00	  0.0000E+00	  0.0000E+00	  0.0000E+00	  0.0000E+00	  0.0000E+00	  0.0000E+00	  0.0000E+00	  0.0000E+00	  0.0000E+00	  0.0000E+00	  0.0000E+00	  0.0000E+00	  0.0000E+00	  0.0000E+00	  0.0000E+00	  0.0000E+00	  0.0000E+00	  0.0000E+00	  0.0000E+00	  0.0000E+00	  0.0000E+00	  0.0000E+00	  0.0000E+00	  0.0000E+00	  0.0000E+00	  0.0000E+00	  0.0000E+00	  0.0000E+00	  0.0000E+00	  0.0000E+00	  0.0000E+00	  0.0000E+00	  0.0000E+00	  0.0000E+00	  0.0000E+00	  0.0000E+00	  0.0000E+00	  0.0000E+00	  0.0000E+00	  0.0000E+00	  0.0000E+00	  0.0000E+00	  0.0000E+00	  0.0000E+00	  0.0000E+00	  0.0000E+00	  0.0000E+00	  0.0000E+00	  0.0000E+00	  0.0000E+00	  0.0000E+00	  0.0000E+00	  0.0000E+00	  0.0000E+00	  0.0000E+00	  0.0000E+00	  0.0000E+00	  0.0000E+00	  0.0000E+00	  0.0000E+00	  0.0000E+00	  0.0000E+00	  0.0000E+00	  0.0000E+00	  0.0000E+00	  0.0000E+00	  0.0000E+00	  0.0000E+00	  0.0000E+00	  0.0000E+00	  0.0000E+00	  0.0000E+00	  0.0000E+00	  0.0000E+00	  0.0000E+00
  0.0000E+00	  0.0000E+00	  0.0000E+00	  0.0000E+00	  0.0000E+00	  0.0000E+00	  0.0000E+00	  0.0000E+00	  0.0000E+00	  0.0000E+00	  0.0000E+00	  0.0000E+00	  0.0000E+00	  0.0000E+00	  0.0000E+00	  0.0000E+00	  0.0000E+00	  0.0000E+00	  0.0000E+00	  0.0000E+00	  0.0000E+00	  0.0000E+00	  0.0000E+00	  0.0000E+00	  0.0000E+00	  0.0000E+00	  0.0000E+00	  0.0000E+00	  0.0000E+00	  0.0000E+00	  0.0000E+00	  0.0000E+00	  0.0000E+00	  0.0000E+00	  0.0000E+00	  0.0000E+00	  0.0000E+00	  0.0000E+00	  0.0000E+00	  0.0000E+00	  0.0000E+00	  0.0000E+00	  0.0000E+00	  0.0000E+00	  0.0000E+00	  0.0000E+00	  0.0000E+00	  0.0000E+00	  0.0000E+00	  0.0000E+00	  0.0000E+00	  0.0000E+00	  0.0000E+00	  0.0000E+00	  0.0000E+00	  0.0000E+00	  0.0000E+00	  0.0000E+00	  0.0000E+00	  0.0000E+00	  0.0000E+00	  0.0000E+00	  0.0000E+00	  0.0000E+00	  0.0000E+00	  0.0000E+00	  0.0000E+00	  0.0000E+00	  0.0000E+00	  0.0000E+00	  0.0000E+00	  0.0000E+00	  0.0000E+00	  0.0000E+00	  0.0000E+00	  0.0000E+00	  0.0000E+00	  0.0000E+00	  0.0000E+00	  0.0000E+00	  0.0000E+00	  0.0000E+00	  0.0000E+00	  0.0000E+00	  0.0000E+00	  0.0000E+00	  0.0000E+00	  0.0000E+00	  0.0000E+00	  0.0000E+00	  0.0000E+00	  0.0000E+00	  0.0000E+00	  0.0000E+00	  0.0000E+00	  0.0000E+00	  0.0000E+00	  0.0000E+00	  0.0000E+00	  0.0000E+00	  0.0000E+00	  0.0000E+00	  0.0000E+00	  0.0000E+00	  0.0000E+00	  0.0000E+00	  0.0000E+00	  0.0000E+00	  0.0000E+00	  0.0000E+00	  0.0000E+00	  0.0000E+00	  0.0000E+00	  0.0000E+00	  0.0000E+00	  0.0000E+00	  0.0000E+00	  0.0000E+00	  0.0000E+00	  0.0000E+00	  0.0000E+00	  0.0000E+00	  0.0000E+00	  0.0000E+00	  0.0000E+00	  0.0000E+00	  0.0000E+00	  0.0000E+00
  0.0000E+00	  0.0000E+00	  0.0000E+00	  0.0000E+00	  0.0000E+00	  0.0000E+00	  0.0000E+00	  0.0000E+00	  0.0000E+00	  0.0000E+00	  0.0000E+00	  0.0000E+00	  0.0000E+00	  0.0000E+00	  0.0000E+00	  0.0000E+00	  0.0000E+00	  0.0000E+00	  0.0000E+00	  0.0000E+00	  0.0000E+00	  0.0000E+00	  0.0000E+00	  0.0000E+00	  0.0000E+00	  0.0000E+00	  0.0000E+00	  0.0000E+00	  0.0000E+00	  0.0000E+00	  0.0000E+00	  0.0000E+00	  0.0000E+00	  0.0000E+00	  0.0000E+00	  0.0000E+00	  0.0000E+00	  0.0000E+00	  0.0000E+00	  0.0000E+00	  0.0000E+00	  0.0000E+00	  0.0000E+00	  0.0000E+00	  0.0000E+00	  0.0000E+00	  0.0000E+00	  0.0000E+00	  0.0000E+00	  0.0000E+00	  0.0000E+00	  0.0000E+00	  0.0000E+00	  0.0000E+00	  0.0000E+00	  0.0000E+00	  0.0000E+00	  0.0000E+00	  0.0000E+00	  0.0000E+00	  0.0000E+00	  0.0000E+00	  0.0000E+00	  0.0000E+00	  0.0000E+00	  0.0000E+00	  0.0000E+00	  0.0000E+00	  0.0000E+00	  0.0000E+00	  0.0000E+00	  0.0000E+00	  0.0000E+00	  0.0000E+00	  0.0000E+00	  0.0000E+00	  0.0000E+00	  0.0000E+00	  0.0000E+00	  0.0000E+00	  0.0000E+00	  0.0000E+00	  0.0000E+00	  0.0000E+00	  0.0000E+00	  0.0000E+00	  0.0000E+00	  0.0000E+00	  0.0000E+00	  0.0000E+00	  0.0000E+00	  0.0000E+00	  0.0000E+00	  0.0000E+00	  0.0000E+00	  0.0000E+00	  0.0000E+00	  0.0000E+00	  0.0000E+00	  0.0000E+00	  0.0000E+00	  0.0000E+00	  0.0000E+00	  0.0000E+00	  0.0000E+00	  0.0000E+00	  0.0000E+00	  0.0000E+00	  0.0000E+00	  0.0000E+00	  0.0000E+00	  0.0000E+00	  0.0000E+00	  0.0000E+00	  0.0000E+00	  0.0000E+00	  0.0000E+00	  0.0000E+00	  0.0000E+00	  0.0000E+00	  0.0000E+00	  0.0000E+00	  0.0000E+00	  0.0000E+00	  0.0000E+00	  0.0000E+00	  0.0000E+00	  0.0000E+00
  0.0000E+00	  0.0000E+00	  0.0000E+00	  0.0000E+00	  0.0000E+00	  0.0000E+00	  0.0000E+00	  0.0000E+00	  0.0000E+00	  0.0000E+00	  0.0000E+00	  0.0000E+00	  0.0000E+00	  0.0000E+00	  0.0000E+00	  0.0000E+00	  0.0000E+00	  0.0000E+00	  0.0000E+00	  0.0000E+00	  0.0000E+00	  0.0000E+00	  0.0000E+00	  0.0000E+00	  0.0000E+00	  0.0000E+00	  0.0000E+00	  0.0000E+00	  0.0000E+00	  0.0000E+00	  0.0000E+00	  0.0000E+00	  0.0000E+00	  0.0000E+00	  0.0000E+00	  0.0000E+00	  0.0000E+00	  0.0000E+00	  0.0000E+00	  0.0000E+00	  0.0000E+00	  0.0000E+00	  0.0000E+00	  0.0000E+00	  0.0000E+00	  0.0000E+00	  0.0000E+00	  0.0000E+00	  0.0000E+00	  0.0000E+00	  0.0000E+00	  0.0000E+00	  0.0000E+00	  0.0000E+00	  0.0000E+00	  0.0000E+00	  0.0000E+00	  0.0000E+00	  0.0000E+00	  0.0000E+00	  0.0000E+00	  0.0000E+00	  0.0000E+00	  0.0000E+00	  0.0000E+00	  0.0000E+00	  0.0000E+00	  0.0000E+00	  0.0000E+00	  0.0000E+00	  0.0000E+00	  0.0000E+00	  0.0000E+00	  0.0000E+00	  0.0000E+00	  0.0000E+00	  0.0000E+00	  0.0000E+00	  0.0000E+00	  0.0000E+00	  0.0000E+00	  0.0000E+00	  0.0000E+00	  0.0000E+00	  0.0000E+00	  0.0000E+00	  0.0000E+00	  0.0000E+00	  0.0000E+00	  0.0000E+00	  0.0000E+00	  0.0000E+00	  0.0000E+00	  0.0000E+00	  0.0000E+00	  0.0000E+00	  0.0000E+00	  0.0000E+00	  0.0000E+00	  0.0000E+00	  0.0000E+00	  0.0000E+00	  0.0000E+00	  0.0000E+00	  0.0000E+00	  0.0000E+00	  0.0000E+00	  0.0000E+00	  0.0000E+00	  0.0000E+00	  0.0000E+00	  0.0000E+00	  0.0000E+00	  0.0000E+00	  0.0000E+00	  0.0000E+00	  0.0000E+00	  0.0000E+00	  0.0000E+00	  0.0000E+00	  0.0000E+00	  0.0000E+00	  0.0000E+00	  0.0000E+00	  0.0000E+00	  0.0000E+00	  0.0000E+00	  0.0000E+00
  0.0000E+00	  0.0000E+00	  0.0000E+00	  0.0000E+00	  0.0000E+00	  0.0000E+00	  0.0000E+00	  0.0000E+00	  0.0000E+00	  0.0000E+00	  0.0000E+00	  0.0000E+00	  0.0000E+00	  0.0000E+00	  0.0000E+00	  0.0000E+00	  0.0000E+00	  0.0000E+00	  0.0000E+00	  0.0000E+00	  0.0000E+00	  0.0000E+00	  0.0000E+00	  0.0000E+00	  0.0000E+00	  0.0000E+00	  0.0000E+00	  0.0000E+00	  0.0000E+00	  0.0000E+00	  0.0000E+00	  0.0000E+00	  0.0000E+00	  0.0000E+00	  0.0000E+00	  0.0000E+00	  0.0000E+00	  0.0000E+00	  0.0000E+00	  0.0000E+00	  0.0000E+00	  0.0000E+00	  0.0000E+00	  0.0000E+00	  0.0000E+00	  0.0000E+00	  0.0000E+00	  0.0000E+00	  0.0000E+00	  0.0000E+00	  0.0000E+00	  0.0000E+00	  0.0000E+00	  0.0000E+00	  0.0000E+00	  0.0000E+00	  0.0000E+00	  0.0000E+00	  0.0000E+00	  0.0000E+00	  0.0000E+00	  0.0000E+00	  0.0000E+00	  0.0000E+00	  0.0000E+00	  0.0000E+00	  0.0000E+00	  0.0000E+00	  0.0000E+00	  0.0000E+00	  0.0000E+00	  0.0000E+00	  0.0000E+00	  0.0000E+00	  0.0000E+00	  0.0000E+00	  0.0000E+00	  0.0000E+00	  0.0000E+00	  0.0000E+00	  0.0000E+00	  0.0000E+00	  0.0000E+00	  0.0000E+00	  0.0000E+00	  0.0000E+00	  0.0000E+00	  0.0000E+00	  0.0000E+00	  0.0000E+00	  0.0000E+00	  0.0000E+00	  0.0000E+00	  0.0000E+00	  0.0000E+00	  0.0000E+00	  0.0000E+00	  0.0000E+00	  0.0000E+00	  0.0000E+00	  0.0000E+00	  0.0000E+00	  0.0000E+00	  0.0000E+00	  0.0000E+00	  0.0000E+00	  0.0000E+00	  0.0000E+00	  0.0000E+00	  0.0000E+00	  0.0000E+00	  0.0000E+00	  0.0000E+00	  0.0000E+00	  0.0000E+00	  0.0000E+00	  0.0000E+00	  0.0000E+00	  0.0000E+00	  0.0000E+00	  0.0000E+00	  0.0000E+00	  0.0000E+00	  0.0000E+00	  0.0000E+00	  0.0000E+00	  0.0000E+00	  0.0000E+00
  0.0000E+00	  0.0000E+00	  0.0000E+00	  0.0000E+00	  0.0000E+00	  0.0000E+00	  0.0000E+00	  0.0000E+00	  0.0000E+00	  0.0000E+00	  0.0000E+00	  0.0000E+00	  0.0000E+00	  0.0000E+00	  0.0000E+00	  0.0000E+00	  0.0000E+00	  0.0000E+00	  0.0000E+00	  0.0000E+00	  0.0000E+00	  0.0000E+00	  0.0000E+00	  0.0000E+00	  0.0000E+00	  0.0000E+00	  0.0000E+00	  0.0000E+00	  0.0000E+00	  0.0000E+00	  0.0000E+00	  0.0000E+00	  0.0000E+00	  0.0000E+00	  0.0000E+00	  0.0000E+00	  0.0000E+00	  0.0000E+00	  0.0000E+00	  0.0000E+00	  0.0000E+00	  0.0000E+00	  0.0000E+00	  0.0000E+00	  0.0000E+00	  0.0000E+00	  0.0000E+00	  0.0000E+00	  0.0000E+00	  0.0000E+00	  0.0000E+00	  0.0000E+00	  0.0000E+00	  0.0000E+00	  0.0000E+00	  0.0000E+00	  0.0000E+00	  0.0000E+00	  0.0000E+00	  0.0000E+00	  0.0000E+00	  0.0000E+00	  0.0000E+00	  0.0000E+00	  0.0000E+00	  0.0000E+00	  0.0000E+00	  0.0000E+00	  0.0000E+00	  0.0000E+00	  0.0000E+00	  0.0000E+00	  0.0000E+00	  0.0000E+00	  0.0000E+00	  0.0000E+00	  0.0000E+00	  0.0000E+00	  0.0000E+00	  0.0000E+00	  0.0000E+00	  0.0000E+00	  0.0000E+00	  0.0000E+00	  0.0000E+00	  0.0000E+00	  0.0000E+00	  0.0000E+00	  0.0000E+00	  0.0000E+00	  0.0000E+00	  0.0000E+00	  0.0000E+00	  0.0000E+00	  0.0000E+00	  0.0000E+00	  0.0000E+00	  0.0000E+00	  0.0000E+00	  0.0000E+00	  0.0000E+00	  0.0000E+00	  0.0000E+00	  0.0000E+00	  0.0000E+00	  0.0000E+00	  0.0000E+00	  0.0000E+00	  0.0000E+00	  0.0000E+00	  0.0000E+00	  0.0000E+00	  0.0000E+00	  0.0000E+00	  0.0000E+00	  0.0000E+00	  0.0000E+00	  0.0000E+00	  0.0000E+00	  0.0000E+00	  0.0000E+00	  0.0000E+00	  0.0000E+00	  0.0000E+00	  0.0000E+00	  0.0000E+00	  0.0000E+00	  0.0000E+00
  0.0000E+00	  0.0000E+00	  0.0000E+00	  0.0000E+00	  0.0000E+00	  0.0000E+00	  0.0000E+00	  0.0000E+00	  0.0000E+00	  0.0000E+00	  0.0000E+00	  0.0000E+00	  0.0000E+00	  0.0000E+00	  0.0000E+00	  0.0000E+00	  0.0000E+00	  0.0000E+00	  0.0000E+00	  0.0000E+00	  0.0000E+00	  0.0000E+00	  0.0000E+00	  0.0000E+00	  0.0000E+00	  0.0000E+00	  0.0000E+00	  0.0000E+00	  0.0000E+00	  0.0000E+00	  0.0000E+00	  0.0000E+00	  0.0000E+00	  0.0000E+00	  0.0000E+00	  0.0000E+00	  0.0000E+00	  0.0000E+00	  0.0000E+00	  0.0000E+00	  0.0000E+00	  0.0000E+00	  0.0000E+00	  0.0000E+00	  0.0000E+00	  0.0000E+00	  0.0000E+00	  0.0000E+00	  0.0000E+00	  0.0000E+00	  0.0000E+00	  0.0000E+00	  0.0000E+00	  0.0000E+00	  0.0000E+00	  0.0000E+00	  0.0000E+00	  0.0000E+00	  0.0000E+00	  0.0000E+00	  0.0000E+00	  0.0000E+00	  0.0000E+00	  0.0000E+00	  0.0000E+00	  0.0000E+00	  0.0000E+00	  0.0000E+00	  0.0000E+00	  0.0000E+00	  0.0000E+00	  0.0000E+00	  0.0000E+00	  0.0000E+00	  0.0000E+00	  0.0000E+00	  0.0000E+00	  0.0000E+00	  0.0000E+00	  0.0000E+00	  0.0000E+00	  0.0000E+00	  0.0000E+00	  0.0000E+00	  0.0000E+00	  0.0000E+00	  0.0000E+00	  0.0000E+00	  0.0000E+00	  0.0000E+00	  0.0000E+00	  0.0000E+00	  0.0000E+00	  0.0000E+00	  0.0000E+00	  0.0000E+00	  0.0000E+00	  0.0000E+00	  0.0000E+00	  0.0000E+00	  0.0000E+00	  0.0000E+00	  0.0000E+00	  0.0000E+00	  0.0000E+00	  0.0000E+00	  0.0000E+00	  0.0000E+00	  0.0000E+00	  0.0000E+00	  0.0000E+00	  0.0000E+00	  0.0000E+00	  0.0000E+00	  0.0000E+00	  0.0000E+00	  0.0000E+00	  0.0000E+00	  0.0000E+00	  0.0000E+00	  0.0000E+00	  0.0000E+00	  0.0000E+00	  0.0000E+00	  0.0000E+00	  0.0000E+00	  0.0000E+00	  0.0000E+00
  0.0000E+00	  0.0000E+00	  0.0000E+00	  0.0000E+00	  0.0000E+00	  0.0000E+00	  0.0000E+00	  0.0000E+00	  0.0000E+00	  0.0000E+00	  0.0000E+00	  0.0000E+00	  0.0000E+00	  0.0000E+00	  0.0000E+00	  0.0000E+00	  0.0000E+00	  0.0000E+00	  0.0000E+00	  0.0000E+00	  0.0000E+00	  0.0000E+00	  0.0000E+00	  0.0000E+00	  0.0000E+00	  0.0000E+00	  0.0000E+00	  0.0000E+00	  0.0000E+00	  0.0000E+00	  0.0000E+00	  0.0000E+00	  0.0000E+00	  0.0000E+00	  0.0000E+00	  0.0000E+00	  0.0000E+00	  0.0000E+00	  0.0000E+00	  0.0000E+00	  0.0000E+00	  0.0000E+00	  0.0000E+00	  0.0000E+00	  0.0000E+00	  0.0000E+00	  0.0000E+00	  0.0000E+00	  0.0000E+00	  0.0000E+00	  0.0000E+00	  0.0000E+00	  0.0000E+00	  0.0000E+00	  0.0000E+00	  0.0000E+00	  0.0000E+00	  0.0000E+00	  0.0000E+00	  0.0000E+00	  0.0000E+00	  0.0000E+00	  0.0000E+00	  0.0000E+00	  0.0000E+00	  0.0000E+00	  0.0000E+00	  0.0000E+00	  0.0000E+00	  0.0000E+00	  0.0000E+00	  0.0000E+00	  0.0000E+00	  0.0000E+00	  0.0000E+00	  0.0000E+00	  0.0000E+00	  0.0000E+00	  0.0000E+00	  0.0000E+00	  0.0000E+00	  0.0000E+00	  0.0000E+00	  0.0000E+00	  0.0000E+00	  0.0000E+00	  0.0000E+00	  0.0000E+00	  0.0000E+00	  0.0000E+00	  0.0000E+00	  0.0000E+00	  0.0000E+00	  0.0000E+00	  0.0000E+00	  0.0000E+00	  0.0000E+00	  0.0000E+00	  0.0000E+00	  0.0000E+00	  0.0000E+00	  0.0000E+00	  0.0000E+00	  0.0000E+00	  0.0000E+00	  0.0000E+00	  0.0000E+00	  0.0000E+00	  0.0000E+00	  0.0000E+00	  0.0000E+00	  0.0000E+00	  0.0000E+00	  0.0000E+00	  0.0000E+00	  0.0000E+00	  0.0000E+00	  0.0000E+00	  0.0000E+00	  0.0000E+00	  0.0000E+00	  0.0000E+00	  0.0000E+00	  0.0000E+00	  0.0000E+00	  0.0000E+00	  0.0000E+00	  0.0000E+00
  0.0000E+00	  0.0000E+00	  0.0000E+00	  0.0000E+00	  0.0000E+00	  0.0000E+00	  0.0000E+00	  0.0000E+00	  0.0000E+00	  0.0000E+00	  0.0000E+00	  0.0000E+00	  0.0000E+00	  0.0000E+00	  0.0000E+00	  0.0000E+00	  0.0000E+00	  0.0000E+00	  0.0000E+00	  0.0000E+00	  0.0000E+00	  0.0000E+00	  0.0000E+00	  0.0000E+00	  0.0000E+00	  0.0000E+00	  0.0000E+00	  0.0000E+00	  0.0000E+00	  0.0000E+00	  0.0000E+00	  0.0000E+00	  0.0000E+00	  0.0000E+00	  0.0000E+00	  0.0000E+00	  0.0000E+00	  0.0000E+00	  0.0000E+00	  0.0000E+00	  0.0000E+00	  0.0000E+00	  0.0000E+00	  0.0000E+00	  0.0000E+00	  0.0000E+00	  0.0000E+00	  0.0000E+00	  0.0000E+00	  0.0000E+00	  0.0000E+00	  0.0000E+00	  0.0000E+00	  0.0000E+00	  0.0000E+00	  0.0000E+00	  0.0000E+00	  0.0000E+00	  0.0000E+00	  0.0000E+00	  0.0000E+00	  0.0000E+00	  0.0000E+00	  0.0000E+00	  0.0000E+00	  0.0000E+00	  0.0000E+00	  0.0000E+00	  0.0000E+00	  0.0000E+00	  0.0000E+00	  0.0000E+00	  0.0000E+00	  0.0000E+00	  0.0000E+00	  0.0000E+00	  0.0000E+00	  0.0000E+00	  0.0000E+00	  0.0000E+00	  0.0000E+00	  0.0000E+00	  0.0000E+00	  0.0000E+00	  0.0000E+00	  0.0000E+00	  0.0000E+00	  0.0000E+00	  0.0000E+00	  0.0000E+00	  0.0000E+00	  0.0000E+00	  0.0000E+00	  0.0000E+00	  0.0000E+00	  0.0000E+00	  0.0000E+00	  0.0000E+00	  0.0000E+00	  0.0000E+00	  0.0000E+00	  0.0000E+00	  0.0000E+00	  0.0000E+00	  0.0000E+00	  0.0000E+00	  0.0000E+00	  0.0000E+00	  0.0000E+00	  0.0000E+00	  0.0000E+00	  0.0000E+00	  0.0000E+00	  0.0000E+00	  0.0000E+00	  0.0000E+00	  0.0000E+00	  0.0000E+00	  0.0000E+00	  0.0000E+00	  0.0000E+00	  0.0000E+00	  0.0000E+00	  0.0000E+00	  0.0000E+00	  0.0000E+00	  0.0000E+00	  0.0000E+00
  0.0000E+00	  0.0000E+00	  0.0000E+00	  0.0000E+00	  0.0000E+00	  0.0000E+00	  0.0000E+00	  0.0000E+00	  0.0000E+00	  0.0000E+00	  0.0000E+00	  0.0000E+00	  0.0000E+00	  0.0000E+00	  0.0000E+00	  0.0000E+00	  0.0000E+00	  0.0000E+00	  0.0000E+00	  0.0000E+00	  0.0000E+00	  0.0000E+00	  0.0000E+00	  0.0000E+00	  0.0000E+00	  0.0000E+00	  0.0000E+00	  0.0000E+00	  0.0000E+00	  0.0000E+00	  0.0000E+00	  0.0000E+00	  0.0000E+00	  0.0000E+00	  0.0000E+00	  0.0000E+00	  0.0000E+00	  0.0000E+00	  0.0000E+00	  0.0000E+00	  0.0000E+00	  0.0000E+00	  0.0000E+00	  0.0000E+00	  0.0000E+00	  0.0000E+00	  0.0000E+00	  0.0000E+00	  0.0000E+00	  0.0000E+00	  0.0000E+00	  0.0000E+00	  0.0000E+00	  0.0000E+00	  0.0000E+00	  0.0000E+00	  0.0000E+00	  0.0000E+00	  0.0000E+00	  0.0000E+00	  0.0000E+00	  0.0000E+00	  0.0000E+00	  0.0000E+00	  0.0000E+00	  0.0000E+00	  0.0000E+00	  0.0000E+00	  0.0000E+00	  0.0000E+00	  0.0000E+00	  0.0000E+00	  0.0000E+00	  0.0000E+00	  0.0000E+00	  0.0000E+00	  0.0000E+00	  0.0000E+00	  0.0000E+00	  0.0000E+00	  0.0000E+00	  0.0000E+00	  0.0000E+00	  0.0000E+00	  0.0000E+00	  0.0000E+00	  0.0000E+00	  0.0000E+00	  0.0000E+00	  0.0000E+00	  0.0000E+00	  0.0000E+00	  0.0000E+00	  0.0000E+00	  0.0000E+00	  0.0000E+00	  0.0000E+00	  0.0000E+00	  0.0000E+00	  0.0000E+00	  0.0000E+00	  0.0000E+00	  0.0000E+00	  0.0000E+00	  0.0000E+00	  0.0000E+00	  0.0000E+00	  0.0000E+00	  0.0000E+00	  0.0000E+00	  0.0000E+00	  0.0000E+00	  0.0000E+00	  0.0000E+00	  0.0000E+00	  0.0000E+00	  0.0000E+00	  0.0000E+00	  0.0000E+00	  0.0000E+00	  0.0000E+00	  0.0000E+00	  0.0000E+00	  0.0000E+00	  0.0000E+00	  0.0000E+00	  0.0000E+00	  0.0000E+00
  0.0000E+00	  0.0000E+00	  0.0000E+00	  0.0000E+00	  0.0000E+00	  0.0000E+00	  0.0000E+00	  0.0000E+00	  0.0000E+00	  0.0000E+00	  0.0000E+00	  0.0000E+00	  0.0000E+00	  0.0000E+00	  0.0000E+00	  0.0000E+00	  0.0000E+00	  0.0000E+00	  0.0000E+00	  0.0000E+00	  0.0000E+00	  0.0000E+00	  0.0000E+00	  0.0000E+00	  0.0000E+00	  0.0000E+00	  0.0000E+00	  0.0000E+00	  0.0000E+00	  0.0000E+00	  0.0000E+00	  0.0000E+00	  0.0000E+00	  0.0000E+00	  0.0000E+00	  0.0000E+00	  0.0000E+00	  0.0000E+00	  0.0000E+00	  0.0000E+00	  0.0000E+00	  0.0000E+00	  0.0000E+00	  0.0000E+00	  0.0000E+00	  0.0000E+00	  0.0000E+00	  0.0000E+00	  0.0000E+00	  0.0000E+00	  0.0000E+00	  0.0000E+00	  0.0000E+00	  0.0000E+00	  0.0000E+00	  0.0000E+00	  0.0000E+00	  0.0000E+00	  0.0000E+00	  0.0000E+00	  0.0000E+00	  0.0000E+00	  2.2603E-01	  2.4685E-04	  0.0000E+00	  0.0000E+00	  0.0000E+00	  0.0000E+00	  0.0000E+00	  0.0000E+00	  0.0000E+00	  0.0000E+00	  0.0000E+00	  0.0000E+00	  0.0000E+00	  0.0000E+00	  2.6411E-01	  5.1246E-01	  2.9943E-02	  0.0000E+00	  0.0000E+00	  0.0000E+00	  0.0000E+00	  0.0000E+00	  0.0000E+00	  0.0000E+00	  0.0000E+00	  0.0000E+00	  0.0000E+00	  0.0000E+00	  0.0000E+00	  0.0000E+00	  0.0000E+00	  0.0000E+00	  0.0000E+00	  0.0000E+00	  0.0000E+00	  0.0000E+00	  0.0000E+00	  0.0000E+00	  0.0000E+00	  0.0000E+00	  0.0000E+00	  0.0000E+00	  0.0000E+00	  0.0000E+00	  0.0000E+00	  0.0000E+00	  0.0000E+00	  0.0000E+00	  0.0000E+00	  0.0000E+00	  0.0000E+00	  0.0000E+00	  0.0000E+00	  0.0000E+00	  0.0000E+00	  0.0000E+00	  0.0000E+00	  0.0000E+00	  0.0000E+00	  0.0000E+00	  0.0000E+00	  0.0000E+00	  0.0000E+00	  0.0000E+00	  0.0000E+00	  0.0000E+00
  0.0000E+00	  0.0000E+00	  0.0000E+00	  0.0000E+00	  0.0000E+00	  0.0000E+00	  0.0000E+00	  0.0000E+00	  0.0000E+00	  0.0000E+00	  0.0000E+00	  0.0000E+00	  0.0000E+00	  0.0000E+00	  0.0000E+00	  0.0000E+00	  0.0000E+00	  0.0000E+00	  0.0000E+00	  0.0000E+00	  0.0000E+00	  0.0000E+00	  0.0000E+00	  0.0000E+00	  0.0000E+00	  0.0000E+00	  0.0000E+00	  0.0000E+00	  0.0000E+00	  0.0000E+00	  0.0000E+00	  0.0000E+00	  0.0000E+00	  0.0000E+00	  0.0000E+00	  0.0000E+00	  0.0000E+00	  0.0000E+00	  0.0000E+00	  0.0000E+00	  0.0000E+00	  0.0000E+00	  0.0000E+00	  0.0000E+00	  0.0000E+00	  0.0000E+00	  0.0000E+00	  0.0000E+00	  0.0000E+00	  0.0000E+00	  0.0000E+00	  0.0000E+00	  0.0000E+00	  0.0000E+00	  0.0000E+00	  0.0000E+00	  0.0000E+00	  0.0000E+00	  2.8184E-01	  1.1216E+00	  7.2560E-01	  2.8883E-01	  9.6939E-01	  8.4315E-04	  0.0000E+00	  4.1317E-01	  4.6915E-01	  0.0000E+00	  0.0000E+00	  0.0000E+00	  2.9505E-03	  7.9164E-04	  0.0000E+00	  0.0000E+00	  0.0000E+00	  3.2573E-02	  2.1480E-01	  5.2650E-01	  8.7334E-01	  0.0000E+00	  0.0000E+00	  0.0000E+00	  0.0000E+00	  0.0000E+00	  0.0000E+00	  0.0000E+00	  0.0000E+00	  0.0000E+00	  0.0000E+00	  0.0000E+00	  0.0000E+00	  0.0000E+00	  0.0000E+00	  0.0000E+00	  0.0000E+00	  0.0000E+00	  0.0000E+00	  0.0000E+00	  0.0000E+00	  0.0000E+00	  0.0000E+00	  0.0000E+00	  0.0000E+00	  0.0000E+00	  0.0000E+00	  0.0000E+00	  0.0000E+00	  0.0000E+00	  0.0000E+00	  0.0000E+00	  0.0000E+00	  0.0000E+00	  0.0000E+00	  0.0000E+00	  0.0000E+00	  0.0000E+00	  0.0000E+00	  0.0000E+00	  0.0000E+00	  0.0000E+00	  0.0000E+00	  0.0000E+00	  0.0000E+00	  0.0000E+00	  0.0000E+00	  0.0000E+00	  0.0000E+00	  0.0000E+00
  0.0000E+00	  0.0000E+00	  0.0000E+00	  0.0000E+00	  0.0000E+00	  0.0000E+00	  0.0000E+00	  0.0000E+00	  0.0000E+00	  0.0000E+00	  0.0000E+00	  0.0000E+00	  0.0000E+00	  0.0000E+00	  0.0000E+00	  0.0000E+00	  0.0000E+00	  0.0000E+00	  0.0000E+00	  0.0000E+00	  0.0000E+00	  0.0000E+00	  0.0000E+00	  0.0000E+00	  0.0000E+00	  0.0000E+00	  0.0000E+00	  0.0000E+00	  0.0000E+00	  0.0000E+00	  0.0000E+00	  0.0000E+00	  0.0000E+00	  0.0000E+00	  0.0000E+00	  0.0000E+00	  0.0000E+00	  0.0000E+00	  0.0000E+00	  0.0000E+00	  0.0000E+00	  0.0000E+00	  0.0000E+00	  0.0000E+00	  0.0000E+00	  0.0000E+00	  0.0000E+00	  0.0000E+00	  0.0000E+00	  0.0000E+00	  5.0399E-02	  6.9360E-01	  4.7259E-01	  5.1098E-01	  6.8140E-01	  6.0592E-01	  7.4777E-01	  7.2309E-01	  2.4144E+00	  3.3114E+00	  1.7893E+00	  8.4639E-01	  6.7930E-01	  3.2547E-01	  6.2051E-02	  1.5144E+00	  8.0406E-01	  9.2832E-01	  1.1374E+00	  5.9107E-01	  3.8867E+00	  1.3562E+00	  1.1955E+00	  1.7205E+00	  1.8659E+00	  8.4798E-01	  7.7361E-01	  7.8841E-01	  1.5512E+00	  3.6340E-02	  9.7570E-02	  8.8458E-01	  6.9170E-01	  5.8299E-03	  0.0000E+00	  0.0000E+00	  0.0000E+00	  0.0000E+00	  0.0000E+00	  0.0000E+00	  0.0000E+00	  0.0000E+00	  0.0000E+00	  0.0000E+00	  0.0000E+00	  0.0000E+00	  0.0000E+00	  0.0000E+00	  0.0000E+00	  0.0000E+00	  0.0000E+00	  0.0000E+00	  0.0000E+00	  0.0000E+00	  0.0000E+00	  0.0000E+00	  0.0000E+00	  0.0000E+00	  0.0000E+00	  0.0000E+00	  0.0000E+00	  0.0000E+00	  0.0000E+00	  0.0000E+00	  0.0000E+00	  0.0000E+00	  0.0000E+00	  0.0000E+00	  0.0000E+00	  0.0000E+00	  0.0000E+00	  0.0000E+00	  0.0000E+00	  0.0000E+00	  0.0000E+00	  0.0000E+00	  0.0000E+00	  0.0000E+00
  0.0000E+00	  0.0000E+00	  0.0000E+00	  0.0000E+00	  0.0000E+00	  0.0000E+00	  0.0000E+00	  0.0000E+00	  0.0000E+00	  0.0000E+00	  0.0000E+00	  0.0000E+00	  0.0000E+00	  0.0000E+00	  0.0000E+00	  0.0000E+00	  0.0000E+00	  0.0000E+00	  0.0000E+00	  0.0000E+00	  0.0000E+00	  0.0000E+00	  0.0000E+00	  0.0000E+00	  0.0000E+00	  0.0000E+00	  0.0000E+00	  0.0000E+00	  0.0000E+00	  0.0000E+00	  0.0000E+00	  0.0000E+00	  0.0000E+00	  0.0000E+00	  0.0000E+00	  0.0000E+00	  0.0000E+00	  0.0000E+00	  0.0000E+00	  0.0000E+00	  0.0000E+00	  0.0000E+00	  0.0000E+00	  0.0000E+00	  0.0000E+00	  0.0000E+00	  0.0000E+00	  0.0000E+00	  0.0000E+00	  0.0000E+00	  4.0924E-01	  1.2996E+00	  2.0308E+00	  1.7202E+00	  9.2729E-01	  1.1542E+00	  5.8696E-01	  2.1332E+00	  4.6750E+00	  7.7007E+00	  7.9715E+00	  8.4243E+00	  3.9088E+00	  3.0004E+00	  3.4268E+00	  5.6347E+00	  2.4412E+00	  2.3962E+00	  5.2311E+00	  5.3491E+00	  1.0412E+01	  3.9608E+00	  5.1487E+00	  5.5529E+00	  4.4664E+00	  1.9292E+00	  2.8876E-01	  1.3537E+00	  1.6751E+00	  1.7911E+00	  2.8698E+00	  2.6082E+00	  1.4004E+00	  1.8052E+00	  5.2962E-01	  1.8331E-02	  3.0609E-02	  3.1481E-01	  1.1008E-01	  0.0000E+00	  0.0000E+00	  0.0000E+00	  0.0000E+00	  0.0000E+00	  0.0000E+00	  0.0000E+00	  0.0000E+00	  0.0000E+00	  0.0000E+00	  0.0000E+00	  0.0000E+00	  0.0000E+00	  0.0000E+00	  0.0000E+00	  0.0000E+00	  0.0000E+00	  0.0000E+00	  0.0000E+00	  0.0000E+00	  0.0000E+00	  0.0000E+00	  0.0000E+00	  0.0000E+00	  0.0000E+00	  0.0000E+00	  0.0000E+00	  0.0000E+00	  0.0000E+00	  0.0000E+00	  0.0000E+00	  0.0000E+00	  0.0000E+00	  0.0000E+00	  0.0000E+00	  0.0000E+00	  0.0000E+00	  0.0000E+00	  0.0000E+00
  0.0000E+00	  0.0000E+00	  0.0000E+00	  0.0000E+00	  0.0000E+00	  0.0000E+00	  0.0000E+00	  0.0000E+00	  0.0000E+00	  0.0000E+00	  0.0000E+00	  0.0000E+00	  0.0000E+00	  0.0000E+00	  0.0000E+00	  0.0000E+00	  0.0000E+00	  0.0000E+00	  0.0000E+00	  0.0000E+00	  0.0000E+00	  0.0000E+00	  0.0000E+00	  0.0000E+00	  0.0000E+00	  0.0000E+00	  0.0000E+00	  0.0000E+00	  0.0000E+00	  0.0000E+00	  0.0000E+00	  0.0000E+00	  0.0000E+00	  0.0000E+00	  0.0000E+00	  0.0000E+00	  0.0000E+00	  1.5273E-01	  1.9782E+00	  1.3853E-01	  1.6178E-01	  9.7861E-04	  0.0000E+00	  0.0000E+00	  0.0000E+00	  0.0000E+00	  0.0000E+00	  0.0000E+00	  1.6861E-01	  1.3442E-01	  9.0195E-01	  3.3014E+00	  4.3227E+00	  6.1719E+00	  9.1200E+00	  7.0816E+00	  4.5747E+00	  6.4659E+00	  1.2637E+01	  1.6681E+01	  1.7038E+01	  2.5124E+01	  1.8214E+01	  1.4363E+01	  1.5336E+01	  1.6591E+01	  1.3268E+01	  1.6322E+01	  2.1290E+01	  2.1068E+01	  2.1152E+01	  1.4401E+01	  2.4097E+01	  1.8042E+01	  1.2737E+01	  1.1618E+01	  8.0038E+00	  1.2635E+01	  1.0672E+01	  1.1273E+01	  8.8101E+00	  6.2693E+00	  6.9738E+00	  8.5748E+00	  5.2213E+00	  1.0346E+00	  1.2366E+00	  8.7176E-01	  7.4831E-01	  0.0000E+00	  0.0000E+00	  0.0000E+00	  0.0000E+00	  0.0000E+00	  0.0000E+00	  0.0000E+00	  0.0000E+00	  0.0000E+00	  0.0000E+00	  0.0000E+00	  0.0000E+00	  0.0000E+00	  0.0000E+00	  0.0000E+00	  0.0000E+00	  0.0000E+00	  0.0000E+00	  0.0000E+00	  0.0000E+00	  0.0000E+00	  0.0000E+00	  0.0000E+00	  0.0000E+00	  0.0000E+00	  0.0000E+00	  0.0000E+00	  0.0000E+00	  0.0000E+00	  0.0000E+00	  0.0000E+00	  0.0000E+00	  0.0000E+00	  0.0000E+00	  0.0000E+00	  0.0000E+00	  0.0000E+00	  0.0000E+00	  0.0000E+00
  0.0000E+00	  0.0000E+00	  0.0000E+00	  0.0000E+00	  0.0000E+00	  0.0000E+00	  0.0000E+00	  0.0000E+00	  0.0000E+00	  0.0000E+00	  0.0000E+00	  0.0000E+00	  0.0000E+00	  0.0000E+00	  0.0000E+00	  0.0000E+00	  0.0000E+00	  0.0000E+00	  0.0000E+00	  0.0000E+00	  0.0000E+00	  0.0000E+00	  0.0000E+00	  0.0000E+00	  0.0000E+00	  0.0000E+00	  0.0000E+00	  0.0000E+00	  0.0000E+00	  0.0000E+00	  0.0000E+00	  0.0000E+00	  0.0000E+00	  0.0000E+00	  0.0000E+00	  0.0000E+00	  2.9520E-01	  8.2254E-01	  8.1361E-01	  9.4178E-01	  2.2645E+00	  7.3239E-01	  9.2156E-01	  0.0000E+00	  0.0000E+00	  0.0000E+00	  5.4341E-01	  1.1856E+00	  1.0312E+00	  2.9394E+00	  3.4904E+00	  6.1374E+00	  1.0885E+01	  1.1230E+01	  2.0174E+01	  2.2279E+01	  2.6363E+01	  2.6716E+01	  2.8401E+01	  3.7337E+01	  4.7294E+01	  4.2424E+01	  4.5682E+01	  3.7050E+01	  3.4799E+01	  3.4896E+01	  4.0587E+01	  4.9328E+01	  4.1871E+01	  4.3488E+01	  4.7560E+01	  4.0626E+01	  4.2165E+01	  4.3379E+01	  3.3928E+01	  3.8997E+01	  3.0456E+01	  3.8999E+01	  3.9705E+01	  3.1931E+01	  3.2370E+01	  2.4376E+01	  1.8886E+01	  1.5020E+01	  9.9165E+00	  3.1844E+00	  1.9349E+00	  1.2754E+00	  6.2849E-01	  0.0000E+00	  0.0000E+00	  0.0000E+00	  0.0000E+00	  0.0000E+00	  0.0000E+00	  0.0000E+00	  0.0000E+00	  0.0000E+00	  0.0000E+00	  0.0000E+00	  0.0000E+00	  0.0000E+00	  0.0000E+00	  0.0000E+00	  0.0000E+00	  0.0000E+00	  0.0000E+00	  0.0000E+00	  0.0000E+00	  0.0000E+00	  0.0000E+00	  0.0000E+00	  0.0000E+00	  0.0000E+00	  0.0000E+00	  0.0000E+00	  0.0000E+00	  0.0000E+00	  0.0000E+00	  0.0000E+00	  0.0000E+00	  0.0000E+00	  0.0000E+00	  0.0000E+00	  0.0000E+00	  0.0000E+00	  0.0000E+00	  0.0000E+00
  0.0000E+00	  0.0000E+00	  0.0000E+00	  0.0000E+00	  0.0000E+00	  0.0000E+00	  0.0000E+00	  0.0000E+00	  0.0000E+00	  0.0000E+00	  0.0000E+00	  0.0000E+00	  0.0000E+00	  0.0000E+00	  0.0000E+00	  0.0000E+00	  0.0000E+00	  0.0000E+00	  0.0000E+00	  0.0000E+00	  0.0000E+00	  0.0000E+00	  0.0000E+00	  0.0000E+00	  0.0000E+00	  0.0000E+00	  0.0000E+00	  0.0000E+00	  0.0000E+00	  0.0000E+00	  0.0000E+00	  0.0000E+00	  0.0000E+00	  0.0000E+00	  0.0000E+00	  0.0000E+00	  2.6190E-01	  2.3219E+00	  8.6744E-01	  2.4740E+00	  3.3483E+00	  1.4038E+00	  6.8449E-01	  5.9503E-01	  1.6066E+00	  1.2760E+00	  2.0349E+00	  6.4062E+00	  7.1515E+00	  1.2419E+01	  1.6671E+01	  1.9254E+01	  2.5163E+01	  3.2732E+01	  3.9477E+01	  4.0806E+01	  4.8746E+01	  4.4509E+01	  5.8734E+01	  7.6222E+01	  6.5935E+01	  6.4359E+01	  7.6369E+01	  7.3975E+01	  8.6536E+01	  7.6936E+01	  7.4053E+01	  8.4868E+01	  1.0165E+02	  9.7929E+01	  9.1677E+01	  8.6787E+01	  9.1652E+01	  1.0285E+02	  8.7264E+01	  8.9822E+01	  8.9783E+01	  7.8719E+01	  6.7350E+01	  8.4132E+01	  6.9690E+01	  5.2374E+01	  3.4614E+01	  2.9278E+01	  2.4374E+01	  1.1028E+01	  1.0544E+01	  6.2794E+00	  1.6699E+00	  4.9220E-02	  0.0000E+00	  0.0000E+00	  0.0000E+00	  0.0000E+00	  0.0000E+00	  0.0000E+00	  0.0000E+00	  0.0000E+00	  0.0000E+00	  0.0000E+00	  0.0000E+00	  0.0000E+00	  0.0000E+00	  0.0000E+00	  0.0000E+00	  0.0000E+00	  0.0000E+00	  0.0000E+00	  0.0000E+00	  0.0000E+00	  0.0000E+00	  0.0000E+00	  0.0000E+00	  0.0000E+00	  0.0000E+00	  0.0000E+00	  0.0000E+00	  0.0000E+00	  0.0000E+00	  0.0000E+00	  0.0000E+00	  0.0000E+00	  0.0000E+00	  0.0000E+00	  0.0000E+00	  0.0000E+00	  0.0000E+00	  0.0000E+00
  0.0000E+00	  0.0000E+00	  0.0000E+00	  0.0000E+00	  0.0000E+00	  0.0000E+00	  0.0000E+00	  0.0000E+00	  0.0000E+00	  0.0000E+00	  0.0000E+00	  0.0000E+00	  0.0000E+00	  0.0000E+00	  0.0000E+00	  0.0000E+00	  0.0000E+00	  0.0000E+00	  0.0000E+00	  0.0000E+00	  0.0000E+00	  0.0000E+00	  0.0000E+00	  0.0000E+00	  0.0000E+00	  0.0000E+00	  0.0000E+00	  0.0000E+00	  0.0000E+00	  0.0000E+00	  0.0000E+00	  0.0000E+00	  0.0000E+00	  0.0000E+00	  0.0000E+00	  0.0000E+00	  0.0000E+00	  4.6995E-01	  1.0379E+00	  2.9676E+00	  3.4599E+00	  3.4914E+00	  4.9903E+00	  4.6224E+00	  7.6109E+00	  8.5351E+00	  1.2501E+01	  1.9894E+01	  2.1006E+01	  2.4393E+01	  2.5229E+01	  3.7896E+01	  4.6754E+01	  4.6692E+01	  6.9335E+01	  7.4209E+01	  7.1444E+01	  7.8982E+01	  9.1991E+01	  1.0309E+02	  1.1297E+02	  1.1220E+02	  1.1460E+02	  1.4033E+02	  1.4853E+02	  1.3316E+02	  1.1155E+02	  1.2466E+02	  1.4770E+02	  1.4560E+02	  1.4734E+02	  1.3774E+02	  1.6534E+02	  1.7696E+02	  1.5548E+02	  1.4162E+02	  1.2878E+02	  1.2396E+02	  1.3573E+02	  1.4802E+02	  1.0593E+02	  9.2818E+01	  8.6864E+01	  6.8893E+01	  5.0587E+01	  2.9670E+01	  1.3192E+01	  6.8525E+00	  2.7169E+00	  3.4921E+00	  2.4591E-01	  0.0000E+00	  0.0000E+00	  0.0000E+00	  0.0000E+00	  0.0000E+00	  0.0000E+00	  0.0000E+00	  0.0000E+00	  0.0000E+00	  0.0000E+00	  0.0000E+00	  0.0000E+00	  0.0000E+00	  0.0000E+00	  0.0000E+00	  0.0000E+00	  0.0000E+00	  0.0000E+00	  0.0000E+00	  0.0000E+00	  0.0000E+00	  0.0000E+00	  0.0000E+00	  0.0000E+00	  0.0000E+00	  0.0000E+00	  0.0000E+00	  0.0000E+00	  0.0000E+00	  0.0000E+00	  0.0000E+00	  0.0000E+00	  0.0000E+00	  0.0000E+00	  0.0000E+00	  0.0000E+00	  0.0000E+00
  0.0000E+00	  0.0000E+00	  0.0000E+00	  0.0000E+00	  0.0000E+00	  0.0000E+00	  0.0000E+00	  0.0000E+00	  0.0000E+00	  0.0000E+00	  0.0000E+00	  0.0000E+00	  0.0000E+00	  0.0000E+00	  0.0000E+00	  0.0000E+00	  0.0000E+00	  0.0000E+00	  0.0000E+00	  0.0000E+00	  0.0000E+00	  0.0000E+00	  0.0000E+00	  0.0000E+00	  0.0000E+00	  0.0000E+00	  0.0000E+00	  0.0000E+00	  0.0000E+00	  0.0000E+00	  0.0000E+00	  0.0000E+00	  0.0000E+00	  0.0000E+00	  0.0000E+00	  4.0884E-02	  3.7822E-01	  2.7736E+00	  1.8401E+00	  5.2306E+00	  6.1619E+00	  9.5630E+00	  8.8295E+00	  1.3238E+01	  1.9362E+01	  2.4595E+01	  4.2626E+01	  4.8644E+01	  5.2560E+01	  5.2460E+01	  5.0480E+01	  7.9627E+01	  1.0361E+02	  1.2273E+02	  1.2046E+02	  1.0364E+02	  1.0643E+02	  1.2381E+02	  1.2398E+02	  1.4816E+02	  1.6108E+02	  1.6392E+02	  1.5244E+02	  1.9186E+02	  1.8551E+02	  1.7998E+02	  1.6442E+02	  1.5202E+02	  1.6970E+02	  1.8038E+02	  1.9869E+02	  1.8173E+02	  2.0307E+02	  2.1504E+02	  2.1936E+02	  1.9900E+02	  2.0322E+02	  1.9553E+02	  2.0140E+02	  1.9634E+02	  1.6989E+02	  1.5374E+02	  1.4956E+02	  1.0865E+02	  9.1536E+01	  6.2392E+01	  4.0648E+01	  1.9891E+01	  9.6252E+00	  9.1714E+00	  3.3522E+00	  8.6602E-01	  0.0000E+00	  0.0000E+00	  0.0000E+00	  0.0000E+00	  0.0000E+00	  0.0000E+00	  0.0000E+00	  0.0000E+00	  0.0000E+00	  0.0000E+00	  0.0000E+00	  0.0000E+00	  0.0000E+00	  0.0000E+00	  0.0000E+00	  0.0000E+00	  0.0000E+00	  0.0000E+00	  0.0000E+00	  0.0000E+00	  0.0000E+00	  0.0000E+00	  0.0000E+00	  0.0000E+00	  0.0000E+00	  0.0000E+00	  0.0000E+00	  0.0000E+00	  0.0000E+00	  0.0000E+00	  0.0000E+00	  0.0000E+00	  0.0000E+00	  0.0000E+00	  0.0000E+00	  0.0000E+00
  0.0000E+00	  0.0000E+00	  0.0000E+00	  0.0000E+00	  0.0000E+00	  0.0000E+00	  0.0000E+00	  0.0000E+00	  0.0000E+00	  0.0000E+00	  0.0000E+00	  0.0000E+00	  0.0000E+00	  0.0000E+00	  0.0000E+00	  0.0000E+00	  0.0000E+00	  0.0000E+00	  0.0000E+00	  0.0000E+00	  0.0000E+00	  0.0000E+00	  0.0000E+00	  0.0000E+00	  0.0000E+00	  0.0000E+00	  0.0000E+00	  0.0000E+00	  0.0000E+00	  0.0000E+00	  0.0000E+00	  0.0000E+00	  0.0000E+00	  0.0000E+00	  0.0000E+00	  9.7201E-01	  2.2059E+00	  4.3686E+00	  4.5160E+00	  1.1590E+01	  1.5068E+01	  1.7013E+01	  2.7580E+01	  3.4134E+01	  5.0802E+01	  6.3574E+01	  8.5531E+01	  1.0341E+02	  1.0866E+02	  1.0464E+02	  9.9052E+01	  1.3020E+02	  1.4138E+02	  1.6005E+02	  1.5349E+02	  1.6624E+02	  1.5622E+02	  1.6127E+02	  1.8109E+02	  2.0399E+02	  2.0462E+02	  1.8789E+02	  1.8704E+02	  1.8228E+02	  2.0235E+02	  1.9947E+02	  2.2184E+02	  2.3560E+02	  2.2350E+02	  2.1922E+02	  2.2567E+02	  2.1302E+02	  2.2677E+02	  2.2999E+02	  2.4548E+02	  2.4526E+02	  2.7836E+02	  2.6625E+02	  2.5296E+02	  2.4169E+02	  2.3862E+02	  1.8194E+02	  1.8548E+02	  1.7494E+02	  1.4364E+02	  1.0371E+02	  6.3614E+01	  4.7003E+01	  2.8482E+01	  2.3533E+01	  1.0984E+01	  3.7137E+00	  7.5651E-01	  2.0294E-01	  0.0000E+00	  0.0000E+00	  0.0000E+00	  0.0000E+00	  0.0000E+00	  0.0000E+00	  0.0000E+00	  0.0000E+00	  0.0000E+00	  0.0000E+00	  0.0000E+00	  0.0000E+00	  0.0000E+00	  0.0000E+00	  0.0000E+00	  0.0000E+00	  0.0000E+00	  0.0000E+00	  0.0000E+00	  0.0000E+00	  0.0000E+00	  0.0000E+00	  0.0000E+00	  0.0000E+00	  0.0000E+00	  0.0000E+00	  0.0000E+00	  0.0000E+00	  0.0000E+00	  0.0000E+00	  0.0000E+00	  0.0000E+00	  0.0000E+00	  0.0000E+00
  0.0000E+00	  0.0000E+00	  0.0000E+00	  0.0000E+00	  0.0000E+00	  0.0000E+00	  0.0000E+00	  0.0000E+00	  0.0000E+00	  0.0000E+00	  0.0000E+00	  0.0000E+00	  0.0000E+00	  0.0000E+00	  0.0000E+00	  0.0000E+00	  0.0000E+00	  0.0000E+00	  0.0000E+00	  0.0000E+00	  0.0000E+00	  0.0000E+00	  0.0000E+00	  0.0000E+00	  0.0000E+00	  0.0000E+00	  0.0000E+00	  0.0000E+00	  0.0000E+00	  1.2675E-02	  2.0902E-01	  0.0000E+00	  1.2132E+00	  3.9983E-01	  1.8031E+00	  3.8587E+00	  7.1428E+00	  1.0927E+01	  1.0573E+01	  2.2237E+01	  3.8003E+01	  3.0037E+01	  3.9380E+01	  6.6947E+01	  9.2365E+01	  1.1234E+02	  1.4888E+02	  1.6095E+02	  1.6838E+02	  1.5727E+02	  1.7489E+02	  1.8366E+02	  2.0749E+02	  2.0552E+02	  1.9839E+02	  2.0305E+02	  1.7652E+02	  2.1370E+02	  2.1897E+02	  2.2941E+02	  2.0959E+02	  2.2393E+02	  2.2021E+02	  2.0364E+02	  2.0726E+02	  2.2010E+02	  2.4861E+02	  2.5920E+02	  2.5469E+02	  2.3876E+02	  2.3324E+02	  2.3374E+02	  2.6812E+02	  2.7478E+02	  2.8502E+02	  2.8223E+02	  3.1570E+02	  2.7174E+02	  2.4937E+02	  2.6452E+02	  2.4896E+02	  2.1312E+02	  2.3743E+02	  2.4048E+02	  2.0397E+02	  1.5409E+02	  1.1029E+02	  8.9105E+01	  4.7201E+01	  3.1390E+01	  1.3654E+01	  7.5954E+00	  1.8662E+00	  5.4425E-01	  0.0000E+00	  0.0000E+00	  0.0000E+00	  0.0000E+00	  0.0000E+00	  0.0000E+00	  0.0000E+00	  0.0000E+00	  0.0000E+00	  0.0000E+00	  0.0000E+00	  0.0000E+00	  0.0000E+00	  0.0000E+00	  0.0000E+00	  0.0000E+00	  0.0000E+00	  0.0000E+00	  0.0000E+00	  0.0000E+00	  0.0000E+00	  0.0000E+00	  0.0000E+00	  0.0000E+00	  0.0000E+00	  0.0000E+00	  0.0000E+00	  0.0000E+00	  0.0000E+00	  0.0000E+00	  0.0000E+00	  0.0000E+00	  0.0000E+00	  0.0000E+00
  0.0000E+00	  0.0000E+00	  0.0000E+00	  0.0000E+00	  0.0000E+00	  0.0000E+00	  0.0000E+00	  0.0000E+00	  0.0000E+00	  0.0000E+00	  0.0000E+00	  0.0000E+00	  0.0000E+00	  0.0000E+00	  0.0000E+00	  0.0000E+00	  0.0000E+00	  0.0000E+00	  0.0000E+00	  0.0000E+00	  0.0000E+00	  0.0000E+00	  0.0000E+00	  0.0000E+00	  0.0000E+00	  0.0000E+00	  0.0000E+00	  0.0000E+00	  5.9327E-02	  7.3421E-01	  7.3303E-01	  4.8421E-02	  1.4864E+00	  1.7471E+00	  7.5116E+00	  9.0153E+00	  1.3299E+01	  2.2550E+01	  3.4734E+01	  5.7284E+01	  6.2417E+01	  6.0549E+01	  7.8083E+01	  9.5103E+01	  1.2421E+02	  1.6008E+02	  2.0004E+02	  2.0598E+02	  2.0081E+02	  1.7969E+02	  2.0189E+02	  2.0652E+02	  2.4760E+02	  2.1804E+02	  2.0820E+02	  2.0544E+02	  2.1034E+02	  2.4328E+02	  2.3535E+02	  2.2756E+02	  2.2874E+02	  2.3524E+02	  2.2845E+02	  2.2676E+02	  2.2743E+02	  2.1247E+02	  2.4181E+02	  2.5462E+02	  2.2651E+02	  2.4975E+02	  2.2578E+02	  2.4990E+02	  2.8991E+02	  2.8842E+02	  2.9637E+02	  2.8850E+02	  2.9671E+02	  2.3914E+02	  2.5664E+02	  2.4952E+02	  2.6581E+02	  2.7352E+02	  2.8594E+02	  3.2388E+02	  2.7590E+02	  2.3591E+02	  1.8022E+02	  1.3980E+02	  9.2938E+01	  5.4510E+01	  2.9658E+01	  1.4798E+01	  2.0554E+00	  6.5994E-02	  0.0000E+00	  0.0000E+00	  0.0000E+00	  0.0000E+00	  0.0000E+00	  0.0000E+00	  0.0000E+00	  0.0000E+00	  0.0000E+00	  0.0000E+00	  0.0000E+00	  0.0000E+00	  0.0000E+00	  0.0000E+00	  0.0000E+00	  0.0000E+00	  0.0000E+00	  0.0000E+00	  0.0000E+00	  0.0000E+00	  0.0000E+00	  0.0000E+00	  0.0000E+00	  0.0000E+00	  0.0000E+00	  0.0000E+00	  0.0000E+00	  0.0000E+00	  0.0000E+00	  0.0000E+00	  0.0000E+00	  0.0000E+00	  0.0000E+00	  0.0000E+00
  0.0000E+00	  0.0000E+00	  0.0000E+00	  0.0000E+00	  0.0000E+00	  0.0000E+00	  0.0000E+00	  0.0000E+00	  0.0000E+00	  0.0000E+00	  0.0000E+00	  0.0000E+00	  0.0000E+00	  0.0000E+00	  0.0000E+00	  0.0000E+00	  0.0000E+00	  0.0000E+00	  0.0000E+00	  0.0000E+00	  0.0000E+00	  0.0000E+00	  0.0000E+00	  0.0000E+00	  0.0000E+00	  0.0000E+00	  0.0000E+00	  0.0000E+00	  1.9807E-02	  2.3029E-01	  1.8009E-01	  7.4931E-01	  3.4065E+00	  5.7361E+00	  1.7864E+01	  1.6919E+01	  2.8323E+01	  4.6403E+01	  7.8604E+01	  9.7432E+01	  9.8537E+01	  1.1372E+02	  1.2859E+02	  1.4265E+02	  1.5839E+02	  1.8734E+02	  2.0550E+02	  2.3998E+02	  2.5195E+02	  2.3848E+02	  2.2844E+02	  2.2443E+02	  2.5221E+02	  2.2652E+02	  2.0579E+02	  2.0654E+02	  2.1573E+02	  2.0901E+02	  2.0248E+02	  2.0907E+02	  2.2557E+02	  2.2142E+02	  2.2616E+02	  2.1542E+02	  2.4503E+02	  2.3957E+02	  2.3300E+02	  2.5461E+02	  2.5397E+02	  2.6478E+02	  2.7813E+02	  2.7599E+02	  2.6337E+02	  2.7679E+02	  2.8326E+02	  2.6715E+02	  2.6660E+02	  2.5621E+02	  2.7627E+02	  2.9757E+02	  2.8488E+02	  3.1737E+02	  3.5534E+02	  3.8554E+02	  3.2132E+02	  2.9343E+02	  2.6838E+02	  2.0797E+02	  1.4270E+02	  8.9701E+01	  4.3846E+01	  1.2289E+01	  3.4828E+00	  6.3276E-01	  0.0000E+00	  0.0000E+00	  0.0000E+00	  0.0000E+00	  0.0000E+00	  0.0000E+00	  0.0000E+00	  0.0000E+00	  0.0000E+00	  0.0000E+00	  0.0000E+00	  0.0000E+00	  0.0000E+00	  0.0000E+00	  0.0000E+00	  0.0000E+00	  0.0000E+00	  0.0000E+00	  0.0000E+00	  0.0000E+00	  0.0000E+00	  0.0000E+00	  0.0000E+00	  0.0000E+00	  0.0000E+00	  0.0000E+00	  0.0000E+00	  0.0000E+00	  0.0000E+00	  0.0000E+00	  0.0000E+00	  0.0000E+00	  0.0000E+00	  0.0000E+00
  0.0000E+00	  0.0000E+00	  0.0000E+00	  0.0000E+00	  0.0000E+00	  0.0000E+00	  0.0000E+00	  0.0000E+00	  0.0000E+00	  0.0000E+00	  0.0000E+00	  0.0000E+00	  0.0000E+00	  0.0000E+00	  0.0000E+00	  0.0000E+00	  0.0000E+00	  0.0000E+00	  0.0000E+00	  0.0000E+00	  0.0000E+00	  0.0000E+00	  0.0000E+00	  0.0000E+00	  0.0000E+00	  0.0000E+00	  0.0000E+00	  8.5137E-03	  5.2581E-02	  2.1871E-01	  4.1814E-01	  2.4368E+00	  5.8172E+00	  1.4941E+01	  3.1187E+01	  3.8248E+01	  4.9198E+01	  8.0589E+01	  1.3218E+02	  1.3920E+02	  1.4789E+02	  1.5662E+02	  1.7739E+02	  1.9454E+02	  2.0920E+02	  2.1646E+02	  2.5520E+02	  2.3742E+02	  2.6512E+02	  2.4494E+02	  2.3955E+02	  2.0322E+02	  2.2671E+02	  2.2574E+02	  2.0443E+02	  1.8956E+02	  2.1581E+02	  2.2948E+02	  2.3191E+02	  2.2380E+02	  2.2836E+02	  2.3009E+02	  2.3312E+02	  2.2486E+02	  2.6688E+02	  2.6774E+02	  2.6235E+02	  2.3830E+02	  2.5382E+02	  2.6129E+02	  3.0644E+02	  2.8120E+02	  2.5075E+02	  2.6716E+02	  2.5940E+02	  2.6851E+02	  2.6267E+02	  2.7092E+02	  2.9477E+02	  3.2161E+02	  3.0906E+02	  3.2477E+02	  3.6106E+02	  3.8493E+02	  3.4414E+02	  3.2383E+02	  3.2081E+02	  2.6391E+02	  1.8800E+02	  1.2417E+02	  6.0290E+01	  2.4796E+01	  1.1734E+01	  2.7839E+00	  0.0000E+00	  0.0000E+00	  0.0000E+00	  0.0000E+00	  0.0000E+00	  0.0000E+00	  0.0000E+00	  0.0000E+00	  0.0000E+00	  0.0000E+00	  0.0000E+00	  0.0000E+00	  0.0000E+00	  0.0000E+00	  0.0000E+00	  0.0000E+00	  0.0000E+00	  0.0000E+00	  0.0000E+00	  0.0000E+00	  0.0000E+00	  0.0000E+00	  0.0000E+00	  0.0000E+00	  0.0000E+00	  0.0000E+00	  0.0000E+00	  0.0000E+00	  0.0000E+00	  0.0000E+00	  0.0000E+00	  0.0000E+00	  0.0000E+00	  0.0000E+00
  0.0000E+00	  0.0000E+00	  0.0000E+00	  0.0000E+00	  0.0000E+00	  0.0000E+00	  0.0000E+00	  0.0000E+00	  0.0000E+00	  0.0000E+00	  0.0000E+00	  0.0000E+00	  0.0000E+00	  0.0000E+00	  0.0000E+00	  0.0000E+00	  0.0000E+00	  0.0000E+00	  0.0000E+00	  0.0000E+00	  0.0000E+00	  0.0000E+00	  0.0000E+00	  0.0000E+00	  0.0000E+00	  0.0000E+00	  0.0000E+00	  1.3072E-01	  8.0736E-01	  4.7510E-01	  7.4323E-01	  4.9407E+00	  8.5344E+00	  1.9091E+01	  4.8356E+01	  7.4016E+01	  9.8910E+01	  1.1104E+02	  1.5787E+02	  1.9053E+02	  2.0314E+02	  1.9728E+02	  2.0936E+02	  2.0102E+02	  2.0778E+02	  2.1526E+02	  2.6452E+02	  2.8853E+02	  2.6937E+02	  2.2083E+02	  2.0340E+02	  1.9688E+02	  2.2128E+02	  2.2149E+02	  2.2995E+02	  2.1451E+02	  2.1860E+02	  2.6353E+02	  2.3442E+02	  2.2407E+02	  2.1870E+02	  2.2698E+02	  2.7002E+02	  2.5681E+02	  2.5600E+02	  2.7942E+02	  2.8485E+02	  2.4455E+02	  2.4911E+02	  2.6574E+02	  2.7836E+02	  2.7394E+02	  2.5915E+02	  2.6264E+02	  2.8138E+02	  2.8255E+02	  2.6608E+02	  2.5895E+02	  2.7220E+02	  2.9966E+02	  3.6494E+02	  3.4627E+02	  3.2715E+02	  3.5905E+02	  3.5778E+02	  3.2815E+02	  3.3039E+02	  2.6520E+02	  2.0658E+02	  1.5027E+02	  8.7686E+01	  3.9230E+01	  1.4577E+01	  6.0811E+00	  5.3439E-01	  2.1189E-02	  0.0000E+00	  0.0000E+00	  0.0000E+00	  0.0000E+00	  0.0000E+00	  0.0000E+00	  0.0000E+00	  0.0000E+00	  0.0000E+00	  0.0000E+00	  0.0000E+00	  0.0000E+00	  0.0000E+00	  0.0000E+00	  0.0000E+00	  0.0000E+00	  0.0000E+00	  0.0000E+00	  0.0000E+00	  0.0000E+00	  0.0000E+00	  0.0000E+00	  0.0000E+00	  0.0000E+00	  0.0000E+00	  0.0000E+00	  0.0000E+00	  0.0000E+00	  0.0000E+00	  0.0000E+00	  0.0000E+00	  0.0000E+00
  0.0000E+00	  0.0000E+00	  0.0000E+00	  0.0000E+00	  0.0000E+00	  0.0000E+00	  0.0000E+00	  0.0000E+00	  0.0000E+00	  0.0000E+00	  0.0000E+00	  0.0000E+00	  0.0000E+00	  0.0000E+00	  0.0000E+00	  0.0000E+00	  0.0000E+00	  0.0000E+00	  0.0000E+00	  0.0000E+00	  0.0000E+00	  0.0000E+00	  0.0000E+00	  0.0000E+00	  0.0000E+00	  0.0000E+00	  0.0000E+00	  0.0000E+00	  6.3979E-02	  6.6237E-01	  1.8157E+00	  4.7805E+00	  1.6126E+01	  3.4727E+01	  7.0309E+01	  1.0907E+02	  1.3438E+02	  1.3739E+02	  1.8512E+02	  2.3122E+02	  2.2617E+02	  2.2811E+02	  2.2570E+02	  2.2595E+02	  2.2750E+02	  2.2356E+02	  2.5507E+02	  2.5867E+02	  2.3965E+02	  2.2291E+02	  2.2284E+02	  2.3914E+02	  2.2650E+02	  2.4856E+02	  2.4599E+02	  2.4720E+02	  2.3666E+02	  2.4629E+02	  2.4006E+02	  2.3338E+02	  2.3589E+02	  2.2934E+02	  2.6519E+02	  2.7103E+02	  2.7186E+02	  3.0709E+02	  3.1643E+02	  2.8831E+02	  2.7516E+02	  2.5873E+02	  2.8413E+02	  2.7913E+02	  2.6967E+02	  2.8488E+02	  2.8376E+02	  2.7009E+02	  2.8178E+02	  2.6150E+02	  2.8868E+02	  3.2833E+02	  3.6967E+02	  3.4738E+02	  3.3438E+02	  3.1462E+02	  3.4141E+02	  3.5328E+02	  3.1505E+02	  2.9643E+02	  2.4595E+02	  1.8232E+02	  1.1761E+02	  6.0477E+01	  2.5401E+01	  1.1576E+01	  3.8245E+00	  1.9207E-01	  0.0000E+00	  0.0000E+00	  0.0000E+00	  0.0000E+00	  0.0000E+00	  0.0000E+00	  0.0000E+00	  0.0000E+00	  0.0000E+00	  0.0000E+00	  0.0000E+00	  0.0000E+00	  0.0000E+00	  0.0000E+00	  0.0000E+00	  0.0000E+00	  0.0000E+00	  0.0000E+00	  0.0000E+00	  0.0000E+00	  0.0000E+00	  0.0000E+00	  0.0000E+00	  0.0000E+00	  0.0000E+00	  0.0000E+00	  0.0000E+00	  0.0000E+00	  0.0000E+00	  0.0000E+00	  0.0000E+00	  0.0000E+00
  0.0000E+00	  0.0000E+00	  0.0000E+00	  0.0000E+00	  0.0000E+00	  0.0000E+00	  0.0000E+00	  0.0000E+00	  0.0000E+00	  0.0000E+00	  0.0000E+00	  0.0000E+00	  0.0000E+00	  0.0000E+00	  0.0000E+00	  0.0000E+00	  0.0000E+00	  0.0000E+00	  0.0000E+00	  0.0000E+00	  0.0000E+00	  0.0000E+00	  0.0000E+00	  0.0000E+00	  0.0000E+00	  0.0000E+00	  0.0000E+00	  4.8665E-01	  2.4175E+00	  6.7198E+00	  8.2382E+00	  1.2376E+01	  3.4187E+01	  4.5426E+01	  7.4606E+01	  1.2019E+02	  1.5930E+02	  1.6624E+02	  2.0660E+02	  2.2104E+02	  2.4639E+02	  2.3800E+02	  2.3621E+02	  2.2979E+02	  2.3538E+02	  2.4069E+02	  2.5179E+02	  2.4834E+02	  2.2574E+02	  2.1823E+02	  2.5561E+02	  2.6024E+02	  2.6016E+02	  2.9135E+02	  2.8961E+02	  2.7370E+02	  2.7494E+02	  2.4355E+02	  2.6731E+02	  2.5109E+02	  2.6629E+02	  2.8102E+02	  2.6467E+02	  2.6236E+02	  2.8005E+02	  3.1233E+02	  3.1740E+02	  3.1041E+02	  3.0271E+02	  2.9023E+02	  2.8777E+02	  2.7909E+02	  2.7230E+02	  2.7728E+02	  2.9628E+02	  2.8547E+02	  3.0662E+02	  3.1795E+02	  3.4103E+02	  3.2345E+02	  3.6564E+02	  3.5260E+02	  3.1164E+02	  3.3095E+02	  3.4316E+02	  3.5849E+02	  3.4933E+02	  3.1205E+02	  2.4905E+02	  2.1260E+02	  1.5156E+02	  9.2090E+01	  3.9474E+01	  1.5906E+01	  3.6140E+00	  0.0000E+00	  0.0000E+00	  0.0000E+00	  0.0000E+00	  0.0000E+00	  0.0000E+00	  0.0000E+00	  0.0000E+00	  0.0000E+00	  0.0000E+00	  0.0000E+00	  0.0000E+00	  0.0000E+00	  0.0000E+00	  0.0000E+00	  0.0000E+00	  0.0000E+00	  0.0000E+00	  0.0000E+00	  0.0000E+00	  0.0000E+00	  0.0000E+00	  0.0000E+00	  0.0000E+00	  0.0000E+00	  0.0000E+00	  0.0000E+00	  0.0000E+00	  0.0000E+00	  0.0000E+00	  0.0000E+00	  0.0000E+00	  0.0000E+00
  0.0000E+00	  0.0000E+00	  0.0000E+00	  0.0000E+00	  0.0000E+00	  0.0000E+00	  0.0000E+00	  0.0000E+00	  0.0000E+00	  0.0000E+00	  0.0000E+00	  0.0000E+00	  0.0000E+00	  0.0000E+00	  0.0000E+00	  0.0000E+00	  0.0000E+00	  0.0000E+00	  0.0000E+00	  0.0000E+00	  0.0000E+00	  0.0000E+00	  0.0000E+00	  0.0000E+00	  0.0000E+00	  0.0000E+00	  1.7444E+00	  1.3070E+00	  2.3489E+00	  7.2821E+00	  1.4091E+01	  3.7255E+01	  6.3086E+01	  6.6385E+01	  1.1854E+02	  1.4783E+02	  1.7352E+02	  1.9090E+02	  2.2450E+02	  2.2130E+02	  2.2966E+02	  2.3320E+02	  2.4999E+02	  2.6464E+02	  2.3876E+02	  2.4232E+02	  2.2451E+02	  2.3992E+02	  2.1181E+02	  2.2199E+02	  2.4910E+02	  2.6937E+02	  2.6951E+02	  3.1885E+02	  3.3147E+02	  3.1312E+02	  2.9469E+02	  2.7594E+02	  2.7493E+02	  2.4590E+02	  3.0159E+02	  3.0408E+02	  3.0170E+02	  3.1314E+02	  3.0686E+02	  3.1054E+02	  3.1808E+02	  3.2768E+02	  3.3093E+02	  2.9643E+02	  2.9340E+02	  2.8731E+02	  2.8369E+02	  3.1189E+02	  3.3146E+02	  3.2359E+02	  3.0495E+02	  3.2983E+02	  3.5260E+02	  3.5457E+02	  3.5199E+02	  3.5869E+02	  3.3257E+02	  3.1209E+02	  3.2043E+02	  3.4771E+02	  3.7409E+02	  3.2581E+02	  3.1874E+02	  2.9175E+02	  2.0284E+02	  1.2506E+02	  5.6554E+01	  2.6511E+01	  9.5144E+00	  8.4921E-01	  3.3261E-02	  0.0000E+00	  0.0000E+00	  0.0000E+00	  0.0000E+00	  0.0000E+00	  0.0000E+00	  0.0000E+00	  0.0000E+00	  0.0000E+00	  0.0000E+00	  0.0000E+00	  0.0000E+00	  0.0000E+00	  0.0000E+00	  0.0000E+00	  0.0000E+00	  0.0000E+00	  0.0000E+00	  0.0000E+00	  0.0000E+00	  0.0000E+00	  0.0000E+00	  0.0000E+00	  0.0000E+00	  0.0000E+00	  0.0000E+00	  0.0000E+00	  0.0000E+00	  0.0000E+00	  0.0000E+00	  0.0000E+00
  0.0000E+00	  0.0000E+00	  0.0000E+00	  0.0000E+00	  0.0000E+00	  0.0000E+00	  0.0000E+00	  0.0000E+00	  0.0000E+00	  0.0000E+00	  0.0000E+00	  0.0000E+00	  0.0000E+00	  0.0000E+00	  0.0000E+00	  0.0000E+00	  0.0000E+00	  0.0000E+00	  0.0000E+00	  0.0000E+00	  0.0000E+00	  0.0000E+00	  0.0000E+00	  0.0000E+00	  0.0000E+00	  0.0000E+00	  1.9745E+00	  2.7796E+00	  1.3361E+00	  8.0166E+00	  2.2047E+01	  5.7799E+01	  9.2273E+01	  1.0671E+02	  1.5981E+02	  1.8476E+02	  2.2003E+02	  2.3626E+02	  2.3601E+02	  2.5076E+02	  2.5738E+02	  2.3580E+02	  2.5949E+02	  2.6554E+02	  2.5596E+02	  2.5371E+02	  2.1756E+02	  2.1094E+02	  2.0551E+02	  2.2499E+02	  2.5897E+02	  2.5224E+02	  2.9206E+02	  3.3526E+02	  3.5899E+02	  3.5351E+02	  2.9669E+02	  2.8692E+02	  3.0301E+02	  3.0229E+02	  2.9053E+02	  3.1462E+02	  3.2602E+02	  3.4185E+02	  3.3774E+02	  3.3942E+02	  3.3890E+02	  3.3863E+02	  3.4168E+02	  2.9758E+02	  3.1834E+02	  3.1497E+02	  3.3035E+02	  3.3443E+02	  3.4897E+02	  3.8204E+02	  3.5188E+02	  3.4146E+02	  3.5268E+02	  3.4544E+02	  3.5550E+02	  3.3583E+02	  3.3462E+02	  2.9267E+02	  3.3239E+02	  3.7421E+02	  3.8123E+02	  3.8693E+02	  3.8713E+02	  3.3544E+02	  2.3358E+02	  1.5168E+02	  8.3160E+01	  4.1030E+01	  1.8482E+01	  2.5064E+00	  4.1512E-01	  0.0000E+00	  0.0000E+00	  0.0000E+00	  0.0000E+00	  0.0000E+00	  0.0000E+00	  0.0000E+00	  0.0000E+00	  0.0000E+00	  0.0000E+00	  0.0000E+00	  0.0000E+00	  0.0000E+00	  0.0000E+00	  0.0000E+00	  0.0000E+00	  0.0000E+00	  0.0000E+00	  0.0000E+00	  0.0000E+00	  0.0000E+00	  0.0000E+00	  0.0000E+00	  0.0000E+00	  0.0000E+00	  0.0000E+00	  0.0000E+00	  0.0000E+00	  0.0000E+00	  0.0000E+00	  0.0000E+00
  0.0000E+00	  0.0000E+00	  0.0000E+00	  0.0000E+00	  0.0000E+00	  0.0000E+00	  0.0000E+00	  0.0000E+00	  0.0000E+00	  0.0000E+00	  0.0000E+00	  0.0000E+00	  0.0000E+00	  0.0000E+00	  0.0000E+00	  0.0000E+00	  0.0000E+00	  0.0000E+00	  0.0000E+00	  0.0000E+00	  0.0000E+00	  0.0000E+00	  0.0000E+00	  0.0000E+00	  0.0000E+00	  0.0000E+00	  1.4668E+00	  2.6222E+00	  3.0343E+00	  1.1050E+01	  4.4902E+01	  9.9523E+01	  1.3311E+02	  1.6676E+02	  2.0022E+02	  2.3913E+02	  2.5899E+02	  2.8416E+02	  2.7292E+02	  2.9332E+02	  2.8634E+02	  2.7918E+02	  2.6948E+02	  2.6048E+02	  2.7735E+02	  2.4755E+02	  2.3809E+02	  2.4928E+02	  2.2858E+02	  2.4510E+02	  2.6107E+02	  2.4066E+02	  2.7848E+02	  3.2322E+02	  3.5115E+02	  3.3415E+02	  3.3849E+02	  3.3558E+02	  3.2761E+02	  3.3108E+02	  2.8321E+02	  3.0302E+02	  3.3662E+02	  3.3831E+02	  3.5383E+02	  3.7491E+02	  3.8538E+02	  3.7704E+02	  3.7539E+02	  3.2380E+02	  3.0275E+02	  3.3207E+02	  3.7669E+02	  3.7908E+02	  3.6070E+02	  4.1362E+02	  3.6622E+02	  3.5386E+02	  3.6743E+02	  3.5727E+02	  3.4582E+02	  3.3326E+02	  3.3685E+02	  2.9971E+02	  3.1388E+02	  3.5902E+02	  3.6746E+02	  3.7575E+02	  3.8446E+02	  3.6058E+02	  2.9300E+02	  2.0851E+02	  1.2598E+02	  6.2698E+01	  2.1114E+01	  4.3646E+00	  7.2576E-01	  0.0000E+00	  0.0000E+00	  0.0000E+00	  0.0000E+00	  0.0000E+00	  0.0000E+00	  0.0000E+00	  0.0000E+00	  0.0000E+00	  0.0000E+00	  0.0000E+00	  0.0000E+00	  0.0000E+00	  0.0000E+00	  0.0000E+00	  0.0000E+00	  0.0000E+00	  0.0000E+00	  0.0000E+00	  0.0000E+00	  0.0000E+00	  0.0000E+00	  0.0000E+00	  0.0000E+00	  0.0000E+00	  0.0000E+00	  0.0000E+00	  0.0000E+00	  0.0000E+00	  0.0000E+00	  0.0000E+00
  0.0000E+00	  0.0000E+00	  0.0000E+00	  0.0000E+00	  0.0000E+00	  0.0000E+00	  0.0000E+00	  0.0000E+00	  0.0000E+00	  0.0000E+00	  0.0000E+00	  0.0000E+00	  0.0000E+00	  0.0000E+00	  0.0000E+00	  0.0000E+00	  0.0000E+00	  0.0000E+00	  0.0000E+00	  0.0000E+00	  0.0000E+00	  0.0000E+00	  0.0000E+00	  0.0000E+00	  0.0000E+00	  4.2444E-01	  3.8079E-01	  2.0309E+00	  6.4181E+00	  2.3064E+01	  7.1045E+01	  1.2382E+02	  1.7574E+02	  2.2226E+02	  2.0458E+02	  2.2833E+02	  2.3624E+02	  2.4970E+02	  2.5928E+02	  2.7964E+02	  2.9080E+02	  2.9112E+02	  2.7839E+02	  2.6047E+02	  2.5911E+02	  2.3364E+02	  2.3433E+02	  2.6016E+02	  2.9478E+02	  3.1881E+02	  3.0095E+02	  2.8125E+02	  2.9382E+02	  3.3769E+02	  3.3771E+02	  3.1084E+02	  3.5345E+02	  3.4991E+02	  3.5156E+02	  3.4523E+02	  3.2988E+02	  3.2246E+02	  3.3173E+02	  3.3382E+02	  3.4529E+02	  3.6323E+02	  4.0260E+02	  3.7157E+02	  3.2265E+02	  3.2377E+02	  3.2975E+02	  3.6875E+02	  3.9628E+02	  3.6899E+02	  3.6440E+02	  3.5694E+02	  3.5675E+02	  3.3686E+02	  3.7016E+02	  3.4375E+02	  3.3625E+02	  3.4058E+02	  3.1038E+02	  3.2334E+02	  3.4681E+02	  3.8921E+02	  3.7972E+02	  3.7140E+02	  3.6716E+02	  3.7370E+02	  3.4137E+02	  2.3884E+02	  1.6916E+02	  1.0234E+02	  3.8096E+01	  1.0664E+01	  2.3487E+00	  2.4293E-02	  0.0000E+00	  0.0000E+00	  0.0000E+00	  0.0000E+00	  0.0000E+00	  0.0000E+00	  0.0000E+00	  0.0000E+00	  0.0000E+00	  0.0000E+00	  0.0000E+00	  0.0000E+00	  0.0000E+00	  0.0000E+00	  0.0000E+00	  0.0000E+00	  0.0000E+00	  0.0000E+00	  0.0000E+00	  0.0000E+00	  0.0000E+00	  0.0000E+00	  0.0000E+00	  0.0000E+00	  0.0000E+00	  0.0000E+00	  0.0000E+00	  0.0000E+00	  0.0000E+00	  0.0000E+00
  0.0000E+00	  0.0000E+00	  0.0000E+00	  0.0000E+00	  0.0000E+00	  0.0000E+00	  0.0000E+00	  0.0000E+00	  0.0000E+00	  0.0000E+00	  0.0000E+00	  0.0000E+00	  0.0000E+00	  0.0000E+00	  0.0000E+00	  0.0000E+00	  0.0000E+00	  0.0000E+00	  0.0000E+00	  0.0000E+00	  0.0000E+00	  0.0000E+00	  0.0000E+00	  0.0000E+00	  0.0000E+00	  3.0503E-01	  9.8791E-01	  1.5390E+00	  1.1499E+01	  4.0414E+01	  9.5548E+01	  1.4597E+02	  1.7472E+02	  2.0356E+02	  2.0260E+02	  2.1859E+02	  2.1908E+02	  2.2765E+02	  2.4892E+02	  2.6722E+02	  2.8113E+02	  2.9511E+02	  2.7400E+02	  2.6769E+02	  2.3539E+02	  2.4437E+02	  2.4825E+02	  2.7102E+02	  2.8350E+02	  3.0544E+02	  3.2606E+02	  3.1396E+02	  2.9563E+02	  3.3537E+02	  3.2109E+02	  3.1535E+02	  3.3047E+02	  3.3740E+02	  3.5914E+02	  3.6583E+02	  3.6797E+02	  3.3594E+02	  3.2544E+02	  3.4194E+02	  3.2900E+02	  3.6119E+02	  3.8130E+02	  3.5778E+02	  3.1358E+02	  3.2807E+02	  3.6028E+02	  3.6891E+02	  3.8163E+02	  3.6831E+02	  3.4992E+02	  3.5093E+02	  3.4629E+02	  3.2325E+02	  3.4244E+02	  3.3839E+02	  3.2717E+02	  3.4289E+02	  3.4132E+02	  3.4612E+02	  3.5793E+02	  3.5989E+02	  3.5319E+02	  3.5980E+02	  3.5886E+02	  3.2273E+02	  3.5316E+02	  2.7351E+02	  1.8783E+02	  9.7361E+01	  3.7380E+01	  1.3055E+01	  2.2649E+00	  3.0478E-01	  0.0000E+00	  0.0000E+00	  0.0000E+00	  0.0000E+00	  0.0000E+00	  0.0000E+00	  0.0000E+00	  0.0000E+00	  0.0000E+00	  0.0000E+00	  0.0000E+00	  0.0000E+00	  0.0000E+00	  0.0000E+00	  0.0000E+00	  0.0000E+00	  0.0000E+00	  0.0000E+00	  0.0000E+00	  0.0000E+00	  0.0000E+00	  0.0000E+00	  0.0000E+00	  0.0000E+00	  0.0000E+00	  0.0000E+00	  0.0000E+00	  0.0000E+00	  0.0000E+00	  0.0000E+00
  0.0000E+00	  0.0000E+00	  0.0000E+00	  0.0000E+00	  0.0000E+00	  0.0000E+00	  0.0000E+00	  0.0000E+00	  0.0000E+00	  0.0000E+00	  0.0000E+00	  0.0000E+00	  0.0000E+00	  0.0000E+00	  0.0000E+00	  0.0000E+00	  0.0000E+00	  0.0000E+00	  0.0000E+00	  0.0000E+00	  0.0000E+00	  0.0000E+00	  0.0000E+00	  1.1485E-04	  2.7080E-02	  7.2674E-01	  9.3185E-01	  5.2456E+00	  1.9722E+01	  6.9436E+01	  1.2436E+02	  1.6490E+02	  1.8994E+02	  2.0216E+02	  2.1799E+02	  2.1798E+02	  2.3037E+02	  2.3810E+02	  2.3407E+02	  2.7473E+02	  2.8016E+02	  2.6391E+02	  2.7057E+02	  2.8618E+02	  2.4945E+02	  2.4192E+02	  2.6163E+02	  2.5622E+02	  2.9076E+02	  3.4080E+02	  3.5757E+02	  3.3103E+02	  3.3693E+02	  3.3380E+02	  3.4647E+02	  3.1438E+02	  3.3430E+02	  3.4747E+02	  3.8622E+02	  3.5824E+02	  3.7709E+02	  3.2654E+02	  3.2399E+02	  3.3316E+02	  3.5720E+02	  3.4703E+02	  3.4241E+02	  3.3489E+02	  3.1614E+02	  3.5320E+02	  3.4604E+02	  3.5016E+02	  3.5977E+02	  3.5679E+02	  3.3327E+02	  3.3990E+02	  3.4790E+02	  3.4983E+02	  3.7184E+02	  3.9505E+02	  3.8170E+02	  3.6000E+02	  3.4307E+02	  3.5710E+02	  3.6284E+02	  3.5884E+02	  3.4311E+02	  3.4976E+02	  3.8048E+02	  3.7022E+02	  3.2649E+02	  2.7511E+02	  1.8958E+02	  1.1223E+02	  4.5711E+01	  1.0594E+01	  2.4184E+00	  2.4490E-01	  0.0000E+00	  0.0000E+00	  0.0000E+00	  0.0000E+00	  0.0000E+00	  0.0000E+00	  0.0000E+00	  0.0000E+00	  0.0000E+00	  0.0000E+00	  0.0000E+00	  0.0000E+00	  0.0000E+00	  0.0000E+00	  0.0000E+00	  0.0000E+00	  0.0000E+00	  0.0000E+00	  0.0000E+00	  0.0000E+00	  0.0000E+00	  0.0000E+00	  0.0000E+00	  0.0000E+00	  0.0000E+00	  0.0000E+00	  0.0000E+00	  0.0000E+00	  0.0000E+00	  0.0000E+00
  0.0000E+00	  0.0000E+00	  0.0000E+00	  0.0000E+00	  0.0000E+00	  0.0000E+00	  0.0000E+00	  0.0000E+00	  0.0000E+00	  0.0000E+00	  0.0000E+00	  0.0000E+00	  0.0000E+00	  0.0000E+00	  0.0000E+00	  0.0000E+00	  0.0000E+00	  0.0000E+00	  0.0000E+00	  0.0000E+00	  0.0000E+00	  0.0000E+00	  0.0000E+00	  8.5473E-02	  9.4912E-01	  1.9314E+00	  5.4823E+00	  1.8786E+01	  5.0944E+01	  9.3304E+01	  1.4126E+02	  2.0970E+02	  2.2284E+02	  2.2203E+02	  2.3491E+02	  2.0363E+02	  2.0509E+02	  2.0425E+02	  2.1236E+02	  2.6212E+02	  2.8659E+02	  2.5291E+02	  2.7978E+02	  3.1853E+02	  2.9342E+02	  2.9002E+02	  3.0701E+02	  2.9228E+02	  3.3217E+02	  3.6938E+02	  3.4731E+02	  3.3064E+02	  3.6460E+02	  3.5254E+02	  3.2019E+02	  3.4260E+02	  3.2457E+02	  3.4189E+02	  3.6943E+02	  3.7335E+02	  3.8940E+02	  3.3461E+02	  3.1308E+02	  3.6207E+02	  3.7529E+02	  3.4353E+02	  3.5355E+02	  3.5196E+02	  3.3396E+02	  3.4540E+02	  3.2167E+02	  3.2659E+02	  3.1910E+02	  3.2354E+02	  3.3976E+02	  3.0860E+02	  3.4979E+02	  3.8027E+02	  4.0879E+02	  4.2413E+02	  3.7984E+02	  3.6399E+02	  3.5200E+02	  3.2145E+02	  3.4500E+02	  3.2493E+02	  3.3478E+02	  3.2894E+02	  3.5057E+02	  3.8446E+02	  3.6036E+02	  2.8475E+02	  2.1186E+02	  1.2841E+02	  5.4703E+01	  2.3221E+01	  5.1028E+00	  3.0979E-01	  0.0000E+00	  0.0000E+00	  0.0000E+00	  0.0000E+00	  0.0000E+00	  0.0000E+00	  0.0000E+00	  0.0000E+00	  0.0000E+00	  0.0000E+00	  0.0000E+00	  0.0000E+00	  0.0000E+00	  0.0000E+00	  0.0000E+00	  0.0000E+00	  0.0000E+00	  0.0000E+00	  0.0000E+00	  0.0000E+00	  0.0000E+00	  0.0000E+00	  0.0000E+00	  0.0000E+00	  0.0000E+00	  0.0000E+00	  0.0000E+00	  0.0000E+00	  0.0000E+00	  0.0000E+00
  0.0000E+00	  0.0000E+00	  0.0000E+00	  0.0000E+00	  0.0000E+00	  0.0000E+00	  0.0000E+00	  0.0000E+00	  0.0000E+00	  0.0000E+00	  0.0000E+00	  0.0000E+00	  0.0000E+00	  0.0000E+00	  0.0000E+00	  0.0000E+00	  0.0000E+00	  0.0000E+00	  0.0000E+00	  0.0000E+00	  0.0000E+00	  0.0000E+00	  0.0000E+00	  0.0000E+00	  4.5238E-01	  2.0537E+00	  8.5491E+00	  2.5547E+01	  5.5685E+01	  9.5340E+01	  1.7094E+02	  2.1839E+02	  2.3167E+02	  2.3168E+02	  2.4311E+02	  2.0164E+02	  2.1494E+02	  2.6399E+02	  2.9717E+02	  2.8618E+02	  2.7580E+02	  2.8803E+02	  3.0878E+02	  3.3350E+02	  3.4275E+02	  3.1998E+02	  3.3600E+02	  3.2590E+02	  3.3855E+02	  3.2934E+02	  3.1759E+02	  3.4371E+02	  3.3687E+02	  3.5737E+02	  3.3679E+02	  3.4731E+02	  3.5993E+02	  3.8135E+02	  3.5140E+02	  3.6172E+02	  3.5607E+02	  3.4539E+02	  3.3775E+02	  3.8046E+02	  3.9229E+02	  3.7230E+02	  3.5795E+02	  3.4626E+02	  3.3784E+02	  3.5472E+02	  3.1882E+02	  3.4050E+02	  3.3229E+02	  3.2123E+02	  3.2519E+02	  3.0926E+02	  3.5380E+02	  3.8196E+02	  4.1834E+02	  4.3027E+02	  3.7790E+02	  3.5854E+02	  3.2804E+02	  3.3160E+02	  3.2627E+02	  3.1672E+02	  3.2559E+02	  3.5639E+02	  3.7599E+02	  3.7163E+02	  3.6467E+02	  2.9064E+02	  2.2206E+02	  1.2471E+02	  6.1834E+01	  2.9509E+01	  7.7069E+00	  4.5473E-01	  1.2635E-02	  0.0000E+00	  0.0000E+00	  0.0000E+00	  0.0000E+00	  0.0000E+00	  0.0000E+00	  0.0000E+00	  0.0000E+00	  0.0000E+00	  0.0000E+00	  0.0000E+00	  0.0000E+00	  0.0000E+00	  0.0000E+00	  0.0000E+00	  0.0000E+00	  0.0000E+00	  0.0000E+00	  0.0000E+00	  0.0000E+00	  0.0000E+00	  0.0000E+00	  0.0000E+00	  0.0000E+00	  0.0000E+00	  0.0000E+00	  0.0000E+00	  0.0000E+00	  0.0000E+00
  0.0000E+00	  0.0000E+00	  0.0000E+00	  0.0000E+00	  0.0000E+00	  0.0000E+00	  0.0000E+00	  0.0000E+00	  0.0000E+00	  0.0000E+00	  0.0000E+00	  0.0000E+00	  0.0000E+00	  0.0000E+00	  0.0000E+00	  0.0000E+00	  0.0000E+00	  0.0000E+00	  0.0000E+00	  0.0000E+00	  0.0000E+00	  0.0000E+00	  0.0000E+00	  0.0000E+00	  1.3012E+00	  5.4409E+00	  1.1199E+01	  2.6668E+01	  7.5741E+01	  1.2566E+02	  1.6835E+02	  2.0357E+02	  2.2260E+02	  2.4567E+02	  2.4877E+02	  2.6155E+02	  2.3040E+02	  2.5035E+02	  2.7090E+02	  2.7693E+02	  2.7141E+02	  3.0382E+02	  3.2896E+02	  3.1092E+02	  3.2173E+02	  3.4969E+02	  3.3718E+02	  3.1350E+02	  3.1972E+02	  3.3583E+02	  3.2847E+02	  3.5456E+02	  3.1755E+02	  3.3610E+02	  3.5863E+02	  3.4162E+02	  3.4816E+02	  3.6708E+02	  3.3328E+02	  3.3601E+02	  3.5293E+02	  3.4337E+02	  3.4891E+02	  3.6192E+02	  3.4755E+02	  3.4842E+02	  3.5777E+02	  3.5702E+02	  3.8126E+02	  3.6219E+02	  3.3832E+02	  3.8484E+02	  3.5897E+02	  3.2650E+02	  2.9233E+02	  3.2321E+02	  3.5243E+02	  3.6671E+02	  4.1463E+02	  3.8035E+02	  3.6393E+02	  3.5812E+02	  3.3343E+02	  3.3190E+02	  3.2143E+02	  3.0860E+02	  3.2306E+02	  3.5729E+02	  3.6845E+02	  3.6498E+02	  3.7352E+02	  3.0731E+02	  2.4125E+02	  1.5338E+02	  6.8511E+01	  3.0229E+01	  1.0637E+01	  2.8203E+00	  2.3246E-01	  0.0000E+00	  0.0000E+00	  0.0000E+00	  0.0000E+00	  0.0000E+00	  0.0000E+00	  0.0000E+00	  0.0000E+00	  0.0000E+00	  0.0000E+00	  0.0000E+00	  0.0000E+00	  0.0000E+00	  0.0000E+00	  0.0000E+00	  0.0000E+00	  0.0000E+00	  0.0000E+00	  0.0000E+00	  0.0000E+00	  0.0000E+00	  0.0000E+00	  0.0000E+00	  0.0000E+00	  0.0000E+00	  0.0000E+00	  0.0000E+00	  0.0000E+00	  0.0000E+00
  0.0000E+00	  0.0000E+00	  0.0000E+00	  0.0000E+00	  0.0000E+00	  0.0000E+00	  0.0000E+00	  0.0000E+00	  0.0000E+00	  0.0000E+00	  0.0000E+00	  0.0000E+00	  0.0000E+00	  0.0000E+00	  0.0000E+00	  0.0000E+00	  0.0000E+00	  0.0000E+00	  0.0000E+00	  0.0000E+00	  0.0000E+00	  0.0000E+00	  0.0000E+00	  0.0000E+00	  8.6503E-01	  5.4525E+00	  1.4445E+01	  4.0447E+01	  9.1577E+01	  1.2683E+02	  1.6335E+02	  2.0935E+02	  2.4691E+02	  2.7273E+02	  2.5520E+02	  2.6716E+02	  2.4687E+02	  2.4457E+02	  2.4475E+02	  2.7089E+02	  2.8819E+02	  2.8677E+02	  3.1020E+02	  3.0206E+02	  3.0297E+02	  3.3044E+02	  3.4687E+02	  3.1945E+02	  3.2869E+02	  3.6341E+02	  3.6269E+02	  3.4154E+02	  3.4969E+02	  3.4986E+02	  3.6419E+02	  3.3323E+02	  3.3355E+02	  3.4179E+02	  3.4380E+02	  3.5294E+02	  3.4008E+02	  3.2383E+02	  3.4369E+02	  3.6037E+02	  3.2537E+02	  3.5301E+02	  3.6013E+02	  3.3896E+02	  3.5854E+02	  3.2600E+02	  3.3270E+02	  3.4166E+02	  3.2391E+02	  3.1737E+02	  2.8652E+02	  2.7388E+02	  2.9829E+02	  3.3851E+02	  3.7646E+02	  3.5855E+02	  3.6484E+02	  3.7512E+02	  3.5736E+02	  3.1665E+02	  3.3975E+02	  3.1960E+02	  3.1983E+02	  3.1905E+02	  3.4908E+02	  3.5467E+02	  3.8134E+02	  3.4248E+02	  2.7639E+02	  1.8255E+02	  9.0389E+01	  5.1621E+01	  2.3146E+01	  3.7664E+00	  8.2891E-03	  0.0000E+00	  0.0000E+00	  0.0000E+00	  0.0000E+00	  0.0000E+00	  0.0000E+00	  0.0000E+00	  0.0000E+00	  0.0000E+00	  0.0000E+00	  0.0000E+00	  0.0000E+00	  0.0000E+00	  0.0000E+00	  0.0000E+00	  0.0000E+00	  0.0000E+00	  0.0000E+00	  0.0000E+00	  0.0000E+00	  0.0000E+00	  0.0000E+00	  0.0000E+00	  0.0000E+00	  0.0000E+00	  0.0000E+00	  0.0000E+00	  0.0000E+00	  0.0000E+00
  0.0000E+00	  0.0000E+00	  0.0000E+00	  0.0000E+00	  0.0000E+00	  0.0000E+00	  0.0000E+00	  0.0000E+00	  0.0000E+00	  0.0000E+00	  0.0000E+00	  0.0000E+00	  0.0000E+00	  0.0000E+00	  0.0000E+00	  0.0000E+00	  0.0000E+00	  0.0000E+00	  0.0000E+00	  0.0000E+00	  0.0000E+00	  0.0000E+00	  2.1126E-01	  7.2535E-01	  1.5403E+00	  7.5532E+00	  2.5148E+01	  5.6022E+01	  1.0461E+02	  1.3779E+02	  1.6536E+02	  1.9479E+02	  2.2551E+02	  2.6146E+02	  2.7088E+02	  2.4959E+02	  2.3488E+02	  2.3372E+02	  2.4720E+02	  2.5653E+02	  2.9398E+02	  2.7119E+02	  2.8584E+02	  3.0019E+02	  3.1442E+02	  3.4038E+02	  3.3432E+02	  3.2542E+02	  3.2958E+02	  3.7023E+02	  3.8065E+02	  3.6629E+02	  3.7081E+02	  3.5518E+02	  3.5338E+02	  3.3979E+02	  3.3792E+02	  3.6890E+02	  3.4059E+02	  3.3915E+02	  2.9088E+02	  2.7814E+02	  3.0448E+02	  3.3036E+02	  3.3028E+02	  3.1628E+02	  3.2028E+02	  3.5497E+02	  3.7078E+02	  3.7124E+02	  3.4736E+02	  3.2865E+02	  3.0701E+02	  2.6095E+02	  2.9860E+02	  3.1087E+02	  2.9986E+02	  3.0548E+02	  3.2998E+02	  3.5164E+02	  3.5019E+02	  3.6045E+02	  3.5667E+02	  3.3898E+02	  3.3088E+02	  3.3303E+02	  3.2284E+02	  2.8966E+02	  3.2449E+02	  3.5048E+02	  3.4354E+02	  3.5193E+02	  2.7259E+02	  1.8814E+02	  1.2758E+02	  6.8075E+01	  2.4310E+01	  7.3419E+00	  5.9480E-01	  9.7099E-02	  0.0000E+00	  0.0000E+00	  0.0000E+00	  0.0000E+00	  0.0000E+00	  0.0000E+00	  0.0000E+00	  0.0000E+00	  0.0000E+00	  0.0000E+00	  0.0000E+00	  0.0000E+00	  0.0000E+00	  0.0000E+00	  0.0000E+00	  0.0000E+00	  0.0000E+00	  0.0000E+00	  0.0000E+00	  0.0000E+00	  0.0000E+00	  0.0000E+00	  0.0000E+00	  0.0000E+00	  0.0000E+00	  0.0000E+00	  0.0000E+00	  0.0000E+00
  0.0000E+00	  0.0000E+00	  0.0000E+00	  0.0000E+00	  0.0000E+00	  0.0000E+00	  0.0000E+00	  0.0000E+00	  0.0000E+00	  0.0000E+00	  0.0000E+00	  0.0000E+00	  0.0000E+00	  0.0000E+00	  0.0000E+00	  0.0000E+00	  0.0000E+00	  0.0000E+00	  0.0000E+00	  0.0000E+00	  0.0000E+00	  0.0000E+00	  6.0089E-02	  5.8573E-01	  4.1618E+00	  1.0766E+01	  3.4904E+01	  7.0289E+01	  1.2279E+02	  1.4929E+02	  1.7147E+02	  2.1497E+02	  2.3770E+02	  2.2572E+02	  2.4014E+02	  2.3831E+02	  2.3344E+02	  2.3516E+02	  2.4045E+02	  2.3277E+02	  2.9578E+02	  2.9182E+02	  3.0645E+02	  3.0078E+02	  3.1601E+02	  3.3273E+02	  3.1402E+02	  3.4896E+02	  3.7167E+02	  3.9338E+02	  3.7704E+02	  3.6838E+02	  3.7613E+02	  3.4875E+02	  3.2691E+02	  3.3018E+02	  3.1448E+02	  3.4259E+02	  3.2785E+02	  3.0734E+02	  2.8184E+02	  2.8112E+02	  2.8076E+02	  2.9461E+02	  3.0565E+02	  3.0270E+02	  3.2109E+02	  3.2999E+02	  3.5035E+02	  3.5282E+02	  3.4163E+02	  3.3250E+02	  2.9566E+02	  2.5334E+02	  2.8989E+02	  2.8834E+02	  3.0183E+02	  3.0730E+02	  3.4847E+02	  3.6463E+02	  3.5203E+02	  3.6285E+02	  3.3054E+02	  3.5513E+02	  3.4379E+02	  3.3956E+02	  3.1632E+02	  2.9788E+02	  3.1978E+02	  3.2123E+02	  3.2581E+02	  3.2223E+02	  3.1597E+02	  2.3513E+02	  1.5544E+02	  6.9135E+01	  2.5701E+01	  1.1575E+01	  6.1441E+00	  5.6489E-01	  0.0000E+00	  0.0000E+00	  0.0000E+00	  0.0000E+00	  0.0000E+00	  0.0000E+00	  0.0000E+00	  0.0000E+00	  0.0000E+00	  0.0000E+00	  0.0000E+00	  0.0000E+00	  0.0000E+00	  0.0000E+00	  0.0000E+00	  0.0000E+00	  0.0000E+00	  0.0000E+00	  0.0000E+00	  0.0000E+00	  0.0000E+00	  0.0000E+00	  0.0000E+00	  0.0000E+00	  0.0000E+00	  0.0000E+00	  0.0000E+00	  0.0000E+00
  0.0000E+00	  0.0000E+00	  0.0000E+00	  0.0000E+00	  0.0000E+00	  0.0000E+00	  0.0000E+00	  0.0000E+00	  0.0000E+00	  0.0000E+00	  0.0000E+00	  0.0000E+00	  0.0000E+00	  0.0000E+00	  0.0000E+00	  0.0000E+00	  0.0000E+00	  0.0000E+00	  0.0000E+00	  0.0000E+00	  0.0000E+00	  0.0000E+00	  0.0000E+00	  8.1353E-01	  6.1655E+00	  1.0656E+01	  3.3660E+01	  6.6150E+01	  1.1166E+02	  1.6051E+02	  2.0004E+02	  2.3115E+02	  2.1952E+02	  2.5133E+02	  2.3078E+02	  2.4291E+02	  2.3354E+02	  2.5151E+02	  2.2110E+02	  2.6784E+02	  2.8759E+02	  2.9229E+02	  2.9467E+02	  3.1217E+02	  3.1662E+02	  3.3397E+02	  3.4777E+02	  3.7197E+02	  3.8072E+02	  3.7626E+02	  3.5981E+02	  3.2132E+02	  3.6610E+02	  3.3244E+02	  3.2052E+02	  3.2883E+02	  3.1882E+02	  3.1442E+02	  2.8400E+02	  2.8827E+02	  2.9514E+02	  2.7684E+02	  2.6319E+02	  2.8807E+02	  3.0189E+02	  3.0665E+02	  3.1266E+02	  3.2006E+02	  3.0579E+02	  3.1428E+02	  3.0424E+02	  3.0333E+02	  2.8833E+02	  2.6820E+02	  2.7094E+02	  2.7840E+02	  3.2549E+02	  3.1797E+02	  3.1175E+02	  3.3894E+02	  3.4841E+02	  4.0130E+02	  3.7274E+02	  3.5088E+02	  3.2446E+02	  3.2651E+02	  2.9791E+02	  2.8117E+02	  2.8310E+02	  3.2391E+02	  3.4664E+02	  3.6849E+02	  3.6734E+02	  2.6937E+02	  1.7421E+02	  8.4197E+01	  3.3733E+01	  2.0097E+01	  6.5266E+00	  6.6811E-01	  2.9482E-02	  0.0000E+00	  0.0000E+00	  0.0000E+00	  0.0000E+00	  0.0000E+00	  0.0000E+00	  0.0000E+00	  0.0000E+00	  0.0000E+00	  0.0000E+00	  0.0000E+00	  0.0000E+00	  0.0000E+00	  0.0000E+00	  0.0000E+00	  0.0000E+00	  0.0000E+00	  0.0000E+00	  0.0000E+00	  0.0000E+00	  0.0000E+00	  0.0000E+00	  0.0000E+00	  0.0000E+00	  0.0000E+00	  0.0000E+00	  0.0000E+00
  0.0000E+00	  0.0000E+00	  0.0000E+00	  0.0000E+00	  0.0000E+00	  0.0000E+00	  0.0000E+00	  0.0000E+00	  0.0000E+00	  0.0000E+00	  0.0000E+00	  0.0000E+00	  0.0000E+00	  0.0000E+00	  0.0000E+00	  0.0000E+00	  0.0000E+00	  0.0000E+00	  0.0000E+00	  0.0000E+00	  0.0000E+00	  0.0000E+00	  0.0000E+00	  2.7921E-01	  3.9033E+00	  9.5955E+00	  4.1961E+01	  8.8456E+01	  1.4479E+02	  1.8662E+02	  2.1230E+02	  2.3432E+02	  2.3173E+02	  2.4676E+02	  2.5387E+02	  2.4661E+02	  2.5039E+02	  2.3268E+02	  2.2475E+02	  2.7849E+02	  2.5950E+02	  2.7075E+02	  2.9040E+02	  2.8905E+02	  2.9139E+02	  3.2311E+02	  3.3279E+02	  3.6092E+02	  3.7005E+02	  3.6403E+02	  3.1690E+02	  2.9316E+02	  3.2485E+02	  3.3351E+02	  3.0292E+02	  2.9100E+02	  3.0781E+02	  2.9795E+02	  2.7783E+02	  2.9637E+02	  2.8930E+02	  2.5936E+02	  2.5993E+02	  2.7855E+02	  2.9364E+02	  3.0507E+02	  3.1131E+02	  2.9975E+02	  2.9368E+02	  2.7261E+02	  2.7192E+02	  2.9121E+02	  2.6049E+02	  2.5213E+02	  2.9357E+02	  2.9849E+02	  3.4010E+02	  3.4453E+02	  3.3775E+02	  3.3844E+02	  3.3120E+02	  3.5084E+02	  3.6523E+02	  3.4865E+02	  3.5715E+02	  3.2898E+02	  2.9955E+02	  2.8504E+02	  3.0368E+02	  3.2940E+02	  3.3837E+02	  3.8708E+02	  3.8627E+02	  2.9753E+02	  1.8379E+02	  8.5035E+01	  5.2403E+01	  2.7179E+01	  7.2638E+00	  1.9564E+00	  7.9488E-02	  0.0000E+00	  0.0000E+00	  0.0000E+00	  0.0000E+00	  0.0000E+00	  0.0000E+00	  0.0000E+00	  0.0000E+00	  0.0000E+00	  0.0000E+00	  0.0000E+00	  0.0000E+00	  0.0000E+00	  0.0000E+00	  0.0000E+00	  0.0000E+00	  0.0000E+00	  0.0000E+00	  0.0000E+00	  0.0000E+00	  0.0000E+00	  0.0000E+00	  0.0000E+00	  0.0000E+00	  0.0000E+00	  0.0000E+00	  0.0000E+00
  0.0000E+00	  0.0000E+00	  0.0000E+00	  0.0000E+00	  0.0000E+00	  0.0000E+00	  0.0000E+00	  0.0000E+00	  0.0000E+00	  0.0000E+00	  0.0000E+00	  0.0000E+00	  0.0000E+00	  0.0000E+00	  0.0000E+00	  0.0000E+00	  0.0000E+00	  0.0000E+00	  0.0000E+00	  0.0000E+00	  0.0000E+00	  0.0000E+00	  0.0000E+00	  2.6730E-01	  4.4459E+00	  1.7126E+01	  5.1983E+01	  9.3850E+01	  1.7388E+02	  2.2197E+02	  2.3383E+02	  2.2366E+02	  2.4709E+02	  2.3654E+02	  2.5372E+02	  2.4615E+02	  2.2460E+02	  2.5101E+02	  2.6136E+02	  2.6580E+02	  2.7968E+02	  2.8744E+02	  3.1192E+02	  2.8866E+02	  3.0575E+02	  3.2453E+02	  3.3368E+02	  3.4985E+02	  3.6578E+02	  3.4262E+02	  3.2153E+02	  3.0295E+02	  3.1951E+02	  3.1386E+02	  2.8870E+02	  2.6608E+02	  2.8774E+02	  2.9155E+02	  3.1391E+02	  2.9869E+02	  3.0132E+02	  2.6476E+02	  2.4099E+02	  2.6933E+02	  2.8498E+02	  3.1574E+02	  3.0080E+02	  2.8514E+02	  2.6772E+02	  2.3165E+02	  2.1356E+02	  2.3653E+02	  2.5444E+02	  2.7092E+02	  2.8162E+02	  3.2081E+02	  3.4969E+02	  3.1753E+02	  3.2426E+02	  3.2788E+02	  3.1080E+02	  3.0702E+02	  3.2650E+02	  3.5107E+02	  3.5910E+02	  3.4237E+02	  3.3517E+02	  2.9200E+02	  3.3698E+02	  3.5140E+02	  3.6361E+02	  3.9655E+02	  3.7575E+02	  3.1378E+02	  2.1357E+02	  9.0220E+01	  3.8508E+01	  2.2324E+01	  5.8741E+00	  1.6711E+00	  2.6923E-02	  0.0000E+00	  0.0000E+00	  0.0000E+00	  0.0000E+00	  0.0000E+00	  0.0000E+00	  0.0000E+00	  0.0000E+00	  0.0000E+00	  0.0000E+00	  0.0000E+00	  0.0000E+00	  0.0000E+00	  0.0000E+00	  0.0000E+00	  0.0000E+00	  0.0000E+00	  0.0000E+00	  0.0000E+00	  0.0000E+00	  0.0000E+00	  0.0000E+00	  0.0000E+00	  0.0000E+00	  0.0000E+00	  0.0000E+00	  0.0000E+00
  0.0000E+00	  0.0000E+00	  0.0000E+00	  0.0000E+00	  0.0000E+00	  0.0000E+00	  0.0000E+00	  0.0000E+00	  0.0000E+00	  0.0000E+00	  0.0000E+00	  0.0000E+00	  0.0000E+00	  0.0000E+00	  0.0000E+00	  0.0000E+00	  0.0000E+00	  0.0000E+00	  0.0000E+00	  0.0000E+00	  0.0000E+00	  0.0000E+00	  0.0000E+00	  3.0740E-01	  5.1033E+00	  2.2002E+01	  5.9205E+01	  9.2381E+01	  1.7039E+02	  2.2944E+02	  2.3384E+02	  2.2896E+02	  2.2903E+02	  2.4198E+02	  2.3627E+02	  2.4845E+02	  2.3018E+02	  2.4656E+02	  2.6626E+02	  2.8287E+02	  2.8356E+02	  2.9603E+02	  3.1491E+02	  3.2222E+02	  3.2853E+02	  3.2583E+02	  2.9772E+02	  3.4787E+02	  3.7074E+02	  3.7571E+02	  3.4859E+02	  3.1831E+02	  3.0354E+02	  2.8480E+02	  2.9216E+02	  2.7964E+02	  2.7238E+02	  3.0114E+02	  3.4004E+02	  3.1568E+02	  2.9655E+02	  2.3522E+02	  2.2048E+02	  2.6338E+02	  2.6286E+02	  2.6047E+02	  2.7433E+02	  2.9342E+02	  2.6272E+02	  2.4684E+02	  2.3189E+02	  2.3772E+02	  2.4435E+02	  2.4541E+02	  2.3810E+02	  2.6380E+02	  2.9243E+02	  3.0384E+02	  3.0802E+02	  2.9892E+02	  2.9507E+02	  3.3579E+02	  3.5487E+02	  3.7159E+02	  3.6262E+02	  3.3218E+02	  3.3234E+02	  3.1238E+02	  3.2238E+02	  3.5495E+02	  3.6898E+02	  3.9528E+02	  3.4074E+02	  2.7513E+02	  2.0624E+02	  1.1271E+02	  4.9932E+01	  2.2337E+01	  9.1308E+00	  5.2393E+00	  8.1405E-01	  0.0000E+00	  0.0000E+00	  0.0000E+00	  0.0000E+00	  0.0000E+00	  0.0000E+00	  0.0000E+00	  0.0000E+00	  0.0000E+00	  0.0000E+00	  0.0000E+00	  0.0000E+00	  0.0000E+00	  0.0000E+00	  0.0000E+00	  0.0000E+00	  0.0000E+00	  0.0000E+00	  0.0000E+00	  0.0000E+00	  0.0000E+00	  0.0000E+00	  0.0000E+00	  0.0000E+00	  0.0000E+00	  0.0000E+00	  0.0000E+00
  0.0000E+00	  0.0000E+00	  0.0000E+00	  0.0000E+00	  0.0000E+00	  0.0000E+00	  0.0000E+00	  0.0000E+00	  0.0000E+00	  0.0000E+00	  0.0000E+00	  0.0000E+00	  0.0000E+00	  0.0000E+00	  0.0000E+00	  0.0000E+00	  0.0000E+00	  0.0000E+00	  0.0000E+00	  0.0000E+00	  0.0000E+00	  0.0000E+00	  2.8787E-01	  8.1101E-01	  6.7745E+00	  3.3744E+01	  6.9153E+01	  1.0248E+02	  1.6549E+02	  2.2472E+02	  2.3933E+02	  2.0999E+02	  2.1881E+02	  2.0524E+02	  2.1188E+02	  2.4159E+02	  2.2634E+02	  2.4065E+02	  2.6567E+02	  3.0615E+02	  3.1910E+02	  3.2004E+02	  3.3421E+02	  3.5022E+02	  3.3814E+02	  3.7150E+02	  3.4440E+02	  3.4447E+02	  3.5468E+02	  3.6993E+02	  3.5076E+02	  3.2779E+02	  3.1027E+02	  2.5782E+02	  2.6777E+02	  2.6529E+02	  2.5047E+02	  2.7711E+02	  3.0317E+02	  2.7231E+02	  2.7132E+02	  2.4939E+02	  2.2842E+02	  2.4264E+02	  2.3330E+02	  2.1936E+02	  2.4906E+02	  2.5787E+02	  2.5140E+02	  2.4473E+02	  2.2760E+02	  2.1430E+02	  2.3761E+02	  2.2223E+02	  2.3562E+02	  2.3885E+02	  2.6730E+02	  2.7058E+02	  2.7671E+02	  2.9076E+02	  3.2353E+02	  3.7905E+02	  3.8542E+02	  4.0066E+02	  3.9204E+02	  3.3382E+02	  3.3923E+02	  3.2924E+02	  3.3853E+02	  3.3674E+02	  3.3828E+02	  3.4695E+02	  3.3030E+02	  2.8030E+02	  2.0802E+02	  1.3044E+02	  6.0317E+01	  2.5340E+01	  1.0172E+01	  4.2008E+00	  6.8624E-01	  0.0000E+00	  0.0000E+00	  0.0000E+00	  0.0000E+00	  0.0000E+00	  0.0000E+00	  0.0000E+00	  0.0000E+00	  0.0000E+00	  0.0000E+00	  0.0000E+00	  0.0000E+00	  0.0000E+00	  0.0000E+00	  0.0000E+00	  0.0000E+00	  0.0000E+00	  0.0000E+00	  0.0000E+00	  0.0000E+00	  0.0000E+00	  0.0000E+00	  0.0000E+00	  0.0000E+00	  0.0000E+00	  0.0000E+00	  0.0000E+00
  0.0000E+00	  0.0000E+00	  0.0000E+00	  0.0000E+00	  0.0000E+00	  0.0000E+00	  0.0000E+00	  0.0000E+00	  0.0000E+00	  0.0000E+00	  0.0000E+00	  0.0000E+00	  0.0000E+00	  0.0000E+00	  0.0000E+00	  0.0000E+00	  0.0000E+00	  0.0000E+00	  0.0000E+00	  0.0000E+00	  0.0000E+00	  0.0000E+00	  1.8890E+00	  2.2239E+00	  6.1921E+00	  2.9863E+01	  6.4940E+01	  1.0446E+02	  1.3443E+02	  1.8998E+02	  2.0233E+02	  2.1370E+02	  2.0832E+02	  2.2895E+02	  2.3799E+02	  2.3880E+02	  2.2012E+02	  2.3262E+02	  2.6950E+02	  3.0097E+02	  3.2280E+02	  3.3359E+02	  3.5433E+02	  3.4950E+02	  3.4042E+02	  3.6398E+02	  3.4114E+02	  3.3532E+02	  3.0855E+02	  3.3112E+02	  3.3133E+02	  3.0300E+02	  2.8830E+02	  2.5247E+02	  2.2869E+02	  2.6414E+02	  2.5030E+02	  2.6006E+02	  3.0555E+02	  2.7042E+02	  2.4341E+02	  2.3132E+02	  2.1540E+02	  2.2942E+02	  2.1460E+02	  2.1932E+02	  2.2697E+02	  2.4160E+02	  2.4773E+02	  2.5069E+02	  2.3523E+02	  2.5444E+02	  2.5077E+02	  2.2231E+02	  2.3225E+02	  2.4950E+02	  2.6367E+02	  2.5452E+02	  2.5756E+02	  2.7761E+02	  3.1304E+02	  3.6525E+02	  3.5964E+02	  3.4608E+02	  3.4923E+02	  3.2750E+02	  3.3928E+02	  3.8647E+02	  3.6407E+02	  3.4862E+02	  3.5597E+02	  3.3384E+02	  3.3643E+02	  2.8303E+02	  2.0395E+02	  1.4602E+02	  7.4608E+01	  2.9004E+01	  6.2959E+00	  3.3182E+00	  6.9290E-01	  0.0000E+00	  0.0000E+00	  0.0000E+00	  0.0000E+00	  0.0000E+00	  0.0000E+00	  0.0000E+00	  0.0000E+00	  0.0000E+00	  0.0000E+00	  0.0000E+00	  0.0000E+00	  0.0000E+00	  0.0000E+00	  0.0000E+00	  0.0000E+00	  0.0000E+00	  0.0000E+00	  0.0000E+00	  0.0000E+00	  0.0000E+00	  0.0000E+00	  0.0000E+00	  0.0000E+00	  0.0000E+00	  0.0000E+00	  0.0000E+00
  0.0000E+00	  0.0000E+00	  0.0000E+00	  0.0000E+00	  0.0000E+00	  0.0000E+00	  0.0000E+00	  0.0000E+00	  0.0000E+00	  0.0000E+00	  0.0000E+00	  0.0000E+00	  0.0000E+00	  0.0000E+00	  0.0000E+00	  0.0000E+00	  0.0000E+00	  0.0000E+00	  0.0000E+00	  0.0000E+00	  0.0000E+00	  2.4974E-01	  1.2561E+00	  2.2241E+00	  1.3074E+01	  3.6508E+01	  7.9623E+01	  1.3271E+02	  1.6452E+02	  1.9030E+02	  2.0209E+02	  2.3270E+02	  2.3256E+02	  2.4169E+02	  2.4665E+02	  2.4727E+02	  2.4435E+02	  2.5316E+02	  2.8858E+02	  2.9755E+02	  3.2294E+02	  3.5179E+02	  3.6184E+02	  3.4033E+02	  3.1172E+02	  3.2111E+02	  3.1471E+02	  3.3196E+02	  3.1108E+02	  3.2331E+02	  2.9604E+02	  2.8203E+02	  2.7047E+02	  2.7330E+02	  2.2949E+02	  2.5610E+02	  2.7721E+02	  2.6174E+02	  2.6696E+02	  2.6875E+02	  2.5171E+02	  2.2171E+02	  2.5090E+02	  2.1998E+02	  1.8798E+02	  2.1750E+02	  2.1951E+02	  2.3514E+02	  2.5432E+02	  2.4209E+02	  2.2613E+02	  2.4185E+02	  2.5186E+02	  2.3697E+02	  2.5126E+02	  2.5781E+02	  2.5700E+02	  2.5622E+02	  2.5644E+02	  2.7865E+02	  3.1494E+02	  3.2154E+02	  3.3933E+02	  3.0869E+02	  3.0989E+02	  3.0871E+02	  3.1457E+02	  3.7202E+02	  3.8147E+02	  3.5304E+02	  3.8267E+02	  3.6196E+02	  3.4718E+02	  3.2292E+02	  2.5702E+02	  1.6179E+02	  7.7642E+01	  3.0937E+01	  8.8948E+00	  1.0924E+00	  6.8373E-01	  0.0000E+00	  0.0000E+00	  0.0000E+00	  0.0000E+00	  0.0000E+00	  0.0000E+00	  0.0000E+00	  0.0000E+00	  0.0000E+00	  0.0000E+00	  0.0000E+00	  0.0000E+00	  0.0000E+00	  0.0000E+00	  0.0000E+00	  0.0000E+00	  0.0000E+00	  0.0000E+00	  0.0000E+00	  0.0000E+00	  0.0000E+00	  0.0000E+00	  0.0000E+00	  0.0000E+00	  0.0000E+00	  0.0000E+00	  0.0000E+00
  0.0000E+00	  0.0000E+00	  0.0000E+00	  0.0000E+00	  0.0000E+00	  0.0000E+00	  0.0000E+00	  0.0000E+00	  0.0000E+00	  0.0000E+00	  0.0000E+00	  0.0000E+00	  0.0000E+00	  0.0000E+00	  0.0000E+00	  0.0000E+00	  0.0000E+00	  0.0000E+00	  0.0000E+00	  0.0000E+00	  0.0000E+00	  3.3487E-01	  2.9536E+00	  3.8168E+00	  1.3216E+01	  3.7895E+01	  8.2723E+01	  1.3899E+02	  2.0054E+02	  2.0534E+02	  2.2937E+02	  2.2496E+02	  2.5346E+02	  2.2159E+02	  2.2947E+02	  2.3362E+02	  2.5530E+02	  2.7049E+02	  2.6752E+02	  2.8430E+02	  3.3282E+02	  3.3445E+02	  3.3705E+02	  3.4636E+02	  3.3556E+02	  3.2565E+02	  3.2274E+02	  2.9185E+02	  2.9879E+02	  2.8663E+02	  2.8542E+02	  2.7650E+02	  2.7025E+02	  2.3849E+02	  2.4327E+02	  2.4941E+02	  2.5273E+02	  2.5700E+02	  2.6405E+02	  2.7910E+02	  3.1292E+02	  2.7727E+02	  2.6258E+02	  2.2353E+02	  2.1283E+02	  2.0135E+02	  2.2829E+02	  2.3771E+02	  2.5611E+02	  2.4213E+02	  2.5285E+02	  2.7121E+02	  2.6239E+02	  2.5742E+02	  2.8025E+02	  3.1314E+02	  2.7428E+02	  2.3803E+02	  2.5450E+02	  2.7417E+02	  3.0783E+02	  2.9603E+02	  3.1978E+02	  3.2099E+02	  3.1062E+02	  2.9536E+02	  3.1509E+02	  3.4291E+02	  3.5387E+02	  3.4047E+02	  3.4845E+02	  3.4430E+02	  3.7003E+02	  3.5397E+02	  2.7366E+02	  1.9469E+02	  1.0926E+02	  5.3426E+01	  1.7262E+01	  3.2127E+00	  5.7726E-01	  0.0000E+00	  0.0000E+00	  0.0000E+00	  0.0000E+00	  0.0000E+00	  0.0000E+00	  0.0000E+00	  0.0000E+00	  0.0000E+00	  0.0000E+00	  0.0000E+00	  0.0000E+00	  0.0000E+00	  0.0000E+00	  0.0000E+00	  0.0000E+00	  0.0000E+00	  0.0000E+00	  0.0000E+00	  0.0000E+00	  0.0000E+00	  0.0000E+00	  0.0000E+00	  0.0000E+00	  0.0000E+00	  0.0000E+00	  0.0000E+00
  0.0000E+00	  0.0000E+00	  0.0000E+00	  0.0000E+00	  0.0000E+00	  0.0000E+00	  0.0000E+00	  0.0000E+00	  0.0000E+00	  0.0000E+00	  0.0000E+00	  0.0000E+00	  0.0000E+00	  0.0000E+00	  0.0000E+00	  0.0000E+00	  0.0000E+00	  0.0000E+00	  0.0000E+00	  0.0000E+00	  0.0000E+00	  6.6455E-01	  2.7026E+00	  6.1220E+00	  1.6340E+01	  3.5231E+01	  7.4585E+01	  1.1602E+02	  2.1070E+02	  2.2434E+02	  2.2733E+02	  2.2672E+02	  2.5301E+02	  2.3761E+02	  2.3354E+02	  2.3924E+02	  2.4856E+02	  2.3129E+02	  2.6279E+02	  3.1599E+02	  3.3443E+02	  3.3538E+02	  3.3595E+02	  3.5335E+02	  3.5161E+02	  3.4497E+02	  3.3160E+02	  2.9784E+02	  2.6614E+02	  2.6354E+02	  2.8517E+02	  2.8595E+02	  2.6185E+02	  2.2705E+02	  2.4395E+02	  2.4562E+02	  2.4743E+02	  2.7614E+02	  2.8130E+02	  2.8875E+02	  2.7878E+02	  2.9562E+02	  2.7368E+02	  2.4699E+02	  2.1575E+02	  2.1373E+02	  2.1705E+02	  2.4168E+02	  2.6265E+02	  2.7351E+02	  2.7718E+02	  2.9270E+02	  2.9402E+02	  2.7541E+02	  2.5641E+02	  2.9133E+02	  2.8947E+02	  2.3985E+02	  2.6087E+02	  2.7578E+02	  2.9131E+02	  3.0318E+02	  3.0993E+02	  3.4169E+02	  3.3231E+02	  2.9364E+02	  3.1739E+02	  3.5121E+02	  3.4536E+02	  3.2357E+02	  3.0923E+02	  3.0730E+02	  3.4601E+02	  3.7389E+02	  3.3817E+02	  2.2298E+02	  1.5019E+02	  6.2371E+01	  1.9267E+01	  1.2566E+01	  3.4139E+00	  0.0000E+00	  0.0000E+00	  0.0000E+00	  0.0000E+00	  0.0000E+00	  0.0000E+00	  0.0000E+00	  0.0000E+00	  0.0000E+00	  0.0000E+00	  0.0000E+00	  0.0000E+00	  0.0000E+00	  0.0000E+00	  0.0000E+00	  0.0000E+00	  0.0000E+00	  0.0000E+00	  0.0000E+00	  0.0000E+00	  0.0000E+00	  0.0000E+00	  0.0000E+00	  0.0000E+00	  0.0000E+00	  0.0000E+00	  0.0000E+00
  0.0000E+00	  0.0000E+00	  0.0000E+00	  0.0000E+00	  0.0000E+00	  0.0000E+00	  0.0000E+00	  0.0000E+00	  0.0000E+00	  0.0000E+00	  0.0000E+00	  0.0000E+00	  0.0000E+00	  0.0000E+00	  0.0000E+00	  0.0000E+00	  0.0000E+00	  0.0000E+00	  0.0000E+00	  0.0000E+00	  0.0000E+00	  0.0000E+00	  2.7924E+00	  9.3900E+00	  1.7947E+01	  3.9381E+01	  7.9319E+01	  1.3041E+02	  1.9201E+02	  2.1743E+02	  2.1099E+02	  2.2393E+02	  2.8968E+02	  2.7303E+02	  2.5327E+02	  2.4817E+02	  2.5835E+02	  2.4237E+02	  2.7876E+02	  3.1324E+02	  3.2249E+02	  3.1710E+02	  3.1465E+02	  3.3053E+02	  3.3582E+02	  3.2103E+02	  3.2767E+02	  3.2916E+02	  3.0146E+02	  2.5259E+02	  2.6238E+02	  2.7005E+02	  2.8617E+02	  2.6411E+02	  2.6948E+02	  2.6659E+02	  2.4710E+02	  2.5327E+02	  2.8420E+02	  2.9812E+02	  2.7631E+02	  2.5395E+02	  2.5696E+02	  2.0841E+02	  1.9701E+02	  2.0822E+02	  2.1983E+02	  2.3226E+02	  2.3963E+02	  2.7228E+02	  2.8690E+02	  2.8293E+02	  2.9973E+02	  2.8294E+02	  2.6877E+02	  2.4132E+02	  2.3723E+02	  2.4891E+02	  2.2902E+02	  2.6245E+02	  2.8618E+02	  3.1119E+02	  3.2522E+02	  3.7789E+02	  3.7489E+02	  3.4639E+02	  3.3588E+02	  3.3400E+02	  3.3589E+02	  2.9784E+02	  2.8192E+02	  3.1670E+02	  3.6150E+02	  4.1162E+02	  3.7988E+02	  2.6626E+02	  1.5119E+02	  7.9412E+01	  2.8012E+01	  9.5095E+00	  3.0134E+00	  0.0000E+00	  0.0000E+00	  0.0000E+00	  0.0000E+00	  0.0000E+00	  0.0000E+00	  0.0000E+00	  0.0000E+00	  0.0000E+00	  0.0000E+00	  0.0000E+00	  0.0000E+00	  0.0000E+00	  0.0000E+00	  0.0000E+00	  0.0000E+00	  0.0000E+00	  0.0000E+00	  0.0000E+00	  0.0000E+00	  0.0000E+00	  0.0000E+00	  0.0000E+00	  0.0000E+00	  0.0000E+00	  0.0000E+00	  0.0000E+00
  0.0000E+00	  0.0000E+00	  0.0000E+00	  0.0000E+00	  0.0000E+00	  0.0000E+00	  0.0000E+00	  0.0000E+00	  0.0000E+00	  0.0000E+00	  0.0000E+00	  0.0000E+00	  0.0000E+00	  0.0000E+00	  0.0000E+00	  0.0000E+00	  0.0000E+00	  0.0000E+00	  0.0000E+00	  0.0000E+00	  0.0000E+00	  0.0000E+00	  1.3144E+00	  6.9302E+00	  1.8594E+01	  3.9845E+01	  7.0479E+01	  1.3018E+02	  1.9861E+02	  2.0924E+02	  1.9871E+02	  2.1947E+02	  2.6611E+02	  2.6220E+02	  2.5447E+02	  2.3671E+02	  2.3113E+02	  2.7433E+02	  3.0588E+02	  3.2794E+02	  3.2736E+02	  2.9770E+02	  2.9334E+02	  3.2786E+02	  3.1614E+02	  3.0394E+02	  2.8957E+02	  3.0809E+02	  2.9239E+02	  2.5918E+02	  2.4902E+02	  2.7248E+02	  3.0114E+02	  2.8773E+02	  2.6094E+02	  2.4292E+02	  2.3171E+02	  2.3911E+02	  2.6111E+02	  2.6469E+02	  2.4763E+02	  2.1781E+02	  2.3519E+02	  2.0665E+02	  2.0123E+02	  2.3138E+02	  2.2771E+02	  2.2914E+02	  2.4158E+02	  2.3429E+02	  2.7696E+02	  2.8805E+02	  2.6436E+02	  2.5098E+02	  2.2265E+02	  2.1100E+02	  2.3579E+02	  2.7221E+02	  2.4186E+02	  2.6385E+02	  2.8888E+02	  3.1991E+02	  3.4955E+02	  3.5494E+02	  3.5643E+02	  3.5797E+02	  3.4551E+02	  2.9041E+02	  3.0887E+02	  2.8549E+02	  2.8319E+02	  3.1922E+02	  3.4971E+02	  3.7218E+02	  3.7675E+02	  2.9880E+02	  1.6714E+02	  8.2720E+01	  2.8238E+01	  9.4665E+00	  1.8357E+00	  2.3271E-02	  0.0000E+00	  0.0000E+00	  0.0000E+00	  0.0000E+00	  0.0000E+00	  0.0000E+00	  0.0000E+00	  0.0000E+00	  0.0000E+00	  0.0000E+00	  0.0000E+00	  0.0000E+00	  0.0000E+00	  0.0000E+00	  0.0000E+00	  0.0000E+00	  0.0000E+00	  0.0000E+00	  0.0000E+00	  0.0000E+00	  0.0000E+00	  0.0000E+00	  0.0000E+00	  0.0000E+00	  0.0000E+00	  0.0000E+00
  0.0000E+00	  0.0000E+00	  0.0000E+00	  0.0000E+00	  0.0000E+00	  0.0000E+00	  0.0000E+00	  0.0000E+00	  0.0000E+00	  0.0000E+00	  0.0000E+00	  0.0000E+00	  0.0000E+00	  0.0000E+00	  0.0000E+00	  0.0000E+00	  0.0000E+00	  0.0000E+00	  0.0000E+00	  0.0000E+00	  0.0000E+00	  0.0000E+00	  7.5338E-01	  5.7939E+00	  1.5073E+01	  4.3152E+01	  8.2962E+01	  1.4430E+02	  1.8898E+02	  2.1765E+02	  2.1561E+02	  2.3666E+02	  2.4227E+02	  2.4961E+02	  2.2056E+02	  2.2634E+02	  2.3428E+02	  2.8721E+02	  3.0198E+02	  3.1020E+02	  3.0592E+02	  2.5933E+02	  3.0118E+02	  3.3510E+02	  3.3056E+02	  3.3330E+02	  3.0083E+02	  2.8446E+02	  2.9861E+02	  2.6383E+02	  2.6821E+02	  2.7243E+02	  2.8373E+02	  3.0272E+02	  2.7001E+02	  2.5521E+02	  2.1791E+02	  2.3897E+02	  2.4450E+02	  2.0966E+02	  2.2244E+02	  2.1649E+02	  2.2543E+02	  2.1654E+02	  2.1128E+02	  2.1323E+02	  2.6205E+02	  2.5365E+02	  2.3994E+02	  2.4487E+02	  2.1401E+02	  2.4244E+02	  2.4401E+02	  2.3915E+02	  2.3385E+02	  2.1803E+02	  2.2887E+02	  2.4148E+02	  2.4002E+02	  2.7235E+02	  2.8296E+02	  2.7058E+02	  3.0033E+02	  3.1189E+02	  3.2217E+02	  3.2788E+02	  3.3939E+02	  2.6313E+02	  2.7516E+02	  2.8420E+02	  2.8282E+02	  2.8485E+02	  3.1737E+02	  3.4580E+02	  3.5125E+02	  3.2335E+02	  1.8920E+02	  8.7117E+01	  2.5052E+01	  1.0355E+01	  2.0212E+00	  5.6281E-02	  0.0000E+00	  0.0000E+00	  0.0000E+00	  0.0000E+00	  0.0000E+00	  0.0000E+00	  0.0000E+00	  0.0000E+00	  0.0000E+00	  0.0000E+00	  0.0000E+00	  0.0000E+00	  0.0000E+00	  0.0000E+00	  0.0000E+00	  0.0000E+00	  0.0000E+00	  0.0000E+00	  0.0000E+00	  0.0000E+00	  0.0000E+00	  0.0000E+00	  0.0000E+00	  0.0000E+00	  0.0000E+00	  0.0000E+00
  0.0000E+00	  0.0000E+00	  0.0000E+00	  0.0000E+00	  0.0000E+00	  0.0000E+00	  0.0000E+00	  0.0000E+00	  0.0000E+00	  0.0000E+00	  0.0000E+00	  0.0000E+00	  0.0000E+00	  0.0000E+00	  0.0000E+00	  0.0000E+00	  0.0000E+00	  0.0000E+00	  0.0000E+00	  0.0000E+00	  0.0000E+00	  6.7858E-03	  1.6804E+00	  2.9232E+00	  7.9660E+00	  5.0752E+01	  1.0361E+02	  1.5576E+02	  2.1425E+02	  2.2609E+02	  2.3114E+02	  2.4055E+02	  2.2206E+02	  2.2260E+02	  2.3815E+02	  2.3465E+02	  2.4079E+02	  3.0646E+02	  2.9096E+02	  3.0147E+02	  2.6910E+02	  2.9118E+02	  3.2793E+02	  3.1307E+02	  3.1202E+02	  3.1699E+02	  3.3251E+02	  3.3280E+02	  3.3378E+02	  2.8208E+02	  2.6914E+02	  2.9574E+02	  2.9873E+02	  3.1447E+02	  2.5525E+02	  2.5797E+02	  2.2939E+02	  2.2217E+02	  2.7170E+02	  2.2672E+02	  2.1785E+02	  2.3722E+02	  2.5361E+02	  2.2698E+02	  2.0462E+02	  1.9825E+02	  2.3354E+02	  2.2128E+02	  2.1029E+02	  2.1021E+02	  2.1076E+02	  2.2692E+02	  2.2529E+02	  2.2147E+02	  2.1896E+02	  2.1489E+02	  2.2372E+02	  2.6928E+02	  2.8211E+02	  2.7016E+02	  2.7586E+02	  2.6876E+02	  2.8309E+02	  2.9099E+02	  3.0969E+02	  3.0581E+02	  2.9187E+02	  2.6038E+02	  2.7165E+02	  2.7800E+02	  2.7127E+02	  2.6674E+02	  3.0007E+02	  3.6682E+02	  3.7166E+02	  3.1331E+02	  2.0050E+02	  9.4725E+01	  2.4512E+01	  1.0306E+01	  1.4819E+00	  0.0000E+00	  0.0000E+00	  0.0000E+00	  0.0000E+00	  0.0000E+00	  0.0000E+00	  0.0000E+00	  0.0000E+00	  0.0000E+00	  0.0000E+00	  0.0000E+00	  0.0000E+00	  0.0000E+00	  0.0000E+00	  0.0000E+00	  0.0000E+00	  0.0000E+00	  0.0000E+00	  0.0000E+00	  0.0000E+00	  0.0000E+00	  0.0000E+00	  0.0000E+00	  0.0000E+00	  0.0000E+00	  0.0000E+00	  0.0000E+00
  0.0000E+00	  0.0000E+00	  0.0000E+00	  0.0000E+00	  0.0000E+00	  0.0000E+00	  0.0000E+00	  0.0000E+00	  0.0000E+00	  0.0000E+00	  0.0000E+00	  0.0000E+00	  0.0000E+00	  0.0000E+00	  0.0000E+00	  0.0000E+00	  0.0000E+00	  0.0000E+00	  0.0000E+00	  0.0000E+00	  0.0000E+00	  3.4048E-01	  1.7085E+00	  5.9242E+00	  1.3945E+01	  4.6827E+01	  9.3274E+01	  1.4321E+02	  1.8769E+02	  1.9960E+02	  2.4087E+02	  2.3589E+02	  2.2199E+02	  2.3449E+02	  2.6902E+02	  2.6605E+02	  2.5827E+02	  2.8340E+02	  3.2504E+02	  3.1265E+02	  2.9419E+02	  3.1279E+02	  3.1707E+02	  2.9544E+02	  3.0081E+02	  3.2586E+02	  3.1918E+02	  3.5409E+02	  3.4760E+02	  2.9381E+02	  2.4822E+02	  2.6563E+02	  2.7264E+02	  2.5650E+02	  2.3661E+02	  2.4389E+02	  1.9947E+02	  2.0551E+02	  2.0756E+02	  2.3978E+02	  2.2607E+02	  2.2657E+02	  2.2176E+02	  2.1383E+02	  2.0458E+02	  2.1048E+02	  2.0304E+02	  2.0132E+02	  1.9919E+02	  1.9258E+02	  2.1124E+02	  2.2433E+02	  2.1812E+02	  2.1811E+02	  2.3479E+02	  2.4104E+02	  2.3122E+02	  2.3791E+02	  2.5594E+02	  2.1993E+02	  2.3648E+02	  2.6079E+02	  2.6709E+02	  2.9789E+02	  3.0305E+02	  2.8800E+02	  3.1121E+02	  2.6472E+02	  2.7026E+02	  2.9402E+02	  2.7543E+02	  2.5545E+02	  2.9745E+02	  3.8244E+02	  4.2389E+02	  3.1202E+02	  2.3131E+02	  1.3171E+02	  3.5945E+01	  7.1731E+00	  1.2725E-01	  0.0000E+00	  0.0000E+00	  0.0000E+00	  0.0000E+00	  0.0000E+00	  0.0000E+00	  0.0000E+00	  0.0000E+00	  0.0000E+00	  0.0000E+00	  0.0000E+00	  0.0000E+00	  0.0000E+00	  0.0000E+00	  0.0000E+00	  0.0000E+00	  0.0000E+00	  0.0000E+00	  0.0000E+00	  0.0000E+00	  0.0000E+00	  0.0000E+00	  0.0000E+00	  0.0000E+00	  0.0000E+00	  0.0000E+00	  0.0000E+00
  0.0000E+00	  0.0000E+00	  0.0000E+00	  0.0000E+00	  0.0000E+00	  0.0000E+00	  0.0000E+00	  0.0000E+00	  0.0000E+00	  0.0000E+00	  0.0000E+00	  0.0000E+00	  0.0000E+00	  0.0000E+00	  0.0000E+00	  0.0000E+00	  0.0000E+00	  0.0000E+00	  0.0000E+00	  0.0000E+00	  0.0000E+00	  1.5028E-01	  1.6699E+00	  4.7317E+00	  1.5136E+01	  3.6050E+01	  8.2329E+01	  1.4234E+02	  2.0286E+02	  2.2175E+02	  2.4397E+02	  2.2177E+02	  2.1851E+02	  2.3193E+02	  2.6722E+02	  2.7827E+02	  2.8775E+02	  3.1438E+02	  3.1502E+02	  3.2071E+02	  3.0195E+02	  2.8967E+02	  3.0789E+02	  2.8853E+02	  2.6148E+02	  2.9855E+02	  3.0120E+02	  3.1470E+02	  3.2229E+02	  2.9058E+02	  2.5093E+02	  2.4473E+02	  2.3979E+02	  2.5114E+02	  2.4240E+02	  2.1975E+02	  1.7718E+02	  1.7318E+02	  1.7345E+02	  2.0407E+02	  2.3404E+02	  2.6320E+02	  2.3528E+02	  2.0684E+02	  2.1737E+02	  1.9961E+02	  1.8241E+02	  1.8857E+02	  1.8146E+02	  1.6752E+02	  1.8386E+02	  2.0303E+02	  2.3003E+02	  2.3759E+02	  2.4132E+02	  2.2934E+02	  2.2077E+02	  2.3005E+02	  2.6749E+02	  2.3111E+02	  2.4101E+02	  2.4763E+02	  2.5805E+02	  2.7459E+02	  3.0120E+02	  2.9991E+02	  3.1295E+02	  3.0113E+02	  2.7466E+02	  2.7979E+02	  2.6805E+02	  2.7881E+02	  3.4893E+02	  3.8998E+02	  4.0629E+02	  3.4278E+02	  2.5715E+02	  1.3581E+02	  4.4261E+01	  1.2808E+01	  2.2240E+00	  0.0000E+00	  0.0000E+00	  0.0000E+00	  0.0000E+00	  0.0000E+00	  0.0000E+00	  0.0000E+00	  0.0000E+00	  0.0000E+00	  0.0000E+00	  0.0000E+00	  0.0000E+00	  0.0000E+00	  0.0000E+00	  0.0000E+00	  0.0000E+00	  0.0000E+00	  0.0000E+00	  0.0000E+00	  0.0000E+00	  0.0000E+00	  0.0000E+00	  0.0000E+00	  0.0000E+00	  0.0000E+00	  0.0000E+00	  0.0000E+00
  0.0000E+00	  0.0000E+00	  0.0000E+00	  0.0000E+00	  0.0000E+00	  0.0000E+00	  0.0000E+00	  0.0000E+00	  0.0000E+00	  0.0000E+00	  0.0000E+00	  0.0000E+00	  0.0000E+00	  0.0000E+00	  0.0000E+00	  0.0000E+00	  0.0000E+00	  0.0000E+00	  0.0000E+00	  0.0000E+00	  0.0000E+00	  5.0349E-01	  3.8505E-01	  2.6345E+00	  1.2760E+01	  3.1845E+01	  7.3501E+01	  1.4691E+02	  2.1784E+02	  2.4465E+02	  2.6137E+02	  2.2961E+02	  2.2945E+02	  2.4914E+02	  2.7983E+02	  3.0432E+02	  3.0522E+02	  2.9608E+02	  3.0274E+02	  3.1692E+02	  2.7758E+02	  2.6877E+02	  2.9309E+02	  3.1028E+02	  2.8188E+02	  2.7797E+02	  2.5741E+02	  2.5354E+02	  2.8004E+02	  2.6990E+02	  2.3952E+02	  2.3497E+02	  2.4705E+02	  2.7506E+02	  2.4773E+02	  2.1905E+02	  1.9437E+02	  1.8994E+02	  1.9803E+02	  1.8407E+02	  2.0111E+02	  2.5040E+02	  2.2534E+02	  2.0172E+02	  2.0674E+02	  2.1871E+02	  2.0282E+02	  1.9950E+02	  2.0485E+02	  1.7633E+02	  1.6807E+02	  1.9076E+02	  2.0701E+02	  2.2185E+02	  2.0720E+02	  2.1218E+02	  2.3208E+02	  2.3874E+02	  2.3654E+02	  2.5752E+02	  2.4910E+02	  2.2536E+02	  2.5743E+02	  2.6791E+02	  2.6903E+02	  2.8212E+02	  2.9692E+02	  3.1791E+02	  3.3083E+02	  3.0417E+02	  2.6163E+02	  2.8131E+02	  3.2007E+02	  3.8374E+02	  3.9756E+02	  3.9085E+02	  2.9218E+02	  1.7024E+02	  6.9389E+01	  1.6091E+01	  1.3332E+00	  0.0000E+00	  0.0000E+00	  0.0000E+00	  0.0000E+00	  0.0000E+00	  0.0000E+00	  0.0000E+00	  0.0000E+00	  0.0000E+00	  0.0000E+00	  0.0000E+00	  0.0000E+00	  0.0000E+00	  0.0000E+00	  0.0000E+00	  0.0000E+00	  0.0000E+00	  0.0000E+00	  0.0000E+00	  0.0000E+00	  0.0000E+00	  0.0000E+00	  0.0000E+00	  0.0000E+00	  0.0000E+00	  0.0000E+00	  0.0000E+00
  0.0000E+00	  0.0000E+00	  0.0000E+00	  0.0000E+00	  0.0000E+00	  0.0000E+00	  0.0000E+00	  0.0000E+00	  0.0000E+00	  0.0000E+00	  0.0000E+00	  0.0000E+00	  0.0000E+00	  0.0000E+00	  0.0000E+00	  0.0000E+00	  0.0000E+00	  0.0000E+00	  0.0000E+00	  0.0000E+00	  0.0000E+00	  0.0000E+00	  0.0000E+00	  1.5193E+00	  8.6228E+00	  3.1069E+01	  7.3914E+01	  1.4434E+02	  2.3830E+02	  2.6417E+02	  2.6810E+02	  2.5106E+02	  2.3070E+02	  2.4170E+02	  2.7409E+02	  2.9851E+02	  2.9321E+02	  3.2213E+02	  2.9613E+02	  2.9759E+02	  2.4707E+02	  2.5749E+02	  2.7980E+02	  3.1245E+02	  2.9933E+02	  2.7005E+02	  2.4135E+02	  2.5687E+02	  2.4277E+02	  2.3230E+02	  2.3650E+02	  2.5613E+02	  2.7204E+02	  2.5343E+02	  2.4165E+02	  2.4299E+02	  2.4920E+02	  2.0792E+02	  2.0063E+02	  1.9331E+02	  2.1002E+02	  2.1911E+02	  2.0591E+02	  2.1057E+02	  1.9967E+02	  2.0253E+02	  2.0311E+02	  2.2211E+02	  2.2349E+02	  1.8396E+02	  1.8684E+02	  2.2639E+02	  2.2874E+02	  2.0817E+02	  2.0839E+02	  2.1755E+02	  2.3538E+02	  2.2260E+02	  2.2984E+02	  2.3614E+02	  2.2742E+02	  2.3302E+02	  2.6056E+02	  2.6264E+02	  2.8139E+02	  2.7713E+02	  2.6812E+02	  2.7389E+02	  2.9714E+02	  2.9658E+02	  2.8282E+02	  2.7917E+02	  3.0322E+02	  3.5693E+02	  3.8466E+02	  3.9129E+02	  2.9948E+02	  1.7959E+02	  7.9431E+01	  2.2705E+01	  1.4595E+00	  1.3995E-01	  0.0000E+00	  0.0000E+00	  0.0000E+00	  0.0000E+00	  0.0000E+00	  0.0000E+00	  0.0000E+00	  0.0000E+00	  0.0000E+00	  0.0000E+00	  0.0000E+00	  0.0000E+00	  0.0000E+00	  0.0000E+00	  0.0000E+00	  0.0000E+00	  0.0000E+00	  0.0000E+00	  0.0000E+00	  0.0000E+00	  0.0000E+00	  0.0000E+00	  0.0000E+00	  0.0000E+00	  0.0000E+00	  0.0000E+00
  0.0000E+00	  0.0000E+00	  0.0000E+00	  0.0000E+00	  0.0000E+00	  0.0000E+00	  0.0000E+00	  0.0000E+00	  0.0000E+00	  0.0000E+00	  0.0000E+00	  0.0000E+00	  0.0000E+00	  0.0000E+00	  0.0000E+00	  0.0000E+00	  0.0000E+00	  0.0000E+00	  0.0000E+00	  0.0000E+00	  0.0000E+00	  0.0000E+00	  0.0000E+00	  1.5645E+00	  3.3423E+00	  2.3650E+01	  5.2827E+01	  1.1534E+02	  1.9129E+02	  2.6126E+02	  2.4340E+02	  2.1691E+02	  2.2338E+02	  2.3762E+02	  2.7274E+02	  2.7417E+02	  3.0739E+02	  3.0430E+02	  2.7305E+02	  2.3272E+02	  2.4305E+02	  2.5693E+02	  2.7863E+02	  2.8847E+02	  2.5861E+02	  2.3842E+02	  2.4576E+02	  2.5030E+02	  2.6827E+02	  2.3405E+02	  2.3017E+02	  2.4425E+02	  2.6576E+02	  2.4500E+02	  2.3500E+02	  2.5174E+02	  2.7504E+02	  2.4346E+02	  2.2001E+02	  2.1295E+02	  2.0591E+02	  2.0657E+02	  2.0443E+02	  2.1576E+02	  2.0257E+02	  2.1304E+02	  2.3740E+02	  2.2770E+02	  1.9909E+02	  2.0586E+02	  2.0177E+02	  2.2660E+02	  2.2739E+02	  2.0497E+02	  1.9510E+02	  2.1200E+02	  2.1778E+02	  2.0580E+02	  2.0722E+02	  2.0723E+02	  2.4858E+02	  2.6548E+02	  2.5351E+02	  2.5706E+02	  2.8290E+02	  2.8035E+02	  2.6701E+02	  2.8190E+02	  2.6294E+02	  2.7621E+02	  2.9977E+02	  2.7354E+02	  2.9099E+02	  3.1825E+02	  3.5988E+02	  3.6105E+02	  2.9650E+02	  2.0299E+02	  9.4892E+01	  2.9212E+01	  5.0744E+00	  6.5603E-01	  0.0000E+00	  0.0000E+00	  0.0000E+00	  0.0000E+00	  0.0000E+00	  0.0000E+00	  0.0000E+00	  0.0000E+00	  0.0000E+00	  0.0000E+00	  0.0000E+00	  0.0000E+00	  0.0000E+00	  0.0000E+00	  0.0000E+00	  0.0000E+00	  0.0000E+00	  0.0000E+00	  0.0000E+00	  0.0000E+00	  0.0000E+00	  0.0000E+00	  0.0000E+00	  0.0000E+00	  0.0000E+00	  0.0000E+00
  0.0000E+00	  0.0000E+00	  0.0000E+00	  0.0000E+00	  0.0000E+00	  0.0000E+00	  0.0000E+00	  0.0000E+00	  0.0000E+00	  0.0000E+00	  0.0000E+00	  0.0000E+00	  0.0000E+00	  0.0000E+00	  0.0000E+00	  0.0000E+00	  0.0000E+00	  0.0000E+00	  0.0000E+00	  0.0000E+00	  0.0000E+00	  0.0000E+00	  0.0000E+00	  4.0738E-01	  3.1985E+00	  2.3812E+01	  4.5691E+01	  1.1483E+02	  1.9522E+02	  2.6298E+02	  2.7196E+02	  2.4819E+02	  2.6237E+02	  2.7580E+02	  2.6341E+02	  2.7395E+02	  2.5840E+02	  2.8137E+02	  2.7602E+02	  2.3771E+02	  2.5664E+02	  2.6930E+02	  2.8995E+02	  2.7516E+02	  2.5973E+02	  2.3396E+02	  2.4232E+02	  2.2660E+02	  2.4038E+02	  2.5299E+02	  2.5970E+02	  2.3257E+02	  2.4495E+02	  2.3413E+02	  2.4879E+02	  2.4552E+02	  2.7278E+02	  2.5869E+02	  2.3476E+02	  2.1365E+02	  2.0964E+02	  1.9610E+02	  1.8236E+02	  1.9238E+02	  2.1307E+02	  2.2304E+02	  2.3588E+02	  2.2795E+02	  2.0208E+02	  1.9758E+02	  1.8088E+02	  1.9359E+02	  1.9772E+02	  1.9450E+02	  1.9269E+02	  2.0095E+02	  2.0028E+02	  1.7908E+02	  1.9105E+02	  2.1029E+02	  2.3968E+02	  2.8239E+02	  2.8184E+02	  2.6764E+02	  2.7273E+02	  2.8446E+02	  2.7744E+02	  2.6317E+02	  2.5852E+02	  2.7068E+02	  2.8890E+02	  3.0269E+02	  3.4609E+02	  3.6696E+02	  3.7711E+02	  3.7218E+02	  3.0918E+02	  2.3592E+02	  1.2963E+02	  4.2443E+01	  7.1026E+00	  7.4723E-01	  0.0000E+00	  0.0000E+00	  0.0000E+00	  0.0000E+00	  0.0000E+00	  0.0000E+00	  0.0000E+00	  0.0000E+00	  0.0000E+00	  0.0000E+00	  0.0000E+00	  0.0000E+00	  0.0000E+00	  0.0000E+00	  0.0000E+00	  0.0000E+00	  0.0000E+00	  0.0000E+00	  0.0000E+00	  0.0000E+00	  0.0000E+00	  0.0000E+00	  0.0000E+00	  0.0000E+00	  0.0000E+00	  0.0000E+00
  0.0000E+00	  0.0000E+00	  0.0000E+00	  0.0000E+00	  0.0000E+00	  0.0000E+00	  0.0000E+00	  0.0000E+00	  0.0000E+00	  0.0000E+00	  0.0000E+00	  0.0000E+00	  0.0000E+00	  0.0000E+00	  0.0000E+00	  0.0000E+00	  0.0000E+00	  0.0000E+00	  0.0000E+00	  0.0000E+00	  0.0000E+00	  0.0000E+00	  0.0000E+00	  4.3049E-01	  4.5731E+00	  1.9907E+01	  5.4375E+01	  9.5479E+01	  1.8269E+02	  2.7716E+02	  3.0725E+02	  2.9367E+02	  2.6778E+02	  2.8609E+02	  2.6873E+02	  2.5539E+02	  2.4333E+02	  2.7453E+02	  2.7793E+02	  2.5406E+02	  2.4039E+02	  2.6087E+02	  2.8555E+02	  2.6106E+02	  2.5633E+02	  2.4644E+02	  2.5767E+02	  2.4560E+02	  2.5740E+02	  2.6868E+02	  2.4989E+02	  2.3083E+02	  2.3320E+02	  2.1472E+02	  2.0824E+02	  2.3169E+02	  2.1746E+02	  2.1803E+02	  2.0755E+02	  2.2614E+02	  2.3027E+02	  2.4197E+02	  2.1485E+02	  2.1314E+02	  2.0739E+02	  1.9262E+02	  2.2184E+02	  2.2918E+02	  2.1382E+02	  2.0692E+02	  1.8507E+02	  1.8136E+02	  1.8859E+02	  1.9034E+02	  1.8923E+02	  1.8733E+02	  1.7518E+02	  1.6961E+02	  1.9343E+02	  2.1891E+02	  2.4223E+02	  3.0224E+02	  2.7944E+02	  2.7215E+02	  2.4429E+02	  2.6371E+02	  2.6225E+02	  2.5232E+02	  2.5039E+02	  2.6452E+02	  3.1611E+02	  3.4402E+02	  3.5372E+02	  3.7748E+02	  3.6870E+02	  3.9295E+02	  3.6079E+02	  2.8423E+02	  1.4662E+02	  4.8413E+01	  1.3448E+01	  1.4096E+00	  0.0000E+00	  0.0000E+00	  0.0000E+00	  0.0000E+00	  0.0000E+00	  0.0000E+00	  0.0000E+00	  0.0000E+00	  0.0000E+00	  0.0000E+00	  0.0000E+00	  0.0000E+00	  0.0000E+00	  0.0000E+00	  0.0000E+00	  0.0000E+00	  0.0000E+00	  0.0000E+00	  0.0000E+00	  0.0000E+00	  0.0000E+00	  0.0000E+00	  0.0000E+00	  0.0000E+00	  0.0000E+00	  0.0000E+00
  0.0000E+00	  0.0000E+00	  0.0000E+00	  0.0000E+00	  0.0000E+00	  0.0000E+00	  0.0000E+00	  0.0000E+00	  0.0000E+00	  0.0000E+00	  0.0000E+00	  0.0000E+00	  0.0000E+00	  0.0000E+00	  0.0000E+00	  0.0000E+00	  0.0000E+00	  0.0000E+00	  0.0000E+00	  0.0000E+00	  0.0000E+00	  0.0000E+00	  0.0000E+00	  7.3113E-01	  7.4132E+00	  2.9574E+01	  5.4225E+01	  1.0329E+02	  1.5432E+02	  2.4100E+02	  2.5929E+02	  2.9448E+02	  2.9737E+02	  3.0220E+02	  2.7019E+02	  2.5540E+02	  2.6287E+02	  2.5927E+02	  2.3856E+02	  2.5157E+02	  2.4295E+02	  2.6931E+02	  2.6894E+02	  2.7090E+02	  2.7072E+02	  2.7445E+02	  2.6115E+02	  2.6497E+02	  2.6491E+02	  2.5079E+02	  2.3348E+02	  2.0956E+02	  2.3128E+02	  2.0759E+02	  2.2007E+02	  2.0971E+02	  1.9718E+02	  2.1991E+02	  2.0219E+02	  2.1971E+02	  2.2174E+02	  2.3615E+02	  2.2124E+02	  2.1961E+02	  2.0682E+02	  2.0295E+02	  2.1490E+02	  2.2076E+02	  2.3982E+02	  2.2153E+02	  1.8151E+02	  1.6473E+02	  1.6485E+02	  1.8928E+02	  1.9865E+02	  1.9415E+02	  1.6436E+02	  1.6178E+02	  2.0700E+02	  2.2813E+02	  2.7488E+02	  3.1405E+02	  2.8206E+02	  2.7319E+02	  2.6127E+02	  2.5174E+02	  2.3274E+02	  2.6922E+02	  2.8252E+02	  2.9185E+02	  3.1329E+02	  3.4880E+02	  3.4749E+02	  3.5661E+02	  3.7107E+02	  4.0696E+02	  3.8414E+02	  2.5673E+02	  1.6108E+02	  8.2439E+01	  1.5929E+01	  1.1830E+00	  1.8606E-01	  0.0000E+00	  0.0000E+00	  0.0000E+00	  0.0000E+00	  0.0000E+00	  0.0000E+00	  0.0000E+00	  0.0000E+00	  0.0000E+00	  0.0000E+00	  0.0000E+00	  0.0000E+00	  0.0000E+00	  0.0000E+00	  0.0000E+00	  0.0000E+00	  0.0000E+00	  0.0000E+00	  0.0000E+00	  0.0000E+00	  0.0000E+00	  0.0000E+00	  0.0000E+00	  0.0000E+00	  0.0000E+00
  0.0000E+00	  0.0000E+00	  0.0000E+00	  0.0000E+00	  0.0000E+00	  0.0000E+00	  0.0000E+00	  0.0000E+00	  0.0000E+00	  0.0000E+00	  0.0000E+00	  0.0000E+00	  0.0000E+00	  0.0000E+00	  0.0000E+00	  0.0000E+00	  0.0000E+00	  0.0000E+00	  0.0000E+00	  0.0000E+00	  0.0000E+00	  0.0000E+00	  2.1146E-01	  1.6825E+00	  7.9179E+00	  2.5191E+01	  5.2821E+01	  9.0427E+01	  1.3428E+02	  2.0463E+02	  2.4470E+02	  2.7647E+02	  2.7262E+02	  2.9118E+02	  2.8861E+02	  2.8218E+02	  2.6085E+02	  2.6491E+02	  2.3896E+02	  2.3650E+02	  2.4293E+02	  2.7961E+02	  2.8253E+02	  2.8383E+02	  2.7990E+02	  2.7289E+02	  2.3903E+02	  2.5624E+02	  2.5153E+02	  2.1805E+02	  2.2529E+02	  1.8340E+02	  2.0004E+02	  2.0699E+02	  2.3353E+02	  2.2018E+02	  2.2032E+02	  2.3098E+02	  2.1308E+02	  2.0579E+02	  2.3215E+02	  2.2030E+02	  2.1280E+02	  2.0048E+02	  1.7350E+02	  1.7133E+02	  1.9935E+02	  2.0443E+02	  2.1608E+02	  2.0123E+02	  1.7816E+02	  1.5175E+02	  1.7009E+02	  1.8986E+02	  1.9964E+02	  2.1099E+02	  1.9880E+02	  2.0817E+02	  2.0857E+02	  2.2757E+02	  2.5693E+02	  2.4202E+02	  2.3452E+02	  2.6605E+02	  2.3830E+02	  2.2764E+02	  2.3943E+02	  2.5624E+02	  2.7566E+02	  2.9618E+02	  2.9273E+02	  3.3250E+02	  3.0944E+02	  3.3905E+02	  3.4513E+02	  3.9661E+02	  4.0766E+02	  2.7877E+02	  1.7406E+02	  8.5474E+01	  1.7850E+01	  4.2090E+00	  1.6373E+00	  0.0000E+00	  0.0000E+00	  0.0000E+00	  0.0000E+00	  0.0000E+00	  0.0000E+00	  0.0000E+00	  0.0000E+00	  0.0000E+00	  0.0000E+00	  0.0000E+00	  0.0000E+00	  0.0000E+00	  0.0000E+00	  0.0000E+00	  0.0000E+00	  0.0000E+00	  0.0000E+00	  0.0000E+00	  0.0000E+00	  0.0000E+00	  0.0000E+00	  0.0000E+00	  0.0000E+00	  0.0000E+00
  0.0000E+00	  0.0000E+00	  0.0000E+00	  0.0000E+00	  0.0000E+00	  0.0000E+00	  0.0000E+00	  0.0000E+00	  0.0000E+00	  0.0000E+00	  0.0000E+00	  0.0000E+00	  0.0000E+00	  0.0000E+00	  0.0000E+00	  0.0000E+00	  0.0000E+00	  0.0000E+00	  0.0000E+00	  0.0000E+00	  0.0000E+00	  0.0000E+00	  1.5255E-01	  1.0407E+00	  5.3675E+00	  2.0538E+01	  4.0779E+01	  7.7479E+01	  1.4321E+02	  2.2084E+02	  2.6963E+02	  3.0064E+02	  2.6984E+02	  2.9281E+02	  2.6807E+02	  2.6015E+02	  2.6885E+02	  2.5221E+02	  2.4542E+02	  2.7183E+02	  2.5129E+02	  2.4503E+02	  2.6070E+02	  2.4909E+02	  2.3185E+02	  2.2802E+02	  2.1401E+02	  2.2933E+02	  2.3901E+02	  2.1896E+02	  1.9822E+02	  1.8729E+02	  1.7254E+02	  2.0190E+02	  2.3017E+02	  1.8013E+02	  1.9458E+02	  2.0826E+02	  1.9172E+02	  1.9980E+02	  2.1967E+02	  2.0727E+02	  1.8827E+02	  1.7592E+02	  1.6476E+02	  1.7968E+02	  2.1248E+02	  2.2681E+02	  2.0758E+02	  1.9252E+02	  1.4724E+02	  1.4624E+02	  1.6207E+02	  1.9655E+02	  2.0206E+02	  2.2414E+02	  2.2081E+02	  2.0820E+02	  2.3100E+02	  2.5540E+02	  2.3525E+02	  2.1572E+02	  2.2200E+02	  2.3845E+02	  2.2735E+02	  2.0223E+02	  2.1044E+02	  2.2509E+02	  2.4968E+02	  2.6952E+02	  2.3644E+02	  2.6023E+02	  2.7799E+02	  3.1456E+02	  3.4536E+02	  3.8918E+02	  3.7610E+02	  2.9540E+02	  1.7127E+02	  7.3421E+01	  1.8787E+01	  5.1935E+00	  8.9709E-01	  3.4989E-01	  0.0000E+00	  0.0000E+00	  0.0000E+00	  0.0000E+00	  0.0000E+00	  0.0000E+00	  0.0000E+00	  0.0000E+00	  0.0000E+00	  0.0000E+00	  0.0000E+00	  0.0000E+00	  0.0000E+00	  0.0000E+00	  0.0000E+00	  0.0000E+00	  0.0000E+00	  0.0000E+00	  0.0000E+00	  0.0000E+00	  0.0000E+00	  0.0000E+00	  0.0000E+00	  0.0000E+00
  0.0000E+00	  0.0000E+00	  0.0000E+00	  0.0000E+00	  0.0000E+00	  0.0000E+00	  0.0000E+00	  0.0000E+00	  0.0000E+00	  0.0000E+00	  0.0000E+00	  0.0000E+00	  0.0000E+00	  0.0000E+00	  0.0000E+00	  0.0000E+00	  0.0000E+00	  0.0000E+00	  0.0000E+00	  0.0000E+00	  0.0000E+00	  0.0000E+00	  0.0000E+00	  3.4143E-01	  3.8080E+00	  6.7809E+00	  3.0275E+01	  7.7860E+01	  1.4097E+02	  2.1409E+02	  2.8237E+02	  3.0035E+02	  2.9515E+02	  2.9358E+02	  2.6022E+02	  2.3681E+02	  2.6222E+02	  2.4944E+02	  2.4561E+02	  2.5974E+02	  2.4816E+02	  2.2654E+02	  2.1382E+02	  2.1530E+02	  2.3073E+02	  2.2861E+02	  2.3239E+02	  2.1878E+02	  2.3616E+02	  2.2014E+02	  2.0523E+02	  2.0179E+02	  1.7189E+02	  1.9384E+02	  1.6927E+02	  1.6384E+02	  1.6227E+02	  1.7780E+02	  1.6464E+02	  2.0066E+02	  2.0638E+02	  1.8600E+02	  1.6223E+02	  1.6554E+02	  1.7956E+02	  1.9726E+02	  2.1671E+02	  2.3738E+02	  2.1387E+02	  1.8653E+02	  1.5150E+02	  1.6233E+02	  1.8057E+02	  1.9157E+02	  1.9037E+02	  2.1061E+02	  1.9197E+02	  1.9131E+02	  2.0369E+02	  2.1759E+02	  2.3246E+02	  2.1357E+02	  2.1154E+02	  2.0358E+02	  2.0116E+02	  1.9774E+02	  2.0597E+02	  2.0160E+02	  2.0868E+02	  2.2124E+02	  2.2140E+02	  2.5424E+02	  2.7829E+02	  3.1380E+02	  3.5336E+02	  3.6874E+02	  3.6359E+02	  2.9540E+02	  1.6744E+02	  7.2935E+01	  2.1949E+01	  6.0894E+00	  1.3866E+00	  2.4611E-01	  0.0000E+00	  0.0000E+00	  0.0000E+00	  0.0000E+00	  0.0000E+00	  0.0000E+00	  0.0000E+00	  0.0000E+00	  0.0000E+00	  0.0000E+00	  0.0000E+00	  0.0000E+00	  0.0000E+00	  0.0000E+00	  0.0000E+00	  0.0000E+00	  0.0000E+00	  0.0000E+00	  0.0000E+00	  0.0000E+00	  0.0000E+00	  0.0000E+00	  0.0000E+00	  0.0000E+00
  0.0000E+00	  0.0000E+00	  0.0000E+00	  0.0000E+00	  0.0000E+00	  0.0000E+00	  0.0000E+00	  0.0000E+00	  0.0000E+00	  0.0000E+00	  0.0000E+00	  0.0000E+00	  0.0000E+00	  0.0000E+00	  0.0000E+00	  0.0000E+00	  0.0000E+00	  0.0000E+00	  0.0000E+00	  0.0000E+00	  0.0000E+00	  0.0000E+00	  0.0000E+00	  6.5596E-02	  1.9812E+00	  9.0197E+00	  2.8100E+01	  6.7376E+01	  1.2607E+02	  1.8726E+02	  2.5368E+02	  2.6874E+02	  2.7973E+02	  2.6310E+02	  2.5737E+02	  2.5838E+02	  2.5660E+02	  2.3980E+02	  2.5914E+02	  2.4108E+02	  2.3032E+02	  2.3156E+02	  2.0722E+02	  2.0351E+02	  2.1590E+02	  2.2713E+02	  2.3237E+02	  2.1731E+02	  2.2268E+02	  2.3672E+02	  1.9133E+02	  1.9303E+02	  1.8821E+02	  1.8488E+02	  1.6422E+02	  1.8760E+02	  1.7076E+02	  1.6773E+02	  1.7012E+02	  1.8167E+02	  1.8292E+02	  1.9031E+02	  1.5827E+02	  1.6120E+02	  1.7778E+02	  1.8901E+02	  1.9005E+02	  1.9762E+02	  1.7250E+02	  1.5270E+02	  1.3076E+02	  1.3303E+02	  1.5035E+02	  1.6847E+02	  1.7988E+02	  1.7839E+02	  1.5234E+02	  1.8336E+02	  1.9350E+02	  1.9647E+02	  1.9552E+02	  1.9612E+02	  2.1032E+02	  1.7798E+02	  1.8335E+02	  1.8635E+02	  1.7065E+02	  2.0306E+02	  2.1250E+02	  2.2419E+02	  2.2693E+02	  2.5192E+02	  2.7111E+02	  2.7500E+02	  3.3468E+02	  3.8897E+02	  4.1608E+02	  3.4388E+02	  2.1548E+02	  1.0038E+02	  3.4913E+01	  1.3033E+01	  3.4848E+00	  2.2091E+00	  0.0000E+00	  0.0000E+00	  0.0000E+00	  0.0000E+00	  0.0000E+00	  0.0000E+00	  0.0000E+00	  0.0000E+00	  0.0000E+00	  0.0000E+00	  0.0000E+00	  0.0000E+00	  0.0000E+00	  0.0000E+00	  0.0000E+00	  0.0000E+00	  0.0000E+00	  0.0000E+00	  0.0000E+00	  0.0000E+00	  0.0000E+00	  0.0000E+00	  0.0000E+00	  0.0000E+00
  0.0000E+00	  0.0000E+00	  0.0000E+00	  0.0000E+00	  0.0000E+00	  0.0000E+00	  0.0000E+00	  0.0000E+00	  0.0000E+00	  0.0000E+00	  0.0000E+00	  0.0000E+00	  0.0000E+00	  0.0000E+00	  0.0000E+00	  0.0000E+00	  0.0000E+00	  0.0000E+00	  0.0000E+00	  0.0000E+00	  0.0000E+00	  0.0000E+00	  0.0000E+00	  2.5997E-02	  1.3962E+00	  3.6467E+00	  1.7136E+01	  4.6481E+01	  1.0395E+02	  1.8474E+02	  2.3094E+02	  2.7612E+02	  2.7607E+02	  2.7220E+02	  2.7781E+02	  2.6120E+02	  2.8227E+02	  2.3310E+02	  2.4295E+02	  2.3608E+02	  2.1464E+02	  2.0996E+02	  1.9487E+02	  2.0469E+02	  1.9727E+02	  2.1687E+02	  1.8050E+02	  1.6646E+02	  1.7351E+02	  1.9656E+02	  2.0796E+02	  1.8081E+02	  1.9847E+02	  1.9441E+02	  1.7695E+02	  1.7570E+02	  1.8659E+02	  1.6008E+02	  1.3945E+02	  1.4231E+02	  1.6493E+02	  1.6528E+02	  1.7382E+02	  1.7488E+02	  1.6259E+02	  1.7807E+02	  1.8655E+02	  1.6610E+02	  1.7700E+02	  1.4334E+02	  1.4041E+02	  1.2524E+02	  1.2756E+02	  1.4668E+02	  1.9285E+02	  1.8422E+02	  1.5307E+02	  1.6288E+02	  1.9221E+02	  1.9888E+02	  1.8567E+02	  1.9616E+02	  2.0984E+02	  1.9967E+02	  1.9844E+02	  1.9142E+02	  2.0237E+02	  2.0448E+02	  2.3563E+02	  2.4433E+02	  2.6573E+02	  2.7571E+02	  2.5764E+02	  2.6437E+02	  3.4103E+02	  4.1651E+02	  4.6527E+02	  3.8733E+02	  2.4266E+02	  1.2161E+02	  4.2922E+01	  1.5671E+01	  2.0509E+00	  4.0474E-02	  0.0000E+00	  0.0000E+00	  0.0000E+00	  0.0000E+00	  0.0000E+00	  0.0000E+00	  0.0000E+00	  0.0000E+00	  0.0000E+00	  0.0000E+00	  0.0000E+00	  0.0000E+00	  0.0000E+00	  0.0000E+00	  0.0000E+00	  0.0000E+00	  0.0000E+00	  0.0000E+00	  0.0000E+00	  0.0000E+00	  0.0000E+00	  0.0000E+00	  0.0000E+00	  0.0000E+00
  0.0000E+00	  0.0000E+00	  0.0000E+00	  0.0000E+00	  0.0000E+00	  0.0000E+00	  0.0000E+00	  0.0000E+00	  0.0000E+00	  0.0000E+00	  0.0000E+00	  0.0000E+00	  0.0000E+00	  0.0000E+00	  0.0000E+00	  0.0000E+00	  0.0000E+00	  0.0000E+00	  0.0000E+00	  0.0000E+00	  0.0000E+00	  0.0000E+00	  0.0000E+00	  4.1291E-02	  3.5070E-01	  2.5982E+00	  1.4214E+01	  3.6184E+01	  8.6177E+01	  1.4316E+02	  1.9819E+02	  2.6415E+02	  2.8540E+02	  3.0398E+02	  3.1027E+02	  2.9668E+02	  2.8045E+02	  2.3319E+02	  2.4433E+02	  1.9651E+02	  1.9704E+02	  1.7348E+02	  1.6945E+02	  1.8419E+02	  1.9522E+02	  2.1108E+02	  1.8284E+02	  1.4536E+02	  1.4355E+02	  1.8245E+02	  1.8740E+02	  1.7934E+02	  1.7423E+02	  1.6880E+02	  1.6809E+02	  1.4676E+02	  1.5719E+02	  1.7579E+02	  1.5686E+02	  1.4079E+02	  1.5882E+02	  1.6240E+02	  1.6152E+02	  1.5919E+02	  1.5498E+02	  1.6877E+02	  1.8938E+02	  1.7837E+02	  1.8583E+02	  1.7846E+02	  1.5220E+02	  1.5365E+02	  1.5679E+02	  1.4850E+02	  1.5920E+02	  1.6143E+02	  1.5283E+02	  1.6730E+02	  1.9185E+02	  2.2218E+02	  1.8906E+02	  1.7798E+02	  1.7943E+02	  1.6116E+02	  2.0450E+02	  2.2635E+02	  2.2587E+02	  2.3487E+02	  2.5237E+02	  2.3757E+02	  2.4024E+02	  2.6225E+02	  2.6811E+02	  2.4488E+02	  3.0362E+02	  4.0335E+02	  4.1481E+02	  3.6391E+02	  2.4664E+02	  1.2808E+02	  4.4545E+01	  1.4594E+01	  8.9855E-01	  0.0000E+00	  0.0000E+00	  0.0000E+00	  0.0000E+00	  0.0000E+00	  0.0000E+00	  0.0000E+00	  0.0000E+00	  0.0000E+00	  0.0000E+00	  0.0000E+00	  0.0000E+00	  0.0000E+00	  0.0000E+00	  0.0000E+00	  0.0000E+00	  0.0000E+00	  0.0000E+00	  0.0000E+00	  0.0000E+00	  0.0000E+00	  0.0000E+00	  0.0000E+00	  0.0000E+00	  0.0000E+00
  0.0000E+00	  0.0000E+00	  0.0000E+00	  0.0000E+00	  0.0000E+00	  0.0000E+00	  0.0000E+00	  0.0000E+00	  0.0000E+00	  0.0000E+00	  0.0000E+00	  0.0000E+00	  0.0000E+00	  0.0000E+00	  0.0000E+00	  0.0000E+00	  0.0000E+00	  0.0000E+00	  0.0000E+00	  0.0000E+00	  0.0000E+00	  0.0000E+00	  0.0000E+00	  8.6653E-01	  8.7200E-02	  5.8288E+00	  1.5063E+01	  3.3335E+01	  6.3073E+01	  1.1071E+02	  1.7000E+02	  2.2250E+02	  2.8003E+02	  3.4644E+02	  3.4531E+02	  3.1738E+02	  2.8741E+02	  2.7177E+02	  2.4539E+02	  1.8017E+02	  1.9075E+02	  1.8904E+02	  1.7269E+02	  1.6807E+02	  2.0879E+02	  2.0820E+02	  1.9525E+02	  1.9863E+02	  1.6309E+02	  1.5781E+02	  1.9467E+02	  1.8624E+02	  1.6307E+02	  1.5877E+02	  1.8463E+02	  1.6066E+02	  1.4061E+02	  1.6255E+02	  1.7281E+02	  1.5700E+02	  1.5772E+02	  1.5855E+02	  1.5014E+02	  1.3583E+02	  1.4333E+02	  1.6619E+02	  1.8271E+02	  1.7984E+02	  1.9965E+02	  1.4949E+02	  1.2823E+02	  1.4970E+02	  1.6907E+02	  1.6839E+02	  1.5647E+02	  1.4992E+02	  1.4565E+02	  1.7328E+02	  1.9615E+02	  1.9622E+02	  1.8510E+02	  1.7588E+02	  1.6809E+02	  1.8487E+02	  1.9932E+02	  2.1685E+02	  2.3668E+02	  2.4595E+02	  2.3541E+02	  2.4029E+02	  2.2316E+02	  2.2446E+02	  2.4414E+02	  2.6738E+02	  3.2233E+02	  3.3992E+02	  3.7805E+02	  3.1975E+02	  2.0661E+02	  1.1882E+02	  3.7950E+01	  1.1843E+01	  1.0902E+00	  4.3071E-01	  0.0000E+00	  0.0000E+00	  0.0000E+00	  0.0000E+00	  0.0000E+00	  0.0000E+00	  0.0000E+00	  0.0000E+00	  0.0000E+00	  0.0000E+00	  0.0000E+00	  0.0000E+00	  0.0000E+00	  0.0000E+00	  0.0000E+00	  0.0000E+00	  0.0000E+00	  0.0000E+00	  0.0000E+00	  0.0000E+00	  0.0000E+00	  0.0000E+00	  0.0000E+00	  0.0000E+00
  0.0000E+00	  0.0000E+00	  0.0000E+00	  0.0000E+00	  0.0000E+00	  0.0000E+00	  0.0000E+00	  0.0000E+00	  0.0000E+00	  0.0000E+00	  0.0000E+00	  0.0000E+00	  0.0000E+00	  0.0000E+00	  0.0000E+00	  0.0000E+00	  0.0000E+00	  0.0000E+00	  0.0000E+00	  0.0000E+00	  0.0000E+00	  0.0000E+00	  0.0000E+00	  0.0000E+00	  0.0000E+00	  3.0904E+00	  5.1758E+00	  1.7997E+01	  4.5493E+01	  8.5693E+01	  1.4301E+02	  1.9633E+02	  2.7776E+02	  3.3656E+02	  3.4233E+02	  3.2400E+02	  3.2152E+02	  2.6728E+02	  2.5113E+02	  1.9063E+02	  1.7351E+02	  1.7225E+02	  1.6490E+02	  1.8410E+02	  2.1351E+02	  2.0333E+02	  2.0432E+02	  2.1288E+02	  1.9297E+02	  1.8011E+02	  1.8314E+02	  1.6887E+02	  1.5785E+02	  1.7466E+02	  1.5483E+02	  1.5206E+02	  1.4881E+02	  1.6893E+02	  1.6399E+02	  1.5918E+02	  1.7044E+02	  1.7949E+02	  1.5871E+02	  1.3893E+02	  1.6161E+02	  1.4601E+02	  1.7181E+02	  1.8816E+02	  1.7226E+02	  1.4619E+02	  1.3119E+02	  1.6693E+02	  1.7583E+02	  1.6762E+02	  1.4616E+02	  1.4385E+02	  1.4405E+02	  1.5428E+02	  1.7523E+02	  1.6180E+02	  1.7456E+02	  1.7481E+02	  1.8660E+02	  1.7176E+02	  1.8701E+02	  1.7934E+02	  1.9418E+02	  2.1576E+02	  2.3368E+02	  2.3945E+02	  2.6512E+02	  2.4406E+02	  2.3662E+02	  2.6580E+02	  3.3264E+02	  3.3458E+02	  3.4509E+02	  2.9791E+02	  2.1168E+02	  1.1211E+02	  3.8083E+01	  1.1107E+01	  1.4593E+00	  3.0070E-02	  0.0000E+00	  0.0000E+00	  0.0000E+00	  0.0000E+00	  0.0000E+00	  0.0000E+00	  0.0000E+00	  0.0000E+00	  0.0000E+00	  0.0000E+00	  0.0000E+00	  0.0000E+00	  0.0000E+00	  0.0000E+00	  0.0000E+00	  0.0000E+00	  0.0000E+00	  0.0000E+00	  0.0000E+00	  0.0000E+00	  0.0000E+00	  0.0000E+00	  0.0000E+00	  0.0000E+00
  0.0000E+00	  0.0000E+00	  0.0000E+00	  0.0000E+00	  0.0000E+00	  0.0000E+00	  0.0000E+00	  0.0000E+00	  0.0000E+00	  0.0000E+00	  0.0000E+00	  0.0000E+00	  0.0000E+00	  0.0000E+00	  0.0000E+00	  0.0000E+00	  0.0000E+00	  0.0000E+00	  0.0000E+00	  0.0000E+00	  0.0000E+00	  0.0000E+00	  0.0000E+00	  0.0000E+00	  5.4088E-02	  2.2328E+00	  4.9544E+00	  8.0047E+00	  2.6551E+01	  6.6068E+01	  1.1778E+02	  1.6846E+02	  2.3675E+02	  2.8042E+02	  3.0868E+02	  3.2832E+02	  3.1259E+02	  2.8821E+02	  2.4911E+02	  1.9390E+02	  1.8810E+02	  1.7561E+02	  1.7382E+02	  1.7357E+02	  2.0873E+02	  2.0956E+02	  2.0598E+02	  2.0508E+02	  1.9294E+02	  1.9611E+02	  1.7859E+02	  1.5528E+02	  1.5217E+02	  1.7114E+02	  1.7759E+02	  1.5191E+02	  1.5195E+02	  1.4334E+02	  1.7410E+02	  1.6248E+02	  1.6156E+02	  1.4340E+02	  1.4662E+02	  1.2505E+02	  1.4852E+02	  1.3564E+02	  1.4827E+02	  1.6262E+02	  1.6181E+02	  1.5897E+02	  1.5988E+02	  1.5223E+02	  1.4700E+02	  1.5957E+02	  1.5256E+02	  1.6835E+02	  1.2904E+02	  1.4883E+02	  1.7263E+02	  1.5316E+02	  1.5108E+02	  1.7001E+02	  1.5475E+02	  1.5719E+02	  1.6798E+02	  1.7848E+02	  1.9333E+02	  2.1155E+02	  2.3240E+02	  2.2818E+02	  2.3611E+02	  2.2934E+02	  2.4082E+02	  2.8728E+02	  3.3056E+02	  3.6931E+02	  3.6201E+02	  2.8673E+02	  2.1546E+02	  1.0645E+02	  4.5371E+01	  8.4225E+00	  2.3610E+00	  0.0000E+00	  0.0000E+00	  0.0000E+00	  0.0000E+00	  0.0000E+00	  0.0000E+00	  0.0000E+00	  0.0000E+00	  0.0000E+00	  0.0000E+00	  0.0000E+00	  0.0000E+00	  0.0000E+00	  0.0000E+00	  0.0000E+00	  0.0000E+00	  0.0000E+00	  0.0000E+00	  0.0000E+00	  0.0000E+00	  0.0000E+00	  0.0000E+00	  0.0000E+00	  0.0000E+00	  0.0000E+00
  0.0000E+00	  0.0000E+00	  0.0000E+00	  0.0000E+00	  0.0000E+00	  0.0000E+00	  0.0000E+00	  0.0000E+00	  0.0000E+00	  0.0000E+00	  0.0000E+00	  0.0000E+00	  0.0000E+00	  0.0000E+00	  0.0000E+00	  0.0000E+00	  0.0000E+00	  0.0000E+00	  0.0000E+00	  0.0000E+00	  0.0000E+00	  0.0000E+00	  0.0000E+00	  0.0000E+00	  1.1504E-01	  3.2874E+00	  2.7882E+00	  8.7531E+00	  1.4057E+01	  3.7708E+01	  6.9458E+01	  1.1339E+02	  1.8767E+02	  2.3486E+02	  2.8813E+02	  3.0882E+02	  3.0381E+02	  2.8832E+02	  2.7233E+02	  2.2239E+02	  2.0453E+02	  1.9335E+02	  1.6947E+02	  1.7285E+02	  2.0304E+02	  1.9144E+02	  1.9303E+02	  1.9591E+02	  1.7518E+02	  1.8025E+02	  1.6703E+02	  1.5754E+02	  1.7139E+02	  1.6612E+02	  1.6396E+02	  1.4959E+02	  1.4560E+02	  1.5575E+02	  1.7627E+02	  1.4588E+02	  1.1386E+02	  1.1152E+02	  1.1315E+02	  1.0936E+02	  1.1246E+02	  1.1954E+02	  1.3661E+02	  1.4411E+02	  1.6476E+02	  1.5883E+02	  1.6014E+02	  1.5972E+02	  1.4577E+02	  1.6795E+02	  1.5147E+02	  1.5052E+02	  1.3441E+02	  1.4454E+02	  1.5889E+02	  1.3838E+02	  1.4749E+02	  1.4437E+02	  1.4565E+02	  1.6694E+02	  1.8372E+02	  1.6294E+02	  1.7797E+02	  1.8493E+02	  2.0299E+02	  2.0660E+02	  2.0315E+02	  2.0747E+02	  2.3356E+02	  2.7988E+02	  3.4158E+02	  4.0742E+02	  3.9094E+02	  2.9063E+02	  1.7411E+02	  8.0514E+01	  3.5800E+01	  7.7581E+00	  2.1015E+00	  7.7293E-02	  0.0000E+00	  0.0000E+00	  0.0000E+00	  0.0000E+00	  0.0000E+00	  0.0000E+00	  0.0000E+00	  0.0000E+00	  0.0000E+00	  0.0000E+00	  0.0000E+00	  0.0000E+00	  0.0000E+00	  0.0000E+00	  0.0000E+00	  0.0000E+00	  0.0000E+00	  0.0000E+00	  0.0000E+00	  0.0000E+00	  0.0000E+00	  0.0000E+00	  0.0000E+00	  0.0000E+00
  0.0000E+00	  0.0000E+00	  0.0000E+00	  0.0000E+00	  0.0000E+00	  0.0000E+00	  0.0000E+00	  0.0000E+00	  0.0000E+00	  0.0000E+00	  0.0000E+00	  0.0000E+00	  0.0000E+00	  0.0000E+00	  0.0000E+00	  0.0000E+00	  0.0000E+00	  0.0000E+00	  0.0000E+00	  0.0000E+00	  0.0000E+00	  0.0000E+00	  0.0000E+00	  0.0000E+00	  0.0000E+00	  3.3972E-01	  5.5663E-01	  3.2285E+00	  8.1547E+00	  2.1117E+01	  5.0961E+01	  8.1477E+01	  1.3334E+02	  1.8206E+02	  2.3229E+02	  2.6390E+02	  2.9623E+02	  2.9024E+02	  2.7942E+02	  2.5293E+02	  2.4715E+02	  2.4411E+02	  2.1276E+02	  2.0453E+02	  1.9842E+02	  1.8126E+02	  1.9280E+02	  1.8843E+02	  1.4196E+02	  1.3934E+02	  1.3560E+02	  1.5646E+02	  1.7069E+02	  1.7494E+02	  1.7764E+02	  1.6770E+02	  1.7237E+02	  1.5771E+02	  1.4094E+02	  1.2181E+02	  1.1907E+02	  1.2272E+02	  1.0954E+02	  1.0939E+02	  1.0049E+02	  1.1732E+02	  1.3203E+02	  1.4154E+02	  1.4062E+02	  1.3264E+02	  1.3654E+02	  1.3667E+02	  1.2397E+02	  1.2662E+02	  1.3494E+02	  1.2874E+02	  1.3949E+02	  1.4948E+02	  1.3790E+02	  1.3937E+02	  1.5491E+02	  1.6323E+02	  1.5661E+02	  1.4805E+02	  1.9321E+02	  1.8052E+02	  1.6455E+02	  1.9533E+02	  1.9130E+02	  1.8775E+02	  1.8295E+02	  1.8694E+02	  2.2568E+02	  2.6696E+02	  3.5046E+02	  4.5056E+02	  4.0823E+02	  2.6432E+02	  1.3194E+02	  6.6567E+01	  2.3553E+01	  2.7895E+00	  1.8138E+00	  1.4157E-01	  0.0000E+00	  0.0000E+00	  0.0000E+00	  0.0000E+00	  0.0000E+00	  0.0000E+00	  0.0000E+00	  0.0000E+00	  0.0000E+00	  0.0000E+00	  0.0000E+00	  0.0000E+00	  0.0000E+00	  0.0000E+00	  0.0000E+00	  0.0000E+00	  0.0000E+00	  0.0000E+00	  0.0000E+00	  0.0000E+00	  0.0000E+00	  0.0000E+00	  0.0000E+00	  0.0000E+00
  0.0000E+00	  0.0000E+00	  0.0000E+00	  0.0000E+00	  0.0000E+00	  0.0000E+00	  0.0000E+00	  0.0000E+00	  0.0000E+00	  0.0000E+00	  0.0000E+00	  0.0000E+00	  0.0000E+00	  0.0000E+00	  0.0000E+00	  0.0000E+00	  0.0000E+00	  0.0000E+00	  0.0000E+00	  0.0000E+00	  0.0000E+00	  0.0000E+00	  0.0000E+00	  0.0000E+00	  0.0000E+00	  0.0000E+00	  1.4884E+00	  2.0140E+00	  2.2379E+00	  5.4285E+00	  2.7353E+01	  6.2261E+01	  8.9699E+01	  1.3996E+02	  1.8980E+02	  2.1425E+02	  2.6217E+02	  2.6909E+02	  2.6833E+02	  2.5589E+02	  2.5730E+02	  2.6053E+02	  2.5229E+02	  2.6163E+02	  2.0710E+02	  1.8984E+02	  2.0424E+02	  1.8338E+02	  1.5087E+02	  1.4046E+02	  1.5822E+02	  1.5718E+02	  1.5802E+02	  1.7870E+02	  2.0279E+02	  1.6076E+02	  1.6659E+02	  1.4315E+02	  1.4218E+02	  1.2157E+02	  1.1384E+02	  1.0620E+02	  1.0496E+02	  1.3412E+02	  1.1574E+02	  1.3120E+02	  1.3978E+02	  1.4818E+02	  1.3137E+02	  1.3107E+02	  1.2203E+02	  1.0923E+02	  1.0332E+02	  1.0501E+02	  1.1952E+02	  1.3188E+02	  1.5609E+02	  1.4602E+02	  1.2394E+02	  1.3933E+02	  1.4571E+02	  1.6454E+02	  1.5255E+02	  1.4656E+02	  1.6587E+02	  1.7811E+02	  1.7102E+02	  1.9350E+02	  1.8775E+02	  1.7435E+02	  1.8878E+02	  2.0401E+02	  2.4459E+02	  2.4904E+02	  3.4516E+02	  4.2831E+02	  3.5450E+02	  2.2490E+02	  1.2895E+02	  5.1573E+01	  1.6483E+01	  1.3100E+00	  0.0000E+00	  0.0000E+00	  0.0000E+00	  0.0000E+00	  0.0000E+00	  0.0000E+00	  0.0000E+00	  0.0000E+00	  0.0000E+00	  0.0000E+00	  0.0000E+00	  0.0000E+00	  0.0000E+00	  0.0000E+00	  0.0000E+00	  0.0000E+00	  0.0000E+00	  0.0000E+00	  0.0000E+00	  0.0000E+00	  0.0000E+00	  0.0000E+00	  0.0000E+00	  0.0000E+00	  0.0000E+00	  0.0000E+00
  0.0000E+00	  0.0000E+00	  0.0000E+00	  0.0000E+00	  0.0000E+00	  0.0000E+00	  0.0000E+00	  0.0000E+00	  0.0000E+00	  0.0000E+00	  0.0000E+00	  0.0000E+00	  0.0000E+00	  0.0000E+00	  0.0000E+00	  0.0000E+00	  0.0000E+00	  0.0000E+00	  0.0000E+00	  0.0000E+00	  0.0000E+00	  0.0000E+00	  0.0000E+00	  0.0000E+00	  0.0000E+00	  0.0000E+00	  1.3369E+00	  1.6755E+00	  1.4719E+00	  2.5774E+00	  1.2718E+01	  3.9202E+01	  6.5762E+01	  9.0930E+01	  1.4171E+02	  1.8181E+02	  2.0669E+02	  2.3875E+02	  2.5120E+02	  2.4818E+02	  2.1942E+02	  2.2136E+02	  2.6497E+02	  2.6412E+02	  2.3119E+02	  1.9052E+02	  1.7776E+02	  1.7867E+02	  1.6216E+02	  1.6375E+02	  1.6712E+02	  1.6188E+02	  1.5947E+02	  1.7350E+02	  1.7064E+02	  1.6541E+02	  1.6851E+02	  1.4340E+02	  1.3547E+02	  1.2965E+02	  1.3697E+02	  1.1170E+02	  1.1613E+02	  1.3115E+02	  1.4327E+02	  1.5855E+02	  1.5204E+02	  1.6887E+02	  1.6170E+02	  1.4501E+02	  9.8290E+01	  9.9826E+01	  1.0671E+02	  1.0612E+02	  1.1379E+02	  1.4361E+02	  1.7225E+02	  1.5584E+02	  1.4506E+02	  1.3949E+02	  1.4446E+02	  1.5511E+02	  1.4123E+02	  1.4860E+02	  1.5328E+02	  1.7375E+02	  1.7888E+02	  1.8852E+02	  1.9555E+02	  1.8810E+02	  1.9976E+02	  2.1877E+02	  2.4644E+02	  2.5858E+02	  3.3200E+02	  3.4996E+02	  3.0907E+02	  1.9784E+02	  8.3473E+01	  2.4192E+01	  7.7904E+00	  4.1310E-01	  0.0000E+00	  0.0000E+00	  0.0000E+00	  0.0000E+00	  0.0000E+00	  0.0000E+00	  0.0000E+00	  0.0000E+00	  0.0000E+00	  0.0000E+00	  0.0000E+00	  0.0000E+00	  0.0000E+00	  0.0000E+00	  0.0000E+00	  0.0000E+00	  0.0000E+00	  0.0000E+00	  0.0000E+00	  0.0000E+00	  0.0000E+00	  0.0000E+00	  0.0000E+00	  0.0000E+00	  0.0000E+00	  0.0000E+00
  0.0000E+00	  0.0000E+00	  0.0000E+00	  0.0000E+00	  0.0000E+00	  0.0000E+00	  0.0000E+00	  0.0000E+00	  0.0000E+00	  0.0000E+00	  0.0000E+00	  0.0000E+00	  0.0000E+00	  0.0000E+00	  0.0000E+00	  0.0000E+00	  0.0000E+00	  0.0000E+00	  0.0000E+00	  0.0000E+00	  0.0000E+00	  0.0000E+00	  0.0000E+00	  0.0000E+00	  0.0000E+00	  0.0000E+00	  0.0000E+00	  1.6771E-01	  6.7565E-01	  3.0717E+00	  4.5183E+00	  1.1764E+01	  3.2411E+01	  3.9470E+01	  8.7218E+01	  9.9067E+01	  1.3516E+02	  1.8067E+02	  1.7411E+02	  1.6514E+02	  1.6163E+02	  1.9097E+02	  2.1722E+02	  2.3986E+02	  2.2827E+02	  2.1420E+02	  1.8395E+02	  1.7307E+02	  1.5264E+02	  1.8173E+02	  1.6799E+02	  1.7057E+02	  1.9211E+02	  2.0913E+02	  1.7631E+02	  1.7799E+02	  1.7261E+02	  1.2801E+02	  1.2926E+02	  1.2831E+02	  1.0997E+02	  1.1265E+02	  1.4166E+02	  1.5036E+02	  1.6073E+02	  1.8420E+02	  1.7777E+02	  1.6599E+02	  1.5247E+02	  1.4303E+02	  1.2445E+02	  1.1425E+02	  1.2319E+02	  1.1778E+02	  1.0653E+02	  1.1879E+02	  1.5699E+02	  1.6881E+02	  1.7277E+02	  1.6459E+02	  1.6398E+02	  1.6021E+02	  1.4430E+02	  1.3519E+02	  1.3483E+02	  1.4593E+02	  1.4832E+02	  1.6881E+02	  1.9974E+02	  2.3098E+02	  2.4335E+02	  2.4645E+02	  2.5082E+02	  2.6164E+02	  3.1526E+02	  3.0728E+02	  2.4246E+02	  1.5160E+02	  4.6245E+01	  1.9945E+01	  3.3607E+00	  5.2687E-01	  0.0000E+00	  0.0000E+00	  0.0000E+00	  0.0000E+00	  0.0000E+00	  0.0000E+00	  0.0000E+00	  0.0000E+00	  0.0000E+00	  0.0000E+00	  0.0000E+00	  0.0000E+00	  0.0000E+00	  0.0000E+00	  0.0000E+00	  0.0000E+00	  0.0000E+00	  0.0000E+00	  0.0000E+00	  0.0000E+00	  0.0000E+00	  0.0000E+00	  0.0000E+00	  0.0000E+00	  0.0000E+00	  0.0000E+00
  0.0000E+00	  0.0000E+00	  0.0000E+00	  0.0000E+00	  0.0000E+00	  0.0000E+00	  0.0000E+00	  0.0000E+00	  0.0000E+00	  0.0000E+00	  0.0000E+00	  0.0000E+00	  0.0000E+00	  0.0000E+00	  0.0000E+00	  0.0000E+00	  0.0000E+00	  0.0000E+00	  0.0000E+00	  0.0000E+00	  0.0000E+00	  0.0000E+00	  0.0000E+00	  0.0000E+00	  0.0000E+00	  0.0000E+00	  0.0000E+00	  0.0000E+00	  3.4144E-06	  3.5003E-01	  9.3747E-01	  3.6594E+00	  1.1807E+01	  1.5828E+01	  3.8209E+01	  6.4631E+01	  9.0967E+01	  1.2280E+02	  1.3451E+02	  1.3482E+02	  1.5177E+02	  1.7429E+02	  1.9648E+02	  2.3393E+02	  2.3073E+02	  2.1510E+02	  1.7575E+02	  1.7948E+02	  1.6502E+02	  1.9100E+02	  1.7523E+02	  1.6282E+02	  1.8888E+02	  1.8850E+02	  1.8440E+02	  1.7406E+02	  1.5188E+02	  1.2575E+02	  1.1284E+02	  1.1850E+02	  1.1865E+02	  1.1382E+02	  1.1239E+02	  1.5533E+02	  1.7830E+02	  1.8775E+02	  1.7013E+02	  1.6503E+02	  1.4386E+02	  1.3469E+02	  1.3017E+02	  1.2322E+02	  1.1921E+02	  1.0090E+02	  1.1620E+02	  1.2434E+02	  1.4538E+02	  1.7563E+02	  1.8198E+02	  1.8985E+02	  1.6250E+02	  1.5521E+02	  1.3255E+02	  1.6518E+02	  1.8013E+02	  1.5125E+02	  1.6694E+02	  1.9189E+02	  2.3417E+02	  2.5799E+02	  2.7720E+02	  2.9266E+02	  2.9767E+02	  2.7338E+02	  2.5963E+02	  2.3337E+02	  1.5841E+02	  8.6564E+01	  2.5612E+01	  9.7576E+00	  1.8207E+00	  7.3578E-03	  0.0000E+00	  0.0000E+00	  0.0000E+00	  0.0000E+00	  0.0000E+00	  0.0000E+00	  0.0000E+00	  0.0000E+00	  0.0000E+00	  0.0000E+00	  0.0000E+00	  0.0000E+00	  0.0000E+00	  0.0000E+00	  0.0000E+00	  0.0000E+00	  0.0000E+00	  0.0000E+00	  0.0000E+00	  0.0000E+00	  0.0000E+00	  0.0000E+00	  0.0000E+00	  0.0000E+00	  0.0000E+00	  0.0000E+00
  0.0000E+00	  0.0000E+00	  0.0000E+00	  0.0000E+00	  0.0000E+00	  0.0000E+00	  0.0000E+00	  0.0000E+00	  0.0000E+00	  0.0000E+00	  0.0000E+00	  0.0000E+00	  0.0000E+00	  0.0000E+00	  0.0000E+00	  0.0000E+00	  0.0000E+00	  0.0000E+00	  0.0000E+00	  0.0000E+00	  0.0000E+00	  0.0000E+00	  0.0000E+00	  0.0000E+00	  0.0000E+00	  0.0000E+00	  0.0000E+00	  0.0000E+00	  0.0000E+00	  0.0000E+00	  1.2034E-02	  3.9533E-01	  2.6017E+00	  1.0156E+01	  2.5022E+01	  4.6417E+01	  5.9425E+01	  7.1907E+01	  8.6149E+01	  1.0983E+02	  1.2710E+02	  1.4404E+02	  1.7744E+02	  1.9483E+02	  2.0180E+02	  2.0258E+02	  1.6680E+02	  1.7289E+02	  1.6516E+02	  1.6982E+02	  1.6622E+02	  1.6631E+02	  1.8339E+02	  1.8830E+02	  1.8729E+02	  1.7212E+02	  1.6283E+02	  1.4167E+02	  1.2216E+02	  1.2410E+02	  1.3890E+02	  1.2451E+02	  1.1169E+02	  1.2597E+02	  1.5794E+02	  1.8371E+02	  1.7267E+02	  1.5979E+02	  1.3803E+02	  1.1356E+02	  1.0734E+02	  1.0837E+02	  1.2183E+02	  1.0484E+02	  1.1827E+02	  1.2329E+02	  1.2684E+02	  1.5178E+02	  1.7730E+02	  1.8529E+02	  1.5470E+02	  1.4446E+02	  1.4881E+02	  1.6707E+02	  1.6649E+02	  1.5988E+02	  1.6306E+02	  2.2238E+02	  2.6749E+02	  2.6328E+02	  2.5785E+02	  2.7775E+02	  2.8450E+02	  2.4399E+02	  1.9009E+02	  1.5881E+02	  8.3628E+01	  4.6203E+01	  1.4297E+01	  3.6318E+00	  2.9818E-01	  0.0000E+00	  0.0000E+00	  0.0000E+00	  0.0000E+00	  0.0000E+00	  0.0000E+00	  0.0000E+00	  0.0000E+00	  0.0000E+00	  0.0000E+00	  0.0000E+00	  0.0000E+00	  0.0000E+00	  0.0000E+00	  0.0000E+00	  0.0000E+00	  0.0000E+00	  0.0000E+00	  0.0000E+00	  0.0000E+00	  0.0000E+00	  0.0000E+00	  0.0000E+00	  0.0000E+00	  0.0000E+00	  0.0000E+00	  0.0000E+00
  0.0000E+00	  0.0000E+00	  0.0000E+00	  0.0000E+00	  0.0000E+00	  0.0000E+00	  0.0000E+00	  0.0000E+00	  0.0000E+00	  0.0000E+00	  0.0000E+00	  0.0000E+00	  0.0000E+00	  0.0000E+00	  0.0000E+00	  0.0000E+00	  0.0000E+00	  0.0000E+00	  0.0000E+00	  0.0000E+00	  0.0000E+00	  0.0000E+00	  0.0000E+00	  0.0000E+00	  0.0000E+00	  0.0000E+00	  0.0000E+00	  0.0000E+00	  0.0000E+00	  0.0000E+00	  0.0000E+00	  7.1993E-02	  4.9942E-01	  4.0921E+00	  1.3754E+01	  2.5338E+01	  3.3290E+01	  4.2492E+01	  5.7537E+01	  6.5867E+01	  9.1248E+01	  9.7648E+01	  1.3697E+02	  1.6239E+02	  1.5101E+02	  1.7353E+02	  1.5480E+02	  1.7363E+02	  1.5052E+02	  1.5346E+02	  1.5627E+02	  1.6040E+02	  1.9298E+02	  2.0352E+02	  1.7851E+02	  1.8381E+02	  1.6871E+02	  1.5069E+02	  1.4967E+02	  1.4571E+02	  1.4689E+02	  1.3459E+02	  1.2475E+02	  1.3091E+02	  1.4076E+02	  1.5014E+02	  1.6272E+02	  1.4041E+02	  1.4345E+02	  1.3862E+02	  1.1621E+02	  1.3385E+02	  1.4610E+02	  1.2212E+02	  1.2716E+02	  1.2895E+02	  1.4350E+02	  1.4857E+02	  1.8273E+02	  1.9307E+02	  1.7461E+02	  1.6462E+02	  1.8750E+02	  2.0576E+02	  1.7784E+02	  1.8173E+02	  1.8769E+02	  2.0555E+02	  2.3026E+02	  2.4601E+02	  2.3498E+02	  2.1874E+02	  2.0055E+02	  1.5862E+02	  9.8402E+01	  6.9527E+01	  6.0840E+01	  2.6513E+01	  8.7413E+00	  1.3033E+00	  4.9348E-01	  0.0000E+00	  0.0000E+00	  0.0000E+00	  0.0000E+00	  0.0000E+00	  0.0000E+00	  0.0000E+00	  0.0000E+00	  0.0000E+00	  0.0000E+00	  0.0000E+00	  0.0000E+00	  0.0000E+00	  0.0000E+00	  0.0000E+00	  0.0000E+00	  0.0000E+00	  0.0000E+00	  0.0000E+00	  0.0000E+00	  0.0000E+00	  0.0000E+00	  0.0000E+00	  0.0000E+00	  0.0000E+00	  0.0000E+00	  0.0000E+00
  0.0000E+00	  0.0000E+00	  0.0000E+00	  0.0000E+00	  0.0000E+00	  0.0000E+00	  0.0000E+00	  0.0000E+00	  0.0000E+00	  0.0000E+00	  0.0000E+00	  0.0000E+00	  0.0000E+00	  0.0000E+00	  0.0000E+00	  0.0000E+00	  0.0000E+00	  0.0000E+00	  0.0000E+00	  0.0000E+00	  0.0000E+00	  0.0000E+00	  0.0000E+00	  0.0000E+00	  0.0000E+00	  0.0000E+00	  0.0000E+00	  0.0000E+00	  0.0000E+00	  0.0000E+00	  0.0000E+00	  0.0000E+00	  2.7735E-01	  3.5807E+00	  6.4700E+00	  9.4781E+00	  1.0604E+01	  2.6869E+01	  3.3632E+01	  4.2496E+01	  4.9639E+01	  5.5472E+01	  6.6569E+01	  9.7794E+01	  1.1090E+02	  1.2362E+02	  1.4467E+02	  1.3943E+02	  1.3784E+02	  1.5379E+02	  1.5252E+02	  1.5654E+02	  1.8801E+02	  1.8412E+02	  1.5061E+02	  1.4911E+02	  1.5580E+02	  1.3998E+02	  1.4670E+02	  1.5121E+02	  1.5382E+02	  1.3530E+02	  1.2366E+02	  1.3757E+02	  1.3898E+02	  1.3935E+02	  1.5155E+02	  1.4567E+02	  1.5747E+02	  1.4544E+02	  1.4725E+02	  1.6122E+02	  1.6273E+02	  1.2917E+02	  1.2520E+02	  1.4607E+02	  1.6024E+02	  1.8872E+02	  2.2204E+02	  2.0834E+02	  1.7270E+02	  1.5264E+02	  1.9128E+02	  2.0053E+02	  1.9072E+02	  1.8981E+02	  1.6896E+02	  1.6935E+02	  1.9509E+02	  2.0504E+02	  1.6763E+02	  1.5634E+02	  1.4438E+02	  1.0068E+02	  5.6520E+01	  3.0681E+01	  2.4886E+01	  1.0447E+01	  3.0177E+00	  4.7703E-01	  0.0000E+00	  0.0000E+00	  0.0000E+00	  0.0000E+00	  0.0000E+00	  0.0000E+00	  0.0000E+00	  0.0000E+00	  0.0000E+00	  0.0000E+00	  0.0000E+00	  0.0000E+00	  0.0000E+00	  0.0000E+00	  0.0000E+00	  0.0000E+00	  0.0000E+00	  0.0000E+00	  0.0000E+00	  0.0000E+00	  0.0000E+00	  0.0000E+00	  0.0000E+00	  0.0000E+00	  0.0000E+00	  0.0000E+00	  0.0000E+00	  0.0000E+00
  0.0000E+00	  0.0000E+00	  0.0000E+00	  0.0000E+00	  0.0000E+00	  0.0000E+00	  0.0000E+00	  0.0000E+00	  0.0000E+00	  0.0000E+00	  0.0000E+00	  0.0000E+00	  0.0000E+00	  0.0000E+00	  0.0000E+00	  0.0000E+00	  0.0000E+00	  0.0000E+00	  0.0000E+00	  0.0000E+00	  0.0000E+00	  0.0000E+00	  0.0000E+00	  0.0000E+00	  0.0000E+00	  0.0000E+00	  0.0000E+00	  0.0000E+00	  0.0000E+00	  0.0000E+00	  0.0000E+00	  0.0000E+00	  1.5256E-02	  4.1167E-01	  5.5514E-01	  3.4504E+00	  4.0938E+00	  1.1959E+01	  1.3025E+01	  1.7430E+01	  2.3037E+01	  2.9447E+01	  3.4871E+01	  4.1441E+01	  5.5932E+01	  8.4221E+01	  1.0153E+02	  1.0291E+02	  9.7090E+01	  1.1213E+02	  1.3306E+02	  1.3721E+02	  1.4413E+02	  1.3774E+02	  1.1704E+02	  1.2604E+02	  1.4559E+02	  1.3411E+02	  1.5630E+02	  1.6788E+02	  1.5183E+02	  1.5865E+02	  1.5370E+02	  1.5799E+02	  1.4687E+02	  1.3046E+02	  1.3323E+02	  1.4240E+02	  1.7606E+02	  1.6969E+02	  1.8186E+02	  1.8404E+02	  1.5753E+02	  1.5181E+02	  1.5754E+02	  1.4392E+02	  1.8601E+02	  2.3447E+02	  2.2818E+02	  2.0768E+02	  1.8423E+02	  1.5043E+02	  1.7403E+02	  1.5021E+02	  1.4352E+02	  1.7641E+02	  1.5440E+02	  1.3802E+02	  1.2023E+02	  1.2034E+02	  9.7946E+01	  9.3737E+01	  7.1419E+01	  5.2473E+01	  2.3331E+01	  1.6996E+01	  9.0704E+00	  2.3463E+00	  5.2831E-02	  0.0000E+00	  0.0000E+00	  0.0000E+00	  0.0000E+00	  0.0000E+00	  0.0000E+00	  0.0000E+00	  0.0000E+00	  0.0000E+00	  0.0000E+00	  0.0000E+00	  0.0000E+00	  0.0000E+00	  0.0000E+00	  0.0000E+00	  0.0000E+00	  0.0000E+00	  0.0000E+00	  0.0000E+00	  0.0000E+00	  0.0000E+00	  0.0000E+00	  0.0000E+00	  0.0000E+00	  0.0000E+00	  0.0000E+00	  0.0000E+00	  0.0000E+00	  0.0000E+00
  0.0000E+00	  0.0000E+00	  0.0000E+00	  0.0000E+00	  0.0000E+00	  0.0000E+00	  0.0000E+00	  0.0000E+00	  0.0000E+00	  0.0000E+00	  0.0000E+00	  0.0000E+00	  0.0000E+00	  0.0000E+00	  0.0000E+00	  0.0000E+00	  0.0000E+00	  0.0000E+00	  0.0000E+00	  0.0000E+00	  0.0000E+00	  0.0000E+00	  0.0000E+00	  0.0000E+00	  0.0000E+00	  0.0000E+00	  0.0000E+00	  0.0000E+00	  0.0000E+00	  0.0000E+00	  0.0000E+00	  0.0000E+00	  0.0000E+00	  0.0000E+00	  3.5193E-01	  6.7218E-01	  8.5242E-01	  4.3017E+00	  4.4929E+00	  7.3318E+00	  1.0080E+01	  1.3779E+01	  1.3711E+01	  1.6051E+01	  2.5589E+01	  3.8683E+01	  4.6967E+01	  5.3123E+01	  6.1382E+01	  6.2573E+01	  8.0380E+01	  9.2746E+01	  8.8020E+01	  9.3301E+01	  8.4480E+01	  7.5325E+01	  9.2288E+01	  1.0264E+02	  1.2505E+02	  1.4416E+02	  1.4370E+02	  1.3893E+02	  1.3028E+02	  1.2938E+02	  1.3448E+02	  1.1475E+02	  1.1000E+02	  1.4044E+02	  1.6090E+02	  1.5289E+02	  1.6544E+02	  1.8766E+02	  1.9430E+02	  1.6533E+02	  1.5521E+02	  1.4036E+02	  1.6032E+02	  1.7860E+02	  1.7505E+02	  1.7738E+02	  1.3749E+02	  1.1745E+02	  1.0791E+02	  1.0683E+02	  1.1433E+02	  1.0837E+02	  1.1438E+02	  9.1606E+01	  7.0594E+01	  6.0248E+01	  5.4001E+01	  5.1190E+01	  2.7628E+01	  2.1938E+01	  7.3891E+00	  5.7710E+00	  2.2135E+00	  9.6982E-01	  5.2389E-02	  0.0000E+00	  0.0000E+00	  0.0000E+00	  0.0000E+00	  0.0000E+00	  0.0000E+00	  0.0000E+00	  0.0000E+00	  0.0000E+00	  0.0000E+00	  0.0000E+00	  0.0000E+00	  0.0000E+00	  0.0000E+00	  0.0000E+00	  0.0000E+00	  0.0000E+00	  0.0000E+00	  0.0000E+00	  0.0000E+00	  0.0000E+00	  0.0000E+00	  0.0000E+00	  0.0000E+00	  0.0000E+00	  0.0000E+00	  0.0000E+00	  0.0000E+00	  0.0000E+00
  0.0000E+00	  0.0000E+00	  0.0000E+00	  0.0000E+00	  0.0000E+00	  0.0000E+00	  0.0000E+00	  0.0000E+00	  0.0000E+00	  0.0000E+00	  0.0000E+00	  0.0000E+00	  0.0000E+00	  0.0000E+00	  0.0000E+00	  0.0000E+00	  0.0000E+00	  0.0000E+00	  0.0000E+00	  0.0000E+00	  0.0000E+00	  0.0000E+00	  0.0000E+00	  0.0000E+00	  0.0000E+00	  0.0000E+00	  0.0000E+00	  0.0000E+00	  0.0000E+00	  0.0000E+00	  0.0000E+00	  0.0000E+00	  0.0000E+00	  0.0000E+00	  0.0000E+00	  0.0000E+00	  2.4572E-02	  6.7121E-01	  1.2394E+00	  3.1807E+00	  4.0645E+00	  5.2617E+00	  2.9588E+00	  7.1853E+00	  1.0858E+01	  9.2759E+00	  1.5073E+01	  1.5584E+01	  2.2353E+01	  2.8089E+01	  4.0625E+01	  5.1995E+01	  5.6154E+01	  5.2951E+01	  4.3076E+01	  3.6719E+01	  5.2437E+01	  7.6007E+01	  9.0684E+01	  1.0447E+02	  9.8219E+01	  9.4588E+01	  6.8850E+01	  8.2316E+01	  8.3305E+01	  8.9240E+01	  8.3859E+01	  9.6739E+01	  1.0555E+02	  1.1172E+02	  1.0465E+02	  1.2506E+02	  1.4624E+02	  1.2043E+02	  1.0190E+02	  1.0431E+02	  1.1452E+02	  1.0705E+02	  9.9283E+01	  1.0424E+02	  9.0036E+01	  8.1352E+01	  6.4219E+01	  6.1670E+01	  7.9117E+01	  8.0067E+01	  7.4434E+01	  5.8676E+01	  4.2363E+01	  2.2568E+01	  2.1149E+01	  1.5802E+01	  8.8654E+00	  9.4536E+00	  1.6083E+00	  5.1259E-01	  8.1763E-01	  3.0000E-01	  1.1127E-02	  0.0000E+00	  0.0000E+00	  0.0000E+00	  0.0000E+00	  0.0000E+00	  0.0000E+00	  0.0000E+00	  0.0000E+00	  0.0000E+00	  0.0000E+00	  0.0000E+00	  0.0000E+00	  0.0000E+00	  0.0000E+00	  0.0000E+00	  0.0000E+00	  0.0000E+00	  0.0000E+00	  0.0000E+00	  0.0000E+00	  0.0000E+00	  0.0000E+00	  0.0000E+00	  0.0000E+00	  0.0000E+00	  0.0000E+00	  0.0000E+00	  0.0000E+00	  0.0000E+00
  0.0000E+00	  0.0000E+00	  0.0000E+00	  0.0000E+00	  0.0000E+00	  0.0000E+00	  0.0000E+00	  0.0000E+00	  0.0000E+00	  0.0000E+00	  0.0000E+00	  0.0000E+00	  0.0000E+00	  0.0000E+00	  0.0000E+00	  0.0000E+00	  0.0000E+00	  0.0000E+00	  0.0000E+00	  0.0000E+00	  0.0000E+00	  0.0000E+00	  0.0000E+00	  0.0000E+00	  0.0000E+00	  0.0000E+00	  0.0000E+00	  0.0000E+00	  0.0000E+00	  0.0000E+00	  0.0000E+00	  0.0000E+00	  0.0000E+00	  0.0000E+00	  0.0000E+00	  0.0000E+00	  0.0000E+00	  7.2453E-01	  1.7968E+00	  1.8066E+00	  1.2329E+00	  2.5216E+00	  1.2235E+00	  3.7450E+00	  4.1117E+00	  3.9049E+00	  9.4992E+00	  8.4533E+00	  8.7717E+00	  6.9277E+00	  7.5802E+00	  1.6114E+01	  2.2498E+01	  2.5346E+01	  2.1829E+01	  2.0878E+01	  2.6672E+01	  3.8123E+01	  5.0888E+01	  6.3261E+01	  4.8458E+01	  4.3920E+01	  4.6479E+01	  4.5557E+01	  3.9012E+01	  3.8870E+01	  3.5349E+01	  3.9896E+01	  5.2119E+01	  5.0849E+01	  6.2310E+01	  6.5633E+01	  7.6820E+01	  6.7303E+01	  5.4581E+01	  4.4684E+01	  5.8803E+01	  6.0276E+01	  5.7784E+01	  5.9766E+01	  5.1452E+01	  4.5736E+01	  2.7569E+01	  2.7557E+01	  3.9671E+01	  5.2479E+01	  3.7474E+01	  2.2878E+01	  9.3289E+00	  6.2064E+00	  5.2469E+00	  1.5137E+00	  2.8576E+00	  8.6208E-01	  1.0005E-01	  0.0000E+00	  0.0000E+00	  0.0000E+00	  0.0000E+00	  0.0000E+00	  0.0000E+00	  0.0000E+00	  0.0000E+00	  0.0000E+00	  0.0000E+00	  0.0000E+00	  0.0000E+00	  0.0000E+00	  0.0000E+00	  0.0000E+00	  0.0000E+00	  0.0000E+00	  0.0000E+00	  0.0000E+00	  0.0000E+00	  0.0000E+00	  0.0000E+00	  0.0000E+00	  0.0000E+00	  0.0000E+00	  0.0000E+00	  0.0000E+00	  0.0000E+00	  0.0000E+00	  0.0000E+00	  0.0000E+00	  0.0000E+00	  0.0000E+00
  0.0000E+00	  0.0000E+00	  0.0000E+00	  0.0000E+00	  0.0000E+00	  0.0000E+00	  0.0000E+00	  0.0000E+00	  0.0000E+00	  0.0000E+00	  0.0000E+00	  0.0000E+00	  0.0000E+00	  0.0000E+00	  0.0000E+00	  0.0000E+00	  0.0000E+00	  0.0000E+00	  0.0000E+00	  0.0000E+00	  0.0000E+00	  0.0000E+00	  0.0000E+00	  0.0000E+00	  0.0000E+00	  0.0000E+00	  0.0000E+00	  0.0000E+00	  0.0000E+00	  0.0000E+00	  0.0000E+00	  0.0000E+00	  0.0000E+00	  0.0000E+00	  0.0000E+00	  0.0000E+00	  0.0000E+00	  0.0000E+00	  0.0000E+00	  0.0000E+00	  0.0000E+00	  1.0367E-02	  5.3400E-01	  1.0478E+00	  9.5331E-01	  1.0839E+00	  2.8340E+00	  4.0811E+00	  5.4889E+00	  5.5504E+00	  1.9764E+00	  5.7254E+00	  5.1684E+00	  7.8270E+00	  9.3267E+00	  1.2392E+01	  1.6648E+01	  1.7436E+01	  2.0208E+01	  1.8739E+01	  1.9297E+01	  2.6568E+01	  2.6435E+01	  2.4446E+01	  1.6952E+01	  1.4791E+01	  1.9530E+01	  1.5387E+01	  1.7871E+01	  1.9149E+01	  1.8188E+01	  1.8124E+01	  2.2285E+01	  1.4503E+01	  1.8796E+01	  1.5453E+01	  2.1399E+01	  3.2791E+01	  3.3718E+01	  2.9053E+01	  2.4253E+01	  2.3047E+01	  9.0584E+00	  1.3463E+01	  1.5365E+01	  2.4421E+01	  1.0153E+01	  6.2093E+00	  4.6575E+00	  2.3750E+00	  2.0011E+00	  8.8731E-02	  5.4505E-01	  1.1002E+00	  0.0000E+00	  0.0000E+00	  0.0000E+00	  0.0000E+00	  0.0000E+00	  0.0000E+00	  0.0000E+00	  0.0000E+00	  0.0000E+00	  0.0000E+00	  0.0000E+00	  0.0000E+00	  0.0000E+00	  0.0000E+00	  0.0000E+00	  0.0000E+00	  0.0000E+00	  0.0000E+00	  0.0000E+00	  0.0000E+00	  0.0000E+00	  0.0000E+00	  0.0000E+00	  0.0000E+00	  0.0000E+00	  0.0000E+00	  0.0000E+00	  0.0000E+00	  0.0000E+00	  0.0000E+00	  0.0000E+00	  0.0000E+00	  0.0000E+00	  0.0000E+00
  0.0000E+00	  0.0000E+00	  0.0000E+00	  0.0000E+00	  0.0000E+00	  0.0000E+00	  0.0000E+00	  0.0000E+00	  0.0000E+00	  0.0000E+00	  0.0000E+00	  0.0000E+00	  0.0000E+00	  0.0000E+00	  0.0000E+00	  0.0000E+00	  0.0000E+00	  0.0000E+00	  0.0000E+00	  0.0000E+00	  0.0000E+00	  0.0000E+00	  0.0000E+00	  0.0000E+00	  0.0000E+00	  0.0000E+00	  0.0000E+00	  0.0000E+00	  0.0000E+00	  0.0000E+00	  0.0000E+00	  0.0000E+00	  0.0000E+00	  0.0000E+00	  0.0000E+00	  0.0000E+00	  0.0000E+00	  0.0000E+00	  0.0000E+00	  0.0000E+00	  0.0000E+00	  0.0000E+00	  8.8159E-03	  9.1511E-03	  0.0000E+00	  0.0000E+00	  0.0000E+00	  1.5456E-01	  8.4756E-01	  1.0268E+00	  1.6897E+00	  1.6553E+00	  1.9568E+00	  1.4790E+00	  2.3747E+00	  3.4164E+00	  5.8466E+00	  3.9863E+00	  4.3485E+00	  6.5974E+00	  7.6812E+00	  1.3502E+01	  8.5493E+00	  3.2852E+00	  4.2536E+00	  5.0210E+00	  5.2577E+00	  3.8313E+00	  3.8928E+00	  5.6229E+00	  5.2833E+00	  5.7490E+00	  8.4079E+00	  5.5921E+00	  7.7313E+00	  5.7427E+00	  4.3937E+00	  8.1312E+00	  1.0919E+01	  1.0019E+01	  5.6958E+00	  3.0101E+00	  1.8074E+00	  2.8649E+00	  2.0612E+00	  1.7212E+00	  1.1124E+00	  3.1444E-01	  1.0571E-01	  2.9541E-01	  8.3023E-02	  0.0000E+00	  2.6303E-01	  8.5076E-01	  0.0000E+00	  0.0000E+00	  0.0000E+00	  0.0000E+00	  0.0000E+00	  0.0000E+00	  0.0000E+00	  0.0000E+00	  0.0000E+00	  0.0000E+00	  0.0000E+00	  0.0000E+00	  0.0000E+00	  0.0000E+00	  0.0000E+00	  0.0000E+00	  0.0000E+00	  0.0000E+00	  0.0000E+00	  0.0000E+00	  0.0000E+00	  0.0000E+00	  0.0000E+00	  0.0000E+00	  0.0000E+00	  0.0000E+00	  0.0000E+00	  0.0000E+00	  0.0000E+00	  0.0000E+00	  0.0000E+00	  0.0000E+00	  0.0000E+00	  0.0000E+00
  0.0000E+00	  0.0000E+00	  0.0000E+00	  0.0000E+00	  0.0000E+00	  0.0000E+00	  0.0000E+00	  0.0000E+00	  0.0000E+00	  0.0000E+00	  0.0000E+00	  0.0000E+00	  0.0000E+00	  0.0000E+00	  0.0000E+00	  0.0000E+00	  0.0000E+00	  0.0000E+00	  0.0000E+00	  0.0000E+00	  0.0000E+00	  0.0000E+00	  0.0000E+00	  0.0000E+00	  0.0000E+00	  0.0000E+00	  0.0000E+00	  0.0000E+00	  0.0000E+00	  0.0000E+00	  0.0000E+00	  0.0000E+00	  0.0000E+00	  0.0000E+00	  0.0000E+00	  0.0000E+00	  0.0000E+00	  0.0000E+00	  0.0000E+00	  0.0000E+00	  0.0000E+00	  0.0000E+00	  0.0000E+00	  0.0000E+00	  0.0000E+00	  0.0000E+00	  0.0000E+00	  0.0000E+00	  0.0000E+00	  0.0000E+00	  0.0000E+00	  2.9369E-01	  7.2427E-01	  2.2596E+00	  8.3689E-01	  3.7923E-01	  1.0125E+00	  7.0785E-01	  3.7448E-02	  5.2806E-01	  1.4966E+00	  3.9282E+00	  2.3865E+00	  1.1799E+00	  1.7285E+00	  1.2444E+00	  1.8916E+00	  6.4669E-01	  4.6275E-01	  9.6644E-01	  7.4496E-01	  2.3876E+00	  2.9696E+00	  3.2165E+00	  1.8143E+00	  2.0001E+00	  4.4214E-01	  9.3507E-03	  8.4112E-01	  7.4169E-01	  2.4401E+00	  1.7852E+00	  4.1462E-01	  0.0000E+00	  0.0000E+00	  0.0000E+00	  6.2854E-02	  2.5362E-02	  0.0000E+00	  0.0000E+00	  0.0000E+00	  0.0000E+00	  0.0000E+00	  0.0000E+00	  0.0000E+00	  0.0000E+00	  0.0000E+00	  0.0000E+00	  0.0000E+00	  0.0000E+00	  0.0000E+00	  0.0000E+00	  0.0000E+00	  0.0000E+00	  0.0000E+00	  0.0000E+00	  0.0000E+00	  0.0000E+00	  0.0000E+00	  0.0000E+00	  0.0000E+00	  0.0000E+00	  0.0000E+00	  0.0000E+00	  0.0000E+00	  0.0000E+00	  0.0000E+00	  0.0000E+00	  0.0000E+00	  0.0000E+00	  0.0000E+00	  0.0000E+00	  0.0000E+00	  0.0000E+00	  0.0000E+00	  0.0000E+00	  0.0000E+00	  0.0000E+00
  0.0000E+00	  0.0000E+00	  0.0000E+00	  0.0000E+00	  0.0000E+00	  0.0000E+00	  0.0000E+00	  0.0000E+00	  0.0000E+00	  0.0000E+00	  0.0000E+00	  0.0000E+00	  0.0000E+00	  0.0000E+00	  0.0000E+00	  0.0000E+00	  0.0000E+00	  0.0000E+00	  0.0000E+00	  0.0000E+00	  0.0000E+00	  0.0000E+00	  0.0000E+00	  0.0000E+00	  0.0000E+00	  0.0000E+00	  0.0000E+00	  0.0000E+00	  0.0000E+00	  0.0000E+00	  0.0000E+00	  0.0000E+00	  0.0000E+00	  0.0000E+00	  0.0000E+00	  0.0000E+00	  0.0000E+00	  0.0000E+00	  0.0000E+00	  0.0000E+00	  0.0000E+00	  0.0000E+00	  0.0000E+00	  0.0000E+00	  0.0000E+00	  0.0000E+00	  0.0000E+00	  0.0000E+00	  0.0000E+00	  0.0000E+00	  0.0000E+00	  0.0000E+00	  0.0000E+00	  2.4556E-01	  6.7233E-02	  0.0000E+00	  2.8341E-01	  7.2207E-02	  0.0000E+00	  0.0000E+00	  1.0264E+00	  2.8230E+00	  1.6000E-01	  1.4815E+00	  1.4158E+00	  4.9918E-01	  2.4495E-01	  0.0000E+00	  0.0000E+00	  0.0000E+00	  0.0000E+00	  1.2507E-01	  8.3862E-01	  1.3025E+00	  2.7122E-02	  0.0000E+00	  0.0000E+00	  0.0000E+00	  0.0000E+00	  1.4410E-01	  8.6524E-01	  2.4410E-02	  0.0000E+00	  0.0000E+00	  0.0000E+00	  0.0000E+00	  0.0000E+00	  0.0000E+00	  0.0000E+00	  0.0000E+00	  0.0000E+00	  0.0000E+00	  0.0000E+00	  0.0000E+00	  0.0000E+00	  0.0000E+00	  0.0000E+00	  0.0000E+00	  0.0000E+00	  0.0000E+00	  0.0000E+00	  0.0000E+00	  0.0000E+00	  0.0000E+00	  0.0000E+00	  0.0000E+00	  0.0000E+00	  0.0000E+00	  0.0000E+00	  0.0000E+00	  0.0000E+00	  0.0000E+00	  0.0000E+00	  0.0000E+00	  0.0000E+00	  0.0000E+00	  0.0000E+00	  0.0000E+00	  0.0000E+00	  0.0000E+00	  0.0000E+00	  0.0000E+00	  0.0000E+00	  0.0000E+00	  0.0000E+00	  0.0000E+00	  0.0000E+00	  0.0000E+00
  0.0000E+00	  0.0000E+00	  0.0000E+00	  0.0000E+00	  0.0000E+00	  0.0000E+00	  0.0000E+00	  0.0000E+00	  0.0000E+00	  0.0000E+00	  0.0000E+00	  0.0000E+00	  0.0000E+00	  0.0000E+00	  0.0000E+00	  0.0000E+00	  0.0000E+00	  0.0000E+00	  0.0000E+00	  0.0000E+00	  0.0000E+00	  0.0000E+00	  0.0000E+00	  0.0000E+00	  0.0000E+00	  0.0000E+00	  0.0000E+00	  0.0000E+00	  0.0000E+00	  0.0000E+00	  0.0000E+00	  0.0000E+00	  0.0000E+00	  0.0000E+00	  0.0000E+00	  0.0000E+00	  0.0000E+00	  0.0000E+00	  0.0000E+00	  0.0000E+00	  0.0000E+00	  0.0000E+00	  0.0000E+00	  0.0000E+00	  0.0000E+00	  0.0000E+00	  0.0000E+00	  0.0000E+00	  0.0000E+00	  0.0000E+00	  0.0000E+00	  0.0000E+00	  0.0000E+00	  0.0000E+00	  0.0000E+00	  0.0000E+00	  0.0000E+00	  0.0000E+00	  0.0000E+00	  0.0000E+00	  1.6246E-02	  4.0649E-01	  1.0760E-01	  1.5436E+00	  4.7348E-01	  0.0000E+00	  0.0000E+00	  0.0000E+00	  0.0000E+00	  0.0000E+00	  0.0000E+00	  0.0000E+00	  0.0000E+00	  0.0000E+00	  0.0000E+00	  0.0000E+00	  0.0000E+00	  0.0000E+00	  0.0000E+00	  0.0000E+00	  0.0000E+00	  0.0000E+00	  0.0000E+00	  0.0000E+00	  0.0000E+00	  0.0000E+00	  0.0000E+00	  0.0000E+00	  0.0000E+00	  0.0000E+00	  0.0000E+00	  0.0000E+00	  0.0000E+00	  0.0000E+00	  0.0000E+00	  0.0000E+00	  0.0000E+00	  0.0000E+00	  0.0000E+00	  0.0000E+00	  0.0000E+00	  0.0000E+00	  0.0000E+00	  0.0000E+00	  0.0000E+00	  0.0000E+00	  0.0000E+00	  0.0000E+00	  0.0000E+00	  0.0000E+00	  0.0000E+00	  0.0000E+00	  0.0000E+00	  0.0000E+00	  0.0000E+00	  0.0000E+00	  0.0000E+00	  0.0000E+00	  0.0000E+00	  0.0000E+00	  0.0000E+00	  0.0000E+00	  0.0000E+00	  0.0000E+00	  0.0000E+00	  0.0000E+00	  0.0000E+00	  0.0000E+00
  0.0000E+00	  0.0000E+00	  0.0000E+00	  0.0000E+00	  0.0000E+00	  0.0000E+00	  0.0000E+00	  0.0000E+00	  0.0000E+00	  0.0000E+00	  0.0000E+00	  0.0000E+00	  0.0000E+00	  0.0000E+00	  0.0000E+00	  0.0000E+00	  0.0000E+00	  0.0000E+00	  0.0000E+00	  0.0000E+00	  0.0000E+00	  0.0000E+00	  0.0000E+00	  0.0000E+00	  0.0000E+00	  0.0000E+00	  0.0000E+00	  0.0000E+00	  0.0000E+00	  0.0000E+00	  0.0000E+00	  0.0000E+00	  0.0000E+00	  0.0000E+00	  0.0000E+00	  0.0000E+00	  0.0000E+00	  0.0000E+00	  0.0000E+00	  0.0000E+00	  0.0000E+00	  0.0000E+00	  0.0000E+00	  0.0000E+00	  0.0000E+00	  0.0000E+00	  0.0000E+00	  0.0000E+00	  0.0000E+00	  0.0000E+00	  0.0000E+00	  0.0000E+00	  0.0000E+00	  0.0000E+00	  0.0000E+00	  0.0000E+00	  0.0000E+00	  0.0000E+00	  0.0000E+00	  0.0000E+00	  0.0000E+00	  0.0000E+00	  0.0000E+00	  0.0000E+00	  0.0000E+00	  0.0000E+00	  0.0000E+00	  0.0000E+00	  0.0000E+00	  0.0000E+00	  0.0000E+00	  0.0000E+00	  0.0000E+00	  0.0000E+00	  0.0000E+00	  0.0000E+00	  0.0000E+00	  0.0000E+00	  0.0000E+00	  0.0000E+00	  0.0000E+00	  0.0000E+00	  0.0000E+00	  0.0000E+00	  0.0000E+00	  0.0000E+00	  0.0000E+00	  0.0000E+00	  0.0000E+00	  0.0000E+00	  0.0000E+00	  0.0000E+00	  0.0000E+00	  0.0000E+00	  0.0000E+00	  0.0000E+00	  0.0000E+00	  0.0000E+00	  0.0000E+00	  0.0000E+00	  0.0000E+00	  0.0000E+00	  0.0000E+00	  0.0000E+00	  0.0000E+00	  0.0000E+00	  0.0000E+00	  0.0000E+00	  0.0000E+00	  0.0000E+00	  0.0000E+00	  0.0000E+00	  0.0000E+00	  0.0000E+00	  0.0000E+00	  0.0000E+00	  0.0000E+00	  0.0000E+00	  0.0000E+00	  0.0000E+00	  0.0000E+00	  0.0000E+00	  0.0000E+00	  0.0000E+00	  0.0000E+00	  0.0000E+00	  0.0000E+00	  0.0000E+00
  0.0000E+00	  0.0000E+00	  0.0000E+00	  0.0000E+00	  0.0000E+00	  0.0000E+00	  0.0000E+00	  0.0000E+00	  0.0000E+00	  0.0000E+00	  0.0000E+00	  0.0000E+00	  0.0000E+00	  0.0000E+00	  0.0000E+00	  0.0000E+00	  0.0000E+00	  0.0000E+00	  0.0000E+00	  0.0000E+00	  0.0000E+00	  0.0000E+00	  0.0000E+00	  0.0000E+00	  0.0000E+00	  0.0000E+00	  0.0000E+00	  0.0000E+00	  0.0000E+00	  0.0000E+00	  0.0000E+00	  0.0000E+00	  0.0000E+00	  0.0000E+00	  0.0000E+00	  0.0000E+00	  0.0000E+00	  0.0000E+00	  0.0000E+00	  0.0000E+00	  0.0000E+00	  0.0000E+00	  0.0000E+00	  0.0000E+00	  0.0000E+00	  0.0000E+00	  0.0000E+00	  0.0000E+00	  0.0000E+00	  0.0000E+00	  0.0000E+00	  0.0000E+00	  0.0000E+00	  0.0000E+00	  0.0000E+00	  0.0000E+00	  0.0000E+00	  0.0000E+00	  0.0000E+00	  0.0000E+00	  0.0000E+00	  0.0000E+00	  0.0000E+00	  0.0000E+00	  0.0000E+00	  0.0000E+00	  0.0000E+00	  0.0000E+00	  0.0000E+00	  0.0000E+00	  0.0000E+00	  0.0000E+00	  0.0000E+00	  0.0000E+00	  0.0000E+00	  0.0000E+00	  0.0000E+00	  0.0000E+00	  0.0000E+00	  0.0000E+00	  0.0000E+00	  0.0000E+00	  0.0000E+00	  0.0000E+00	  0.0000E+00	  0.0000E+00	  0.0000E+00	  0.0000E+00	  0.0000E+00	  0.0000E+00	  0.0000E+00	  0.0000E+00	  0.0000E+00	  0.0000E+00	  0.0000E+00	  0.0000E+00	  0.0000E+00	  0.0000E+00	  0.0000E+00	  0.0000E+00	  0.0000E+00	  0.0000E+00	  0.0000E+00	  0.0000E+00	  0.0000E+00	  0.0000E+00	  0.0000E+00	  0.0000E+00	  0.0000E+00	  0.0000E+00	  0.0000E+00	  0.0000E+00	  0.0000E+00	  0.0000E+00	  0.0000E+00	  0.0000E+00	  0.0000E+00	  0.0000E+00	  0.0000E+00	  0.0000E+00	  0.0000E+00	  0.0000E+00	  0.0000E+00	  0.0000E+00	  0.0000E+00	  0.0000E+00	  0.0000E+00	  0.0000E+00
  0.0000E+00	  0.0000E+00	  0.0000E+00	  0.0000E+00	  0.0000E+00	  0.0000E+00	  0.0000E+00	  0.0000E+00	  0.0000E+00	  0.0000E+00	  0.0000E+00	  0.0000E+00	  0.0000E+00	  0.0000E+00	  0.0000E+00	  0.0000E+00	  0.0000E+00	  0.0000E+00	  0.0000E+00	  0.0000E+00	  0.0000E+00	  0.0000E+00	  0.0000E+00	  0.0000E+00	  0.0000E+00	  0.0000E+00	  0.0000E+00	  0.0000E+00	  0.0000E+00	  0.0000E+00	  0.0000E+00	  0.0000E+00	  0.0000E+00	  0.0000E+00	  0.0000E+00	  0.0000E+00	  0.0000E+00	  0.0000E+00	  0.0000E+00	  0.0000E+00	  0.0000E+00	  0.0000E+00	  0.0000E+00	  0.0000E+00	  0.0000E+00	  0.0000E+00	  0.0000E+00	  0.0000E+00	  0.0000E+00	  0.0000E+00	  0.0000E+00	  0.0000E+00	  0.0000E+00	  0.0000E+00	  0.0000E+00	  0.0000E+00	  0.0000E+00	  0.0000E+00	  0.0000E+00	  0.0000E+00	  0.0000E+00	  0.0000E+00	  0.0000E+00	  0.0000E+00	  0.0000E+00	  0.0000E+00	  0.0000E+00	  0.0000E+00	  0.0000E+00	  0.0000E+00	  0.0000E+00	  0.0000E+00	  0.0000E+00	  0.0000E+00	  0.0000E+00	  0.0000E+00	  0.0000E+00	  0.0000E+00	  0.0000E+00	  0.0000E+00	  0.0000E+00	  0.0000E+00	  0.0000E+00	  0.0000E+00	  0.0000E+00	  0.0000E+00	  0.0000E+00	  0.0000E+00	  0.0000E+00	  0.0000E+00	  0.0000E+00	  0.0000E+00	  0.0000E+00	  0.0000E+00	  0.0000E+00	  0.0000E+00	  0.0000E+00	  0.0000E+00	  0.0000E+00	  0.0000E+00	  0.0000E+00	  0.0000E+00	  0.0000E+00	  0.0000E+00	  0.0000E+00	  0.0000E+00	  0.0000E+00	  0.0000E+00	  0.0000E+00	  0.0000E+00	  0.0000E+00	  0.0000E+00	  0.0000E+00	  0.0000E+00	  0.0000E+00	  0.0000E+00	  0.0000E+00	  0.0000E+00	  0.0000E+00	  0.0000E+00	  0.0000E+00	  0.0000E+00	  0.0000E+00	  0.0000E+00	  0.0000E+00	  0.0000E+00	  0.0000E+00	  0.0000E+00
  0.0000E+00	  0.0000E+00	  0.0000E+00	  0.0000E+00	  0.0000E+00	  0.0000E+00	  0.0000E+00	  0.0000E+00	  0.0000E+00	  0.0000E+00	  0.0000E+00	  0.0000E+00	  0.0000E+00	  0.0000E+00	  0.0000E+00	  0.0000E+00	  0.0000E+00	  0.0000E+00	  0.0000E+00	  0.0000E+00	  0.0000E+00	  0.0000E+00	  0.0000E+00	  0.0000E+00	  0.0000E+00	  0.0000E+00	  0.0000E+00	  0.0000E+00	  0.0000E+00	  0.0000E+00	  0.0000E+00	  0.0000E+00	  0.0000E+00	  0.0000E+00	  0.0000E+00	  0.0000E+00	  0.0000E+00	  0.0000E+00	  0.0000E+00	  0.0000E+00	  0.0000E+00	  0.0000E+00	  0.0000E+00	  0.0000E+00	  0.0000E+00	  0.0000E+00	  0.0000E+00	  0.0000E+00	  0.0000E+00	  0.0000E+00	  0.0000E+00	  0.0000E+00	  0.0000E+00	  0.0000E+00	  0.0000E+00	  0.0000E+00	  0.0000E+00	  0.0000E+00	  0.0000E+00	  0.0000E+00	  0.0000E+00	  0.0000E+00	  0.0000E+00	  0.0000E+00	  0.0000E+00	  0.0000E+00	  0.0000E+00	  0.0000E+00	  0.0000E+00	  0.0000E+00	  0.0000E+00	  0.0000E+00	  0.0000E+00	  0.0000E+00	  0.0000E+00	  0.0000E+00	  0.0000E+00	  0.0000E+00	  0.0000E+00	  0.0000E+00	  0.0000E+00	  0.0000E+00	  0.0000E+00	  0.0000E+00	  0.0000E+00	  0.0000E+00	  0.0000E+00	  0.0000E+00	  0.0000E+00	  0.0000E+00	  0.0000E+00	  0.0000E+00	  0.0000E+00	  0.0000E+00	  0.0000E+00	  0.0000E+00	  0.0000E+00	  0.0000E+00	  0.0000E+00	  0.0000E+00	  0.0000E+00	  0.0000E+00	  0.0000E+00	  0.0000E+00	  0.0000E+00	  0.0000E+00	  0.0000E+00	  0.0000E+00	  0.0000E+00	  0.0000E+00	  0.0000E+00	  0.0000E+00	  0.0000E+00	  0.0000E+00	  0.0000E+00	  0.0000E+00	  0.0000E+00	  0.0000E+00	  0.0000E+00	  0.0000E+00	  0.0000E+00	  0.0000E+00	  0.0000E+00	  0.0000E+00	  0.0000E+00	  0.0000E+00	  0.0000E+00	  0.0000E+00
  0.0000E+00	  0.0000E+00	  0.0000E+00	  0.0000E+00	  0.0000E+00	  0.0000E+00	  0.0000E+00	  0.0000E+00	  0.0000E+00	  0.0000E+00	  0.0000E+00	  0.0000E+00	  0.0000E+00	  0.0000E+00	  0.0000E+00	  0.0000E+00	  0.0000E+00	  0.0000E+00	  0.0000E+00	  0.0000E+00	  0.0000E+00	  0.0000E+00	  0.0000E+00	  0.0000E+00	  0.0000E+00	  0.0000E+00	  0.0000E+00	  0.0000E+00	  0.0000E+00	  0.0000E+00	  0.0000E+00	  0.0000E+00	  0.0000E+00	  0.0000E+00	  0.0000E+00	  0.0000E+00	  0.0000E+00	  0.0000E+00	  0.0000E+00	  0.0000E+00	  0.0000E+00	  0.0000E+00	  0.0000E+00	  0.0000E+00	  0.0000E+00	  0.0000E+00	  0.0000E+00	  0.0000E+00	  0.0000E+00	  0.0000E+00	  0.0000E+00	  0.0000E+00	  0.0000E+00	  0.0000E+00	  0.0000E+00	  0.0000E+00	  0.0000E+00	  0.0000E+00	  0.0000E+00	  0.0000E+00	  0.0000E+00	  0.0000E+00	  0.0000E+00	  0.0000E+00	  0.0000E+00	  0.0000E+00	  0.0000E+00	  0.0000E+00	  0.0000E+00	  0.0000E+00	  0.0000E+00	  0.0000E+00	  0.0000E+00	  0.0000E+00	  0.0000E+00	  0.0000E+00	  0.0000E+00	  0.0000E+00	  0.0000E+00	  0.0000E+00	  0.0000E+00	  0.0000E+00	  0.0000E+00	  0.0000E+00	  0.0000E+00	  0.0000E+00	  0.0000E+00	  0.0000E+00	  0.0000E+00	  0.0000E+00	  0.0000E+00	  0.0000E+00	  0.0000E+00	  0.0000E+00	  0.0000E+00	  0.0000E+00	  0.0000E+00	  0.0000E+00	  0.0000E+00	  0.0000E+00	  0.0000E+00	  0.0000E+00	  0.0000E+00	  0.0000E+00	  0.0000E+00	  0.0000E+00	  0.0000E+00	  0.0000E+00	  0.0000E+00	  0.0000E+00	  0.0000E+00	  0.0000E+00	  0.0000E+00	  0.0000E+00	  0.0000E+00	  0.0000E+00	  0.0000E+00	  0.0000E+00	  0.0000E+00	  0.0000E+00	  0.0000E+00	  0.0000E+00	  0.0000E+00	  0.0000E+00	  0.0000E+00	  0.0000E+00	  0.0000E+00	  0.0000E+00
  0.0000E+00	  0.0000E+00	  0.0000E+00	  0.0000E+00	  0.0000E+00	  0.0000E+00	  0.0000E+00	  0.0000E+00	  0.0000E+00	  0.0000E+00	  0.0000E+00	  0.0000E+00	  0.0000E+00	  0.0000E+00	  0.0000E+00	  0.0000E+00	  0.0000E+00	  0.0000E+00	  0.0000E+00	  0.0000E+00	  0.0000E+00	  0.0000E+00	  0.0000E+00	  0.0000E+00	  0.0000E+00	  0.0000E+00	  0.0000E+00	  0.0000E+00	  0.0000E+00	  0.0000E+00	  0.0000E+00	  0.0000E+00	  0.0000E+00	  0.0000E+00	  0.0000E+00	  0.0000E+00	  0.0000E+00	  0.0000E+00	  0.0000E+00	  0.0000E+00	  0.0000E+00	  0.0000E+00	  0.0000E+00	  0.0000E+00	  0.0000E+00	  0.0000E+00	  0.0000E+00	  0.0000E+00	  0.0000E+00	  0.0000E+00	  0.0000E+00	  0.0000E+00	  0.0000E+00	  0.0000E+00	  0.0000E+00	  0.0000E+00	  0.0000E+00	  0.0000E+00	  0.0000E+00	  0.0000E+00	  0.0000E+00	  0.0000E+00	  0.0000E+00	  0.0000E+00	  0.0000E+00	  0.0000E+00	  0.0000E+00	  0.0000E+00	  0.0000E+00	  0.0000E+00	  0.0000E+00	  0.0000E+00	  0.0000E+00	  0.0000E+00	  0.0000E+00	  0.0000E+00	  0.0000E+00	  0.0000E+00	  0.0000E+00	  0.0000E+00	  0.0000E+00	  0.0000E+00	  0.0000E+00	  0.0000E+00	  0.0000E+00	  0.0000E+00	  0.0000E+00	  0.0000E+00	  0.0000E+00	  0.0000E+00	  0.0000E+00	  0.0000E+00	  0.0000E+00	  0.0000E+00	  0.0000E+00	  0.0000E+00	  0.0000E+00	  0.0000E+00	  0.0000E+00	  0.0000E+00	  0.0000E+00	  0.0000E+00	  0.0000E+00	  0.0000E+00	  0.0000E+00	  0.0000E+00	  0.0000E+00	  0.0000E+00	  0.0000E+00	  0.0000E+00	  0.0000E+00	  0.0000E+00	  0.0000E+00	  0.0000E+00	  0.0000E+00	  0.0000E+00	  0.0000E+00	  0.0000E+00	  0.0000E+00	  0.0000E+00	  0.0000E+00	  0.0000E+00	  0.0000E+00	  0.0000E+00	  0.0000E+00	  0.0000E+00	  0.0000E+00	  0.0000E+00
  0.0000E+00	  0.0000E+00	  0.0000E+00	  0.0000E+00	  0.0000E+00	  0.0000E+00	  0.0000E+00	  0.0000E+00	  0.0000E+00	  0.0000E+00	  0.0000E+00	  0.0000E+00	  0.0000E+00	  0.0000E+00	  0.0000E+00	  0.0000E+00	  0.0000E+00	  0.0000E+00	  0.0000E+00	  0.0000E+00	  0.0000E+00	  0.0000E+00	  0.0000E+00	  0.0000E+00	  0.0000E+00	  0.0000E+00	  0.0000E+00	  0.0000E+00	  0.0000E+00	  0.0000E+00	  0.0000E+00	  0.0000E+00	  0.0000E+00	  0.0000E+00	  0.0000E+00	  0.0000E+00	  0.0000E+00	  0.0000E+00	  0.0000E+00	  0.0000E+00	  0.0000E+00	  0.0000E+00	  0.0000E+00	  0.0000E+00	  0.0000E+00	  0.0000E+00	  0.0000E+00	  0.0000E+00	  0.0000E+00	  0.0000E+00	  0.0000E+00	  0.0000E+00	  0.0000E+00	  0.0000E+00	  0.0000E+00	  0.0000E+00	  0.0000E+00	  0.0000E+00	  0.0000E+00	  0.0000E+00	  0.0000E+00	  0.0000E+00	  0.0000E+00	  0.0000E+00	  0.0000E+00	  0.0000E+00	  0.0000E+00	  0.0000E+00	  0.0000E+00	  0.0000E+00	  0.0000E+00	  0.0000E+00	  0.0000E+00	  0.0000E+00	  0.0000E+00	  0.0000E+00	  0.0000E+00	  0.0000E+00	  0.0000E+00	  0.0000E+00	  0.0000E+00	  0.0000E+00	  0.0000E+00	  0.0000E+00	  0.0000E+00	  0.0000E+00	  0.0000E+00	  0.0000E+00	  0.0000E+00	  0.0000E+00	  0.0000E+00	  0.0000E+00	  0.0000E+00	  0.0000E+00	  0.0000E+00	  0.0000E+00	  0.0000E+00	  0.0000E+00	  0.0000E+00	  0.0000E+00	  0.0000E+00	  0.0000E+00	  0.0000E+00	  0.0000E+00	  0.0000E+00	  0.0000E+00	  0.0000E+00	  0.0000E+00	  0.0000E+00	  0.0000E+00	  0.0000E+00	  0.0000E+00	  0.0000E+00	  0.0000E+00	  0.0000E+00	  0.0000E+00	  0.0000E+00	  0.0000E+00	  0.0000E+00	  0.0000E+00	  0.0000E+00	  0.0000E+00	  0.0000E+00	  0.0000E+00	  0.0000E+00	  0.0000E+00	  0.0000E+00	  0.0000E+00
  0.0000E+00	  0.0000E+00	  0.0000E+00	  0.0000E+00	  0.0000E+00	  0.0000E+00	  0.0000E+00	  0.0000E+00	  0.0000E+00	  0.0000E+00	  0.0000E+00	  0.0000E+00	  0.0000E+00	  0.0000E+00	  0.0000E+00	  0.0000E+00	  0.0000E+00	  0.0000E+00	  0.0000E+00	  0.0000E+00	  0.0000E+00	  0.0000E+00	  0.0000E+00	  0.0000E+00	  0.0000E+00	  0.0000E+00	  0.0000E+00	  0.0000E+00	  0.0000E+00	  0.0000E+00	  0.0000E+00	  0.0000E+00	  0.0000E+00	  0.0000E+00	  0.0000E+00	  0.0000E+00	  0.0000E+00	  0.0000E+00	  0.0000E+00	  0.0000E+00	  0.0000E+00	  0.0000E+00	  0.0000E+00	  0.0000E+00	  0.0000E+00	  0.0000E+00	  0.0000E+00	  0.0000E+00	  0.0000E+00	  0.0000E+00	  0.0000E+00	  0.0000E+00	  0.0000E+00	  0.0000E+00	  0.0000E+00	  0.0000E+00	  0.0000E+00	  0.0000E+00	  0.0000E+00	  0.0000E+00	  0.0000E+00	  0.0000E+00	  0.0000E+00	  0.0000E+00	  0.0000E+00	  0.0000E+00	  0.0000E+00	  0.0000E+00	  0.0000E+00	  0.0000E+00	  0.0000E+00	  0.0000E+00	  0.0000E+00	  0.0000E+00	  0.0000E+00	  0.0000E+00	  0.0000E+00	  0.0000E+00	  0.0000E+00	  0.0000E+00	  0.0000E+00	  0.0000E+00	  0.0000E+00	  0.0000E+00	  0.0000E+00	  0.0000E+00	  0.0000E+00	  0.0000E+00	  0.0000E+00	  0.0000E+00	  0.0000E+00	  0.0000E+00	  0.0000E+00	  0.0000E+00	  0.0000E+00	  0.0000E+00	  0.0000E+00	  0.0000E+00	  0.0000E+00	  0.0000E+00	  0.0000E+00	  0.0000E+00	  0.0000E+00	  0.0000E+00	  0.0000E+00	  0.0000E+00	  0.0000E+00	  0.0000E+00	  0.0000E+00	  0.0000E+00	  0.0000E+00	  0.0000E+00	  0.0000E+00	  0.0000E+00	  0.0000E+00	  0.0000E+00	  0.0000E+00	  0.0000E+00	  0.0000E+00	  0.0000E+00	  0.0000E+00	  0.0000E+00	  0.0000E+00	  0.0000E+00	  0.0000E+00	  0.0000E+00	  0.0000E+00	  0.0000E+00
  0.0000E+00	  0.0000E+00	  0.0000E+00	  0.0000E+00	  0.0000E+00	  0.0000E+00	  0.0000E+00	  0.0000E+00	  0.0000E+00	  0.0000E+00	  0.0000E+00	  0.0000E+00	  0.0000E+00	  0.0000E+00	  0.0000E+00	  0.0000E+00	  0.0000E+00	  0.0000E+00	  0.0000E+00	  0.0000E+00	  0.0000E+00	  0.0000E+00	  0.0000E+00	  0.0000E+00	  0.0000E+00	  0.0000E+00	  0.0000E+00	  0.0000E+00	  0.0000E+00	  0.0000E+00	  0.0000E+00	  0.0000E+00	  0.0000E+00	  0.0000E+00	  0.0000E+00	  0.0000E+00	  0.0000E+00	  0.0000E+00	  0.0000E+00	  0.0000E+00	  0.0000E+00	  0.0000E+00	  0.0000E+00	  0.0000E+00	  0.0000E+00	  0.0000E+00	  0.0000E+00	  0.0000E+00	  0.0000E+00	  0.0000E+00	  0.0000E+00	  0.0000E+00	  0.0000E+00	  0.0000E+00	  0.0000E+00	  0.0000E+00	  0.0000E+00	  0.0000E+00	  0.0000E+00	  0.0000E+00	  0.0000E+00	  0.0000E+00	  0.0000E+00	  0.0000E+00	  0.0000E+00	  0.0000E+00	  0.0000E+00	  0.0000E+00	  0.0000E+00	  0.0000E+00	  0.0000E+00	  0.0000E+00	  0.0000E+00	  0.0000E+00	  0.0000E+00	  0.0000E+00	  0.0000E+00	  0.0000E+00	  0.0000E+00	  0.0000E+00	  0.0000E+00	  0.0000E+00	  0.0000E+00	  0.0000E+00	  0.0000E+00	  0.0000E+00	  0.0000E+00	  0.0000E+00	  0.0000E+00	  0.0000E+00	  0.0000E+00	  0.0000E+00	  0.0000E+00	  0.0000E+00	  0.0000E+00	  0.0000E+00	  0.0000E+00	  0.0000E+00	  0.0000E+00	  0.0000E+00	  0.0000E+00	  0.0000E+00	  0.0000E+00	  0.0000E+00	  0.0000E+00	  0.0000E+00	  0.0000E+00	  0.0000E+00	  0.0000E+00	  0.0000E+00	  0.0000E+00	  0.0000E+00	  0.0000E+00	  0.0000E+00	  0.0000E+00	  0.0000E+00	  0.0000E+00	  0.0000E+00	  0.0000E+00	  0.0000E+00	  0.0000E+00	  0.0000E+00	  0.0000E+00	  0.0000E+00	  0.0000E+00	  0.0000E+00	  0.0000E+00	  0.0000E+00
  0.0000E+00	  0.0000E+00	  0.0000E+00	  0.0000E+00	  0.0000E+00	  0.0000E+00	  0.0000E+00	  0.0000E+00	  0.0000E+00	  0.0000E+00	  0.0000E+00	  0.0000E+00	  0.0000E+00	  0.0000E+00	  0.0000E+00	  0.0000E+00	  0.0000E+00	  0.0000E+00	  0.0000E+00	  0.0000E+00	  0.0000E+00	  0.0000E+00	  0.0000E+00	  0.0000E+00	  0.0000E+00	  0.0000E+00	  0.0000E+00	  0.0000E+00	  0.0000E+00	  0.0000E+00	  0.0000E+00	  0.0000E+00	  0.0000E+00	  0.0000E+00	  0.0000E+00	  0.0000E+00	  0.0000E+00	  0.0000E+00	  0.0000E+00	  0.0000E+00	  0.0000E+00	  0.0000E+00	  0.0000E+00	  0.0000E+00	  0.0000E+00	  0.0000E+00	  0.0000E+00	  0.0000E+00	  0.0000E+00	  0.0000E+00	  0.0000E+00	  0.0000E+00	  0.0000E+00	  0.0000E+00	  0.0000E+00	  0.0000E+00	  0.0000E+00	  0.0000E+00	  0.0000E+00	  0.0000E+00	  0.0000E+00	  0.0000E+00	  0.0000E+00	  0.0000E+00	  0.0000E+00	  0.0000E+00	  0.0000E+00	  0.0000E+00	  0.0000E+00	  0.0000E+00	  0.0000E+00	  0.0000E+00	  0.0000E+00	  0.0000E+00	  0.0000E+00	  0.0000E+00	  0.0000E+00	  0.0000E+00	  0.0000E+00	  0.0000E+00	  0.0000E+00	  0.0000E+00	  0.0000E+00	  0.0000E+00	  0.0000E+00	  0.0000E+00	  0.0000E+00	  0.0000E+00	  0.0000E+00	  0.0000E+00	  0.0000E+00	  0.0000E+00	  0.0000E+00	  0.0000E+00	  0.0000E+00	  0.0000E+00	  0.0000E+00	  0.0000E+00	  0.0000E+00	  0.0000E+00	  0.0000E+00	  0.0000E+00	  0.0000E+00	  0.0000E+00	  0.0000E+00	  0.0000E+00	  0.0000E+00	  0.0000E+00	  0.0000E+00	  0.0000E+00	  0.0000E+00	  0.0000E+00	  0.0000E+00	  0.0000E+00	  0.0000E+00	  0.0000E+00	  0.0000E+00	  0.0000E+00	  0.0000E+00	  0.0000E+00	  0.0000E+00	  0.0000E+00	  0.0000E+00	  0.0000E+00	  0.0000E+00	  0.0000E+00	  0.0000E+00	  0.0000E+00
  0.0000E+00	  0.0000E+00	  0.0000E+00	  0.0000E+00	  0.0000E+00	  0.0000E+00	  0.0000E+00	  0.0000E+00	  0.0000E+00	  0.0000E+00	  0.0000E+00	  0.0000E+00	  0.0000E+00	  0.0000E+00	  0.0000E+00	  0.0000E+00	  0.0000E+00	  0.0000E+00	  0.0000E+00	  0.0000E+00	  0.0000E+00	  0.0000E+00	  0.0000E+00	  0.0000E+00	  0.0000E+00	  0.0000E+00	  0.0000E+00	  0.0000E+00	  0.0000E+00	  0.0000E+00	  0.0000E+00	  0.0000E+00	  0.0000E+00	  0.0000E+00	  0.0000E+00	  0.0000E+00	  0.0000E+00	  0.0000E+00	  0.0000E+00	  0.0000E+00	  0.0000E+00	  0.0000E+00	  0.0000E+00	  0.0000E+00	  0.0000E+00	  0.0000E+00	  0.0000E+00	  0.0000E+00	  0.0000E+00	  0.0000E+00	  0.0000E+00	  0.0000E+00	  0.0000E+00	  0.0000E+00	  0.0000E+00	  0.0000E+00	  0.0000E+00	  0.0000E+00	  0.0000E+00	  0.0000E+00	  0.0000E+00	  0.0000E+00	  0.0000E+00	  0.0000E+00	  0.0000E+00	  0.0000E+00	  0.0000E+00	  0.0000E+00	  0.0000E+00	  0.0000E+00	  0.0000E+00	  0.0000E+00	  0.0000E+00	  0.0000E+00	  0.0000E+00	  0.0000E+00	  0.0000E+00	  0.0000E+00	  0.0000E+00	  0.0000E+00	  0.0000E+00	  0.0000E+00	  0.0000E+00	  0.0000E+00	  0.0000E+00	  0.0000E+00	  0.0000E+00	  0.0000E+00	  0.0000E+00	  0.0000E+00	  0.0000E+00	  0.0000E+00	  0.0000E+00	  0.0000E+00	  0.0000E+00	  0.0000E+00	  0.0000E+00	  0.0000E+00	  0.0000E+00	  0.0000E+00	  0.0000E+00	  0.0000E+00	  0.0000E+00	  0.0000E+00	  0.0000E+00	  0.0000E+00	  0.0000E+00	  0.0000E+00	  0.0000E+00	  0.0000E+00	  0.0000E+00	  0.0000E+00	  0.0000E+00	  0.0000E+00	  0.0000E+00	  0.0000E+00	  0.0000E+00	  0.0000E+00	  0.0000E+00	  0.0000E+00	  0.0000E+00	  0.0000E+00	  0.0000E+00	  0.0000E+00	  0.0000E+00	  0.0000E+00	  0.0000E+00	  0.0000E+00
  0.0000E+00	  0.0000E+00	  0.0000E+00	  0.0000E+00	  0.0000E+00	  0.0000E+00	  0.0000E+00	  0.0000E+00	  0.0000E+00	  0.0000E+00	  0.0000E+00	  0.0000E+00	  0.0000E+00	  0.0000E+00	  0.0000E+00	  0.0000E+00	  0.0000E+00	  0.0000E+00	  0.0000E+00	  0.0000E+00	  0.0000E+00	  0.0000E+00	  0.0000E+00	  0.0000E+00	  0.0000E+00	  0.0000E+00	  0.0000E+00	  0.0000E+00	  0.0000E+00	  0.0000E+00	  0.0000E+00	  0.0000E+00	  0.0000E+00	  0.0000E+00	  0.0000E+00	  0.0000E+00	  0.0000E+00	  0.0000E+00	  0.0000E+00	  0.0000E+00	  0.0000E+00	  0.0000E+00	  0.0000E+00	  0.0000E+00	  0.0000E+00	  0.0000E+00	  0.0000E+00	  0.0000E+00	  0.0000E+00	  0.0000E+00	  0.0000E+00	  0.0000E+00	  0.0000E+00	  0.0000E+00	  0.0000E+00	  0.0000E+00	  0.0000E+00	  0.0000E+00	  0.0000E+00	  0.0000E+00	  0.0000E+00	  0.0000E+00	  0.0000E+00	  0.0000E+00	  0.0000E+00	  0.0000E+00	  0.0000E+00	  0.0000E+00	  0.0000E+00	  0.0000E+00	  0.0000E+00	  0.0000E+00	  0.0000E+00	  0.0000E+00	  0.0000E+00	  0.0000E+00	  0.0000E+00	  0.0000E+00	  0.0000E+00	  0.0000E+00	  0.0000E+00	  0.0000E+00	  0.0000E+00	  0.0000E+00	  0.0000E+00	  0.0000E+00	  0.0000E+00	  0.0000E+00	  0.0000E+00	  0.0000E+00	  0.0000E+00	  0.0000E+00	  0.0000E+00	  0.0000E+00	  0.0000E+00	  0.0000E+00	  0.0000E+00	  0.0000E+00	  0.0000E+00	  0.0000E+00	  0.0000E+00	  0.0000E+00	  0.0000E+00	  0.0000E+00	  0.0000E+00	  0.0000E+00	  0.0000E+00	  0.0000E+00	  0.0000E+00	  0.0000E+00	  0.0000E+00	  0.0000E+00	  0.0000E+00	  0.0000E+00	  0.0000E+00	  0.0000E+00	  0.0000E+00	  0.0000E+00	  0.0000E+00	  0.0000E+00	  0.0000E+00	  0.0000E+00	  0.0000E+00	  0.0000E+00	  0.0000E+00	  0.0000E+00	  0.0000E+00	  0.0000E+00
  0.0000E+00	  0.0000E+00	  0.0000E+00	  0.0000E+00	  0.0000E+00	  0.0000E+00	  0.0000E+00	  0.0000E+00	  0.0000E+00	  0.0000E+00	  0.0000E+00	  0.0000E+00	  0.0000E+00	  0.0000E+00	  0.0000E+00	  0.0000E+00	  0.0000E+00	  0.0000E+00	  0.0000E+00	  0.0000E+00	  0.0000E+00	  0.0000E+00	  0.0000E+00	  0.0000E+00	  0.0000E+00	  0.0000E+00	  0.0000E+00	  0.0000E+00	  0.0000E+00	  0.0000E+00	  0.0000E+00	  0.0000E+00	  0.0000E+00	  0.0000E+00	  0.0000E+00	  0.0000E+00	  0.0000E+00	  0.0000E+00	  0.0000E+00	  0.0000E+00	  0.0000E+00	  0.0000E+00	  0.0000E+00	  0.0000E+00	  0.0000E+00	  0.0000E+00	  0.0000E+00	  0.0000E+00	  0.0000E+00	  0.0000E+00	  0.0000E+00	  0.0000E+00	  0.0000E+00	  0.0000E+00	  0.0000E+00	  0.0000E+00	  0.0000E+00	  0.0000E+00	  0.0000E+00	  0.0000E+00	  0.0000E+00	  0.0000E+00	  0.0000E+00	  0.0000E+00	  0.0000E+00	  0.0000E+00	  0.0000E+00	  0.0000E+00	  0.0000E+00	  0.0000E+00	  0.0000E+00	  0.0000E+00	  0.0000E+00	  0.0000E+00	  0.0000E+00	  0.0000E+00	  0.0000E+00	  0.0000E+00	  0.0000E+00	  0.0000E+00	  0.0000E+00	  0.0000E+00	  0.0000E+00	  0.0000E+00	  0.0000E+00	  0.0000E+00	  0.0000E+00	  0.0000E+00	  0.0000E+00	  0.0000E+00	  0.0000E+00	  0.0000E+00	  0.0000E+00	  0.0000E+00	  0.0000E+00	  0.0000E+00	  0.0000E+00	  0.0000E+00	  0.0000E+00	  0.0000E+00	  0.0000E+00	  0.0000E+00	  0.0000E+00	  0.0000E+00	  0.0000E+00	  0.0000E+00	  0.0000E+00	  0.0000E+00	  0.0000E+00	  0.0000E+00	  0.0000E+00	  0.0000E+00	  0.0000E+00	  0.0000E+00	  0.0000E+00	  0.0000E+00	  0.0000E+00	  0.0000E+00	  0.0000E+00	  0.0000E+00	  0.0000E+00	  0.0000E+00	  0.0000E+00	  0.0000E+00	  0.0000E+00	  0.0000E+00	  0.0000E+00	  0.0000E+00
  0.0000E+00	  0.0000E+00	  0.0000E+00	  0.0000E+00	  0.0000E+00	  0.0000E+00	  0.0000E+00	  0.0000E+00	  0.0000E+00	  0.0000E+00	  0.0000E+00	  0.0000E+00	  0.0000E+00	  0.0000E+00	  0.0000E+00	  0.0000E+00	  0.0000E+00	  0.0000E+00	  0.0000E+00	  0.0000E+00	  0.0000E+00	  0.0000E+00	  0.0000E+00	  0.0000E+00	  0.0000E+00	  0.0000E+00	  0.0000E+00	  0.0000E+00	  0.0000E+00	  0.0000E+00	  0.0000E+00	  0.0000E+00	  0.0000E+00	  0.0000E+00	  0.0000E+00	  0.0000E+00	  0.0000E+00	  0.0000E+00	  0.0000E+00	  0.0000E+00	  0.0000E+00	  0.0000E+00	  0.0000E+00	  0.0000E+00	  0.0000E+00	  0.0000E+00	  0.0000E+00	  0.0000E+00	  0.0000E+00	  0.0000E+00	  0.0000E+00	  0.0000E+00	  0.0000E+00	  0.0000E+00	  0.0000E+00	  0.0000E+00	  0.0000E+00	  0.0000E+00	  0.0000E+00	  0.0000E+00	  0.0000E+00	  0.0000E+00	  0.0000E+00	  0.0000E+00	  0.0000E+00	  0.0000E+00	  0.0000E+00	  0.0000E+00	  0.0000E+00	  0.0000E+00	  0.0000E+00	  0.0000E+00	  0.0000E+00	  0.0000E+00	  0.0000E+00	  0.0000E+00	  0.0000E+00	  0.0000E+00	  0.0000E+00	  0.0000E+00	  0.0000E+00	  0.0000E+00	  0.0000E+00	  0.0000E+00	  0.0000E+00	  0.0000E+00	  0.0000E+00	  0.0000E+00	  0.0000E+00	  0.0000E+00	  0.0000E+00	  0.0000E+00	  0.0000E+00	  0.0000E+00	  0.0000E+00	  0.0000E+00	  0.0000E+00	  0.0000E+00	  0.0000E+00	  0.0000E+00	  0.0000E+00	  0.0000E+00	  0.0000E+00	  0.0000E+00	  0.0000E+00	  0.0000E+00	  0.0000E+00	  0.0000E+00	  0.0000E+00	  0.0000E+00	  0.0000E+00	  0.0000E+00	  0.0000E+00	  0.0000E+00	  0.0000E+00	  0.0000E+00	  0.0000E+00	  0.0000E+00	  0.0000E+00	  0.0000E+00	  0.0000E+00	  0.0000E+00	  0.0000E+00	  0.0000E+00	  0.0000E+00	  0.0000E+00	  0.0000E+00	  0.0000E+00
  0.0000E+00	  0.0000E+00	  0.0000E+00	  0.0000E+00	  0.0000E+00	  0.0000E+00	  0.0000E+00	  0.0000E+00	  0.0000E+00	  0.0000E+00	  0.0000E+00	  0.0000E+00	  0.0000E+00	  0.0000E+00	  0.0000E+00	  0.0000E+00	  0.0000E+00	  0.0000E+00	  0.0000E+00	  0.0000E+00	  0.0000E+00	  0.0000E+00	  0.0000E+00	  0.0000E+00	  0.0000E+00	  0.0000E+00	  0.0000E+00	  0.0000E+00	  0.0000E+00	  0.0000E+00	  0.0000E+00	  0.0000E+00	  0.0000E+00	  0.0000E+00	  0.0000E+00	  0.0000E+00	  0.0000E+00	  0.0000E+00	  0.0000E+00	  0.0000E+00	  0.0000E+00	  0.0000E+00	  0.0000E+00	  0.0000E+00	  0.0000E+00	  0.0000E+00	  0.0000E+00	  0.0000E+00	  0.0000E+00	  0.0000E+00	  0.0000E+00	  0.0000E+00	  0.0000E+00	  0.0000E+00	  0.0000E+00	  0.0000E+00	  0.0000E+00	  0.0000E+00	  0.0000E+00	  0.0000E+00	  0.0000E+00	  0.0000E+00	  0.0000E+00	  0.0000E+00	  0.0000E+00	  0.0000E+00	  0.0000E+00	  0.0000E+00	  0.0000E+00	  0.0000E+00	  0.0000E+00	  0.0000E+00	  0.0000E+00	  0.0000E+00	  0.0000E+00	  0.0000E+00	  0.0000E+00	  0.0000E+00	  0.0000E+00	  0.0000E+00	  0.0000E+00	  0.0000E+00	  0.0000E+00	  0.0000E+00	  0.0000E+00	  0.0000E+00	  0.0000E+00	  0.0000E+00	  0.0000E+00	  0.0000E+00	  0.0000E+00	  0.0000E+00	  0.0000E+00	  0.0000E+00	  0.0000E+00	  0.0000E+00	  0.0000E+00	  0.0000E+00	  0.0000E+00	  0.0000E+00	  0.0000E+00	  0.0000E+00	  0.0000E+00	  0.0000E+00	  0.0000E+00	  0.0000E+00	  0.0000E+00	  0.0000E+00	  0.0000E+00	  0.0000E+00	  0.0000E+00	  0.0000E+00	  0.0000E+00	  0.0000E+00	  0.0000E+00	  0.0000E+00	  0.0000E+00	  0.0000E+00	  0.0000E+00	  0.0000E+00	  0.0000E+00	  0.0000E+00	  0.0000E+00	  0.0000E+00	  0.0000E+00	  0.0000E+00	  0.0000E+00	  0.0000E+00
  0.0000E+00	  0.0000E+00	  0.0000E+00	  0.0000E+00	  0.0000E+00	  0.0000E+00	  0.0000E+00	  0.0000E+00	  0.0000E+00	  0.0000E+00	  0.0000E+00	  0.0000E+00	  0.0000E+00	  0.0000E+00	  0.0000E+00	  0.0000E+00	  0.0000E+00	  0.0000E+00	  0.0000E+00	  0.0000E+00	  0.0000E+00	  0.0000E+00	  0.0000E+00	  0.0000E+00	  0.0000E+00	  0.0000E+00	  0.0000E+00	  0.0000E+00	  0.0000E+00	  0.0000E+00	  0.0000E+00	  0.0000E+00	  0.0000E+00	  0.0000E+00	  0.0000E+00	  0.0000E+00	  0.0000E+00	  0.0000E+00	  0.0000E+00	  0.0000E+00	  0.0000E+00	  0.0000E+00	  0.0000E+00	  0.0000E+00	  0.0000E+00	  0.0000E+00	  0.0000E+00	  0.0000E+00	  0.0000E+00	  0.0000E+00	  0.0000E+00	  0.0000E+00	  0.0000E+00	  0.0000E+00	  0.0000E+00	  0.0000E+00	  0.0000E+00	  0.0000E+00	  0.0000E+00	  0.0000E+00	  0.0000E+00	  0.0000E+00	  0.0000E+00	  0.0000E+00	  0.0000E+00	  0.0000E+00	  0.0000E+00	  0.0000E+00	  0.0000E+00	  0.0000E+00	  0.0000E+00	  0.0000E+00	  0.0000E+00	  0.0000E+00	  0.0000E+00	  0.0000E+00	  0.0000E+00	  0.0000E+00	  0.0000E+00	  0.0000E+00	  0.0000E+00	  0.0000E+00	  0.0000E+00	  0.0000E+00	  0.0000E+00	  0.0000E+00	  0.0000E+00	  0.0000E+00	  0.0000E+00	  0.0000E+00	  0.0000E+00	  0.0000E+00	  0.0000E+00	  0.0000E+00	  0.0000E+00	  0.0000E+00	  0.0000E+00	  0.0000E+00	  0.0000E+00	  0.0000E+00	  0.0000E+00	  0.0000E+00	  0.0000E+00	  0.0000E+00	  0.0000E+00	  0.0000E+00	  0.0000E+00	  0.0000E+00	  0.0000E+00	  0.0000E+00	  0.0000E+00	  0.0000E+00	  0.0000E+00	  0.0000E+00	  0.0000E+00	  0.0000E+00	  0.0000E+00	  0.0000E+00	  0.0000E+00	  0.0000E+00	  0.0000E+00	  0.0000E+00	  0.0000E+00	  0.0000E+00	  0.0000E+00	  0.0000E+00	  0.0000E+00	  0.0000E+00
  0.0000E+00	  0.0000E+00	  0.0000E+00	  0.0000E+00	  0.0000E+00	  0.0000E+00	  0.0000E+00	  0.0000E+00	  0.0000E+00	  0.0000E+00	  0.0000E+00	  0.0000E+00	  0.0000E+00	  0.0000E+00	  0.0000E+00	  0.0000E+00	  0.0000E+00	  0.0000E+00	  0.0000E+00	  0.0000E+00	  0.0000E+00	  0.0000E+00	  0.0000E+00	  0.0000E+00	  0.0000E+00	  0.0000E+00	  0.0000E+00	  0.0000E+00	  0.0000E+00	  0.0000E+00	  0.0000E+00	  0.0000E+00	  0.0000E+00	  0.0000E+00	  0.0000E+00	  0.0000E+00	  0.0000E+00	  0.0000E+00	  0.0000E+00	  0.0000E+00	  0.0000E+00	  0.0000E+00	  0.0000E+00	  0.0000E+00	  0.0000E+00	  0.0000E+00	  0.0000E+00	  0.0000E+00	  0.0000E+00	  0.0000E+00	  0.0000E+00	  0.0000E+00	  0.0000E+00	  0.0000E+00	  0.0000E+00	  0.0000E+00	  0.0000E+00	  0.0000E+00	  0.0000E+00	  0.0000E+00	  0.0000E+00	  0.0000E+00	  0.0000E+00	  0.0000E+00	  0.0000E+00	  0.0000E+00	  0.0000E+00	  0.0000E+00	  0.0000E+00	  0.0000E+00	  0.0000E+00	  0.0000E+00	  0.0000E+00	  0.0000E+00	  0.0000E+00	  0.0000E+00	  0.0000E+00	  0.0000E+00	  0.0000E+00	  0.0000E+00	  0.0000E+00	  0.0000E+00	  0.0000E+00	  0.0000E+00	  0.0000E+00	  0.0000E+00	  0.0000E+00	  0.0000E+00	  0.0000E+00	  0.0000E+00	  0.0000E+00	  0.0000E+00	  0.0000E+00	  0.0000E+00	  0.0000E+00	  0.0000E+00	  0.0000E+00	  0.0000E+00	  0.0000E+00	  0.0000E+00	  0.0000E+00	  0.0000E+00	  0.0000E+00	  0.0000E+00	  0.0000E+00	  0.0000E+00	  0.0000E+00	  0.0000E+00	  0.0000E+00	  0.0000E+00	  0.0000E+00	  0.0000E+00	  0.0000E+00	  0.0000E+00	  0.0000E+00	  0.0000E+00	  0.0000E+00	  0.0000E+00	  0.0000E+00	  0.0000E+00	  0.0000E+00	  0.0000E+00	  0.0000E+00	  0.0000E+00	  0.0000E+00	  0.0000E+00	  0.0000E+00	  0.0000E+00
  0.0000E+00	  0.0000E+00	  0.0000E+00	  0.0000E+00	  0.0000E+00	  0.0000E+00	  0.0000E+00	  0.0000E+00	  0.0000E+00	  0.0000E+00	  0.0000E+00	  0.0000E+00	  0.0000E+00	  0.0000E+00	  0.0000E+00	  0.0000E+00	  0.0000E+00	  0.0000E+00	  0.0000E+00	  0.0000E+00	  0.0000E+00	  0.0000E+00	  0.0000E+00	  0.0000E+00	  0.0000E+00	  0.0000E+00	  0.0000E+00	  0.0000E+00	  0.0000E+00	  0.0000E+00	  0.0000E+00	  0.0000E+00	  0.0000E+00	  0.0000E+00	  0.0000E+00	  0.0000E+00	  0.0000E+00	  0.0000E+00	  0.0000E+00	  0.0000E+00	  0.0000E+00	  0.0000E+00	  0.0000E+00	  0.0000E+00	  0.0000E+00	  0.0000E+00	  0.0000E+00	  0.0000E+00	  0.0000E+00	  0.0000E+00	  0.0000E+00	  0.0000E+00	  0.0000E+00	  0.0000E+00	  0.0000E+00	  0.0000E+00	  0.0000E+00	  0.0000E+00	  0.0000E+00	  0.0000E+00	  0.0000E+00	  0.0000E+00	  0.0000E+00	  0.0000E+00	  0.0000E+00	  0.0000E+00	  0.0000E+00	  0.0000E+00	  0.0000E+00	  0.0000E+00	  0.0000E+00	  0.0000E+00	  0.0000E+00	  0.0000E+00	  0.0000E+00	  0.0000E+00	  0.0000E+00	  0.0000E+00	  0.0000E+00	  0.0000E+00	  0.0000E+00	  0.0000E+00	  0.0000E+00	  0.0000E+00	  0.0000E+00	  0.0000E+00	  0.0000E+00	  0.0000E+00	  0.0000E+00	  0.0000E+00	  0.0000E+00	  0.0000E+00	  0.0000E+00	  0.0000E+00	  0.0000E+00	  0.0000E+00	  0.0000E+00	  0.0000E+00	  0.0000E+00	  0.0000E+00	  0.0000E+00	  0.0000E+00	  0.0000E+00	  0.0000E+00	  0.0000E+00	  0.0000E+00	  0.0000E+00	  0.0000E+00	  0.0000E+00	  0.0000E+00	  0.0000E+00	  0.0000E+00	  0.0000E+00	  0.0000E+00	  0.0000E+00	  0.0000E+00	  0.0000E+00	  0.0000E+00	  0.0000E+00	  0.0000E+00	  0.0000E+00	  0.0000E+00	  0.0000E+00	  0.0000E+00	  0.0000E+00	  0.0000E+00	  0.0000E+00	  0.0000E+00
  0.0000E+00	  0.0000E+00	  0.0000E+00	  0.0000E+00	  0.0000E+00	  0.0000E+00	  0.0000E+00	  0.0000E+00	  0.0000E+00	  0.0000E+00	  0.0000E+00	  0.0000E+00	  0.0000E+00	  0.0000E+00	  0.0000E+00	  0.0000E+00	  0.0000E+00	  0.0000E+00	  0.0000E+00	  0.0000E+00	  0.0000E+00	  0.0000E+00	  0.0000E+00	  0.0000E+00	  0.0000E+00	  0.0000E+00	  0.0000E+00	  0.0000E+00	  0.0000E+00	  0.0000E+00	  0.0000E+00	  0.0000E+00	  0.0000E+00	  0.0000E+00	  0.0000E+00	  0.0000E+00	  0.0000E+00	  0.0000E+00	  0.0000E+00	  0.0000E+00	  0.0000E+00	  0.0000E+00	  0.0000E+00	  0.0000E+00	  0.0000E+00	  0.0000E+00	  0.0000E+00	  0.0000E+00	  0.0000E+00	  0.0000E+00	  0.0000E+00	  0.0000E+00	  0.0000E+00	  0.0000E+00	  0.0000E+00	  0.0000E+00	  0.0000E+00	  0.0000E+00	  0.0000E+00	  0.0000E+00	  0.0000E+00	  0.0000E+00	  0.0000E+00	  0.0000E+00	  0.0000E+00	  0.0000E+00	  0.0000E+00	  0.0000E+00	  0.0000E+00	  0.0000E+00	  0.0000E+00	  0.0000E+00	  0.0000E+00	  0.0000E+00	  0.0000E+00	  0.0000E+00	  0.0000E+00	  0.0000E+00	  0.0000E+00	  0.0000E+00	  0.0000E+00	  0.0000E+00	  0.0000E+00	  0.0000E+00	  0.0000E+00	  0.0000E+00	  0.0000E+00	  0.0000E+00	  0.0000E+00	  0.0000E+00	  0.0000E+00	  0.0000E+00	  0.0000E+00	  0.0000E+00	  0.0000E+00	  0.0000E+00	  0.0000E+00	  0.0000E+00	  0.0000E+00	  0.0000E+00	  0.0000E+00	  0.0000E+00	  0.0000E+00	  0.0000E+00	  0.0000E+00	  0.0000E+00	  0.0000E+00	  0.0000E+00	  0.0000E+00	  0.0000E+00	  0.0000E+00	  0.0000E+00	  0.0000E+00	  0.0000E+00	  0.0000E+00	  0.0000E+00	  0.0000E+00	  0.0000E+00	  0.0000E+00	  0.0000E+00	  0.0000E+00	  0.0000E+00	  0.0000E+00	  0.0000E+00	  0.0000E+00	  0.0000E+00	  0.0000E+00	  0.0000E+00
  0.0000E+00	  0.0000E+00	  0.0000E+00	  0.0000E+00	  0.0000E+00	  0.0000E+00	  0.0000E+00	  0.0000E+00	  0.0000E+00	  0.0000E+00	  0.0000E+00	  0.0000E+00	  0.0000E+00	  0.0000E+00	  0.0000E+00	  0.0000E+00	  0.0000E+00	  0.0000E+00	  0.0000E+00	  0.0000E+00	  0.0000E+00	  0.0000E+00	  0.0000E+00	  0.0000E+00	  0.0000E+00	  0.0000E+00	  0.0000E+00	  0.0000E+00	  0.0000E+00	  0.0000E+00	  0.0000E+00	  0.0000E+00	  0.0000E+00	  0.0000E+00	  0.0000E+00	  0.0000E+00	  0.0000E+00	  0.0000E+00	  0.0000E+00	  0.0000E+00	  0.0000E+00	  0.0000E+00	  0.0000E+00	  0.0000E+00	  0.0000E+00	  0.0000E+00	  0.0000E+00	  0.0000E+00	  0.0000E+00	  0.0000E+00	  0.0000E+00	  0.0000E+00	  0.0000E+00	  0.0000E+00	  0.0000E+00	  0.0000E+00	  0.0000E+00	  0.0000E+00	  0.0000E+00	  0.0000E+00	  0.0000E+00	  0.0000E+00	  0.0000E+00	  0.0000E+00	  0.0000E+00	  0.0000E+00	  0.0000E+00	  0.0000E+00	  0.0000E+00	  0.0000E+00	  0.0000E+00	  0.0000E+00	  0.0000E+00	  0.0000E+00	  0.0000E+00	  0.0000E+00	  0.0000E+00	  0.0000E+00	  0.0000E+00	  0.0000E+00	  0.0000E+00	  0.0000E+00	  0.0000E+00	  0.0000E+00	  0.0000E+00	  0.0000E+00	  0.0000E+00	  0.0000E+00	  0.0000E+00	  0.0000E+00	  0.0000E+00	  0.0000E+00	  0.0000E+00	  0.0000E+00	  0.0000E+00	  0.0000E+00	  0.0000E+00	  0.0000E+00	  0.0000E+00	  0.0000E+00	  0.0000E+00	  0.0000E+00	  0.0000E+00	  0.0000E+00	  0.0000E+00	  0.0000E+00	  0.0000E+00	  0.0000E+00	  0.0000E+00	  0.0000E+00	  0.0000E+00	  0.0000E+00	  0.0000E+00	  0.0000E+00	  0.0000E+00	  0.0000E+00	  0.0000E+00	  0.0000E+00	  0.0000E+00	  0.0000E+00	  0.0000E+00	  0.0000E+00	  0.0000E+00	  0.0000E+00	  0.0000E+00	  0.0000E+00	  0.0000E+00	  0.0000E+00
  0.0000E+00	  0.0000E+00	  0.0000E+00	  0.0000E+00	  0.0000E+00	  0.0000E+00	  0.0000E+00	  0.0000E+00	  0.0000E+00	  0.0000E+00	  0.0000E+00	  0.0000E+00	  0.0000E+00	  0.0000E+00	  0.0000E+00	  0.0000E+00	  0.0000E+00	  0.0000E+00	  0.0000E+00	  0.0000E+00	  0.0000E+00	  0.0000E+00	  0.0000E+00	  0.0000E+00	  0.0000E+00	  0.0000E+00	  0.0000E+00	  0.0000E+00	  0.0000E+00	  0.0000E+00	  0.0000E+00	  0.0000E+00	  0.0000E+00	  0.0000E+00	  0.0000E+00	  0.0000E+00	  0.0000E+00	  0.0000E+00	  0.0000E+00	  0.0000E+00	  0.0000E+00	  0.0000E+00	  0.0000E+00	  0.0000E+00	  0.0000E+00	  0.0000E+00	  0.0000E+00	  0.0000E+00	  0.0000E+00	  0.0000E+00	  0.0000E+00	  0.0000E+00	  0.0000E+00	  0.0000E+00	  0.0000E+00	  0.0000E+00	  0.0000E+00	  0.0000E+00	  0.0000E+00	  0.0000E+00	  0.0000E+00	  0.0000E+00	  0.0000E+00	  0.0000E+00	  0.0000E+00	  0.0000E+00	  0.0000E+00	  0.0000E+00	  0.0000E+00	  0.0000E+00	  0.0000E+00	  0.0000E+00	  0.0000E+00	  0.0000E+00	  0.0000E+00	  0.0000E+00	  0.0000E+00	  0.0000E+00	  0.0000E+00	  0.0000E+00	  0.0000E+00	  0.0000E+00	  0.0000E+00	  0.0000E+00	  0.0000E+00	  0.0000E+00	  0.0000E+00	  0.0000E+00	  0.0000E+00	  0.0000E+00	  0.0000E+00	  0.0000E+00	  0.0000E+00	  0.0000E+00	  0.0000E+00	  0.0000E+00	  0.0000E+00	  0.0000E+00	  0.0000E+00	  0.0000E+00	  0.0000E+00	  0.0000E+00	  0.0000E+00	  0.0000E+00	  0.0000E+00	  0.0000E+00	  0.0000E+00	  0.0000E+00	  0.0000E+00	  0.0000E+00	  0.0000E+00	  0.0000E+00	  0.0000E+00	  0.0000E+00	  0.0000E+00	  0.0000E+00	  0.0000E+00	  0.0000E+00	  0.0000E+00	  0.0000E+00	  0.0000E+00	  0.0000E+00	  0.0000E+00	  0.0000E+00	  0.0000E+00	  0.0000E+00	  0.0000E+00	  0.0000E+00
  0.0000E+00	  0.0000E+00	  0.0000E+00	  0.0000E+00	  0.0000E+00	  0.0000E+00	  0.0000E+00	  0.0000E+00	  0.0000E+00	  0.0000E+00	  0.0000E+00	  0.0000E+00	  0.0000E+00	  0.0000E+00	  0.0000E+00	  0.0000E+00	  0.0000E+00	  0.0000E+00	  0.0000E+00	  0.0000E+00	  0.0000E+00	  0.0000E+00	  0.0000E+00	  0.0000E+00	  0.0000E+00	  0.0000E+00	  0.0000E+00	  0.0000E+00	  0.0000E+00	  0.0000E+00	  0.0000E+00	  0.0000E+00	  0.0000E+00	  0.0000E+00	  0.0000E+00	  0.0000E+00	  0.0000E+00	  0.0000E+00	  0.0000E+00	  0.0000E+00	  0.0000E+00	  0.0000E+00	  0.0000E+00	  0.0000E+00	  0.0000E+00	  0.0000E+00	  0.0000E+00	  0.0000E+00	  0.0000E+00	  0.0000E+00	  0.0000E+00	  0.0000E+00	  0.0000E+00	  0.0000E+00	  0.0000E+00	  0.0000E+00	  0.0000E+00	  0.0000E+00	  0.0000E+00	  0.0000E+00	  0.0000E+00	  0.0000E+00	  0.0000E+00	  0.0000E+00	  0.0000E+00	  0.0000E+00	  0.0000E+00	  0.0000E+00	  0.0000E+00	  0.0000E+00	  0.0000E+00	  0.0000E+00	  0.0000E+00	  0.0000E+00	  0.0000E+00	  0.0000E+00	  0.0000E+00	  0.0000E+00	  0.0000E+00	  0.0000E+00	  0.0000E+00	  0.0000E+00	  0.0000E+00	  0.0000E+00	  0.0000E+00	  0.0000E+00	  0.0000E+00	  0.0000E+00	  0.0000E+00	  0.0000E+00	  0.0000E+00	  0.0000E+00	  0.0000E+00	  0.0000E+00	  0.0000E+00	  0.0000E+00	  0.0000E+00	  0.0000E+00	  0.0000E+00	  0.0000E+00	  0.0000E+00	  0.0000E+00	  0.0000E+00	  0.0000E+00	  0.0000E+00	  0.0000E+00	  0.0000E+00	  0.0000E+00	  0.0000E+00	  0.0000E+00	  0.0000E+00	  0.0000E+00	  0.0000E+00	  0.0000E+00	  0.0000E+00	  0.0000E+00	  0.0000E+00	  0.0000E+00	  0.0000E+00	  0.0000E+00	  0.0000E+00	  0.0000E+00	  0.0000E+00	  0.0000E+00	  0.0000E+00	  0.0000E+00	  0.0000E+00	  0.0000E+00
