Image analysis histogram listing

File : C:\Users\Jason Fucik\OneDrive - California Institute of Technology\zrepo\UVEX\20250326B_UVEX_FULLSYS_DESIGN_SIM.zmx
Title: UVEX Full System
Date : 8/26/2026
Configuration 3 of 3

Consider changing the field type to object height for improved accuracy. See Help Files for more details.
Field Width                    : 1e-06 degrees
Image Width                    : 0.128 Millimeters
Number of pixels               : 128 x 128
Total Weight of Rays Attempted :   1.000825E+06
Total Weight of Rays Passed    :   9.933780E+05
Total Rays Launched            : 1000825
Percent Efficiency             :   99.26 %
Total flux in watts            : 9.926E-01
Units                          : Watts/Millimeters squared

  0.0000E+00	  0.0000E+00	  0.0000E+00	  0.0000E+00	  0.0000E+00	  0.0000E+00	  0.0000E+00	  0.0000E+00	  0.0000E+00	  0.0000E+00	  0.0000E+00	  0.0000E+00	  0.0000E+00	  0.0000E+00	  0.0000E+00	  0.0000E+00	  0.0000E+00	  0.0000E+00	  0.0000E+00	  0.0000E+00	  0.0000E+00	  0.0000E+00	  0.0000E+00	  0.0000E+00	  0.0000E+00	  0.0000E+00	  0.0000E+00	  0.0000E+00	  0.0000E+00	  0.0000E+00	  0.0000E+00	  0.0000E+00	  0.0000E+00	  0.0000E+00	  0.0000E+00	  0.0000E+00	  0.0000E+00	  0.0000E+00	  0.0000E+00	  0.0000E+00	  0.0000E+00	  0.0000E+00	  0.0000E+00	  0.0000E+00	  0.0000E+00	  0.0000E+00	  0.0000E+00	  0.0000E+00	  0.0000E+00	  0.0000E+00	  0.0000E+00	  0.0000E+00	  0.0000E+00	  0.0000E+00	  0.0000E+00	  0.0000E+00	  0.0000E+00	  0.0000E+00	  0.0000E+00	  0.0000E+00	  0.0000E+00	  0.0000E+00	  0.0000E+00	  0.0000E+00	  0.0000E+00	  0.0000E+00	  0.0000E+00	  0.0000E+00	  0.0000E+00	  0.0000E+00	  0.0000E+00	  0.0000E+00	  0.0000E+00	  0.0000E+00	  0.0000E+00	  0.0000E+00	  0.0000E+00	  0.0000E+00	  0.0000E+00	  0.0000E+00	  0.0000E+00	  0.0000E+00	  0.0000E+00	  0.0000E+00	  0.0000E+00	  0.0000E+00	  0.0000E+00	  0.0000E+00	  0.0000E+00	  0.0000E+00	  0.0000E+00	  0.0000E+00	  0.0000E+00	  0.0000E+00	  0.0000E+00	  0.0000E+00	  0.0000E+00	  0.0000E+00	  0.0000E+00	  0.0000E+00	  0.0000E+00	  0.0000E+00	  0.0000E+00	  0.0000E+00	  0.0000E+00	  0.0000E+00	  0.0000E+00	  0.0000E+00	  0.0000E+00	  0.0000E+00	  0.0000E+00	  0.0000E+00	  0.0000E+00	  0.0000E+00	  0.0000E+00	  0.0000E+00	  0.0000E+00	  0.0000E+00	  0.0000E+00	  0.0000E+00	  0.0000E+00	  0.0000E+00	  0.0000E+00	  0.0000E+00	  0.0000E+00	  0.0000E+00	  0.0000E+00	  0.0000E+00
  0.0000E+00	  0.0000E+00	  0.0000E+00	  0.0000E+00	  0.0000E+00	  0.0000E+00	  0.0000E+00	  0.0000E+00	  0.0000E+00	  0.0000E+00	  0.0000E+00	  0.0000E+00	  0.0000E+00	  0.0000E+00	  0.0000E+00	  0.0000E+00	  0.0000E+00	  0.0000E+00	  0.0000E+00	  0.0000E+00	  0.0000E+00	  0.0000E+00	  0.0000E+00	  0.0000E+00	  0.0000E+00	  0.0000E+00	  0.0000E+00	  0.0000E+00	  0.0000E+00	  0.0000E+00	  0.0000E+00	  0.0000E+00	  0.0000E+00	  0.0000E+00	  0.0000E+00	  0.0000E+00	  0.0000E+00	  0.0000E+00	  0.0000E+00	  0.0000E+00	  0.0000E+00	  0.0000E+00	  0.0000E+00	  0.0000E+00	  0.0000E+00	  0.0000E+00	  0.0000E+00	  0.0000E+00	  0.0000E+00	  0.0000E+00	  0.0000E+00	  0.0000E+00	  0.0000E+00	  0.0000E+00	  0.0000E+00	  0.0000E+00	  0.0000E+00	  0.0000E+00	  0.0000E+00	  0.0000E+00	  0.0000E+00	  0.0000E+00	  0.0000E+00	  0.0000E+00	  0.0000E+00	  0.0000E+00	  0.0000E+00	  0.0000E+00	  0.0000E+00	  0.0000E+00	  0.0000E+00	  0.0000E+00	  0.0000E+00	  0.0000E+00	  0.0000E+00	  0.0000E+00	  0.0000E+00	  0.0000E+00	  0.0000E+00	  0.0000E+00	  0.0000E+00	  0.0000E+00	  0.0000E+00	  0.0000E+00	  0.0000E+00	  0.0000E+00	  0.0000E+00	  0.0000E+00	  0.0000E+00	  0.0000E+00	  0.0000E+00	  0.0000E+00	  0.0000E+00	  0.0000E+00	  0.0000E+00	  0.0000E+00	  0.0000E+00	  0.0000E+00	  0.0000E+00	  0.0000E+00	  0.0000E+00	  0.0000E+00	  0.0000E+00	  0.0000E+00	  0.0000E+00	  0.0000E+00	  0.0000E+00	  0.0000E+00	  0.0000E+00	  0.0000E+00	  0.0000E+00	  0.0000E+00	  0.0000E+00	  0.0000E+00	  0.0000E+00	  0.0000E+00	  0.0000E+00	  0.0000E+00	  0.0000E+00	  0.0000E+00	  0.0000E+00	  0.0000E+00	  0.0000E+00	  0.0000E+00	  0.0000E+00	  0.0000E+00	  0.0000E+00	  0.0000E+00
  0.0000E+00	  0.0000E+00	  0.0000E+00	  0.0000E+00	  0.0000E+00	  0.0000E+00	  0.0000E+00	  0.0000E+00	  0.0000E+00	  0.0000E+00	  0.0000E+00	  0.0000E+00	  0.0000E+00	  0.0000E+00	  0.0000E+00	  0.0000E+00	  0.0000E+00	  0.0000E+00	  0.0000E+00	  0.0000E+00	  0.0000E+00	  0.0000E+00	  0.0000E+00	  0.0000E+00	  0.0000E+00	  0.0000E+00	  0.0000E+00	  0.0000E+00	  0.0000E+00	  0.0000E+00	  0.0000E+00	  0.0000E+00	  0.0000E+00	  0.0000E+00	  0.0000E+00	  0.0000E+00	  0.0000E+00	  0.0000E+00	  0.0000E+00	  0.0000E+00	  0.0000E+00	  0.0000E+00	  0.0000E+00	  0.0000E+00	  0.0000E+00	  0.0000E+00	  0.0000E+00	  0.0000E+00	  0.0000E+00	  0.0000E+00	  0.0000E+00	  0.0000E+00	  0.0000E+00	  0.0000E+00	  0.0000E+00	  0.0000E+00	  0.0000E+00	  0.0000E+00	  0.0000E+00	  0.0000E+00	  0.0000E+00	  0.0000E+00	  0.0000E+00	  0.0000E+00	  0.0000E+00	  0.0000E+00	  0.0000E+00	  0.0000E+00	  0.0000E+00	  0.0000E+00	  0.0000E+00	  0.0000E+00	  0.0000E+00	  0.0000E+00	  0.0000E+00	  0.0000E+00	  0.0000E+00	  0.0000E+00	  0.0000E+00	  0.0000E+00	  0.0000E+00	  0.0000E+00	  0.0000E+00	  0.0000E+00	  0.0000E+00	  0.0000E+00	  0.0000E+00	  0.0000E+00	  0.0000E+00	  0.0000E+00	  0.0000E+00	  0.0000E+00	  0.0000E+00	  0.0000E+00	  0.0000E+00	  0.0000E+00	  0.0000E+00	  0.0000E+00	  0.0000E+00	  0.0000E+00	  0.0000E+00	  0.0000E+00	  0.0000E+00	  0.0000E+00	  0.0000E+00	  0.0000E+00	  0.0000E+00	  0.0000E+00	  0.0000E+00	  0.0000E+00	  0.0000E+00	  0.0000E+00	  0.0000E+00	  0.0000E+00	  0.0000E+00	  0.0000E+00	  0.0000E+00	  0.0000E+00	  0.0000E+00	  0.0000E+00	  0.0000E+00	  0.0000E+00	  0.0000E+00	  0.0000E+00	  0.0000E+00	  0.0000E+00	  0.0000E+00	  0.0000E+00
  0.0000E+00	  0.0000E+00	  0.0000E+00	  0.0000E+00	  0.0000E+00	  0.0000E+00	  0.0000E+00	  0.0000E+00	  0.0000E+00	  0.0000E+00	  0.0000E+00	  0.0000E+00	  0.0000E+00	  0.0000E+00	  0.0000E+00	  0.0000E+00	  0.0000E+00	  0.0000E+00	  0.0000E+00	  0.0000E+00	  0.0000E+00	  0.0000E+00	  0.0000E+00	  0.0000E+00	  0.0000E+00	  0.0000E+00	  0.0000E+00	  0.0000E+00	  0.0000E+00	  0.0000E+00	  0.0000E+00	  0.0000E+00	  0.0000E+00	  0.0000E+00	  0.0000E+00	  0.0000E+00	  0.0000E+00	  0.0000E+00	  0.0000E+00	  0.0000E+00	  0.0000E+00	  0.0000E+00	  0.0000E+00	  0.0000E+00	  0.0000E+00	  0.0000E+00	  0.0000E+00	  0.0000E+00	  0.0000E+00	  0.0000E+00	  0.0000E+00	  0.0000E+00	  0.0000E+00	  0.0000E+00	  0.0000E+00	  0.0000E+00	  0.0000E+00	  0.0000E+00	  0.0000E+00	  0.0000E+00	  0.0000E+00	  0.0000E+00	  0.0000E+00	  0.0000E+00	  0.0000E+00	  0.0000E+00	  0.0000E+00	  0.0000E+00	  0.0000E+00	  0.0000E+00	  0.0000E+00	  0.0000E+00	  0.0000E+00	  0.0000E+00	  0.0000E+00	  0.0000E+00	  0.0000E+00	  0.0000E+00	  0.0000E+00	  0.0000E+00	  0.0000E+00	  0.0000E+00	  0.0000E+00	  0.0000E+00	  0.0000E+00	  0.0000E+00	  0.0000E+00	  0.0000E+00	  0.0000E+00	  0.0000E+00	  0.0000E+00	  0.0000E+00	  0.0000E+00	  0.0000E+00	  0.0000E+00	  0.0000E+00	  0.0000E+00	  0.0000E+00	  0.0000E+00	  0.0000E+00	  0.0000E+00	  0.0000E+00	  0.0000E+00	  0.0000E+00	  0.0000E+00	  0.0000E+00	  0.0000E+00	  0.0000E+00	  0.0000E+00	  0.0000E+00	  0.0000E+00	  0.0000E+00	  0.0000E+00	  0.0000E+00	  0.0000E+00	  0.0000E+00	  0.0000E+00	  0.0000E+00	  0.0000E+00	  0.0000E+00	  0.0000E+00	  0.0000E+00	  0.0000E+00	  0.0000E+00	  0.0000E+00	  0.0000E+00	  0.0000E+00	  0.0000E+00
  0.0000E+00	  0.0000E+00	  0.0000E+00	  0.0000E+00	  0.0000E+00	  0.0000E+00	  0.0000E+00	  0.0000E+00	  0.0000E+00	  0.0000E+00	  0.0000E+00	  0.0000E+00	  0.0000E+00	  0.0000E+00	  0.0000E+00	  0.0000E+00	  0.0000E+00	  0.0000E+00	  0.0000E+00	  0.0000E+00	  0.0000E+00	  0.0000E+00	  0.0000E+00	  0.0000E+00	  0.0000E+00	  0.0000E+00	  0.0000E+00	  0.0000E+00	  0.0000E+00	  0.0000E+00	  0.0000E+00	  0.0000E+00	  0.0000E+00	  0.0000E+00	  0.0000E+00	  0.0000E+00	  0.0000E+00	  0.0000E+00	  0.0000E+00	  0.0000E+00	  0.0000E+00	  0.0000E+00	  0.0000E+00	  0.0000E+00	  0.0000E+00	  0.0000E+00	  0.0000E+00	  0.0000E+00	  0.0000E+00	  0.0000E+00	  0.0000E+00	  0.0000E+00	  0.0000E+00	  0.0000E+00	  0.0000E+00	  0.0000E+00	  0.0000E+00	  0.0000E+00	  0.0000E+00	  0.0000E+00	  0.0000E+00	  0.0000E+00	  0.0000E+00	  0.0000E+00	  0.0000E+00	  0.0000E+00	  0.0000E+00	  0.0000E+00	  0.0000E+00	  0.0000E+00	  0.0000E+00	  0.0000E+00	  0.0000E+00	  0.0000E+00	  0.0000E+00	  0.0000E+00	  0.0000E+00	  0.0000E+00	  0.0000E+00	  0.0000E+00	  0.0000E+00	  0.0000E+00	  0.0000E+00	  0.0000E+00	  0.0000E+00	  0.0000E+00	  0.0000E+00	  0.0000E+00	  0.0000E+00	  0.0000E+00	  0.0000E+00	  0.0000E+00	  0.0000E+00	  0.0000E+00	  0.0000E+00	  0.0000E+00	  0.0000E+00	  0.0000E+00	  0.0000E+00	  0.0000E+00	  0.0000E+00	  0.0000E+00	  0.0000E+00	  0.0000E+00	  0.0000E+00	  0.0000E+00	  0.0000E+00	  0.0000E+00	  0.0000E+00	  0.0000E+00	  0.0000E+00	  0.0000E+00	  0.0000E+00	  0.0000E+00	  0.0000E+00	  0.0000E+00	  0.0000E+00	  0.0000E+00	  0.0000E+00	  0.0000E+00	  0.0000E+00	  0.0000E+00	  0.0000E+00	  0.0000E+00	  0.0000E+00	  0.0000E+00	  0.0000E+00	  0.0000E+00
  0.0000E+00	  0.0000E+00	  0.0000E+00	  0.0000E+00	  0.0000E+00	  0.0000E+00	  0.0000E+00	  0.0000E+00	  0.0000E+00	  0.0000E+00	  0.0000E+00	  0.0000E+00	  0.0000E+00	  0.0000E+00	  0.0000E+00	  0.0000E+00	  0.0000E+00	  0.0000E+00	  0.0000E+00	  0.0000E+00	  0.0000E+00	  0.0000E+00	  0.0000E+00	  0.0000E+00	  0.0000E+00	  0.0000E+00	  0.0000E+00	  0.0000E+00	  0.0000E+00	  0.0000E+00	  0.0000E+00	  0.0000E+00	  0.0000E+00	  0.0000E+00	  0.0000E+00	  0.0000E+00	  0.0000E+00	  0.0000E+00	  0.0000E+00	  0.0000E+00	  0.0000E+00	  0.0000E+00	  0.0000E+00	  0.0000E+00	  0.0000E+00	  0.0000E+00	  0.0000E+00	  0.0000E+00	  0.0000E+00	  0.0000E+00	  0.0000E+00	  0.0000E+00	  0.0000E+00	  0.0000E+00	  0.0000E+00	  0.0000E+00	  0.0000E+00	  0.0000E+00	  0.0000E+00	  0.0000E+00	  0.0000E+00	  0.0000E+00	  0.0000E+00	  0.0000E+00	  0.0000E+00	  0.0000E+00	  0.0000E+00	  0.0000E+00	  0.0000E+00	  0.0000E+00	  0.0000E+00	  0.0000E+00	  0.0000E+00	  0.0000E+00	  0.0000E+00	  0.0000E+00	  0.0000E+00	  0.0000E+00	  0.0000E+00	  0.0000E+00	  0.0000E+00	  0.0000E+00	  0.0000E+00	  0.0000E+00	  0.0000E+00	  0.0000E+00	  0.0000E+00	  0.0000E+00	  0.0000E+00	  0.0000E+00	  0.0000E+00	  0.0000E+00	  0.0000E+00	  0.0000E+00	  0.0000E+00	  0.0000E+00	  0.0000E+00	  0.0000E+00	  0.0000E+00	  0.0000E+00	  0.0000E+00	  0.0000E+00	  0.0000E+00	  0.0000E+00	  0.0000E+00	  0.0000E+00	  0.0000E+00	  0.0000E+00	  0.0000E+00	  0.0000E+00	  0.0000E+00	  0.0000E+00	  0.0000E+00	  0.0000E+00	  0.0000E+00	  0.0000E+00	  0.0000E+00	  0.0000E+00	  0.0000E+00	  0.0000E+00	  0.0000E+00	  0.0000E+00	  0.0000E+00	  0.0000E+00	  0.0000E+00	  0.0000E+00	  0.0000E+00	  0.0000E+00
  0.0000E+00	  0.0000E+00	  0.0000E+00	  0.0000E+00	  0.0000E+00	  0.0000E+00	  0.0000E+00	  0.0000E+00	  0.0000E+00	  0.0000E+00	  0.0000E+00	  0.0000E+00	  0.0000E+00	  0.0000E+00	  0.0000E+00	  0.0000E+00	  0.0000E+00	  0.0000E+00	  0.0000E+00	  0.0000E+00	  0.0000E+00	  0.0000E+00	  0.0000E+00	  0.0000E+00	  0.0000E+00	  0.0000E+00	  0.0000E+00	  0.0000E+00	  0.0000E+00	  0.0000E+00	  0.0000E+00	  0.0000E+00	  0.0000E+00	  0.0000E+00	  0.0000E+00	  0.0000E+00	  0.0000E+00	  0.0000E+00	  0.0000E+00	  0.0000E+00	  0.0000E+00	  0.0000E+00	  0.0000E+00	  0.0000E+00	  0.0000E+00	  0.0000E+00	  0.0000E+00	  0.0000E+00	  0.0000E+00	  0.0000E+00	  0.0000E+00	  0.0000E+00	  0.0000E+00	  0.0000E+00	  0.0000E+00	  0.0000E+00	  0.0000E+00	  0.0000E+00	  0.0000E+00	  0.0000E+00	  0.0000E+00	  0.0000E+00	  0.0000E+00	  0.0000E+00	  0.0000E+00	  0.0000E+00	  0.0000E+00	  0.0000E+00	  0.0000E+00	  0.0000E+00	  0.0000E+00	  0.0000E+00	  0.0000E+00	  0.0000E+00	  0.0000E+00	  0.0000E+00	  0.0000E+00	  0.0000E+00	  0.0000E+00	  0.0000E+00	  0.0000E+00	  0.0000E+00	  0.0000E+00	  0.0000E+00	  0.0000E+00	  0.0000E+00	  0.0000E+00	  0.0000E+00	  0.0000E+00	  0.0000E+00	  0.0000E+00	  0.0000E+00	  0.0000E+00	  0.0000E+00	  0.0000E+00	  0.0000E+00	  0.0000E+00	  0.0000E+00	  0.0000E+00	  0.0000E+00	  0.0000E+00	  0.0000E+00	  0.0000E+00	  0.0000E+00	  0.0000E+00	  0.0000E+00	  0.0000E+00	  0.0000E+00	  0.0000E+00	  0.0000E+00	  0.0000E+00	  0.0000E+00	  0.0000E+00	  0.0000E+00	  0.0000E+00	  0.0000E+00	  0.0000E+00	  0.0000E+00	  0.0000E+00	  0.0000E+00	  0.0000E+00	  0.0000E+00	  0.0000E+00	  0.0000E+00	  0.0000E+00	  0.0000E+00	  0.0000E+00	  0.0000E+00
  0.0000E+00	  0.0000E+00	  0.0000E+00	  0.0000E+00	  0.0000E+00	  0.0000E+00	  0.0000E+00	  0.0000E+00	  0.0000E+00	  0.0000E+00	  0.0000E+00	  0.0000E+00	  0.0000E+00	  0.0000E+00	  0.0000E+00	  0.0000E+00	  0.0000E+00	  0.0000E+00	  0.0000E+00	  0.0000E+00	  0.0000E+00	  0.0000E+00	  0.0000E+00	  0.0000E+00	  0.0000E+00	  0.0000E+00	  0.0000E+00	  0.0000E+00	  0.0000E+00	  0.0000E+00	  0.0000E+00	  0.0000E+00	  0.0000E+00	  0.0000E+00	  0.0000E+00	  0.0000E+00	  0.0000E+00	  0.0000E+00	  0.0000E+00	  0.0000E+00	  0.0000E+00	  0.0000E+00	  0.0000E+00	  0.0000E+00	  0.0000E+00	  0.0000E+00	  0.0000E+00	  0.0000E+00	  0.0000E+00	  0.0000E+00	  0.0000E+00	  0.0000E+00	  0.0000E+00	  0.0000E+00	  0.0000E+00	  0.0000E+00	  0.0000E+00	  0.0000E+00	  0.0000E+00	  0.0000E+00	  0.0000E+00	  0.0000E+00	  0.0000E+00	  0.0000E+00	  0.0000E+00	  0.0000E+00	  0.0000E+00	  0.0000E+00	  0.0000E+00	  0.0000E+00	  0.0000E+00	  0.0000E+00	  0.0000E+00	  0.0000E+00	  0.0000E+00	  0.0000E+00	  0.0000E+00	  0.0000E+00	  0.0000E+00	  0.0000E+00	  0.0000E+00	  0.0000E+00	  0.0000E+00	  0.0000E+00	  0.0000E+00	  0.0000E+00	  0.0000E+00	  0.0000E+00	  0.0000E+00	  0.0000E+00	  0.0000E+00	  0.0000E+00	  0.0000E+00	  0.0000E+00	  0.0000E+00	  0.0000E+00	  0.0000E+00	  0.0000E+00	  0.0000E+00	  0.0000E+00	  0.0000E+00	  0.0000E+00	  0.0000E+00	  0.0000E+00	  0.0000E+00	  0.0000E+00	  0.0000E+00	  0.0000E+00	  0.0000E+00	  0.0000E+00	  0.0000E+00	  0.0000E+00	  0.0000E+00	  0.0000E+00	  0.0000E+00	  0.0000E+00	  0.0000E+00	  0.0000E+00	  0.0000E+00	  0.0000E+00	  0.0000E+00	  0.0000E+00	  0.0000E+00	  0.0000E+00	  0.0000E+00	  0.0000E+00	  0.0000E+00	  0.0000E+00
  0.0000E+00	  0.0000E+00	  0.0000E+00	  0.0000E+00	  0.0000E+00	  0.0000E+00	  0.0000E+00	  0.0000E+00	  0.0000E+00	  0.0000E+00	  0.0000E+00	  0.0000E+00	  0.0000E+00	  0.0000E+00	  0.0000E+00	  0.0000E+00	  0.0000E+00	  0.0000E+00	  0.0000E+00	  0.0000E+00	  0.0000E+00	  0.0000E+00	  0.0000E+00	  0.0000E+00	  0.0000E+00	  0.0000E+00	  0.0000E+00	  0.0000E+00	  0.0000E+00	  0.0000E+00	  0.0000E+00	  0.0000E+00	  0.0000E+00	  0.0000E+00	  0.0000E+00	  0.0000E+00	  0.0000E+00	  0.0000E+00	  0.0000E+00	  0.0000E+00	  0.0000E+00	  0.0000E+00	  0.0000E+00	  0.0000E+00	  0.0000E+00	  0.0000E+00	  0.0000E+00	  0.0000E+00	  0.0000E+00	  0.0000E+00	  0.0000E+00	  0.0000E+00	  0.0000E+00	  0.0000E+00	  0.0000E+00	  0.0000E+00	  0.0000E+00	  0.0000E+00	  0.0000E+00	  0.0000E+00	  0.0000E+00	  0.0000E+00	  0.0000E+00	  0.0000E+00	  0.0000E+00	  0.0000E+00	  0.0000E+00	  0.0000E+00	  0.0000E+00	  0.0000E+00	  0.0000E+00	  0.0000E+00	  0.0000E+00	  0.0000E+00	  0.0000E+00	  0.0000E+00	  0.0000E+00	  0.0000E+00	  0.0000E+00	  0.0000E+00	  0.0000E+00	  0.0000E+00	  0.0000E+00	  0.0000E+00	  0.0000E+00	  0.0000E+00	  0.0000E+00	  0.0000E+00	  0.0000E+00	  0.0000E+00	  0.0000E+00	  0.0000E+00	  0.0000E+00	  0.0000E+00	  0.0000E+00	  0.0000E+00	  0.0000E+00	  0.0000E+00	  0.0000E+00	  0.0000E+00	  0.0000E+00	  0.0000E+00	  0.0000E+00	  0.0000E+00	  0.0000E+00	  0.0000E+00	  0.0000E+00	  0.0000E+00	  0.0000E+00	  0.0000E+00	  0.0000E+00	  0.0000E+00	  0.0000E+00	  0.0000E+00	  0.0000E+00	  0.0000E+00	  0.0000E+00	  0.0000E+00	  0.0000E+00	  0.0000E+00	  0.0000E+00	  0.0000E+00	  0.0000E+00	  0.0000E+00	  0.0000E+00	  0.0000E+00	  0.0000E+00	  0.0000E+00
  0.0000E+00	  0.0000E+00	  0.0000E+00	  0.0000E+00	  0.0000E+00	  0.0000E+00	  0.0000E+00	  0.0000E+00	  0.0000E+00	  0.0000E+00	  0.0000E+00	  0.0000E+00	  0.0000E+00	  0.0000E+00	  0.0000E+00	  0.0000E+00	  0.0000E+00	  0.0000E+00	  0.0000E+00	  0.0000E+00	  0.0000E+00	  0.0000E+00	  0.0000E+00	  0.0000E+00	  0.0000E+00	  0.0000E+00	  0.0000E+00	  0.0000E+00	  0.0000E+00	  0.0000E+00	  0.0000E+00	  0.0000E+00	  0.0000E+00	  0.0000E+00	  0.0000E+00	  0.0000E+00	  0.0000E+00	  0.0000E+00	  0.0000E+00	  0.0000E+00	  0.0000E+00	  0.0000E+00	  0.0000E+00	  0.0000E+00	  0.0000E+00	  0.0000E+00	  0.0000E+00	  0.0000E+00	  0.0000E+00	  0.0000E+00	  0.0000E+00	  0.0000E+00	  0.0000E+00	  0.0000E+00	  0.0000E+00	  0.0000E+00	  0.0000E+00	  0.0000E+00	  0.0000E+00	  0.0000E+00	  0.0000E+00	  0.0000E+00	  0.0000E+00	  0.0000E+00	  0.0000E+00	  0.0000E+00	  0.0000E+00	  0.0000E+00	  0.0000E+00	  0.0000E+00	  0.0000E+00	  0.0000E+00	  0.0000E+00	  0.0000E+00	  0.0000E+00	  0.0000E+00	  0.0000E+00	  0.0000E+00	  0.0000E+00	  0.0000E+00	  0.0000E+00	  0.0000E+00	  0.0000E+00	  0.0000E+00	  0.0000E+00	  0.0000E+00	  0.0000E+00	  0.0000E+00	  0.0000E+00	  0.0000E+00	  0.0000E+00	  0.0000E+00	  0.0000E+00	  0.0000E+00	  0.0000E+00	  0.0000E+00	  0.0000E+00	  0.0000E+00	  0.0000E+00	  0.0000E+00	  0.0000E+00	  0.0000E+00	  0.0000E+00	  0.0000E+00	  0.0000E+00	  0.0000E+00	  0.0000E+00	  0.0000E+00	  0.0000E+00	  0.0000E+00	  0.0000E+00	  0.0000E+00	  0.0000E+00	  0.0000E+00	  0.0000E+00	  0.0000E+00	  0.0000E+00	  0.0000E+00	  0.0000E+00	  0.0000E+00	  0.0000E+00	  0.0000E+00	  0.0000E+00	  0.0000E+00	  0.0000E+00	  0.0000E+00	  0.0000E+00	  0.0000E+00
  0.0000E+00	  0.0000E+00	  0.0000E+00	  0.0000E+00	  0.0000E+00	  0.0000E+00	  0.0000E+00	  0.0000E+00	  0.0000E+00	  0.0000E+00	  0.0000E+00	  0.0000E+00	  0.0000E+00	  0.0000E+00	  0.0000E+00	  0.0000E+00	  0.0000E+00	  0.0000E+00	  0.0000E+00	  0.0000E+00	  0.0000E+00	  0.0000E+00	  0.0000E+00	  0.0000E+00	  0.0000E+00	  0.0000E+00	  0.0000E+00	  0.0000E+00	  0.0000E+00	  0.0000E+00	  0.0000E+00	  0.0000E+00	  0.0000E+00	  0.0000E+00	  0.0000E+00	  0.0000E+00	  0.0000E+00	  0.0000E+00	  0.0000E+00	  0.0000E+00	  0.0000E+00	  0.0000E+00	  0.0000E+00	  0.0000E+00	  0.0000E+00	  0.0000E+00	  0.0000E+00	  0.0000E+00	  0.0000E+00	  0.0000E+00	  0.0000E+00	  0.0000E+00	  0.0000E+00	  0.0000E+00	  0.0000E+00	  0.0000E+00	  0.0000E+00	  0.0000E+00	  0.0000E+00	  0.0000E+00	  0.0000E+00	  0.0000E+00	  0.0000E+00	  0.0000E+00	  0.0000E+00	  0.0000E+00	  0.0000E+00	  0.0000E+00	  0.0000E+00	  0.0000E+00	  0.0000E+00	  0.0000E+00	  0.0000E+00	  0.0000E+00	  0.0000E+00	  0.0000E+00	  0.0000E+00	  0.0000E+00	  0.0000E+00	  0.0000E+00	  0.0000E+00	  0.0000E+00	  0.0000E+00	  0.0000E+00	  0.0000E+00	  0.0000E+00	  0.0000E+00	  0.0000E+00	  0.0000E+00	  0.0000E+00	  0.0000E+00	  0.0000E+00	  0.0000E+00	  0.0000E+00	  0.0000E+00	  0.0000E+00	  0.0000E+00	  0.0000E+00	  0.0000E+00	  0.0000E+00	  0.0000E+00	  0.0000E+00	  0.0000E+00	  0.0000E+00	  0.0000E+00	  0.0000E+00	  0.0000E+00	  0.0000E+00	  0.0000E+00	  0.0000E+00	  0.0000E+00	  0.0000E+00	  0.0000E+00	  0.0000E+00	  0.0000E+00	  0.0000E+00	  0.0000E+00	  0.0000E+00	  0.0000E+00	  0.0000E+00	  0.0000E+00	  0.0000E+00	  0.0000E+00	  0.0000E+00	  0.0000E+00	  0.0000E+00	  0.0000E+00	  0.0000E+00
  0.0000E+00	  0.0000E+00	  0.0000E+00	  0.0000E+00	  0.0000E+00	  0.0000E+00	  0.0000E+00	  0.0000E+00	  0.0000E+00	  0.0000E+00	  0.0000E+00	  0.0000E+00	  0.0000E+00	  0.0000E+00	  0.0000E+00	  0.0000E+00	  0.0000E+00	  0.0000E+00	  0.0000E+00	  0.0000E+00	  0.0000E+00	  0.0000E+00	  0.0000E+00	  0.0000E+00	  0.0000E+00	  0.0000E+00	  0.0000E+00	  0.0000E+00	  0.0000E+00	  0.0000E+00	  0.0000E+00	  0.0000E+00	  0.0000E+00	  0.0000E+00	  0.0000E+00	  0.0000E+00	  0.0000E+00	  0.0000E+00	  0.0000E+00	  0.0000E+00	  0.0000E+00	  0.0000E+00	  0.0000E+00	  0.0000E+00	  0.0000E+00	  0.0000E+00	  0.0000E+00	  0.0000E+00	  0.0000E+00	  0.0000E+00	  0.0000E+00	  0.0000E+00	  0.0000E+00	  0.0000E+00	  0.0000E+00	  0.0000E+00	  0.0000E+00	  0.0000E+00	  0.0000E+00	  0.0000E+00	  0.0000E+00	  0.0000E+00	  0.0000E+00	  0.0000E+00	  0.0000E+00	  0.0000E+00	  0.0000E+00	  0.0000E+00	  0.0000E+00	  0.0000E+00	  0.0000E+00	  0.0000E+00	  0.0000E+00	  0.0000E+00	  0.0000E+00	  0.0000E+00	  0.0000E+00	  0.0000E+00	  0.0000E+00	  0.0000E+00	  0.0000E+00	  0.0000E+00	  0.0000E+00	  0.0000E+00	  0.0000E+00	  0.0000E+00	  0.0000E+00	  0.0000E+00	  0.0000E+00	  0.0000E+00	  0.0000E+00	  0.0000E+00	  0.0000E+00	  0.0000E+00	  0.0000E+00	  0.0000E+00	  0.0000E+00	  0.0000E+00	  0.0000E+00	  0.0000E+00	  0.0000E+00	  0.0000E+00	  0.0000E+00	  0.0000E+00	  0.0000E+00	  0.0000E+00	  0.0000E+00	  0.0000E+00	  0.0000E+00	  0.0000E+00	  0.0000E+00	  0.0000E+00	  0.0000E+00	  0.0000E+00	  0.0000E+00	  0.0000E+00	  0.0000E+00	  0.0000E+00	  0.0000E+00	  0.0000E+00	  0.0000E+00	  0.0000E+00	  0.0000E+00	  0.0000E+00	  0.0000E+00	  0.0000E+00	  0.0000E+00	  0.0000E+00
  0.0000E+00	  0.0000E+00	  0.0000E+00	  0.0000E+00	  0.0000E+00	  0.0000E+00	  0.0000E+00	  0.0000E+00	  0.0000E+00	  0.0000E+00	  0.0000E+00	  0.0000E+00	  0.0000E+00	  0.0000E+00	  0.0000E+00	  0.0000E+00	  0.0000E+00	  0.0000E+00	  0.0000E+00	  0.0000E+00	  0.0000E+00	  0.0000E+00	  0.0000E+00	  0.0000E+00	  0.0000E+00	  0.0000E+00	  0.0000E+00	  0.0000E+00	  0.0000E+00	  0.0000E+00	  0.0000E+00	  0.0000E+00	  0.0000E+00	  0.0000E+00	  0.0000E+00	  0.0000E+00	  0.0000E+00	  0.0000E+00	  0.0000E+00	  0.0000E+00	  0.0000E+00	  0.0000E+00	  0.0000E+00	  0.0000E+00	  0.0000E+00	  0.0000E+00	  0.0000E+00	  0.0000E+00	  0.0000E+00	  0.0000E+00	  0.0000E+00	  0.0000E+00	  0.0000E+00	  0.0000E+00	  0.0000E+00	  0.0000E+00	  0.0000E+00	  0.0000E+00	  0.0000E+00	  0.0000E+00	  0.0000E+00	  0.0000E+00	  0.0000E+00	  0.0000E+00	  0.0000E+00	  0.0000E+00	  0.0000E+00	  0.0000E+00	  0.0000E+00	  0.0000E+00	  0.0000E+00	  0.0000E+00	  0.0000E+00	  0.0000E+00	  0.0000E+00	  0.0000E+00	  0.0000E+00	  0.0000E+00	  0.0000E+00	  0.0000E+00	  0.0000E+00	  0.0000E+00	  0.0000E+00	  0.0000E+00	  0.0000E+00	  0.0000E+00	  0.0000E+00	  0.0000E+00	  0.0000E+00	  0.0000E+00	  0.0000E+00	  0.0000E+00	  0.0000E+00	  0.0000E+00	  0.0000E+00	  0.0000E+00	  0.0000E+00	  0.0000E+00	  0.0000E+00	  0.0000E+00	  0.0000E+00	  0.0000E+00	  0.0000E+00	  0.0000E+00	  0.0000E+00	  0.0000E+00	  0.0000E+00	  0.0000E+00	  0.0000E+00	  0.0000E+00	  0.0000E+00	  0.0000E+00	  0.0000E+00	  0.0000E+00	  0.0000E+00	  0.0000E+00	  0.0000E+00	  0.0000E+00	  0.0000E+00	  0.0000E+00	  0.0000E+00	  0.0000E+00	  0.0000E+00	  0.0000E+00	  0.0000E+00	  0.0000E+00	  0.0000E+00	  0.0000E+00
  0.0000E+00	  0.0000E+00	  0.0000E+00	  0.0000E+00	  0.0000E+00	  0.0000E+00	  0.0000E+00	  0.0000E+00	  0.0000E+00	  0.0000E+00	  0.0000E+00	  0.0000E+00	  0.0000E+00	  0.0000E+00	  0.0000E+00	  0.0000E+00	  0.0000E+00	  0.0000E+00	  0.0000E+00	  0.0000E+00	  0.0000E+00	  0.0000E+00	  0.0000E+00	  0.0000E+00	  0.0000E+00	  0.0000E+00	  0.0000E+00	  0.0000E+00	  0.0000E+00	  0.0000E+00	  0.0000E+00	  0.0000E+00	  0.0000E+00	  0.0000E+00	  0.0000E+00	  0.0000E+00	  0.0000E+00	  0.0000E+00	  0.0000E+00	  0.0000E+00	  0.0000E+00	  0.0000E+00	  0.0000E+00	  0.0000E+00	  0.0000E+00	  0.0000E+00	  0.0000E+00	  0.0000E+00	  0.0000E+00	  0.0000E+00	  0.0000E+00	  0.0000E+00	  0.0000E+00	  0.0000E+00	  0.0000E+00	  0.0000E+00	  0.0000E+00	  0.0000E+00	  0.0000E+00	  0.0000E+00	  0.0000E+00	  0.0000E+00	  0.0000E+00	  0.0000E+00	  0.0000E+00	  0.0000E+00	  0.0000E+00	  0.0000E+00	  0.0000E+00	  0.0000E+00	  0.0000E+00	  0.0000E+00	  0.0000E+00	  0.0000E+00	  0.0000E+00	  0.0000E+00	  0.0000E+00	  0.0000E+00	  0.0000E+00	  0.0000E+00	  0.0000E+00	  0.0000E+00	  0.0000E+00	  0.0000E+00	  0.0000E+00	  0.0000E+00	  0.0000E+00	  0.0000E+00	  0.0000E+00	  0.0000E+00	  0.0000E+00	  0.0000E+00	  0.0000E+00	  0.0000E+00	  0.0000E+00	  0.0000E+00	  0.0000E+00	  0.0000E+00	  0.0000E+00	  0.0000E+00	  0.0000E+00	  0.0000E+00	  0.0000E+00	  0.0000E+00	  0.0000E+00	  0.0000E+00	  0.0000E+00	  0.0000E+00	  0.0000E+00	  0.0000E+00	  0.0000E+00	  0.0000E+00	  0.0000E+00	  0.0000E+00	  0.0000E+00	  0.0000E+00	  0.0000E+00	  0.0000E+00	  0.0000E+00	  0.0000E+00	  0.0000E+00	  0.0000E+00	  0.0000E+00	  0.0000E+00	  0.0000E+00	  0.0000E+00	  0.0000E+00	  0.0000E+00
  0.0000E+00	  0.0000E+00	  0.0000E+00	  0.0000E+00	  0.0000E+00	  0.0000E+00	  0.0000E+00	  0.0000E+00	  0.0000E+00	  0.0000E+00	  0.0000E+00	  0.0000E+00	  0.0000E+00	  0.0000E+00	  0.0000E+00	  0.0000E+00	  0.0000E+00	  0.0000E+00	  0.0000E+00	  0.0000E+00	  0.0000E+00	  0.0000E+00	  0.0000E+00	  0.0000E+00	  0.0000E+00	  0.0000E+00	  0.0000E+00	  0.0000E+00	  0.0000E+00	  0.0000E+00	  0.0000E+00	  0.0000E+00	  0.0000E+00	  0.0000E+00	  0.0000E+00	  0.0000E+00	  0.0000E+00	  0.0000E+00	  0.0000E+00	  0.0000E+00	  0.0000E+00	  0.0000E+00	  0.0000E+00	  0.0000E+00	  0.0000E+00	  0.0000E+00	  0.0000E+00	  0.0000E+00	  0.0000E+00	  0.0000E+00	  0.0000E+00	  0.0000E+00	  0.0000E+00	  0.0000E+00	  0.0000E+00	  0.0000E+00	  0.0000E+00	  0.0000E+00	  0.0000E+00	  0.0000E+00	  0.0000E+00	  0.0000E+00	  0.0000E+00	  0.0000E+00	  0.0000E+00	  0.0000E+00	  0.0000E+00	  0.0000E+00	  0.0000E+00	  0.0000E+00	  0.0000E+00	  0.0000E+00	  0.0000E+00	  0.0000E+00	  0.0000E+00	  0.0000E+00	  0.0000E+00	  0.0000E+00	  0.0000E+00	  0.0000E+00	  0.0000E+00	  0.0000E+00	  0.0000E+00	  0.0000E+00	  0.0000E+00	  0.0000E+00	  0.0000E+00	  0.0000E+00	  0.0000E+00	  0.0000E+00	  0.0000E+00	  0.0000E+00	  0.0000E+00	  0.0000E+00	  0.0000E+00	  0.0000E+00	  0.0000E+00	  0.0000E+00	  0.0000E+00	  0.0000E+00	  0.0000E+00	  0.0000E+00	  0.0000E+00	  0.0000E+00	  0.0000E+00	  0.0000E+00	  0.0000E+00	  0.0000E+00	  0.0000E+00	  0.0000E+00	  0.0000E+00	  0.0000E+00	  0.0000E+00	  0.0000E+00	  0.0000E+00	  0.0000E+00	  0.0000E+00	  0.0000E+00	  0.0000E+00	  0.0000E+00	  0.0000E+00	  0.0000E+00	  0.0000E+00	  0.0000E+00	  0.0000E+00	  0.0000E+00	  0.0000E+00	  0.0000E+00
  0.0000E+00	  0.0000E+00	  0.0000E+00	  0.0000E+00	  0.0000E+00	  0.0000E+00	  0.0000E+00	  0.0000E+00	  0.0000E+00	  0.0000E+00	  0.0000E+00	  0.0000E+00	  0.0000E+00	  0.0000E+00	  0.0000E+00	  0.0000E+00	  0.0000E+00	  0.0000E+00	  0.0000E+00	  0.0000E+00	  0.0000E+00	  0.0000E+00	  0.0000E+00	  0.0000E+00	  0.0000E+00	  0.0000E+00	  0.0000E+00	  0.0000E+00	  0.0000E+00	  0.0000E+00	  0.0000E+00	  0.0000E+00	  0.0000E+00	  0.0000E+00	  0.0000E+00	  0.0000E+00	  0.0000E+00	  0.0000E+00	  0.0000E+00	  0.0000E+00	  0.0000E+00	  0.0000E+00	  0.0000E+00	  0.0000E+00	  0.0000E+00	  0.0000E+00	  0.0000E+00	  0.0000E+00	  0.0000E+00	  0.0000E+00	  0.0000E+00	  0.0000E+00	  0.0000E+00	  0.0000E+00	  0.0000E+00	  0.0000E+00	  0.0000E+00	  0.0000E+00	  0.0000E+00	  0.0000E+00	  0.0000E+00	  0.0000E+00	  0.0000E+00	  0.0000E+00	  0.0000E+00	  0.0000E+00	  0.0000E+00	  0.0000E+00	  0.0000E+00	  0.0000E+00	  0.0000E+00	  0.0000E+00	  0.0000E+00	  0.0000E+00	  0.0000E+00	  0.0000E+00	  0.0000E+00	  0.0000E+00	  0.0000E+00	  0.0000E+00	  0.0000E+00	  0.0000E+00	  0.0000E+00	  0.0000E+00	  0.0000E+00	  0.0000E+00	  0.0000E+00	  0.0000E+00	  0.0000E+00	  0.0000E+00	  0.0000E+00	  0.0000E+00	  0.0000E+00	  0.0000E+00	  0.0000E+00	  0.0000E+00	  0.0000E+00	  0.0000E+00	  0.0000E+00	  0.0000E+00	  0.0000E+00	  0.0000E+00	  0.0000E+00	  0.0000E+00	  0.0000E+00	  0.0000E+00	  0.0000E+00	  0.0000E+00	  0.0000E+00	  0.0000E+00	  0.0000E+00	  0.0000E+00	  0.0000E+00	  0.0000E+00	  0.0000E+00	  0.0000E+00	  0.0000E+00	  0.0000E+00	  0.0000E+00	  0.0000E+00	  0.0000E+00	  0.0000E+00	  0.0000E+00	  0.0000E+00	  0.0000E+00	  0.0000E+00	  0.0000E+00	  0.0000E+00
  0.0000E+00	  0.0000E+00	  0.0000E+00	  0.0000E+00	  0.0000E+00	  0.0000E+00	  0.0000E+00	  0.0000E+00	  0.0000E+00	  0.0000E+00	  0.0000E+00	  0.0000E+00	  0.0000E+00	  0.0000E+00	  0.0000E+00	  0.0000E+00	  0.0000E+00	  0.0000E+00	  0.0000E+00	  0.0000E+00	  0.0000E+00	  0.0000E+00	  0.0000E+00	  0.0000E+00	  0.0000E+00	  0.0000E+00	  0.0000E+00	  0.0000E+00	  0.0000E+00	  0.0000E+00	  0.0000E+00	  0.0000E+00	  0.0000E+00	  0.0000E+00	  0.0000E+00	  0.0000E+00	  0.0000E+00	  0.0000E+00	  0.0000E+00	  0.0000E+00	  0.0000E+00	  0.0000E+00	  0.0000E+00	  0.0000E+00	  0.0000E+00	  0.0000E+00	  0.0000E+00	  0.0000E+00	  0.0000E+00	  0.0000E+00	  0.0000E+00	  0.0000E+00	  0.0000E+00	  0.0000E+00	  0.0000E+00	  0.0000E+00	  0.0000E+00	  0.0000E+00	  0.0000E+00	  0.0000E+00	  0.0000E+00	  0.0000E+00	  0.0000E+00	  0.0000E+00	  0.0000E+00	  0.0000E+00	  0.0000E+00	  0.0000E+00	  0.0000E+00	  0.0000E+00	  0.0000E+00	  0.0000E+00	  0.0000E+00	  0.0000E+00	  0.0000E+00	  0.0000E+00	  0.0000E+00	  0.0000E+00	  0.0000E+00	  0.0000E+00	  0.0000E+00	  0.0000E+00	  0.0000E+00	  0.0000E+00	  0.0000E+00	  0.0000E+00	  0.0000E+00	  0.0000E+00	  0.0000E+00	  0.0000E+00	  0.0000E+00	  0.0000E+00	  0.0000E+00	  0.0000E+00	  0.0000E+00	  0.0000E+00	  0.0000E+00	  0.0000E+00	  0.0000E+00	  0.0000E+00	  0.0000E+00	  0.0000E+00	  0.0000E+00	  0.0000E+00	  0.0000E+00	  0.0000E+00	  0.0000E+00	  0.0000E+00	  0.0000E+00	  0.0000E+00	  0.0000E+00	  0.0000E+00	  0.0000E+00	  0.0000E+00	  0.0000E+00	  0.0000E+00	  0.0000E+00	  0.0000E+00	  0.0000E+00	  0.0000E+00	  0.0000E+00	  0.0000E+00	  0.0000E+00	  0.0000E+00	  0.0000E+00	  0.0000E+00	  0.0000E+00	  0.0000E+00
  0.0000E+00	  0.0000E+00	  0.0000E+00	  0.0000E+00	  0.0000E+00	  0.0000E+00	  0.0000E+00	  0.0000E+00	  0.0000E+00	  0.0000E+00	  0.0000E+00	  0.0000E+00	  0.0000E+00	  0.0000E+00	  0.0000E+00	  0.0000E+00	  0.0000E+00	  0.0000E+00	  0.0000E+00	  0.0000E+00	  0.0000E+00	  0.0000E+00	  0.0000E+00	  0.0000E+00	  0.0000E+00	  0.0000E+00	  0.0000E+00	  0.0000E+00	  0.0000E+00	  0.0000E+00	  0.0000E+00	  0.0000E+00	  0.0000E+00	  0.0000E+00	  0.0000E+00	  0.0000E+00	  0.0000E+00	  0.0000E+00	  0.0000E+00	  0.0000E+00	  0.0000E+00	  0.0000E+00	  0.0000E+00	  0.0000E+00	  0.0000E+00	  0.0000E+00	  0.0000E+00	  0.0000E+00	  0.0000E+00	  0.0000E+00	  0.0000E+00	  0.0000E+00	  0.0000E+00	  0.0000E+00	  0.0000E+00	  0.0000E+00	  0.0000E+00	  0.0000E+00	  0.0000E+00	  0.0000E+00	  0.0000E+00	  0.0000E+00	  0.0000E+00	  0.0000E+00	  0.0000E+00	  0.0000E+00	  0.0000E+00	  0.0000E+00	  0.0000E+00	  0.0000E+00	  0.0000E+00	  0.0000E+00	  0.0000E+00	  0.0000E+00	  0.0000E+00	  0.0000E+00	  0.0000E+00	  0.0000E+00	  0.0000E+00	  0.0000E+00	  0.0000E+00	  0.0000E+00	  0.0000E+00	  0.0000E+00	  0.0000E+00	  0.0000E+00	  0.0000E+00	  0.0000E+00	  0.0000E+00	  0.0000E+00	  0.0000E+00	  0.0000E+00	  0.0000E+00	  0.0000E+00	  0.0000E+00	  0.0000E+00	  0.0000E+00	  0.0000E+00	  0.0000E+00	  0.0000E+00	  0.0000E+00	  0.0000E+00	  0.0000E+00	  0.0000E+00	  0.0000E+00	  0.0000E+00	  0.0000E+00	  0.0000E+00	  0.0000E+00	  0.0000E+00	  0.0000E+00	  0.0000E+00	  0.0000E+00	  0.0000E+00	  0.0000E+00	  0.0000E+00	  0.0000E+00	  0.0000E+00	  0.0000E+00	  0.0000E+00	  0.0000E+00	  0.0000E+00	  0.0000E+00	  0.0000E+00	  0.0000E+00	  0.0000E+00	  0.0000E+00	  0.0000E+00
  0.0000E+00	  0.0000E+00	  0.0000E+00	  0.0000E+00	  0.0000E+00	  0.0000E+00	  0.0000E+00	  0.0000E+00	  0.0000E+00	  0.0000E+00	  0.0000E+00	  0.0000E+00	  0.0000E+00	  0.0000E+00	  0.0000E+00	  0.0000E+00	  0.0000E+00	  0.0000E+00	  0.0000E+00	  0.0000E+00	  0.0000E+00	  0.0000E+00	  0.0000E+00	  0.0000E+00	  0.0000E+00	  0.0000E+00	  0.0000E+00	  0.0000E+00	  0.0000E+00	  0.0000E+00	  0.0000E+00	  0.0000E+00	  0.0000E+00	  0.0000E+00	  0.0000E+00	  0.0000E+00	  0.0000E+00	  0.0000E+00	  0.0000E+00	  0.0000E+00	  0.0000E+00	  0.0000E+00	  0.0000E+00	  0.0000E+00	  0.0000E+00	  0.0000E+00	  0.0000E+00	  0.0000E+00	  0.0000E+00	  0.0000E+00	  0.0000E+00	  0.0000E+00	  0.0000E+00	  0.0000E+00	  0.0000E+00	  0.0000E+00	  0.0000E+00	  0.0000E+00	  0.0000E+00	  0.0000E+00	  0.0000E+00	  0.0000E+00	  0.0000E+00	  0.0000E+00	  0.0000E+00	  0.0000E+00	  0.0000E+00	  0.0000E+00	  0.0000E+00	  0.0000E+00	  0.0000E+00	  0.0000E+00	  0.0000E+00	  0.0000E+00	  0.0000E+00	  0.0000E+00	  0.0000E+00	  0.0000E+00	  0.0000E+00	  0.0000E+00	  0.0000E+00	  0.0000E+00	  0.0000E+00	  0.0000E+00	  0.0000E+00	  0.0000E+00	  0.0000E+00	  0.0000E+00	  0.0000E+00	  0.0000E+00	  0.0000E+00	  0.0000E+00	  0.0000E+00	  0.0000E+00	  0.0000E+00	  0.0000E+00	  0.0000E+00	  0.0000E+00	  0.0000E+00	  0.0000E+00	  0.0000E+00	  0.0000E+00	  0.0000E+00	  0.0000E+00	  0.0000E+00	  0.0000E+00	  0.0000E+00	  0.0000E+00	  0.0000E+00	  0.0000E+00	  0.0000E+00	  0.0000E+00	  0.0000E+00	  0.0000E+00	  0.0000E+00	  0.0000E+00	  0.0000E+00	  0.0000E+00	  0.0000E+00	  0.0000E+00	  0.0000E+00	  0.0000E+00	  0.0000E+00	  0.0000E+00	  0.0000E+00	  0.0000E+00	  0.0000E+00	  0.0000E+00
  0.0000E+00	  0.0000E+00	  0.0000E+00	  0.0000E+00	  0.0000E+00	  0.0000E+00	  0.0000E+00	  0.0000E+00	  0.0000E+00	  0.0000E+00	  0.0000E+00	  0.0000E+00	  0.0000E+00	  0.0000E+00	  0.0000E+00	  0.0000E+00	  0.0000E+00	  0.0000E+00	  0.0000E+00	  0.0000E+00	  0.0000E+00	  0.0000E+00	  0.0000E+00	  0.0000E+00	  0.0000E+00	  0.0000E+00	  0.0000E+00	  0.0000E+00	  0.0000E+00	  0.0000E+00	  0.0000E+00	  0.0000E+00	  0.0000E+00	  0.0000E+00	  0.0000E+00	  0.0000E+00	  0.0000E+00	  0.0000E+00	  0.0000E+00	  0.0000E+00	  0.0000E+00	  0.0000E+00	  0.0000E+00	  0.0000E+00	  0.0000E+00	  0.0000E+00	  0.0000E+00	  0.0000E+00	  0.0000E+00	  0.0000E+00	  0.0000E+00	  0.0000E+00	  0.0000E+00	  0.0000E+00	  0.0000E+00	  0.0000E+00	  0.0000E+00	  0.0000E+00	  0.0000E+00	  0.0000E+00	  0.0000E+00	  0.0000E+00	  0.0000E+00	  0.0000E+00	  0.0000E+00	  0.0000E+00	  0.0000E+00	  0.0000E+00	  0.0000E+00	  0.0000E+00	  0.0000E+00	  0.0000E+00	  0.0000E+00	  0.0000E+00	  0.0000E+00	  0.0000E+00	  0.0000E+00	  0.0000E+00	  0.0000E+00	  0.0000E+00	  0.0000E+00	  0.0000E+00	  0.0000E+00	  0.0000E+00	  0.0000E+00	  0.0000E+00	  0.0000E+00	  0.0000E+00	  0.0000E+00	  0.0000E+00	  0.0000E+00	  0.0000E+00	  0.0000E+00	  0.0000E+00	  0.0000E+00	  0.0000E+00	  0.0000E+00	  0.0000E+00	  0.0000E+00	  0.0000E+00	  0.0000E+00	  0.0000E+00	  0.0000E+00	  0.0000E+00	  0.0000E+00	  0.0000E+00	  0.0000E+00	  0.0000E+00	  0.0000E+00	  0.0000E+00	  0.0000E+00	  0.0000E+00	  0.0000E+00	  0.0000E+00	  0.0000E+00	  0.0000E+00	  0.0000E+00	  0.0000E+00	  0.0000E+00	  0.0000E+00	  0.0000E+00	  0.0000E+00	  0.0000E+00	  0.0000E+00	  0.0000E+00	  0.0000E+00	  0.0000E+00	  0.0000E+00
  0.0000E+00	  0.0000E+00	  0.0000E+00	  0.0000E+00	  0.0000E+00	  0.0000E+00	  0.0000E+00	  0.0000E+00	  0.0000E+00	  0.0000E+00	  0.0000E+00	  0.0000E+00	  0.0000E+00	  0.0000E+00	  0.0000E+00	  0.0000E+00	  0.0000E+00	  0.0000E+00	  0.0000E+00	  0.0000E+00	  0.0000E+00	  0.0000E+00	  0.0000E+00	  0.0000E+00	  0.0000E+00	  0.0000E+00	  0.0000E+00	  0.0000E+00	  0.0000E+00	  0.0000E+00	  0.0000E+00	  0.0000E+00	  0.0000E+00	  0.0000E+00	  0.0000E+00	  0.0000E+00	  0.0000E+00	  0.0000E+00	  0.0000E+00	  0.0000E+00	  0.0000E+00	  0.0000E+00	  0.0000E+00	  0.0000E+00	  0.0000E+00	  0.0000E+00	  0.0000E+00	  0.0000E+00	  0.0000E+00	  0.0000E+00	  0.0000E+00	  0.0000E+00	  0.0000E+00	  0.0000E+00	  0.0000E+00	  0.0000E+00	  0.0000E+00	  0.0000E+00	  0.0000E+00	  0.0000E+00	  0.0000E+00	  0.0000E+00	  0.0000E+00	  0.0000E+00	  0.0000E+00	  0.0000E+00	  0.0000E+00	  0.0000E+00	  0.0000E+00	  0.0000E+00	  0.0000E+00	  0.0000E+00	  0.0000E+00	  0.0000E+00	  0.0000E+00	  0.0000E+00	  0.0000E+00	  0.0000E+00	  0.0000E+00	  0.0000E+00	  0.0000E+00	  0.0000E+00	  0.0000E+00	  0.0000E+00	  0.0000E+00	  0.0000E+00	  0.0000E+00	  0.0000E+00	  0.0000E+00	  0.0000E+00	  0.0000E+00	  0.0000E+00	  0.0000E+00	  0.0000E+00	  0.0000E+00	  0.0000E+00	  0.0000E+00	  0.0000E+00	  0.0000E+00	  0.0000E+00	  0.0000E+00	  0.0000E+00	  0.0000E+00	  0.0000E+00	  0.0000E+00	  0.0000E+00	  0.0000E+00	  0.0000E+00	  0.0000E+00	  0.0000E+00	  0.0000E+00	  0.0000E+00	  0.0000E+00	  0.0000E+00	  0.0000E+00	  0.0000E+00	  0.0000E+00	  0.0000E+00	  0.0000E+00	  0.0000E+00	  0.0000E+00	  0.0000E+00	  0.0000E+00	  0.0000E+00	  0.0000E+00	  0.0000E+00	  0.0000E+00	  0.0000E+00
  0.0000E+00	  0.0000E+00	  0.0000E+00	  0.0000E+00	  0.0000E+00	  0.0000E+00	  0.0000E+00	  0.0000E+00	  0.0000E+00	  0.0000E+00	  0.0000E+00	  0.0000E+00	  0.0000E+00	  0.0000E+00	  0.0000E+00	  0.0000E+00	  0.0000E+00	  0.0000E+00	  0.0000E+00	  0.0000E+00	  0.0000E+00	  0.0000E+00	  0.0000E+00	  0.0000E+00	  0.0000E+00	  0.0000E+00	  0.0000E+00	  0.0000E+00	  0.0000E+00	  0.0000E+00	  0.0000E+00	  0.0000E+00	  0.0000E+00	  0.0000E+00	  0.0000E+00	  0.0000E+00	  0.0000E+00	  0.0000E+00	  0.0000E+00	  0.0000E+00	  0.0000E+00	  0.0000E+00	  0.0000E+00	  0.0000E+00	  0.0000E+00	  0.0000E+00	  0.0000E+00	  0.0000E+00	  0.0000E+00	  0.0000E+00	  0.0000E+00	  0.0000E+00	  0.0000E+00	  0.0000E+00	  0.0000E+00	  0.0000E+00	  0.0000E+00	  0.0000E+00	  0.0000E+00	  0.0000E+00	  0.0000E+00	  0.0000E+00	  0.0000E+00	  0.0000E+00	  0.0000E+00	  0.0000E+00	  0.0000E+00	  0.0000E+00	  0.0000E+00	  0.0000E+00	  0.0000E+00	  0.0000E+00	  0.0000E+00	  0.0000E+00	  0.0000E+00	  0.0000E+00	  0.0000E+00	  0.0000E+00	  0.0000E+00	  0.0000E+00	  0.0000E+00	  0.0000E+00	  0.0000E+00	  0.0000E+00	  0.0000E+00	  0.0000E+00	  0.0000E+00	  0.0000E+00	  0.0000E+00	  0.0000E+00	  0.0000E+00	  0.0000E+00	  0.0000E+00	  0.0000E+00	  0.0000E+00	  0.0000E+00	  0.0000E+00	  0.0000E+00	  0.0000E+00	  0.0000E+00	  0.0000E+00	  0.0000E+00	  0.0000E+00	  0.0000E+00	  0.0000E+00	  0.0000E+00	  0.0000E+00	  0.0000E+00	  0.0000E+00	  0.0000E+00	  0.0000E+00	  0.0000E+00	  0.0000E+00	  0.0000E+00	  0.0000E+00	  0.0000E+00	  0.0000E+00	  0.0000E+00	  0.0000E+00	  0.0000E+00	  0.0000E+00	  0.0000E+00	  0.0000E+00	  0.0000E+00	  0.0000E+00	  0.0000E+00	  0.0000E+00	  0.0000E+00
  0.0000E+00	  0.0000E+00	  0.0000E+00	  0.0000E+00	  0.0000E+00	  0.0000E+00	  0.0000E+00	  0.0000E+00	  0.0000E+00	  0.0000E+00	  0.0000E+00	  0.0000E+00	  0.0000E+00	  0.0000E+00	  0.0000E+00	  0.0000E+00	  0.0000E+00	  0.0000E+00	  0.0000E+00	  0.0000E+00	  0.0000E+00	  0.0000E+00	  0.0000E+00	  0.0000E+00	  0.0000E+00	  0.0000E+00	  0.0000E+00	  0.0000E+00	  0.0000E+00	  0.0000E+00	  0.0000E+00	  0.0000E+00	  0.0000E+00	  0.0000E+00	  0.0000E+00	  0.0000E+00	  0.0000E+00	  0.0000E+00	  0.0000E+00	  0.0000E+00	  0.0000E+00	  0.0000E+00	  0.0000E+00	  0.0000E+00	  0.0000E+00	  0.0000E+00	  0.0000E+00	  0.0000E+00	  0.0000E+00	  0.0000E+00	  0.0000E+00	  0.0000E+00	  0.0000E+00	  0.0000E+00	  0.0000E+00	  0.0000E+00	  0.0000E+00	  0.0000E+00	  0.0000E+00	  0.0000E+00	  0.0000E+00	  0.0000E+00	  0.0000E+00	  0.0000E+00	  0.0000E+00	  0.0000E+00	  0.0000E+00	  0.0000E+00	  0.0000E+00	  0.0000E+00	  0.0000E+00	  0.0000E+00	  0.0000E+00	  0.0000E+00	  0.0000E+00	  0.0000E+00	  0.0000E+00	  0.0000E+00	  0.0000E+00	  0.0000E+00	  0.0000E+00	  0.0000E+00	  0.0000E+00	  0.0000E+00	  0.0000E+00	  0.0000E+00	  0.0000E+00	  0.0000E+00	  0.0000E+00	  0.0000E+00	  0.0000E+00	  0.0000E+00	  0.0000E+00	  0.0000E+00	  0.0000E+00	  0.0000E+00	  0.0000E+00	  0.0000E+00	  0.0000E+00	  0.0000E+00	  0.0000E+00	  0.0000E+00	  0.0000E+00	  0.0000E+00	  0.0000E+00	  0.0000E+00	  0.0000E+00	  0.0000E+00	  0.0000E+00	  0.0000E+00	  0.0000E+00	  0.0000E+00	  0.0000E+00	  0.0000E+00	  0.0000E+00	  0.0000E+00	  0.0000E+00	  0.0000E+00	  0.0000E+00	  0.0000E+00	  0.0000E+00	  0.0000E+00	  0.0000E+00	  0.0000E+00	  0.0000E+00	  0.0000E+00	  0.0000E+00	  0.0000E+00
  0.0000E+00	  0.0000E+00	  0.0000E+00	  0.0000E+00	  0.0000E+00	  0.0000E+00	  0.0000E+00	  0.0000E+00	  0.0000E+00	  0.0000E+00	  0.0000E+00	  0.0000E+00	  0.0000E+00	  0.0000E+00	  0.0000E+00	  0.0000E+00	  0.0000E+00	  0.0000E+00	  0.0000E+00	  0.0000E+00	  0.0000E+00	  0.0000E+00	  0.0000E+00	  0.0000E+00	  0.0000E+00	  0.0000E+00	  0.0000E+00	  0.0000E+00	  0.0000E+00	  0.0000E+00	  0.0000E+00	  0.0000E+00	  0.0000E+00	  0.0000E+00	  0.0000E+00	  0.0000E+00	  0.0000E+00	  0.0000E+00	  0.0000E+00	  0.0000E+00	  0.0000E+00	  0.0000E+00	  0.0000E+00	  0.0000E+00	  0.0000E+00	  0.0000E+00	  0.0000E+00	  0.0000E+00	  0.0000E+00	  0.0000E+00	  0.0000E+00	  0.0000E+00	  0.0000E+00	  0.0000E+00	  0.0000E+00	  0.0000E+00	  0.0000E+00	  0.0000E+00	  0.0000E+00	  0.0000E+00	  0.0000E+00	  0.0000E+00	  0.0000E+00	  0.0000E+00	  0.0000E+00	  0.0000E+00	  0.0000E+00	  0.0000E+00	  0.0000E+00	  0.0000E+00	  0.0000E+00	  0.0000E+00	  0.0000E+00	  0.0000E+00	  0.0000E+00	  0.0000E+00	  0.0000E+00	  0.0000E+00	  0.0000E+00	  0.0000E+00	  0.0000E+00	  0.0000E+00	  0.0000E+00	  0.0000E+00	  0.0000E+00	  0.0000E+00	  0.0000E+00	  0.0000E+00	  0.0000E+00	  0.0000E+00	  0.0000E+00	  0.0000E+00	  0.0000E+00	  0.0000E+00	  0.0000E+00	  0.0000E+00	  0.0000E+00	  0.0000E+00	  0.0000E+00	  0.0000E+00	  0.0000E+00	  0.0000E+00	  0.0000E+00	  0.0000E+00	  0.0000E+00	  0.0000E+00	  0.0000E+00	  0.0000E+00	  0.0000E+00	  0.0000E+00	  0.0000E+00	  0.0000E+00	  0.0000E+00	  0.0000E+00	  0.0000E+00	  0.0000E+00	  0.0000E+00	  0.0000E+00	  0.0000E+00	  0.0000E+00	  0.0000E+00	  0.0000E+00	  0.0000E+00	  0.0000E+00	  0.0000E+00	  0.0000E+00	  0.0000E+00	  0.0000E+00
  0.0000E+00	  0.0000E+00	  0.0000E+00	  0.0000E+00	  0.0000E+00	  0.0000E+00	  0.0000E+00	  0.0000E+00	  0.0000E+00	  0.0000E+00	  0.0000E+00	  0.0000E+00	  0.0000E+00	  0.0000E+00	  0.0000E+00	  0.0000E+00	  0.0000E+00	  0.0000E+00	  0.0000E+00	  0.0000E+00	  0.0000E+00	  0.0000E+00	  0.0000E+00	  0.0000E+00	  0.0000E+00	  0.0000E+00	  0.0000E+00	  0.0000E+00	  0.0000E+00	  0.0000E+00	  0.0000E+00	  0.0000E+00	  0.0000E+00	  0.0000E+00	  0.0000E+00	  0.0000E+00	  0.0000E+00	  0.0000E+00	  0.0000E+00	  0.0000E+00	  0.0000E+00	  0.0000E+00	  0.0000E+00	  0.0000E+00	  0.0000E+00	  0.0000E+00	  0.0000E+00	  0.0000E+00	  0.0000E+00	  0.0000E+00	  0.0000E+00	  0.0000E+00	  0.0000E+00	  0.0000E+00	  0.0000E+00	  0.0000E+00	  0.0000E+00	  0.0000E+00	  0.0000E+00	  0.0000E+00	  0.0000E+00	  0.0000E+00	  0.0000E+00	  0.0000E+00	  0.0000E+00	  0.0000E+00	  0.0000E+00	  0.0000E+00	  0.0000E+00	  0.0000E+00	  0.0000E+00	  0.0000E+00	  0.0000E+00	  0.0000E+00	  0.0000E+00	  0.0000E+00	  0.0000E+00	  0.0000E+00	  0.0000E+00	  0.0000E+00	  0.0000E+00	  0.0000E+00	  0.0000E+00	  0.0000E+00	  0.0000E+00	  0.0000E+00	  0.0000E+00	  0.0000E+00	  0.0000E+00	  0.0000E+00	  0.0000E+00	  0.0000E+00	  0.0000E+00	  0.0000E+00	  0.0000E+00	  0.0000E+00	  0.0000E+00	  0.0000E+00	  0.0000E+00	  0.0000E+00	  0.0000E+00	  0.0000E+00	  0.0000E+00	  0.0000E+00	  0.0000E+00	  0.0000E+00	  0.0000E+00	  0.0000E+00	  0.0000E+00	  0.0000E+00	  0.0000E+00	  0.0000E+00	  0.0000E+00	  0.0000E+00	  0.0000E+00	  0.0000E+00	  0.0000E+00	  0.0000E+00	  0.0000E+00	  0.0000E+00	  0.0000E+00	  0.0000E+00	  0.0000E+00	  0.0000E+00	  0.0000E+00	  0.0000E+00	  0.0000E+00	  0.0000E+00
  0.0000E+00	  0.0000E+00	  0.0000E+00	  0.0000E+00	  0.0000E+00	  0.0000E+00	  0.0000E+00	  0.0000E+00	  0.0000E+00	  0.0000E+00	  0.0000E+00	  0.0000E+00	  0.0000E+00	  0.0000E+00	  0.0000E+00	  0.0000E+00	  0.0000E+00	  0.0000E+00	  0.0000E+00	  0.0000E+00	  0.0000E+00	  0.0000E+00	  0.0000E+00	  0.0000E+00	  0.0000E+00	  0.0000E+00	  0.0000E+00	  0.0000E+00	  0.0000E+00	  0.0000E+00	  0.0000E+00	  0.0000E+00	  0.0000E+00	  0.0000E+00	  0.0000E+00	  0.0000E+00	  0.0000E+00	  0.0000E+00	  0.0000E+00	  0.0000E+00	  0.0000E+00	  0.0000E+00	  0.0000E+00	  0.0000E+00	  0.0000E+00	  0.0000E+00	  0.0000E+00	  0.0000E+00	  0.0000E+00	  0.0000E+00	  0.0000E+00	  0.0000E+00	  0.0000E+00	  0.0000E+00	  0.0000E+00	  0.0000E+00	  0.0000E+00	  0.0000E+00	  0.0000E+00	  0.0000E+00	  0.0000E+00	  0.0000E+00	  0.0000E+00	  0.0000E+00	  0.0000E+00	  0.0000E+00	  0.0000E+00	  0.0000E+00	  0.0000E+00	  0.0000E+00	  0.0000E+00	  0.0000E+00	  0.0000E+00	  0.0000E+00	  0.0000E+00	  0.0000E+00	  0.0000E+00	  0.0000E+00	  0.0000E+00	  0.0000E+00	  0.0000E+00	  0.0000E+00	  0.0000E+00	  0.0000E+00	  0.0000E+00	  0.0000E+00	  0.0000E+00	  0.0000E+00	  0.0000E+00	  0.0000E+00	  0.0000E+00	  0.0000E+00	  0.0000E+00	  0.0000E+00	  0.0000E+00	  0.0000E+00	  0.0000E+00	  0.0000E+00	  0.0000E+00	  0.0000E+00	  0.0000E+00	  0.0000E+00	  0.0000E+00	  0.0000E+00	  0.0000E+00	  0.0000E+00	  0.0000E+00	  0.0000E+00	  0.0000E+00	  0.0000E+00	  0.0000E+00	  0.0000E+00	  0.0000E+00	  0.0000E+00	  0.0000E+00	  0.0000E+00	  0.0000E+00	  0.0000E+00	  0.0000E+00	  0.0000E+00	  0.0000E+00	  0.0000E+00	  0.0000E+00	  0.0000E+00	  0.0000E+00	  0.0000E+00	  0.0000E+00	  0.0000E+00
  0.0000E+00	  0.0000E+00	  0.0000E+00	  0.0000E+00	  0.0000E+00	  0.0000E+00	  0.0000E+00	  0.0000E+00	  0.0000E+00	  0.0000E+00	  0.0000E+00	  0.0000E+00	  0.0000E+00	  0.0000E+00	  0.0000E+00	  0.0000E+00	  0.0000E+00	  0.0000E+00	  0.0000E+00	  0.0000E+00	  0.0000E+00	  0.0000E+00	  0.0000E+00	  0.0000E+00	  0.0000E+00	  0.0000E+00	  0.0000E+00	  0.0000E+00	  0.0000E+00	  0.0000E+00	  0.0000E+00	  0.0000E+00	  0.0000E+00	  0.0000E+00	  0.0000E+00	  0.0000E+00	  0.0000E+00	  0.0000E+00	  0.0000E+00	  0.0000E+00	  0.0000E+00	  0.0000E+00	  0.0000E+00	  0.0000E+00	  0.0000E+00	  0.0000E+00	  0.0000E+00	  0.0000E+00	  0.0000E+00	  0.0000E+00	  0.0000E+00	  0.0000E+00	  0.0000E+00	  0.0000E+00	  0.0000E+00	  0.0000E+00	  0.0000E+00	  0.0000E+00	  0.0000E+00	  0.0000E+00	  0.0000E+00	  0.0000E+00	  0.0000E+00	  0.0000E+00	  0.0000E+00	  0.0000E+00	  0.0000E+00	  0.0000E+00	  0.0000E+00	  0.0000E+00	  0.0000E+00	  0.0000E+00	  0.0000E+00	  0.0000E+00	  0.0000E+00	  0.0000E+00	  0.0000E+00	  0.0000E+00	  0.0000E+00	  0.0000E+00	  0.0000E+00	  0.0000E+00	  0.0000E+00	  0.0000E+00	  0.0000E+00	  0.0000E+00	  0.0000E+00	  0.0000E+00	  0.0000E+00	  0.0000E+00	  0.0000E+00	  0.0000E+00	  0.0000E+00	  0.0000E+00	  0.0000E+00	  0.0000E+00	  0.0000E+00	  0.0000E+00	  0.0000E+00	  0.0000E+00	  0.0000E+00	  0.0000E+00	  0.0000E+00	  0.0000E+00	  0.0000E+00	  0.0000E+00	  0.0000E+00	  0.0000E+00	  0.0000E+00	  0.0000E+00	  0.0000E+00	  0.0000E+00	  0.0000E+00	  0.0000E+00	  0.0000E+00	  0.0000E+00	  0.0000E+00	  0.0000E+00	  0.0000E+00	  0.0000E+00	  0.0000E+00	  0.0000E+00	  0.0000E+00	  0.0000E+00	  0.0000E+00	  0.0000E+00	  0.0000E+00	  0.0000E+00
  0.0000E+00	  0.0000E+00	  0.0000E+00	  0.0000E+00	  0.0000E+00	  0.0000E+00	  0.0000E+00	  0.0000E+00	  0.0000E+00	  0.0000E+00	  0.0000E+00	  0.0000E+00	  0.0000E+00	  0.0000E+00	  0.0000E+00	  0.0000E+00	  0.0000E+00	  0.0000E+00	  0.0000E+00	  0.0000E+00	  0.0000E+00	  0.0000E+00	  0.0000E+00	  0.0000E+00	  0.0000E+00	  0.0000E+00	  0.0000E+00	  0.0000E+00	  0.0000E+00	  0.0000E+00	  0.0000E+00	  0.0000E+00	  0.0000E+00	  0.0000E+00	  0.0000E+00	  0.0000E+00	  0.0000E+00	  0.0000E+00	  0.0000E+00	  0.0000E+00	  0.0000E+00	  0.0000E+00	  0.0000E+00	  0.0000E+00	  0.0000E+00	  0.0000E+00	  0.0000E+00	  0.0000E+00	  0.0000E+00	  0.0000E+00	  0.0000E+00	  0.0000E+00	  0.0000E+00	  0.0000E+00	  0.0000E+00	  0.0000E+00	  0.0000E+00	  0.0000E+00	  0.0000E+00	  0.0000E+00	  0.0000E+00	  0.0000E+00	  0.0000E+00	  0.0000E+00	  0.0000E+00	  0.0000E+00	  0.0000E+00	  0.0000E+00	  0.0000E+00	  0.0000E+00	  0.0000E+00	  0.0000E+00	  0.0000E+00	  0.0000E+00	  0.0000E+00	  0.0000E+00	  0.0000E+00	  0.0000E+00	  0.0000E+00	  0.0000E+00	  0.0000E+00	  0.0000E+00	  0.0000E+00	  0.0000E+00	  0.0000E+00	  0.0000E+00	  0.0000E+00	  0.0000E+00	  0.0000E+00	  0.0000E+00	  0.0000E+00	  0.0000E+00	  0.0000E+00	  0.0000E+00	  0.0000E+00	  0.0000E+00	  0.0000E+00	  0.0000E+00	  0.0000E+00	  0.0000E+00	  0.0000E+00	  0.0000E+00	  0.0000E+00	  0.0000E+00	  0.0000E+00	  0.0000E+00	  0.0000E+00	  0.0000E+00	  0.0000E+00	  0.0000E+00	  0.0000E+00	  0.0000E+00	  0.0000E+00	  0.0000E+00	  0.0000E+00	  0.0000E+00	  0.0000E+00	  0.0000E+00	  0.0000E+00	  0.0000E+00	  0.0000E+00	  0.0000E+00	  0.0000E+00	  0.0000E+00	  0.0000E+00	  0.0000E+00	  0.0000E+00	  0.0000E+00
  0.0000E+00	  0.0000E+00	  0.0000E+00	  0.0000E+00	  0.0000E+00	  0.0000E+00	  0.0000E+00	  0.0000E+00	  0.0000E+00	  0.0000E+00	  0.0000E+00	  0.0000E+00	  0.0000E+00	  0.0000E+00	  0.0000E+00	  0.0000E+00	  0.0000E+00	  0.0000E+00	  0.0000E+00	  0.0000E+00	  0.0000E+00	  0.0000E+00	  0.0000E+00	  0.0000E+00	  0.0000E+00	  0.0000E+00	  0.0000E+00	  0.0000E+00	  0.0000E+00	  0.0000E+00	  0.0000E+00	  0.0000E+00	  0.0000E+00	  0.0000E+00	  0.0000E+00	  0.0000E+00	  0.0000E+00	  0.0000E+00	  0.0000E+00	  0.0000E+00	  0.0000E+00	  0.0000E+00	  0.0000E+00	  0.0000E+00	  0.0000E+00	  0.0000E+00	  0.0000E+00	  0.0000E+00	  0.0000E+00	  0.0000E+00	  0.0000E+00	  0.0000E+00	  0.0000E+00	  0.0000E+00	  0.0000E+00	  0.0000E+00	  0.0000E+00	  0.0000E+00	  0.0000E+00	  0.0000E+00	  0.0000E+00	  0.0000E+00	  0.0000E+00	  0.0000E+00	  0.0000E+00	  0.0000E+00	  0.0000E+00	  0.0000E+00	  0.0000E+00	  0.0000E+00	  0.0000E+00	  0.0000E+00	  0.0000E+00	  0.0000E+00	  0.0000E+00	  0.0000E+00	  0.0000E+00	  0.0000E+00	  0.0000E+00	  0.0000E+00	  0.0000E+00	  0.0000E+00	  0.0000E+00	  0.0000E+00	  0.0000E+00	  0.0000E+00	  0.0000E+00	  0.0000E+00	  0.0000E+00	  0.0000E+00	  0.0000E+00	  0.0000E+00	  0.0000E+00	  0.0000E+00	  0.0000E+00	  0.0000E+00	  0.0000E+00	  0.0000E+00	  0.0000E+00	  0.0000E+00	  0.0000E+00	  0.0000E+00	  0.0000E+00	  0.0000E+00	  0.0000E+00	  0.0000E+00	  0.0000E+00	  0.0000E+00	  0.0000E+00	  0.0000E+00	  0.0000E+00	  0.0000E+00	  0.0000E+00	  0.0000E+00	  0.0000E+00	  0.0000E+00	  0.0000E+00	  0.0000E+00	  0.0000E+00	  0.0000E+00	  0.0000E+00	  0.0000E+00	  0.0000E+00	  0.0000E+00	  0.0000E+00	  0.0000E+00	  0.0000E+00	  0.0000E+00
  0.0000E+00	  0.0000E+00	  0.0000E+00	  0.0000E+00	  0.0000E+00	  0.0000E+00	  0.0000E+00	  0.0000E+00	  0.0000E+00	  0.0000E+00	  0.0000E+00	  0.0000E+00	  0.0000E+00	  0.0000E+00	  0.0000E+00	  0.0000E+00	  0.0000E+00	  0.0000E+00	  0.0000E+00	  0.0000E+00	  0.0000E+00	  0.0000E+00	  0.0000E+00	  0.0000E+00	  0.0000E+00	  0.0000E+00	  0.0000E+00	  0.0000E+00	  0.0000E+00	  0.0000E+00	  0.0000E+00	  0.0000E+00	  0.0000E+00	  0.0000E+00	  0.0000E+00	  0.0000E+00	  0.0000E+00	  0.0000E+00	  0.0000E+00	  0.0000E+00	  0.0000E+00	  0.0000E+00	  0.0000E+00	  0.0000E+00	  0.0000E+00	  0.0000E+00	  0.0000E+00	  0.0000E+00	  0.0000E+00	  0.0000E+00	  0.0000E+00	  0.0000E+00	  0.0000E+00	  0.0000E+00	  0.0000E+00	  0.0000E+00	  0.0000E+00	  0.0000E+00	  0.0000E+00	  0.0000E+00	  0.0000E+00	  0.0000E+00	  0.0000E+00	  0.0000E+00	  0.0000E+00	  0.0000E+00	  0.0000E+00	  0.0000E+00	  0.0000E+00	  0.0000E+00	  0.0000E+00	  0.0000E+00	  0.0000E+00	  0.0000E+00	  0.0000E+00	  0.0000E+00	  0.0000E+00	  0.0000E+00	  0.0000E+00	  0.0000E+00	  0.0000E+00	  0.0000E+00	  0.0000E+00	  0.0000E+00	  0.0000E+00	  0.0000E+00	  0.0000E+00	  0.0000E+00	  0.0000E+00	  0.0000E+00	  0.0000E+00	  0.0000E+00	  0.0000E+00	  0.0000E+00	  0.0000E+00	  0.0000E+00	  0.0000E+00	  0.0000E+00	  0.0000E+00	  0.0000E+00	  0.0000E+00	  0.0000E+00	  0.0000E+00	  0.0000E+00	  0.0000E+00	  0.0000E+00	  0.0000E+00	  0.0000E+00	  0.0000E+00	  0.0000E+00	  0.0000E+00	  0.0000E+00	  0.0000E+00	  0.0000E+00	  0.0000E+00	  0.0000E+00	  0.0000E+00	  0.0000E+00	  0.0000E+00	  0.0000E+00	  0.0000E+00	  0.0000E+00	  0.0000E+00	  0.0000E+00	  0.0000E+00	  0.0000E+00	  0.0000E+00	  0.0000E+00
  0.0000E+00	  0.0000E+00	  0.0000E+00	  0.0000E+00	  0.0000E+00	  0.0000E+00	  0.0000E+00	  0.0000E+00	  0.0000E+00	  0.0000E+00	  0.0000E+00	  0.0000E+00	  0.0000E+00	  0.0000E+00	  0.0000E+00	  0.0000E+00	  0.0000E+00	  0.0000E+00	  0.0000E+00	  0.0000E+00	  0.0000E+00	  0.0000E+00	  0.0000E+00	  0.0000E+00	  0.0000E+00	  0.0000E+00	  0.0000E+00	  0.0000E+00	  0.0000E+00	  0.0000E+00	  0.0000E+00	  0.0000E+00	  0.0000E+00	  0.0000E+00	  0.0000E+00	  0.0000E+00	  0.0000E+00	  0.0000E+00	  0.0000E+00	  0.0000E+00	  0.0000E+00	  0.0000E+00	  0.0000E+00	  0.0000E+00	  0.0000E+00	  0.0000E+00	  0.0000E+00	  0.0000E+00	  0.0000E+00	  0.0000E+00	  0.0000E+00	  0.0000E+00	  0.0000E+00	  0.0000E+00	  0.0000E+00	  0.0000E+00	  0.0000E+00	  0.0000E+00	  0.0000E+00	  0.0000E+00	  0.0000E+00	  0.0000E+00	  0.0000E+00	  0.0000E+00	  0.0000E+00	  0.0000E+00	  0.0000E+00	  0.0000E+00	  0.0000E+00	  0.0000E+00	  0.0000E+00	  0.0000E+00	  0.0000E+00	  0.0000E+00	  0.0000E+00	  0.0000E+00	  0.0000E+00	  0.0000E+00	  0.0000E+00	  0.0000E+00	  0.0000E+00	  0.0000E+00	  0.0000E+00	  0.0000E+00	  0.0000E+00	  0.0000E+00	  0.0000E+00	  0.0000E+00	  0.0000E+00	  0.0000E+00	  0.0000E+00	  0.0000E+00	  0.0000E+00	  0.0000E+00	  0.0000E+00	  0.0000E+00	  0.0000E+00	  0.0000E+00	  0.0000E+00	  0.0000E+00	  0.0000E+00	  0.0000E+00	  0.0000E+00	  0.0000E+00	  0.0000E+00	  0.0000E+00	  0.0000E+00	  0.0000E+00	  0.0000E+00	  0.0000E+00	  0.0000E+00	  0.0000E+00	  0.0000E+00	  0.0000E+00	  0.0000E+00	  0.0000E+00	  0.0000E+00	  0.0000E+00	  0.0000E+00	  0.0000E+00	  0.0000E+00	  0.0000E+00	  0.0000E+00	  0.0000E+00	  0.0000E+00	  0.0000E+00	  0.0000E+00	  0.0000E+00
  0.0000E+00	  0.0000E+00	  0.0000E+00	  0.0000E+00	  0.0000E+00	  0.0000E+00	  0.0000E+00	  0.0000E+00	  0.0000E+00	  0.0000E+00	  0.0000E+00	  0.0000E+00	  0.0000E+00	  0.0000E+00	  0.0000E+00	  0.0000E+00	  0.0000E+00	  0.0000E+00	  0.0000E+00	  0.0000E+00	  0.0000E+00	  0.0000E+00	  0.0000E+00	  0.0000E+00	  0.0000E+00	  0.0000E+00	  0.0000E+00	  0.0000E+00	  0.0000E+00	  0.0000E+00	  0.0000E+00	  0.0000E+00	  0.0000E+00	  0.0000E+00	  0.0000E+00	  0.0000E+00	  0.0000E+00	  0.0000E+00	  0.0000E+00	  0.0000E+00	  0.0000E+00	  0.0000E+00	  0.0000E+00	  0.0000E+00	  0.0000E+00	  0.0000E+00	  0.0000E+00	  0.0000E+00	  0.0000E+00	  0.0000E+00	  0.0000E+00	  0.0000E+00	  0.0000E+00	  0.0000E+00	  0.0000E+00	  0.0000E+00	  0.0000E+00	  0.0000E+00	  0.0000E+00	  0.0000E+00	  0.0000E+00	  0.0000E+00	  0.0000E+00	  0.0000E+00	  0.0000E+00	  0.0000E+00	  0.0000E+00	  0.0000E+00	  0.0000E+00	  0.0000E+00	  0.0000E+00	  0.0000E+00	  0.0000E+00	  0.0000E+00	  0.0000E+00	  0.0000E+00	  0.0000E+00	  0.0000E+00	  0.0000E+00	  0.0000E+00	  0.0000E+00	  0.0000E+00	  0.0000E+00	  0.0000E+00	  0.0000E+00	  0.0000E+00	  0.0000E+00	  0.0000E+00	  0.0000E+00	  0.0000E+00	  0.0000E+00	  0.0000E+00	  0.0000E+00	  0.0000E+00	  0.0000E+00	  0.0000E+00	  0.0000E+00	  0.0000E+00	  0.0000E+00	  0.0000E+00	  0.0000E+00	  0.0000E+00	  0.0000E+00	  0.0000E+00	  0.0000E+00	  0.0000E+00	  0.0000E+00	  0.0000E+00	  0.0000E+00	  0.0000E+00	  0.0000E+00	  0.0000E+00	  0.0000E+00	  0.0000E+00	  0.0000E+00	  0.0000E+00	  0.0000E+00	  0.0000E+00	  0.0000E+00	  0.0000E+00	  0.0000E+00	  0.0000E+00	  0.0000E+00	  0.0000E+00	  0.0000E+00	  0.0000E+00	  0.0000E+00	  0.0000E+00
  0.0000E+00	  0.0000E+00	  0.0000E+00	  0.0000E+00	  0.0000E+00	  0.0000E+00	  0.0000E+00	  0.0000E+00	  0.0000E+00	  0.0000E+00	  0.0000E+00	  0.0000E+00	  0.0000E+00	  0.0000E+00	  0.0000E+00	  0.0000E+00	  0.0000E+00	  0.0000E+00	  0.0000E+00	  0.0000E+00	  0.0000E+00	  0.0000E+00	  0.0000E+00	  0.0000E+00	  0.0000E+00	  0.0000E+00	  0.0000E+00	  0.0000E+00	  0.0000E+00	  0.0000E+00	  0.0000E+00	  0.0000E+00	  0.0000E+00	  0.0000E+00	  0.0000E+00	  0.0000E+00	  0.0000E+00	  0.0000E+00	  0.0000E+00	  0.0000E+00	  0.0000E+00	  0.0000E+00	  0.0000E+00	  0.0000E+00	  0.0000E+00	  0.0000E+00	  0.0000E+00	  0.0000E+00	  0.0000E+00	  0.0000E+00	  0.0000E+00	  0.0000E+00	  0.0000E+00	  0.0000E+00	  0.0000E+00	  0.0000E+00	  0.0000E+00	  0.0000E+00	  0.0000E+00	  0.0000E+00	  0.0000E+00	  0.0000E+00	  0.0000E+00	  0.0000E+00	  0.0000E+00	  0.0000E+00	  0.0000E+00	  0.0000E+00	  0.0000E+00	  0.0000E+00	  0.0000E+00	  0.0000E+00	  0.0000E+00	  0.0000E+00	  0.0000E+00	  0.0000E+00	  0.0000E+00	  0.0000E+00	  0.0000E+00	  0.0000E+00	  0.0000E+00	  0.0000E+00	  0.0000E+00	  0.0000E+00	  0.0000E+00	  0.0000E+00	  0.0000E+00	  0.0000E+00	  0.0000E+00	  0.0000E+00	  0.0000E+00	  0.0000E+00	  0.0000E+00	  0.0000E+00	  0.0000E+00	  0.0000E+00	  0.0000E+00	  0.0000E+00	  0.0000E+00	  0.0000E+00	  0.0000E+00	  0.0000E+00	  0.0000E+00	  0.0000E+00	  0.0000E+00	  0.0000E+00	  0.0000E+00	  0.0000E+00	  0.0000E+00	  0.0000E+00	  0.0000E+00	  0.0000E+00	  0.0000E+00	  0.0000E+00	  0.0000E+00	  0.0000E+00	  0.0000E+00	  0.0000E+00	  0.0000E+00	  0.0000E+00	  0.0000E+00	  0.0000E+00	  0.0000E+00	  0.0000E+00	  0.0000E+00	  0.0000E+00	  0.0000E+00	  0.0000E+00
  0.0000E+00	  0.0000E+00	  0.0000E+00	  0.0000E+00	  0.0000E+00	  0.0000E+00	  0.0000E+00	  0.0000E+00	  0.0000E+00	  0.0000E+00	  0.0000E+00	  0.0000E+00	  0.0000E+00	  0.0000E+00	  0.0000E+00	  0.0000E+00	  0.0000E+00	  0.0000E+00	  0.0000E+00	  0.0000E+00	  0.0000E+00	  0.0000E+00	  0.0000E+00	  0.0000E+00	  0.0000E+00	  0.0000E+00	  0.0000E+00	  0.0000E+00	  0.0000E+00	  0.0000E+00	  0.0000E+00	  0.0000E+00	  0.0000E+00	  0.0000E+00	  0.0000E+00	  0.0000E+00	  0.0000E+00	  0.0000E+00	  0.0000E+00	  0.0000E+00	  0.0000E+00	  0.0000E+00	  0.0000E+00	  0.0000E+00	  0.0000E+00	  0.0000E+00	  0.0000E+00	  0.0000E+00	  0.0000E+00	  0.0000E+00	  0.0000E+00	  0.0000E+00	  0.0000E+00	  0.0000E+00	  0.0000E+00	  0.0000E+00	  0.0000E+00	  0.0000E+00	  0.0000E+00	  0.0000E+00	  0.0000E+00	  0.0000E+00	  0.0000E+00	  0.0000E+00	  0.0000E+00	  0.0000E+00	  0.0000E+00	  0.0000E+00	  0.0000E+00	  0.0000E+00	  0.0000E+00	  0.0000E+00	  0.0000E+00	  0.0000E+00	  0.0000E+00	  0.0000E+00	  0.0000E+00	  0.0000E+00	  0.0000E+00	  0.0000E+00	  0.0000E+00	  0.0000E+00	  0.0000E+00	  0.0000E+00	  0.0000E+00	  0.0000E+00	  0.0000E+00	  0.0000E+00	  0.0000E+00	  0.0000E+00	  0.0000E+00	  0.0000E+00	  0.0000E+00	  0.0000E+00	  0.0000E+00	  0.0000E+00	  0.0000E+00	  0.0000E+00	  0.0000E+00	  0.0000E+00	  0.0000E+00	  0.0000E+00	  0.0000E+00	  0.0000E+00	  0.0000E+00	  0.0000E+00	  0.0000E+00	  0.0000E+00	  0.0000E+00	  0.0000E+00	  0.0000E+00	  0.0000E+00	  0.0000E+00	  0.0000E+00	  0.0000E+00	  0.0000E+00	  0.0000E+00	  0.0000E+00	  0.0000E+00	  0.0000E+00	  0.0000E+00	  0.0000E+00	  0.0000E+00	  0.0000E+00	  0.0000E+00	  0.0000E+00	  0.0000E+00	  0.0000E+00
  0.0000E+00	  0.0000E+00	  0.0000E+00	  0.0000E+00	  0.0000E+00	  0.0000E+00	  0.0000E+00	  0.0000E+00	  0.0000E+00	  0.0000E+00	  0.0000E+00	  0.0000E+00	  0.0000E+00	  0.0000E+00	  0.0000E+00	  0.0000E+00	  0.0000E+00	  0.0000E+00	  0.0000E+00	  0.0000E+00	  0.0000E+00	  0.0000E+00	  0.0000E+00	  0.0000E+00	  0.0000E+00	  0.0000E+00	  0.0000E+00	  0.0000E+00	  0.0000E+00	  0.0000E+00	  0.0000E+00	  0.0000E+00	  0.0000E+00	  0.0000E+00	  0.0000E+00	  0.0000E+00	  0.0000E+00	  0.0000E+00	  0.0000E+00	  0.0000E+00	  0.0000E+00	  0.0000E+00	  0.0000E+00	  0.0000E+00	  0.0000E+00	  0.0000E+00	  0.0000E+00	  0.0000E+00	  0.0000E+00	  0.0000E+00	  0.0000E+00	  0.0000E+00	  0.0000E+00	  0.0000E+00	  0.0000E+00	  0.0000E+00	  0.0000E+00	  0.0000E+00	  0.0000E+00	  0.0000E+00	  0.0000E+00	  7.8608E-02	  7.2819E-02	  0.0000E+00	  0.0000E+00	  0.0000E+00	  0.0000E+00	  0.0000E+00	  0.0000E+00	  0.0000E+00	  0.0000E+00	  0.0000E+00	  0.0000E+00	  0.0000E+00	  0.0000E+00	  0.0000E+00	  0.0000E+00	  0.0000E+00	  4.6064E-02	  9.3577E-02	  0.0000E+00	  0.0000E+00	  0.0000E+00	  0.0000E+00	  0.0000E+00	  0.0000E+00	  0.0000E+00	  0.0000E+00	  0.0000E+00	  0.0000E+00	  0.0000E+00	  0.0000E+00	  2.4236E-01	  5.9550E-02	  0.0000E+00	  0.0000E+00	  0.0000E+00	  0.0000E+00	  0.0000E+00	  0.0000E+00	  0.0000E+00	  0.0000E+00	  0.0000E+00	  0.0000E+00	  0.0000E+00	  0.0000E+00	  0.0000E+00	  0.0000E+00	  0.0000E+00	  0.0000E+00	  0.0000E+00	  0.0000E+00	  0.0000E+00	  0.0000E+00	  0.0000E+00	  0.0000E+00	  0.0000E+00	  0.0000E+00	  0.0000E+00	  0.0000E+00	  0.0000E+00	  0.0000E+00	  0.0000E+00	  0.0000E+00	  0.0000E+00	  0.0000E+00	  0.0000E+00	  0.0000E+00
  0.0000E+00	  0.0000E+00	  0.0000E+00	  0.0000E+00	  0.0000E+00	  0.0000E+00	  0.0000E+00	  0.0000E+00	  0.0000E+00	  0.0000E+00	  0.0000E+00	  0.0000E+00	  0.0000E+00	  0.0000E+00	  0.0000E+00	  0.0000E+00	  0.0000E+00	  0.0000E+00	  0.0000E+00	  0.0000E+00	  0.0000E+00	  0.0000E+00	  0.0000E+00	  0.0000E+00	  0.0000E+00	  0.0000E+00	  0.0000E+00	  0.0000E+00	  0.0000E+00	  0.0000E+00	  0.0000E+00	  0.0000E+00	  0.0000E+00	  0.0000E+00	  0.0000E+00	  0.0000E+00	  0.0000E+00	  0.0000E+00	  0.0000E+00	  0.0000E+00	  0.0000E+00	  0.0000E+00	  0.0000E+00	  0.0000E+00	  0.0000E+00	  0.0000E+00	  0.0000E+00	  0.0000E+00	  0.0000E+00	  0.0000E+00	  0.0000E+00	  0.0000E+00	  0.0000E+00	  0.0000E+00	  0.0000E+00	  0.0000E+00	  0.0000E+00	  0.0000E+00	  0.0000E+00	  0.0000E+00	  0.0000E+00	  1.2779E+00	  2.1688E+00	  3.1303E-01	  1.3753E-02	  5.3943E-01	  3.4428E-01	  6.3944E-02	  4.1306E-01	  1.7990E-01	  3.6058E-01	  4.1592E-01	  9.0968E-02	  4.0972E-01	  2.3895E-01	  1.7986E-01	  1.0422E-02	  1.8696E-01	  3.0049E-01	  1.4319E+00	  3.9822E-01	  3.8307E-02	  2.5590E-01	  4.0392E-01	  0.0000E+00	  0.0000E+00	  0.0000E+00	  0.0000E+00	  0.0000E+00	  0.0000E+00	  0.0000E+00	  0.0000E+00	  3.1870E+00	  9.6221E-01	  0.0000E+00	  0.0000E+00	  0.0000E+00	  0.0000E+00	  0.0000E+00	  0.0000E+00	  0.0000E+00	  0.0000E+00	  0.0000E+00	  0.0000E+00	  0.0000E+00	  0.0000E+00	  0.0000E+00	  0.0000E+00	  0.0000E+00	  0.0000E+00	  0.0000E+00	  0.0000E+00	  0.0000E+00	  0.0000E+00	  0.0000E+00	  0.0000E+00	  0.0000E+00	  0.0000E+00	  0.0000E+00	  0.0000E+00	  0.0000E+00	  0.0000E+00	  0.0000E+00	  0.0000E+00	  0.0000E+00	  0.0000E+00	  0.0000E+00	  0.0000E+00
  0.0000E+00	  0.0000E+00	  0.0000E+00	  0.0000E+00	  0.0000E+00	  0.0000E+00	  0.0000E+00	  0.0000E+00	  0.0000E+00	  0.0000E+00	  0.0000E+00	  0.0000E+00	  0.0000E+00	  0.0000E+00	  0.0000E+00	  0.0000E+00	  0.0000E+00	  0.0000E+00	  0.0000E+00	  0.0000E+00	  0.0000E+00	  0.0000E+00	  0.0000E+00	  0.0000E+00	  0.0000E+00	  0.0000E+00	  0.0000E+00	  0.0000E+00	  0.0000E+00	  0.0000E+00	  0.0000E+00	  0.0000E+00	  0.0000E+00	  0.0000E+00	  0.0000E+00	  0.0000E+00	  0.0000E+00	  0.0000E+00	  0.0000E+00	  0.0000E+00	  0.0000E+00	  0.0000E+00	  0.0000E+00	  0.0000E+00	  0.0000E+00	  0.0000E+00	  0.0000E+00	  0.0000E+00	  0.0000E+00	  0.0000E+00	  0.0000E+00	  0.0000E+00	  0.0000E+00	  0.0000E+00	  0.0000E+00	  0.0000E+00	  0.0000E+00	  0.0000E+00	  0.0000E+00	  8.0676E-02	  5.2476E-01	  2.1213E+00	  3.2872E+00	  4.2137E+00	  3.1800E+00	  3.5028E+00	  3.3376E+00	  2.8117E+00	  2.5884E+00	  1.7141E+00	  2.1640E+00	  1.6922E+00	  8.7226E-01	  2.0019E+00	  1.3697E+00	  5.5348E-01	  2.5279E-01	  1.3031E+00	  9.4068E-01	  2.8029E+00	  1.4110E+00	  1.8353E+00	  2.2835E+00	  1.7385E+00	  7.7263E-01	  5.2396E-02	  3.4176E-01	  2.5854E-01	  1.0157E-02	  8.3357E-02	  7.3307E-01	  1.2125E+00	  1.6175E+00	  2.2063E+00	  6.0126E-01	  0.0000E+00	  0.0000E+00	  0.0000E+00	  0.0000E+00	  0.0000E+00	  0.0000E+00	  0.0000E+00	  0.0000E+00	  0.0000E+00	  0.0000E+00	  0.0000E+00	  0.0000E+00	  0.0000E+00	  0.0000E+00	  0.0000E+00	  0.0000E+00	  0.0000E+00	  0.0000E+00	  0.0000E+00	  0.0000E+00	  0.0000E+00	  0.0000E+00	  0.0000E+00	  0.0000E+00	  0.0000E+00	  0.0000E+00	  0.0000E+00	  0.0000E+00	  0.0000E+00	  0.0000E+00	  0.0000E+00	  0.0000E+00	  0.0000E+00
  0.0000E+00	  0.0000E+00	  0.0000E+00	  0.0000E+00	  0.0000E+00	  0.0000E+00	  0.0000E+00	  0.0000E+00	  0.0000E+00	  0.0000E+00	  0.0000E+00	  0.0000E+00	  0.0000E+00	  0.0000E+00	  0.0000E+00	  0.0000E+00	  0.0000E+00	  0.0000E+00	  0.0000E+00	  0.0000E+00	  0.0000E+00	  0.0000E+00	  0.0000E+00	  0.0000E+00	  0.0000E+00	  0.0000E+00	  0.0000E+00	  0.0000E+00	  0.0000E+00	  0.0000E+00	  0.0000E+00	  0.0000E+00	  0.0000E+00	  0.0000E+00	  0.0000E+00	  0.0000E+00	  0.0000E+00	  0.0000E+00	  0.0000E+00	  0.0000E+00	  0.0000E+00	  6.2054E-02	  1.3554E-01	  0.0000E+00	  0.0000E+00	  0.0000E+00	  0.0000E+00	  1.2653E-01	  1.9088E-01	  1.3682E-01	  0.0000E+00	  2.5038E-02	  1.1213E-02	  5.6387E-01	  1.4916E+00	  2.4443E+00	  4.6023E-01	  8.2922E-01	  1.2198E+00	  1.7853E+00	  4.7914E+00	  5.4888E+00	  1.0789E+01	  1.1769E+01	  1.2390E+01	  1.1408E+01	  6.0100E+00	  1.0687E+01	  5.6485E+00	  4.5448E+00	  7.0476E+00	  4.4752E+00	  1.0369E+01	  1.3452E+01	  8.9773E+00	  3.7205E+00	  6.7528E+00	  8.9121E+00	  9.1179E+00	  8.3273E+00	  3.4905E+00	  1.0233E+01	  7.8733E+00	  1.1006E+01	  6.5232E+00	  1.5553E+00	  3.1455E+00	  2.2736E+00	  5.4744E+00	  5.5738E+00	  4.9071E+00	  3.6099E+00	  5.9341E+00	  4.8667E+00	  2.8513E+00	  2.3425E-01	  0.0000E+00	  0.0000E+00	  0.0000E+00	  0.0000E+00	  0.0000E+00	  0.0000E+00	  0.0000E+00	  0.0000E+00	  0.0000E+00	  0.0000E+00	  0.0000E+00	  0.0000E+00	  0.0000E+00	  0.0000E+00	  0.0000E+00	  0.0000E+00	  0.0000E+00	  0.0000E+00	  0.0000E+00	  0.0000E+00	  0.0000E+00	  0.0000E+00	  0.0000E+00	  0.0000E+00	  0.0000E+00	  0.0000E+00	  0.0000E+00	  0.0000E+00	  0.0000E+00	  0.0000E+00	  0.0000E+00	  0.0000E+00
  0.0000E+00	  0.0000E+00	  0.0000E+00	  0.0000E+00	  0.0000E+00	  0.0000E+00	  0.0000E+00	  0.0000E+00	  0.0000E+00	  0.0000E+00	  0.0000E+00	  0.0000E+00	  0.0000E+00	  0.0000E+00	  0.0000E+00	  0.0000E+00	  0.0000E+00	  0.0000E+00	  0.0000E+00	  0.0000E+00	  0.0000E+00	  0.0000E+00	  0.0000E+00	  0.0000E+00	  0.0000E+00	  0.0000E+00	  0.0000E+00	  0.0000E+00	  0.0000E+00	  0.0000E+00	  0.0000E+00	  0.0000E+00	  0.0000E+00	  0.0000E+00	  0.0000E+00	  0.0000E+00	  0.0000E+00	  0.0000E+00	  0.0000E+00	  0.0000E+00	  0.0000E+00	  5.7664E-01	  6.1996E-01	  4.0308E-01	  3.6946E-01	  0.0000E+00	  6.9599E-01	  2.2982E+00	  2.2679E+00	  1.8137E+00	  2.8873E-01	  1.5930E+00	  3.1752E+00	  4.2977E+00	  7.0363E+00	  1.4489E+01	  8.6739E+00	  6.0448E+00	  1.1399E+01	  1.1943E+01	  1.3728E+01	  1.8118E+01	  2.2151E+01	  1.9488E+01	  1.9237E+01	  2.8670E+01	  2.0639E+01	  2.5541E+01	  2.9774E+01	  1.7594E+01	  2.2960E+01	  2.4567E+01	  2.4924E+01	  2.2956E+01	  2.4730E+01	  1.0524E+01	  1.3982E+01	  2.0818E+01	  2.0695E+01	  2.1837E+01	  1.5204E+01	  1.5511E+01	  1.8695E+01	  2.3716E+01	  2.5449E+01	  1.5821E+01	  1.4955E+01	  1.4810E+01	  1.8147E+01	  2.2418E+01	  1.4757E+01	  1.1333E+01	  6.8004E+00	  6.3909E+00	  3.9167E+00	  1.2417E+00	  9.6274E-02	  1.3948E-01	  0.0000E+00	  0.0000E+00	  0.0000E+00	  0.0000E+00	  0.0000E+00	  0.0000E+00	  0.0000E+00	  0.0000E+00	  0.0000E+00	  0.0000E+00	  0.0000E+00	  0.0000E+00	  0.0000E+00	  0.0000E+00	  0.0000E+00	  0.0000E+00	  0.0000E+00	  0.0000E+00	  0.0000E+00	  0.0000E+00	  0.0000E+00	  0.0000E+00	  0.0000E+00	  0.0000E+00	  0.0000E+00	  0.0000E+00	  0.0000E+00	  0.0000E+00	  0.0000E+00	  0.0000E+00
  0.0000E+00	  0.0000E+00	  0.0000E+00	  0.0000E+00	  0.0000E+00	  0.0000E+00	  0.0000E+00	  0.0000E+00	  0.0000E+00	  0.0000E+00	  0.0000E+00	  0.0000E+00	  0.0000E+00	  0.0000E+00	  0.0000E+00	  0.0000E+00	  0.0000E+00	  0.0000E+00	  0.0000E+00	  0.0000E+00	  0.0000E+00	  0.0000E+00	  0.0000E+00	  0.0000E+00	  0.0000E+00	  0.0000E+00	  0.0000E+00	  0.0000E+00	  0.0000E+00	  0.0000E+00	  0.0000E+00	  0.0000E+00	  0.0000E+00	  0.0000E+00	  0.0000E+00	  0.0000E+00	  0.0000E+00	  0.0000E+00	  3.2278E-01	  6.4057E-01	  1.2619E-01	  7.1389E-01	  1.9864E+00	  1.6574E+00	  1.6467E+00	  4.4374E-01	  2.3547E+00	  8.6830E+00	  8.5507E+00	  6.2752E+00	  4.1630E+00	  1.0057E+01	  1.2369E+01	  1.3933E+01	  2.1028E+01	  1.8465E+01	  1.5372E+01	  1.7730E+01	  2.7539E+01	  3.1689E+01	  3.4438E+01	  4.7390E+01	  5.2673E+01	  5.0862E+01	  4.3576E+01	  5.0635E+01	  5.6667E+01	  5.7019E+01	  6.0413E+01	  5.3434E+01	  4.7637E+01	  4.7436E+01	  5.2342E+01	  4.6951E+01	  4.2705E+01	  3.2284E+01	  3.7107E+01	  4.3361E+01	  4.0850E+01	  3.0848E+01	  3.8194E+01	  4.3018E+01	  4.8920E+01	  5.5062E+01	  4.9622E+01	  4.6260E+01	  4.9028E+01	  4.3148E+01	  4.3152E+01	  3.2145E+01	  2.8769E+01	  3.0863E+01	  1.9462E+01	  1.3176E+01	  5.0707E+00	  2.9222E+00	  3.4075E+00	  9.2709E-01	  1.0102E-01	  9.8170E-02	  6.6126E-03	  0.0000E+00	  0.0000E+00	  0.0000E+00	  0.0000E+00	  0.0000E+00	  0.0000E+00	  0.0000E+00	  0.0000E+00	  0.0000E+00	  0.0000E+00	  0.0000E+00	  0.0000E+00	  0.0000E+00	  0.0000E+00	  0.0000E+00	  0.0000E+00	  0.0000E+00	  0.0000E+00	  0.0000E+00	  0.0000E+00	  0.0000E+00	  0.0000E+00	  0.0000E+00	  0.0000E+00	  0.0000E+00	  0.0000E+00	  0.0000E+00
  0.0000E+00	  0.0000E+00	  0.0000E+00	  0.0000E+00	  0.0000E+00	  0.0000E+00	  0.0000E+00	  0.0000E+00	  0.0000E+00	  0.0000E+00	  0.0000E+00	  0.0000E+00	  0.0000E+00	  0.0000E+00	  0.0000E+00	  0.0000E+00	  0.0000E+00	  0.0000E+00	  0.0000E+00	  0.0000E+00	  0.0000E+00	  0.0000E+00	  0.0000E+00	  0.0000E+00	  0.0000E+00	  0.0000E+00	  0.0000E+00	  0.0000E+00	  0.0000E+00	  0.0000E+00	  0.0000E+00	  0.0000E+00	  0.0000E+00	  0.0000E+00	  0.0000E+00	  0.0000E+00	  0.0000E+00	  1.5474E-01	  1.7607E+00	  4.4212E+00	  3.0579E+00	  4.1490E+00	  6.3678E+00	  4.6149E+00	  6.4822E+00	  8.6343E+00	  1.1978E+01	  1.3400E+01	  1.9574E+01	  2.5072E+01	  2.3031E+01	  1.1899E+01	  2.2331E+01	  2.9494E+01	  4.0447E+01	  3.8430E+01	  3.4817E+01	  3.6780E+01	  3.6190E+01	  4.4824E+01	  6.3305E+01	  7.7126E+01	  7.5759E+01	  7.9353E+01	  6.7622E+01	  6.8525E+01	  8.6645E+01	  8.5298E+01	  8.2983E+01	  7.1215E+01	  6.4884E+01	  8.8875E+01	  8.7429E+01	  7.8645E+01	  7.5867E+01	  7.6986E+01	  7.4502E+01	  7.3205E+01	  6.9263E+01	  6.7397E+01	  7.0725E+01	  6.5224E+01	  8.2059E+01	  9.1905E+01	  8.9247E+01	  8.1448E+01	  9.9599E+01	  8.3130E+01	  8.0087E+01	  7.3604E+01	  5.9987E+01	  5.6495E+01	  4.0028E+01	  2.5765E+01	  2.2860E+01	  1.8540E+01	  2.0045E+01	  4.5937E+00	  4.5007E+00	  1.8503E+00	  1.3989E+00	  0.0000E+00	  0.0000E+00	  0.0000E+00	  0.0000E+00	  0.0000E+00	  0.0000E+00	  0.0000E+00	  0.0000E+00	  0.0000E+00	  0.0000E+00	  0.0000E+00	  0.0000E+00	  0.0000E+00	  0.0000E+00	  0.0000E+00	  0.0000E+00	  0.0000E+00	  0.0000E+00	  0.0000E+00	  0.0000E+00	  0.0000E+00	  0.0000E+00	  0.0000E+00	  0.0000E+00	  0.0000E+00	  0.0000E+00	  0.0000E+00
  0.0000E+00	  0.0000E+00	  0.0000E+00	  0.0000E+00	  0.0000E+00	  0.0000E+00	  0.0000E+00	  0.0000E+00	  0.0000E+00	  0.0000E+00	  0.0000E+00	  0.0000E+00	  0.0000E+00	  0.0000E+00	  0.0000E+00	  0.0000E+00	  0.0000E+00	  0.0000E+00	  0.0000E+00	  0.0000E+00	  0.0000E+00	  0.0000E+00	  0.0000E+00	  0.0000E+00	  0.0000E+00	  0.0000E+00	  0.0000E+00	  0.0000E+00	  0.0000E+00	  0.0000E+00	  0.0000E+00	  0.0000E+00	  2.9661E-01	  6.0373E-01	  4.7420E-01	  2.3191E-01	  1.5729E-01	  2.1626E+00	  6.5714E+00	  9.1695E+00	  7.8609E+00	  1.1340E+01	  1.8148E+01	  1.7695E+01	  1.9725E+01	  1.9037E+01	  2.6696E+01	  4.4853E+01	  4.6901E+01	  4.9518E+01	  3.9465E+01	  3.5680E+01	  3.5085E+01	  5.3233E+01	  6.4965E+01	  5.6696E+01	  5.1402E+01	  6.7375E+01	  5.7614E+01	  6.5224E+01	  9.3833E+01	  9.0109E+01	  1.0323E+02	  1.0869E+02	  8.6306E+01	  8.6224E+01	  9.6056E+01	  1.0907E+02	  9.9968E+01	  9.2729E+01	  1.2185E+02	  1.2270E+02	  1.2435E+02	  1.2285E+02	  1.1654E+02	  1.1278E+02	  1.2344E+02	  1.0964E+02	  1.0551E+02	  1.1152E+02	  1.0008E+02	  1.1141E+02	  1.2012E+02	  1.1590E+02	  1.2312E+02	  1.2222E+02	  1.3596E+02	  1.2700E+02	  1.1567E+02	  9.9126E+01	  1.0881E+02	  1.0117E+02	  8.4894E+01	  8.0761E+01	  7.3558E+01	  5.5564E+01	  3.4493E+01	  1.7394E+01	  1.7221E+01	  6.8059E+00	  1.1247E+00	  0.0000E+00	  0.0000E+00	  0.0000E+00	  0.0000E+00	  0.0000E+00	  0.0000E+00	  0.0000E+00	  0.0000E+00	  0.0000E+00	  0.0000E+00	  0.0000E+00	  0.0000E+00	  0.0000E+00	  0.0000E+00	  0.0000E+00	  0.0000E+00	  0.0000E+00	  0.0000E+00	  0.0000E+00	  0.0000E+00	  0.0000E+00	  0.0000E+00	  0.0000E+00	  0.0000E+00	  0.0000E+00	  0.0000E+00	  0.0000E+00
  0.0000E+00	  0.0000E+00	  0.0000E+00	  0.0000E+00	  0.0000E+00	  0.0000E+00	  0.0000E+00	  0.0000E+00	  0.0000E+00	  0.0000E+00	  0.0000E+00	  0.0000E+00	  0.0000E+00	  0.0000E+00	  0.0000E+00	  0.0000E+00	  0.0000E+00	  0.0000E+00	  0.0000E+00	  0.0000E+00	  0.0000E+00	  0.0000E+00	  0.0000E+00	  0.0000E+00	  0.0000E+00	  0.0000E+00	  0.0000E+00	  0.0000E+00	  0.0000E+00	  0.0000E+00	  0.0000E+00	  0.0000E+00	  1.3757E+00	  3.8054E+00	  6.1226E+00	  3.1429E+00	  7.5417E+00	  7.5907E+00	  2.2365E+01	  2.4514E+01	  2.5212E+01	  3.1465E+01	  3.4070E+01	  4.0077E+01	  5.2375E+01	  3.7971E+01	  5.6036E+01	  7.6203E+01	  7.8840E+01	  8.5256E+01	  7.0160E+01	  7.1438E+01	  6.1940E+01	  7.7361E+01	  8.7570E+01	  9.0184E+01	  1.0181E+02	  1.1287E+02	  1.1031E+02	  1.1040E+02	  1.4293E+02	  1.3814E+02	  1.1922E+02	  1.1014E+02	  1.0070E+02	  1.0228E+02	  1.1856E+02	  1.2291E+02	  1.2680E+02	  1.2038E+02	  1.3445E+02	  1.4083E+02	  1.3909E+02	  1.4030E+02	  1.3682E+02	  1.3839E+02	  1.4769E+02	  1.4098E+02	  1.4238E+02	  1.3492E+02	  1.3253E+02	  1.5160E+02	  1.5157E+02	  1.3965E+02	  1.4460E+02	  1.3278E+02	  1.6357E+02	  1.6217E+02	  1.7022E+02	  1.6554E+02	  1.5626E+02	  1.4553E+02	  1.2497E+02	  1.2351E+02	  1.2797E+02	  1.0689E+02	  8.5760E+01	  5.7034E+01	  4.4407E+01	  1.4240E+01	  4.7396E+00	  1.5637E+00	  5.7829E-01	  1.6265E-01	  0.0000E+00	  0.0000E+00	  0.0000E+00	  0.0000E+00	  0.0000E+00	  0.0000E+00	  0.0000E+00	  0.0000E+00	  0.0000E+00	  0.0000E+00	  0.0000E+00	  0.0000E+00	  0.0000E+00	  0.0000E+00	  0.0000E+00	  0.0000E+00	  0.0000E+00	  0.0000E+00	  0.0000E+00	  0.0000E+00	  0.0000E+00	  0.0000E+00	  0.0000E+00	  0.0000E+00
  0.0000E+00	  0.0000E+00	  0.0000E+00	  0.0000E+00	  0.0000E+00	  0.0000E+00	  0.0000E+00	  0.0000E+00	  0.0000E+00	  0.0000E+00	  0.0000E+00	  0.0000E+00	  0.0000E+00	  0.0000E+00	  0.0000E+00	  0.0000E+00	  0.0000E+00	  0.0000E+00	  0.0000E+00	  0.0000E+00	  0.0000E+00	  0.0000E+00	  0.0000E+00	  0.0000E+00	  0.0000E+00	  0.0000E+00	  0.0000E+00	  0.0000E+00	  0.0000E+00	  0.0000E+00	  0.0000E+00	  9.7427E-01	  8.9309E-01	  6.9461E+00	  1.5643E+01	  1.5272E+01	  2.4314E+01	  2.8601E+01	  4.5697E+01	  5.2630E+01	  6.0247E+01	  6.3423E+01	  5.8417E+01	  7.1219E+01	  9.8003E+01	  7.8624E+01	  9.6063E+01	  1.1033E+02	  1.1767E+02	  1.3343E+02	  1.2239E+02	  1.0961E+02	  1.0455E+02	  1.1426E+02	  1.1944E+02	  1.2875E+02	  1.3093E+02	  1.3183E+02	  1.2827E+02	  1.4143E+02	  1.4735E+02	  1.3574E+02	  1.4156E+02	  1.1711E+02	  1.2145E+02	  1.1508E+02	  1.1513E+02	  1.1641E+02	  1.2370E+02	  1.2851E+02	  1.3195E+02	  1.3982E+02	  1.3086E+02	  1.5703E+02	  1.4801E+02	  1.5159E+02	  1.9236E+02	  1.8457E+02	  1.5255E+02	  1.4769E+02	  1.5501E+02	  1.7042E+02	  1.5623E+02	  1.8118E+02	  2.0483E+02	  2.0361E+02	  1.8295E+02	  1.8089E+02	  2.2031E+02	  2.0461E+02	  1.9406E+02	  2.0701E+02	  1.8921E+02	  1.8117E+02	  1.7115E+02	  1.4370E+02	  1.3137E+02	  1.0564E+02	  7.6960E+01	  3.5129E+01	  1.7377E+01	  1.1087E+01	  6.2002E+00	  8.8066E-01	  0.0000E+00	  0.0000E+00	  0.0000E+00	  0.0000E+00	  0.0000E+00	  0.0000E+00	  0.0000E+00	  0.0000E+00	  0.0000E+00	  0.0000E+00	  0.0000E+00	  0.0000E+00	  0.0000E+00	  0.0000E+00	  0.0000E+00	  0.0000E+00	  0.0000E+00	  0.0000E+00	  0.0000E+00	  0.0000E+00	  0.0000E+00	  0.0000E+00	  0.0000E+00	  0.0000E+00
  0.0000E+00	  0.0000E+00	  0.0000E+00	  0.0000E+00	  0.0000E+00	  0.0000E+00	  0.0000E+00	  0.0000E+00	  0.0000E+00	  0.0000E+00	  0.0000E+00	  0.0000E+00	  0.0000E+00	  0.0000E+00	  0.0000E+00	  0.0000E+00	  0.0000E+00	  0.0000E+00	  0.0000E+00	  0.0000E+00	  0.0000E+00	  0.0000E+00	  0.0000E+00	  0.0000E+00	  0.0000E+00	  0.0000E+00	  0.0000E+00	  0.0000E+00	  0.0000E+00	  4.5731E-02	  4.7680E-01	  2.1019E+00	  3.8453E+00	  1.3839E+01	  2.2427E+01	  3.3394E+01	  4.8066E+01	  6.4648E+01	  7.3368E+01	  7.2548E+01	  7.5002E+01	  8.9737E+01	  1.0178E+02	  1.2023E+02	  1.3985E+02	  1.2279E+02	  1.3827E+02	  1.5741E+02	  1.5957E+02	  1.5843E+02	  1.6372E+02	  1.5170E+02	  1.2385E+02	  1.3164E+02	  1.5246E+02	  1.5279E+02	  1.5332E+02	  1.3973E+02	  1.5124E+02	  1.4814E+02	  1.5325E+02	  1.4688E+02	  1.4514E+02	  1.4872E+02	  1.5243E+02	  1.3761E+02	  1.3887E+02	  1.3586E+02	  1.4598E+02	  1.5473E+02	  1.4709E+02	  1.4039E+02	  1.5306E+02	  1.5243E+02	  1.6620E+02	  1.7841E+02	  2.1296E+02	  2.0074E+02	  1.6337E+02	  1.6671E+02	  1.6497E+02	  1.9253E+02	  1.9228E+02	  2.0070E+02	  2.1955E+02	  2.2445E+02	  1.9029E+02	  2.2172E+02	  2.2810E+02	  2.3604E+02	  2.5813E+02	  2.3581E+02	  2.1342E+02	  2.0031E+02	  1.9955E+02	  1.7601E+02	  1.4893E+02	  1.2473E+02	  1.0424E+02	  7.5879E+01	  4.6873E+01	  2.8735E+01	  1.2607E+01	  2.0198E+00	  9.0413E-02	  0.0000E+00	  0.0000E+00	  0.0000E+00	  0.0000E+00	  0.0000E+00	  0.0000E+00	  0.0000E+00	  0.0000E+00	  0.0000E+00	  0.0000E+00	  0.0000E+00	  0.0000E+00	  0.0000E+00	  0.0000E+00	  0.0000E+00	  0.0000E+00	  0.0000E+00	  0.0000E+00	  0.0000E+00	  0.0000E+00	  0.0000E+00	  0.0000E+00	  0.0000E+00
  0.0000E+00	  0.0000E+00	  0.0000E+00	  0.0000E+00	  0.0000E+00	  0.0000E+00	  0.0000E+00	  0.0000E+00	  0.0000E+00	  0.0000E+00	  0.0000E+00	  0.0000E+00	  0.0000E+00	  0.0000E+00	  0.0000E+00	  0.0000E+00	  0.0000E+00	  0.0000E+00	  0.0000E+00	  0.0000E+00	  0.0000E+00	  0.0000E+00	  0.0000E+00	  0.0000E+00	  0.0000E+00	  0.0000E+00	  0.0000E+00	  0.0000E+00	  0.0000E+00	  1.7741E+00	  4.2736E+00	  1.0420E+01	  1.3318E+01	  1.9181E+01	  4.0498E+01	  6.3463E+01	  8.4467E+01	  1.0570E+02	  1.3246E+02	  1.3075E+02	  1.2733E+02	  1.3236E+02	  1.4249E+02	  1.5789E+02	  1.7551E+02	  1.7109E+02	  1.6427E+02	  1.9020E+02	  1.9281E+02	  1.9161E+02	  1.8797E+02	  1.6588E+02	  1.6489E+02	  1.5954E+02	  1.6984E+02	  1.6617E+02	  1.6720E+02	  1.4552E+02	  1.5326E+02	  1.4638E+02	  1.5100E+02	  1.6618E+02	  1.7589E+02	  1.6229E+02	  1.4918E+02	  1.5230E+02	  1.4745E+02	  1.3200E+02	  1.4331E+02	  1.7647E+02	  1.8329E+02	  1.6668E+02	  1.7638E+02	  1.6404E+02	  1.7392E+02	  1.9688E+02	  2.0062E+02	  2.0785E+02	  1.9864E+02	  1.8524E+02	  1.7646E+02	  2.1327E+02	  2.2635E+02	  2.2335E+02	  2.4594E+02	  2.2630E+02	  2.1552E+02	  2.2671E+02	  2.4167E+02	  2.5529E+02	  2.6938E+02	  2.4667E+02	  2.7054E+02	  2.5577E+02	  2.2256E+02	  1.9509E+02	  1.8693E+02	  1.7101E+02	  1.3831E+02	  9.9189E+01	  7.0758E+01	  4.2417E+01	  1.9706E+01	  1.1661E+01	  7.9230E-01	  0.0000E+00	  0.0000E+00	  0.0000E+00	  0.0000E+00	  0.0000E+00	  0.0000E+00	  0.0000E+00	  0.0000E+00	  0.0000E+00	  0.0000E+00	  0.0000E+00	  0.0000E+00	  0.0000E+00	  0.0000E+00	  0.0000E+00	  0.0000E+00	  0.0000E+00	  0.0000E+00	  0.0000E+00	  0.0000E+00	  0.0000E+00	  0.0000E+00	  0.0000E+00
  0.0000E+00	  0.0000E+00	  0.0000E+00	  0.0000E+00	  0.0000E+00	  0.0000E+00	  0.0000E+00	  0.0000E+00	  0.0000E+00	  0.0000E+00	  0.0000E+00	  0.0000E+00	  0.0000E+00	  0.0000E+00	  0.0000E+00	  0.0000E+00	  0.0000E+00	  0.0000E+00	  0.0000E+00	  0.0000E+00	  0.0000E+00	  0.0000E+00	  0.0000E+00	  0.0000E+00	  0.0000E+00	  0.0000E+00	  0.0000E+00	  0.0000E+00	  0.0000E+00	  7.4296E+00	  1.4759E+01	  2.1225E+01	  3.3865E+01	  4.1357E+01	  7.1398E+01	  1.0041E+02	  1.3066E+02	  1.4635E+02	  1.7573E+02	  1.7743E+02	  1.7645E+02	  1.9039E+02	  1.9412E+02	  2.1248E+02	  2.1461E+02	  2.0953E+02	  1.9604E+02	  1.9266E+02	  2.2192E+02	  2.3658E+02	  2.2017E+02	  1.9265E+02	  1.9093E+02	  1.8556E+02	  1.6714E+02	  1.8578E+02	  1.8359E+02	  1.6478E+02	  1.7157E+02	  1.4651E+02	  1.7918E+02	  1.9089E+02	  2.0170E+02	  1.8137E+02	  1.9174E+02	  1.6869E+02	  1.7836E+02	  1.7424E+02	  1.7824E+02	  1.7672E+02	  1.9281E+02	  1.8976E+02	  2.1068E+02	  1.8647E+02	  1.8134E+02	  2.0256E+02	  1.6573E+02	  1.7744E+02	  1.8627E+02	  1.8373E+02	  1.9961E+02	  2.5213E+02	  2.5603E+02	  2.5889E+02	  2.6531E+02	  2.5635E+02	  2.6439E+02	  2.4757E+02	  2.5595E+02	  2.3561E+02	  2.3034E+02	  2.1799E+02	  2.6205E+02	  2.6324E+02	  2.2806E+02	  2.1368E+02	  1.8746E+02	  1.6892E+02	  1.6813E+02	  1.1943E+02	  1.0163E+02	  6.1811E+01	  2.1071E+01	  8.4094E+00	  2.5207E+00	  9.0600E-01	  1.6606E-01	  0.0000E+00	  0.0000E+00	  0.0000E+00	  0.0000E+00	  0.0000E+00	  0.0000E+00	  0.0000E+00	  0.0000E+00	  0.0000E+00	  0.0000E+00	  0.0000E+00	  0.0000E+00	  0.0000E+00	  0.0000E+00	  0.0000E+00	  0.0000E+00	  0.0000E+00	  0.0000E+00	  0.0000E+00	  0.0000E+00	  0.0000E+00
  0.0000E+00	  0.0000E+00	  0.0000E+00	  0.0000E+00	  0.0000E+00	  0.0000E+00	  0.0000E+00	  0.0000E+00	  0.0000E+00	  0.0000E+00	  0.0000E+00	  0.0000E+00	  0.0000E+00	  0.0000E+00	  0.0000E+00	  0.0000E+00	  0.0000E+00	  0.0000E+00	  0.0000E+00	  0.0000E+00	  0.0000E+00	  0.0000E+00	  0.0000E+00	  0.0000E+00	  0.0000E+00	  0.0000E+00	  0.0000E+00	  6.7394E-02	  2.2018E+00	  1.4722E+01	  2.4395E+01	  4.0421E+01	  6.1729E+01	  8.5420E+01	  1.0686E+02	  1.2470E+02	  1.5311E+02	  1.7029E+02	  1.8272E+02	  2.0806E+02	  2.0299E+02	  2.0435E+02	  2.2643E+02	  2.4829E+02	  2.6744E+02	  2.4585E+02	  2.2244E+02	  2.2355E+02	  2.1790E+02	  2.5528E+02	  2.2883E+02	  2.1387E+02	  2.1901E+02	  2.0342E+02	  2.1086E+02	  2.0824E+02	  1.9203E+02	  2.0138E+02	  2.1950E+02	  1.9241E+02	  2.0028E+02	  2.2123E+02	  2.2414E+02	  2.0991E+02	  1.9970E+02	  1.8101E+02	  1.7422E+02	  2.0190E+02	  1.8133E+02	  1.9251E+02	  2.1096E+02	  2.4506E+02	  2.5802E+02	  2.5833E+02	  2.2481E+02	  2.0107E+02	  1.7666E+02	  1.7719E+02	  2.1239E+02	  2.3359E+02	  2.3637E+02	  2.6633E+02	  2.8942E+02	  2.7933E+02	  2.5957E+02	  2.6619E+02	  2.8206E+02	  2.7416E+02	  2.5496E+02	  2.2503E+02	  2.2319E+02	  2.2996E+02	  2.2444E+02	  2.5098E+02	  2.4509E+02	  2.4721E+02	  2.1151E+02	  2.1501E+02	  1.7080E+02	  1.4096E+02	  1.1193E+02	  7.7456E+01	  3.9807E+01	  1.9163E+01	  7.6330E+00	  2.7097E+00	  6.2344E-01	  0.0000E+00	  0.0000E+00	  0.0000E+00	  0.0000E+00	  0.0000E+00	  0.0000E+00	  0.0000E+00	  0.0000E+00	  0.0000E+00	  0.0000E+00	  0.0000E+00	  0.0000E+00	  0.0000E+00	  0.0000E+00	  0.0000E+00	  0.0000E+00	  0.0000E+00	  0.0000E+00	  0.0000E+00	  0.0000E+00	  0.0000E+00
  0.0000E+00	  0.0000E+00	  0.0000E+00	  0.0000E+00	  0.0000E+00	  0.0000E+00	  0.0000E+00	  0.0000E+00	  0.0000E+00	  0.0000E+00	  0.0000E+00	  0.0000E+00	  0.0000E+00	  0.0000E+00	  0.0000E+00	  0.0000E+00	  0.0000E+00	  0.0000E+00	  0.0000E+00	  0.0000E+00	  0.0000E+00	  0.0000E+00	  0.0000E+00	  0.0000E+00	  0.0000E+00	  2.9179E-01	  4.2090E-01	  2.4575E+00	  1.4219E+01	  3.4195E+01	  6.0442E+01	  7.7064E+01	  9.8910E+01	  1.4361E+02	  1.5530E+02	  1.5106E+02	  1.6752E+02	  2.0152E+02	  1.9177E+02	  2.0194E+02	  2.0780E+02	  2.1387E+02	  2.5853E+02	  2.6489E+02	  2.8757E+02	  2.8225E+02	  2.5101E+02	  2.2561E+02	  2.4299E+02	  2.6373E+02	  2.4400E+02	  2.4358E+02	  2.4592E+02	  2.6442E+02	  2.7402E+02	  2.5990E+02	  2.5280E+02	  2.4142E+02	  2.6168E+02	  2.5837E+02	  2.3471E+02	  2.6026E+02	  2.5232E+02	  2.4004E+02	  2.3174E+02	  2.2163E+02	  2.1492E+02	  2.3277E+02	  2.2678E+02	  2.3049E+02	  2.1829E+02	  2.5881E+02	  2.8634E+02	  3.1208E+02	  2.8978E+02	  2.5367E+02	  2.4320E+02	  2.1212E+02	  2.3319E+02	  2.6521E+02	  2.9044E+02	  3.2562E+02	  3.0832E+02	  3.1175E+02	  2.7522E+02	  2.6856E+02	  2.7322E+02	  2.9414E+02	  2.6331E+02	  2.4339E+02	  2.2109E+02	  2.0615E+02	  2.0231E+02	  2.3743E+02	  2.3448E+02	  2.5299E+02	  2.2462E+02	  2.0562E+02	  1.9255E+02	  1.6165E+02	  1.2175E+02	  9.0139E+01	  5.9855E+01	  3.1550E+01	  1.3487E+01	  3.3938E+00	  2.5086E+00	  0.0000E+00	  0.0000E+00	  0.0000E+00	  0.0000E+00	  0.0000E+00	  0.0000E+00	  0.0000E+00	  0.0000E+00	  0.0000E+00	  0.0000E+00	  0.0000E+00	  0.0000E+00	  0.0000E+00	  0.0000E+00	  0.0000E+00	  0.0000E+00	  0.0000E+00	  0.0000E+00	  0.0000E+00	  0.0000E+00	  0.0000E+00
  0.0000E+00	  0.0000E+00	  0.0000E+00	  0.0000E+00	  0.0000E+00	  0.0000E+00	  0.0000E+00	  0.0000E+00	  0.0000E+00	  0.0000E+00	  0.0000E+00	  0.0000E+00	  0.0000E+00	  0.0000E+00	  0.0000E+00	  0.0000E+00	  0.0000E+00	  0.0000E+00	  0.0000E+00	  0.0000E+00	  0.0000E+00	  0.0000E+00	  0.0000E+00	  0.0000E+00	  3.4214E-02	  1.0439E+00	  2.3872E+00	  1.5215E+01	  2.9202E+01	  5.2248E+01	  8.7199E+01	  1.1352E+02	  1.4155E+02	  1.6735E+02	  1.8497E+02	  1.9793E+02	  2.0769E+02	  2.0164E+02	  2.2818E+02	  2.2522E+02	  2.2022E+02	  2.4282E+02	  2.5750E+02	  2.6627E+02	  3.0785E+02	  2.8848E+02	  2.4893E+02	  2.5667E+02	  2.7336E+02	  2.7771E+02	  2.8098E+02	  2.8355E+02	  2.7508E+02	  2.8051E+02	  2.8460E+02	  2.9313E+02	  2.9849E+02	  2.8538E+02	  2.8609E+02	  2.8305E+02	  2.6380E+02	  2.5894E+02	  2.6665E+02	  2.7466E+02	  2.8233E+02	  2.7544E+02	  2.4736E+02	  2.6577E+02	  2.8182E+02	  2.9518E+02	  2.9645E+02	  3.1025E+02	  3.4283E+02	  3.4345E+02	  3.1094E+02	  3.1769E+02	  3.0338E+02	  2.7763E+02	  2.8703E+02	  2.9815E+02	  3.3182E+02	  3.7687E+02	  3.4612E+02	  3.3062E+02	  3.1991E+02	  2.7920E+02	  2.8772E+02	  2.8451E+02	  2.9966E+02	  2.7165E+02	  2.2209E+02	  2.2857E+02	  2.0577E+02	  2.0623E+02	  2.1934E+02	  2.5314E+02	  2.3833E+02	  2.0410E+02	  1.8970E+02	  1.9256E+02	  1.5229E+02	  1.1369E+02	  7.0581E+01	  3.7029E+01	  2.1962E+01	  8.9687E+00	  2.1506E+00	  0.0000E+00	  0.0000E+00	  0.0000E+00	  0.0000E+00	  0.0000E+00	  0.0000E+00	  0.0000E+00	  0.0000E+00	  0.0000E+00	  0.0000E+00	  0.0000E+00	  0.0000E+00	  0.0000E+00	  0.0000E+00	  0.0000E+00	  0.0000E+00	  0.0000E+00	  0.0000E+00	  0.0000E+00	  0.0000E+00	  0.0000E+00
  0.0000E+00	  0.0000E+00	  0.0000E+00	  0.0000E+00	  0.0000E+00	  0.0000E+00	  0.0000E+00	  0.0000E+00	  0.0000E+00	  0.0000E+00	  0.0000E+00	  0.0000E+00	  0.0000E+00	  0.0000E+00	  0.0000E+00	  0.0000E+00	  0.0000E+00	  0.0000E+00	  0.0000E+00	  0.0000E+00	  0.0000E+00	  0.0000E+00	  0.0000E+00	  0.0000E+00	  5.7377E-01	  3.8967E+00	  4.5825E+00	  2.7093E+01	  3.9897E+01	  6.4670E+01	  9.7605E+01	  1.3665E+02	  1.6011E+02	  1.8021E+02	  1.8682E+02	  2.0436E+02	  2.0470E+02	  1.9521E+02	  2.2503E+02	  2.4364E+02	  2.3564E+02	  2.4096E+02	  2.4192E+02	  2.5393E+02	  2.8086E+02	  2.6018E+02	  2.6140E+02	  2.5794E+02	  2.9418E+02	  3.1948E+02	  3.2464E+02	  3.0704E+02	  3.2001E+02	  3.2736E+02	  3.0319E+02	  3.1927E+02	  3.4048E+02	  3.0509E+02	  3.0339E+02	  3.0614E+02	  3.0486E+02	  3.2164E+02	  3.3596E+02	  3.3408E+02	  3.2881E+02	  3.2618E+02	  3.1423E+02	  3.2637E+02	  3.4916E+02	  3.4795E+02	  3.5897E+02	  3.8849E+02	  3.8310E+02	  3.7941E+02	  3.6583E+02	  3.9815E+02	  4.1619E+02	  3.5953E+02	  3.5248E+02	  3.4418E+02	  3.8469E+02	  3.9508E+02	  3.6389E+02	  3.4462E+02	  3.4552E+02	  3.1869E+02	  3.1968E+02	  3.1463E+02	  3.2252E+02	  2.8390E+02	  2.2352E+02	  1.9101E+02	  1.7924E+02	  1.8608E+02	  1.8413E+02	  2.2647E+02	  2.2372E+02	  2.2737E+02	  2.1987E+02	  1.9927E+02	  1.8068E+02	  1.4302E+02	  7.2564E+01	  4.3825E+01	  2.2991E+01	  9.2306E+00	  2.7166E+00	  2.5172E-01	  0.0000E+00	  0.0000E+00	  0.0000E+00	  0.0000E+00	  0.0000E+00	  0.0000E+00	  0.0000E+00	  0.0000E+00	  0.0000E+00	  0.0000E+00	  0.0000E+00	  0.0000E+00	  0.0000E+00	  0.0000E+00	  0.0000E+00	  0.0000E+00	  0.0000E+00	  0.0000E+00	  0.0000E+00	  0.0000E+00
  0.0000E+00	  0.0000E+00	  0.0000E+00	  0.0000E+00	  0.0000E+00	  0.0000E+00	  0.0000E+00	  0.0000E+00	  0.0000E+00	  0.0000E+00	  0.0000E+00	  0.0000E+00	  0.0000E+00	  0.0000E+00	  0.0000E+00	  0.0000E+00	  0.0000E+00	  0.0000E+00	  0.0000E+00	  0.0000E+00	  0.0000E+00	  0.0000E+00	  0.0000E+00	  0.0000E+00	  1.9423E+00	  3.8990E+00	  1.2689E+01	  2.7038E+01	  5.6955E+01	  9.4907E+01	  1.2587E+02	  1.4601E+02	  1.6717E+02	  1.7458E+02	  1.8992E+02	  2.0510E+02	  1.6809E+02	  1.6926E+02	  1.8827E+02	  2.0701E+02	  2.3138E+02	  2.5304E+02	  2.4397E+02	  2.6239E+02	  2.7199E+02	  2.6719E+02	  3.0057E+02	  3.1030E+02	  3.2360E+02	  3.2238E+02	  3.6395E+02	  3.7267E+02	  3.8752E+02	  3.5201E+02	  3.5647E+02	  3.9413E+02	  4.0285E+02	  3.9651E+02	  3.7269E+02	  3.7245E+02	  3.8355E+02	  3.9849E+02	  4.1353E+02	  4.0239E+02	  4.0748E+02	  4.2496E+02	  4.3183E+02	  4.1772E+02	  4.1912E+02	  4.1914E+02	  4.0769E+02	  4.1891E+02	  4.3376E+02	  4.2357E+02	  4.5138E+02	  4.5280E+02	  4.5993E+02	  4.5372E+02	  4.1806E+02	  3.9719E+02	  3.8493E+02	  4.0636E+02	  4.0790E+02	  3.9220E+02	  3.8535E+02	  3.5572E+02	  3.4746E+02	  3.4886E+02	  3.2724E+02	  3.0202E+02	  2.4777E+02	  2.1252E+02	  1.8518E+02	  1.7821E+02	  1.9320E+02	  2.2031E+02	  2.2974E+02	  2.4209E+02	  2.0604E+02	  2.0162E+02	  1.7282E+02	  1.2558E+02	  8.7100E+01	  4.8125E+01	  2.1770E+01	  9.9162E+00	  4.4669E+00	  1.3142E+00	  2.1349E-01	  1.9167E-03	  0.0000E+00	  0.0000E+00	  0.0000E+00	  0.0000E+00	  0.0000E+00	  0.0000E+00	  0.0000E+00	  0.0000E+00	  0.0000E+00	  0.0000E+00	  0.0000E+00	  0.0000E+00	  0.0000E+00	  0.0000E+00	  0.0000E+00	  0.0000E+00	  0.0000E+00	  0.0000E+00
  0.0000E+00	  0.0000E+00	  0.0000E+00	  0.0000E+00	  0.0000E+00	  0.0000E+00	  0.0000E+00	  0.0000E+00	  0.0000E+00	  0.0000E+00	  0.0000E+00	  0.0000E+00	  0.0000E+00	  0.0000E+00	  0.0000E+00	  0.0000E+00	  0.0000E+00	  0.0000E+00	  0.0000E+00	  0.0000E+00	  0.0000E+00	  0.0000E+00	  0.0000E+00	  1.4363E-01	  3.3966E+00	  4.9692E+00	  1.8907E+01	  4.0046E+01	  7.3331E+01	  1.2022E+02	  1.4476E+02	  1.5691E+02	  1.6646E+02	  1.8562E+02	  1.9472E+02	  1.9426E+02	  1.9398E+02	  1.9221E+02	  1.9206E+02	  2.0561E+02	  2.2795E+02	  2.3795E+02	  2.5225E+02	  2.7817E+02	  2.9029E+02	  2.9207E+02	  3.0571E+02	  3.3586E+02	  3.2631E+02	  3.2826E+02	  3.6498E+02	  4.2467E+02	  4.0327E+02	  3.9914E+02	  4.0354E+02	  4.2980E+02	  4.8221E+02	  5.0464E+02	  4.7140E+02	  4.6664E+02	  4.3553E+02	  4.8542E+02	  5.0678E+02	  4.9926E+02	  4.8173E+02	  5.3497E+02	  5.3540E+02	  5.3150E+02	  4.7337E+02	  4.9535E+02	  4.7537E+02	  4.7674E+02	  5.1104E+02	  4.7960E+02	  4.9454E+02	  5.4380E+02	  5.1717E+02	  4.9128E+02	  5.0727E+02	  4.4361E+02	  3.9688E+02	  4.5051E+02	  4.2465E+02	  4.0919E+02	  3.6766E+02	  3.4046E+02	  3.3015E+02	  3.5482E+02	  3.2676E+02	  3.2328E+02	  3.0242E+02	  2.5819E+02	  2.3076E+02	  1.9606E+02	  1.8804E+02	  1.8554E+02	  2.0473E+02	  2.3600E+02	  2.3434E+02	  2.1204E+02	  1.7199E+02	  1.4646E+02	  1.0079E+02	  4.8482E+01	  2.4378E+01	  1.1901E+01	  4.8532E+00	  1.4090E+00	  8.9438E-01	  6.9742E-03	  0.0000E+00	  0.0000E+00	  0.0000E+00	  0.0000E+00	  0.0000E+00	  0.0000E+00	  0.0000E+00	  0.0000E+00	  0.0000E+00	  0.0000E+00	  0.0000E+00	  0.0000E+00	  0.0000E+00	  0.0000E+00	  0.0000E+00	  0.0000E+00	  0.0000E+00	  0.0000E+00
  0.0000E+00	  0.0000E+00	  0.0000E+00	  0.0000E+00	  0.0000E+00	  0.0000E+00	  0.0000E+00	  0.0000E+00	  0.0000E+00	  0.0000E+00	  0.0000E+00	  0.0000E+00	  0.0000E+00	  0.0000E+00	  0.0000E+00	  0.0000E+00	  0.0000E+00	  0.0000E+00	  0.0000E+00	  0.0000E+00	  0.0000E+00	  0.0000E+00	  5.5596E-02	  1.3597E+00	  3.8855E+00	  1.1188E+01	  3.0893E+01	  5.8597E+01	  9.5266E+01	  1.5093E+02	  1.5644E+02	  1.6165E+02	  1.5398E+02	  1.7386E+02	  1.9805E+02	  2.1104E+02	  2.2596E+02	  2.2244E+02	  2.1007E+02	  2.1001E+02	  2.3104E+02	  2.4862E+02	  2.7251E+02	  2.8945E+02	  3.2053E+02	  3.3264E+02	  3.3040E+02	  3.1988E+02	  3.1068E+02	  3.2615E+02	  3.7446E+02	  4.0441E+02	  4.4311E+02	  4.7058E+02	  4.6883E+02	  4.7918E+02	  5.3218E+02	  5.7527E+02	  5.5030E+02	  5.3413E+02	  5.3191E+02	  5.3664E+02	  5.6534E+02	  5.9159E+02	  6.3673E+02	  6.2614E+02	  6.2043E+02	  6.1732E+02	  5.6771E+02	  5.6508E+02	  5.6241E+02	  5.4699E+02	  5.5983E+02	  5.0295E+02	  5.6864E+02	  5.7562E+02	  5.4861E+02	  5.5995E+02	  5.1406E+02	  5.0600E+02	  4.8436E+02	  4.3434E+02	  4.3252E+02	  4.2167E+02	  3.4627E+02	  3.3918E+02	  3.0437E+02	  3.0397E+02	  3.0980E+02	  3.3548E+02	  3.0542E+02	  2.7789E+02	  2.7540E+02	  2.4986E+02	  2.1217E+02	  1.8535E+02	  1.9940E+02	  2.2543E+02	  2.4317E+02	  2.2996E+02	  1.9518E+02	  1.6840E+02	  1.2217E+02	  5.4437E+01	  2.7496E+01	  1.6613E+01	  6.7139E+00	  1.9653E+00	  1.2791E+00	  0.0000E+00	  0.0000E+00	  0.0000E+00	  0.0000E+00	  0.0000E+00	  0.0000E+00	  0.0000E+00	  0.0000E+00	  0.0000E+00	  0.0000E+00	  0.0000E+00	  0.0000E+00	  0.0000E+00	  0.0000E+00	  0.0000E+00	  0.0000E+00	  0.0000E+00	  0.0000E+00	  0.0000E+00
  0.0000E+00	  0.0000E+00	  0.0000E+00	  0.0000E+00	  0.0000E+00	  0.0000E+00	  0.0000E+00	  0.0000E+00	  0.0000E+00	  0.0000E+00	  0.0000E+00	  0.0000E+00	  0.0000E+00	  0.0000E+00	  0.0000E+00	  0.0000E+00	  0.0000E+00	  0.0000E+00	  0.0000E+00	  0.0000E+00	  0.0000E+00	  0.0000E+00	  4.6646E-01	  2.7414E+00	  6.4681E+00	  1.2572E+01	  3.0966E+01	  6.9365E+01	  9.9254E+01	  1.5536E+02	  1.5713E+02	  1.6132E+02	  1.5963E+02	  1.7638E+02	  1.9594E+02	  2.0338E+02	  2.0876E+02	  2.0204E+02	  2.1836E+02	  2.1557E+02	  2.3094E+02	  2.5443E+02	  2.7015E+02	  2.9006E+02	  3.3827E+02	  3.8806E+02	  3.3860E+02	  3.0332E+02	  3.1036E+02	  3.4688E+02	  4.0601E+02	  3.9922E+02	  4.3913E+02	  4.9507E+02	  4.9267E+02	  5.1014E+02	  5.5380E+02	  6.1743E+02	  6.3781E+02	  6.0898E+02	  6.2491E+02	  6.5691E+02	  6.7361E+02	  6.2335E+02	  6.1794E+02	  6.3780E+02	  6.4158E+02	  6.0952E+02	  5.8256E+02	  6.0638E+02	  6.5004E+02	  6.2423E+02	  5.9477E+02	  5.5753E+02	  5.4202E+02	  5.9643E+02	  5.7976E+02	  5.5075E+02	  5.3794E+02	  5.2261E+02	  5.2109E+02	  4.3636E+02	  3.9650E+02	  4.0439E+02	  3.6729E+02	  3.4341E+02	  3.0654E+02	  2.8336E+02	  2.8138E+02	  3.1464E+02	  3.0248E+02	  3.2221E+02	  3.1254E+02	  2.6468E+02	  2.1763E+02	  2.0065E+02	  2.0328E+02	  2.0886E+02	  2.4242E+02	  2.3516E+02	  2.1224E+02	  1.8392E+02	  1.2881E+02	  7.3009E+01	  3.6123E+01	  1.1943E+01	  5.5801E+00	  1.9294E+00	  0.0000E+00	  0.0000E+00	  0.0000E+00	  0.0000E+00	  0.0000E+00	  0.0000E+00	  0.0000E+00	  0.0000E+00	  0.0000E+00	  0.0000E+00	  0.0000E+00	  0.0000E+00	  0.0000E+00	  0.0000E+00	  0.0000E+00	  0.0000E+00	  0.0000E+00	  0.0000E+00	  0.0000E+00	  0.0000E+00
  0.0000E+00	  0.0000E+00	  0.0000E+00	  0.0000E+00	  0.0000E+00	  0.0000E+00	  0.0000E+00	  0.0000E+00	  0.0000E+00	  0.0000E+00	  0.0000E+00	  0.0000E+00	  0.0000E+00	  0.0000E+00	  0.0000E+00	  0.0000E+00	  0.0000E+00	  0.0000E+00	  0.0000E+00	  0.0000E+00	  0.0000E+00	  1.9108E-01	  8.7666E-01	  1.1840E+00	  5.2040E+00	  1.8167E+01	  3.0489E+01	  5.9503E+01	  1.1770E+02	  1.3751E+02	  1.6265E+02	  2.0326E+02	  1.7991E+02	  1.6691E+02	  1.9473E+02	  2.0987E+02	  2.0154E+02	  1.8914E+02	  1.9651E+02	  2.1589E+02	  2.1237E+02	  2.4041E+02	  2.8783E+02	  2.9289E+02	  3.0317E+02	  3.6503E+02	  3.5399E+02	  3.2927E+02	  3.3475E+02	  3.7911E+02	  4.0163E+02	  4.3066E+02	  4.6380E+02	  4.9952E+02	  4.6017E+02	  5.1910E+02	  5.7083E+02	  6.0693E+02	  6.1609E+02	  6.3434E+02	  6.5133E+02	  6.6076E+02	  6.6065E+02	  6.5888E+02	  6.4466E+02	  6.5604E+02	  6.4839E+02	  5.9939E+02	  5.8346E+02	  6.0021E+02	  7.1176E+02	  6.8419E+02	  6.3562E+02	  6.0080E+02	  5.4754E+02	  5.3000E+02	  5.3965E+02	  5.1807E+02	  5.1192E+02	  5.2858E+02	  4.9263E+02	  4.3453E+02	  3.9726E+02	  4.0323E+02	  3.7395E+02	  3.8029E+02	  3.5887E+02	  3.0418E+02	  3.0879E+02	  3.0744E+02	  2.7423E+02	  3.0961E+02	  3.0386E+02	  2.6852E+02	  2.2775E+02	  1.9188E+02	  1.9594E+02	  2.0762E+02	  2.0861E+02	  2.1797E+02	  2.1845E+02	  1.8780E+02	  1.2924E+02	  7.6266E+01	  3.6596E+01	  1.9023E+01	  9.0885E+00	  3.0170E+00	  3.7868E-02	  0.0000E+00	  0.0000E+00	  0.0000E+00	  0.0000E+00	  0.0000E+00	  0.0000E+00	  0.0000E+00	  0.0000E+00	  0.0000E+00	  0.0000E+00	  0.0000E+00	  0.0000E+00	  0.0000E+00	  0.0000E+00	  0.0000E+00	  0.0000E+00	  0.0000E+00	  0.0000E+00	  0.0000E+00
  0.0000E+00	  0.0000E+00	  0.0000E+00	  0.0000E+00	  0.0000E+00	  0.0000E+00	  0.0000E+00	  0.0000E+00	  0.0000E+00	  0.0000E+00	  0.0000E+00	  0.0000E+00	  0.0000E+00	  0.0000E+00	  0.0000E+00	  0.0000E+00	  0.0000E+00	  0.0000E+00	  0.0000E+00	  0.0000E+00	  0.0000E+00	  6.9004E-03	  6.6540E-01	  3.6797E+00	  7.3888E+00	  1.6022E+01	  3.0063E+01	  6.3593E+01	  1.2044E+02	  1.5232E+02	  1.7652E+02	  2.0237E+02	  1.8020E+02	  1.6216E+02	  2.0298E+02	  2.0787E+02	  2.0956E+02	  2.0681E+02	  1.8974E+02	  1.9031E+02	  2.0155E+02	  2.3354E+02	  2.6918E+02	  2.9770E+02	  3.3595E+02	  3.1707E+02	  3.2625E+02	  3.5753E+02	  3.7903E+02	  4.0648E+02	  4.4278E+02	  4.5560E+02	  5.0413E+02	  5.1821E+02	  4.9191E+02	  5.1541E+02	  5.7481E+02	  5.5923E+02	  5.4641E+02	  6.3362E+02	  5.8038E+02	  6.2636E+02	  6.1587E+02	  6.5891E+02	  6.7231E+02	  6.7297E+02	  6.1658E+02	  6.0023E+02	  6.4697E+02	  6.7331E+02	  7.4519E+02	  7.0290E+02	  6.4135E+02	  5.5399E+02	  5.1397E+02	  4.9109E+02	  5.2882E+02	  5.2903E+02	  5.1896E+02	  5.0515E+02	  4.7316E+02	  4.4504E+02	  4.1692E+02	  4.0431E+02	  3.8364E+02	  3.6365E+02	  3.2661E+02	  3.0703E+02	  2.9172E+02	  2.7444E+02	  2.6518E+02	  2.7775E+02	  3.0052E+02	  2.7862E+02	  2.0863E+02	  1.7068E+02	  1.6977E+02	  1.8366E+02	  1.7987E+02	  2.0670E+02	  2.1412E+02	  1.9967E+02	  1.3420E+02	  8.1959E+01	  5.0775E+01	  2.6855E+01	  8.4235E+00	  2.2875E+00	  3.5629E-01	  0.0000E+00	  0.0000E+00	  0.0000E+00	  0.0000E+00	  0.0000E+00	  0.0000E+00	  0.0000E+00	  0.0000E+00	  0.0000E+00	  0.0000E+00	  0.0000E+00	  0.0000E+00	  0.0000E+00	  0.0000E+00	  0.0000E+00	  0.0000E+00	  0.0000E+00	  0.0000E+00	  0.0000E+00
  0.0000E+00	  0.0000E+00	  0.0000E+00	  0.0000E+00	  0.0000E+00	  0.0000E+00	  0.0000E+00	  0.0000E+00	  0.0000E+00	  0.0000E+00	  0.0000E+00	  0.0000E+00	  0.0000E+00	  0.0000E+00	  0.0000E+00	  0.0000E+00	  0.0000E+00	  0.0000E+00	  0.0000E+00	  0.0000E+00	  0.0000E+00	  0.0000E+00	  3.7247E-01	  4.4197E+00	  9.7071E+00	  1.7293E+01	  3.5581E+01	  7.1216E+01	  1.3228E+02	  1.7170E+02	  1.8002E+02	  1.8744E+02	  1.5872E+02	  1.5700E+02	  1.9288E+02	  1.9427E+02	  2.0097E+02	  2.1483E+02	  2.0985E+02	  1.9605E+02	  2.3589E+02	  2.4268E+02	  2.8079E+02	  3.0127E+02	  3.2142E+02	  3.1557E+02	  3.4192E+02	  3.4554E+02	  3.6845E+02	  3.9696E+02	  4.4471E+02	  4.6900E+02	  4.8726E+02	  5.1480E+02	  4.8440E+02	  5.1004E+02	  5.5468E+02	  5.2945E+02	  5.1704E+02	  5.7852E+02	  5.8793E+02	  6.2683E+02	  6.0397E+02	  6.2268E+02	  6.2374E+02	  6.0592E+02	  5.8864E+02	  6.2036E+02	  6.2654E+02	  6.2490E+02	  6.5611E+02	  6.5308E+02	  5.9606E+02	  5.4166E+02	  5.1555E+02	  4.6596E+02	  5.0464E+02	  4.7052E+02	  4.9349E+02	  4.6720E+02	  4.4757E+02	  4.2091E+02	  4.1146E+02	  3.9443E+02	  3.6594E+02	  3.4817E+02	  3.5422E+02	  3.0624E+02	  2.5427E+02	  2.6505E+02	  2.4629E+02	  2.4749E+02	  2.5267E+02	  2.5340E+02	  2.1042E+02	  1.5857E+02	  1.5803E+02	  1.5884E+02	  1.7305E+02	  1.9891E+02	  2.0480E+02	  2.0444E+02	  1.2421E+02	  8.7063E+01	  6.4751E+01	  2.4788E+01	  5.7141E+00	  1.8612E+00	  6.7472E-01	  2.1014E-01	  0.0000E+00	  0.0000E+00	  0.0000E+00	  0.0000E+00	  0.0000E+00	  0.0000E+00	  0.0000E+00	  0.0000E+00	  0.0000E+00	  0.0000E+00	  0.0000E+00	  0.0000E+00	  0.0000E+00	  0.0000E+00	  0.0000E+00	  0.0000E+00	  0.0000E+00	  0.0000E+00
  0.0000E+00	  0.0000E+00	  0.0000E+00	  0.0000E+00	  0.0000E+00	  0.0000E+00	  0.0000E+00	  0.0000E+00	  0.0000E+00	  0.0000E+00	  0.0000E+00	  0.0000E+00	  0.0000E+00	  0.0000E+00	  0.0000E+00	  0.0000E+00	  0.0000E+00	  0.0000E+00	  0.0000E+00	  0.0000E+00	  2.3315E-01	  5.6417E-01	  5.4633E-01	  1.8101E+00	  7.7582E+00	  1.6901E+01	  4.8610E+01	  9.3818E+01	  1.5281E+02	  1.7984E+02	  1.7204E+02	  1.8094E+02	  1.8592E+02	  1.7645E+02	  1.9184E+02	  2.1847E+02	  2.2600E+02	  2.3693E+02	  2.1463E+02	  2.1618E+02	  2.2655E+02	  2.1329E+02	  2.4667E+02	  2.7349E+02	  3.0694E+02	  3.5025E+02	  3.3743E+02	  3.7345E+02	  3.4094E+02	  3.9573E+02	  4.5444E+02	  4.7314E+02	  5.1518E+02	  5.3235E+02	  5.2231E+02	  5.5122E+02	  5.0845E+02	  4.6444E+02	  4.7079E+02	  5.2005E+02	  5.0477E+02	  5.5117E+02	  5.4613E+02	  5.6450E+02	  5.6434E+02	  5.6656E+02	  5.5185E+02	  5.8074E+02	  5.6656E+02	  5.7175E+02	  6.1187E+02	  5.9481E+02	  5.3022E+02	  4.9850E+02	  4.6213E+02	  4.4888E+02	  4.5801E+02	  4.6293E+02	  4.9162E+02	  4.7887E+02	  4.3772E+02	  3.9828E+02	  4.0649E+02	  3.9445E+02	  3.6734E+02	  3.1281E+02	  3.4779E+02	  2.8375E+02	  2.7095E+02	  2.4734E+02	  2.1604E+02	  2.2786E+02	  2.3175E+02	  2.0134E+02	  2.0281E+02	  1.5654E+02	  1.3782E+02	  1.4106E+02	  1.6676E+02	  2.0442E+02	  2.0196E+02	  2.0372E+02	  1.4240E+02	  8.4308E+01	  5.0359E+01	  2.4763E+01	  8.9949E+00	  1.1144E+00	  8.7509E-01	  1.5699E-01	  0.0000E+00	  0.0000E+00	  0.0000E+00	  0.0000E+00	  0.0000E+00	  0.0000E+00	  0.0000E+00	  0.0000E+00	  0.0000E+00	  0.0000E+00	  0.0000E+00	  0.0000E+00	  0.0000E+00	  0.0000E+00	  0.0000E+00	  0.0000E+00	  0.0000E+00	  0.0000E+00
  0.0000E+00	  0.0000E+00	  0.0000E+00	  0.0000E+00	  0.0000E+00	  0.0000E+00	  0.0000E+00	  0.0000E+00	  0.0000E+00	  0.0000E+00	  0.0000E+00	  0.0000E+00	  0.0000E+00	  0.0000E+00	  0.0000E+00	  0.0000E+00	  0.0000E+00	  0.0000E+00	  0.0000E+00	  0.0000E+00	  5.9026E-02	  1.4283E-01	  6.8615E-01	  2.4646E+00	  9.6900E+00	  3.3185E+01	  5.2854E+01	  8.9582E+01	  1.3524E+02	  1.7393E+02	  1.7321E+02	  2.0386E+02	  2.1351E+02	  2.0623E+02	  1.8786E+02	  1.8397E+02	  2.2740E+02	  2.2777E+02	  2.1109E+02	  2.0516E+02	  2.0460E+02	  1.9443E+02	  2.3518E+02	  2.5310E+02	  2.8299E+02	  3.1020E+02	  3.3223E+02	  3.7512E+02	  3.4370E+02	  3.9364E+02	  4.2031E+02	  4.2635E+02	  4.6931E+02	  5.2427E+02	  5.2191E+02	  5.0949E+02	  4.6118E+02	  4.7382E+02	  4.6745E+02	  4.5347E+02	  4.8579E+02	  5.0881E+02	  4.8440E+02	  4.8297E+02	  5.5435E+02	  5.3319E+02	  5.2352E+02	  5.2459E+02	  5.0717E+02	  4.8373E+02	  5.1336E+02	  5.3115E+02	  5.2972E+02	  4.4144E+02	  4.2500E+02	  4.2984E+02	  4.3892E+02	  4.5090E+02	  4.8672E+02	  4.6646E+02	  4.6297E+02	  4.4640E+02	  4.0282E+02	  4.2654E+02	  3.8479E+02	  3.2021E+02	  2.9052E+02	  2.7832E+02	  2.7064E+02	  2.5963E+02	  2.2250E+02	  2.2720E+02	  2.0937E+02	  1.7243E+02	  1.8253E+02	  1.8359E+02	  1.5718E+02	  1.5901E+02	  1.7592E+02	  2.0460E+02	  2.0735E+02	  1.8800E+02	  1.7164E+02	  1.0765E+02	  5.3550E+01	  1.9281E+01	  9.6416E+00	  8.1838E-01	  1.5645E-01	  0.0000E+00	  0.0000E+00	  0.0000E+00	  0.0000E+00	  0.0000E+00	  0.0000E+00	  0.0000E+00	  0.0000E+00	  0.0000E+00	  0.0000E+00	  0.0000E+00	  0.0000E+00	  0.0000E+00	  0.0000E+00	  0.0000E+00	  0.0000E+00	  0.0000E+00	  0.0000E+00	  0.0000E+00
  0.0000E+00	  0.0000E+00	  0.0000E+00	  0.0000E+00	  0.0000E+00	  0.0000E+00	  0.0000E+00	  0.0000E+00	  0.0000E+00	  0.0000E+00	  0.0000E+00	  0.0000E+00	  0.0000E+00	  0.0000E+00	  0.0000E+00	  0.0000E+00	  0.0000E+00	  0.0000E+00	  0.0000E+00	  0.0000E+00	  0.0000E+00	  3.1432E-01	  2.8200E+00	  4.0438E+00	  1.0826E+01	  3.2409E+01	  4.2610E+01	  8.7073E+01	  1.2090E+02	  1.6729E+02	  2.0806E+02	  2.3052E+02	  2.1020E+02	  1.9937E+02	  1.7592E+02	  1.7367E+02	  1.7852E+02	  1.8300E+02	  1.9838E+02	  1.9676E+02	  2.0898E+02	  2.2621E+02	  2.3734E+02	  2.7753E+02	  2.8413E+02	  2.4506E+02	  2.5978E+02	  3.2722E+02	  3.4581E+02	  3.5356E+02	  3.7576E+02	  4.3211E+02	  4.3795E+02	  4.6049E+02	  4.7004E+02	  4.7384E+02	  4.5291E+02	  4.5334E+02	  4.1202E+02	  4.3171E+02	  4.2190E+02	  4.3356E+02	  4.2298E+02	  4.6735E+02	  5.0245E+02	  5.0580E+02	  5.1256E+02	  5.1509E+02	  4.6154E+02	  4.4936E+02	  4.7500E+02	  4.4881E+02	  4.6580E+02	  4.2965E+02	  4.3557E+02	  4.3415E+02	  4.2191E+02	  4.3194E+02	  4.6050E+02	  4.4539E+02	  4.5740E+02	  4.2959E+02	  4.0756E+02	  3.9682E+02	  3.5419E+02	  3.2751E+02	  2.7202E+02	  2.6840E+02	  2.8492E+02	  2.5651E+02	  2.4501E+02	  2.3214E+02	  2.1120E+02	  1.9479E+02	  1.9384E+02	  1.7185E+02	  1.5443E+02	  1.4182E+02	  1.6611E+02	  1.8809E+02	  1.9820E+02	  1.8127E+02	  1.6276E+02	  1.1894E+02	  7.2202E+01	  2.9161E+01	  8.1058E+00	  2.3775E+00	  1.7068E-01	  0.0000E+00	  0.0000E+00	  0.0000E+00	  0.0000E+00	  0.0000E+00	  0.0000E+00	  0.0000E+00	  0.0000E+00	  0.0000E+00	  0.0000E+00	  0.0000E+00	  0.0000E+00	  0.0000E+00	  0.0000E+00	  0.0000E+00	  0.0000E+00	  0.0000E+00	  0.0000E+00	  0.0000E+00
  0.0000E+00	  0.0000E+00	  0.0000E+00	  0.0000E+00	  0.0000E+00	  0.0000E+00	  0.0000E+00	  0.0000E+00	  0.0000E+00	  0.0000E+00	  0.0000E+00	  0.0000E+00	  0.0000E+00	  0.0000E+00	  0.0000E+00	  0.0000E+00	  0.0000E+00	  0.0000E+00	  0.0000E+00	  0.0000E+00	  0.0000E+00	  1.5850E-01	  2.0514E+00	  8.5536E+00	  1.2465E+01	  2.2169E+01	  5.3664E+01	  8.7749E+01	  1.2989E+02	  1.5450E+02	  1.8399E+02	  2.1004E+02	  1.8231E+02	  1.6713E+02	  1.4729E+02	  1.6547E+02	  1.6476E+02	  1.9084E+02	  2.1217E+02	  2.3288E+02	  2.3126E+02	  2.3833E+02	  2.4788E+02	  2.6871E+02	  2.6019E+02	  2.5751E+02	  2.8212E+02	  3.2273E+02	  3.4098E+02	  3.4437E+02	  3.5858E+02	  3.7206E+02	  3.8888E+02	  3.9190E+02	  4.4361E+02	  4.3153E+02	  4.5163E+02	  4.5525E+02	  4.2186E+02	  4.0802E+02	  3.9600E+02	  3.7225E+02	  4.0044E+02	  4.5969E+02	  4.6701E+02	  4.3869E+02	  4.5603E+02	  4.3827E+02	  4.5246E+02	  4.1599E+02	  4.2123E+02	  4.1184E+02	  4.5126E+02	  4.5158E+02	  4.4764E+02	  4.2750E+02	  4.0825E+02	  4.1630E+02	  4.3332E+02	  4.3238E+02	  4.1351E+02	  4.1363E+02	  4.5272E+02	  4.5231E+02	  4.0259E+02	  3.7183E+02	  2.9818E+02	  2.7180E+02	  2.6478E+02	  2.7497E+02	  2.7011E+02	  2.3320E+02	  2.0888E+02	  2.0778E+02	  1.6127E+02	  1.7019E+02	  1.7046E+02	  1.6587E+02	  1.5135E+02	  1.6547E+02	  1.7181E+02	  1.8198E+02	  1.7576E+02	  1.1493E+02	  7.5300E+01	  4.0927E+01	  1.8294E+01	  3.3934E+00	  3.3140E-01	  0.0000E+00	  0.0000E+00	  0.0000E+00	  0.0000E+00	  0.0000E+00	  0.0000E+00	  0.0000E+00	  0.0000E+00	  0.0000E+00	  0.0000E+00	  0.0000E+00	  0.0000E+00	  0.0000E+00	  0.0000E+00	  0.0000E+00	  0.0000E+00	  0.0000E+00	  0.0000E+00	  0.0000E+00
  0.0000E+00	  0.0000E+00	  0.0000E+00	  0.0000E+00	  0.0000E+00	  0.0000E+00	  0.0000E+00	  0.0000E+00	  0.0000E+00	  0.0000E+00	  0.0000E+00	  0.0000E+00	  0.0000E+00	  0.0000E+00	  0.0000E+00	  0.0000E+00	  0.0000E+00	  0.0000E+00	  0.0000E+00	  0.0000E+00	  0.0000E+00	  1.2276E-01	  4.0271E-01	  5.0492E+00	  1.8080E+01	  3.2491E+01	  6.3376E+01	  1.0464E+02	  1.4570E+02	  1.5565E+02	  1.7955E+02	  1.9209E+02	  1.6519E+02	  1.3307E+02	  1.2091E+02	  1.3458E+02	  1.6081E+02	  1.7640E+02	  1.9263E+02	  2.2368E+02	  2.4281E+02	  2.5198E+02	  2.4665E+02	  2.4601E+02	  2.7387E+02	  2.8662E+02	  3.0960E+02	  3.2872E+02	  3.4859E+02	  3.2706E+02	  3.5246E+02	  3.3525E+02	  3.7394E+02	  3.9408E+02	  4.0949E+02	  4.1977E+02	  4.2611E+02	  4.3714E+02	  4.2215E+02	  3.9087E+02	  3.7787E+02	  3.7932E+02	  3.6629E+02	  4.0342E+02	  3.9532E+02	  3.7444E+02	  3.9804E+02	  3.9692E+02	  4.3068E+02	  4.0216E+02	  3.6514E+02	  3.8818E+02	  4.2089E+02	  4.4346E+02	  4.3674E+02	  4.1509E+02	  4.1332E+02	  4.1922E+02	  4.2874E+02	  3.8963E+02	  3.7348E+02	  3.8007E+02	  4.2175E+02	  4.4367E+02	  4.0354E+02	  3.5873E+02	  2.8866E+02	  2.5804E+02	  2.6885E+02	  2.6422E+02	  2.5923E+02	  2.2309E+02	  2.1307E+02	  2.0193E+02	  1.8618E+02	  1.8271E+02	  1.6696E+02	  1.6191E+02	  1.4347E+02	  1.4645E+02	  1.5622E+02	  1.7546E+02	  1.6970E+02	  1.2368E+02	  8.2141E+01	  4.7523E+01	  1.8503E+01	  5.7368E+00	  1.3970E+00	  6.4531E-02	  0.0000E+00	  0.0000E+00	  0.0000E+00	  0.0000E+00	  0.0000E+00	  0.0000E+00	  0.0000E+00	  0.0000E+00	  0.0000E+00	  0.0000E+00	  0.0000E+00	  0.0000E+00	  0.0000E+00	  0.0000E+00	  0.0000E+00	  0.0000E+00	  0.0000E+00	  0.0000E+00
  0.0000E+00	  0.0000E+00	  0.0000E+00	  0.0000E+00	  0.0000E+00	  0.0000E+00	  0.0000E+00	  0.0000E+00	  0.0000E+00	  0.0000E+00	  0.0000E+00	  0.0000E+00	  0.0000E+00	  0.0000E+00	  0.0000E+00	  0.0000E+00	  0.0000E+00	  0.0000E+00	  0.0000E+00	  0.0000E+00	  0.0000E+00	  6.1283E-01	  1.4984E+00	  5.7651E+00	  1.9804E+01	  4.1079E+01	  6.6086E+01	  1.0102E+02	  1.3694E+02	  1.4878E+02	  1.5054E+02	  1.7523E+02	  1.4385E+02	  1.3935E+02	  1.4415E+02	  1.4327E+02	  1.5230E+02	  1.6851E+02	  1.8219E+02	  1.8177E+02	  2.2432E+02	  2.5776E+02	  2.3201E+02	  2.4589E+02	  2.5344E+02	  2.7562E+02	  3.0064E+02	  3.1041E+02	  3.4911E+02	  3.2696E+02	  3.4917E+02	  3.5672E+02	  3.5991E+02	  3.8307E+02	  3.7324E+02	  3.9161E+02	  3.9044E+02	  3.9822E+02	  3.8187E+02	  3.7157E+02	  3.7486E+02	  3.5112E+02	  3.2993E+02	  3.4352E+02	  3.5327E+02	  3.6241E+02	  4.0431E+02	  4.0550E+02	  3.9053E+02	  3.7388E+02	  3.8171E+02	  3.6279E+02	  4.0295E+02	  4.3532E+02	  3.9609E+02	  3.7925E+02	  3.8707E+02	  4.0467E+02	  3.9794E+02	  3.8249E+02	  3.7410E+02	  3.7500E+02	  4.1000E+02	  3.8881E+02	  3.5527E+02	  3.0540E+02	  2.6029E+02	  2.4885E+02	  2.4654E+02	  2.7197E+02	  2.6141E+02	  2.5726E+02	  2.3389E+02	  2.1252E+02	  2.2377E+02	  1.8734E+02	  2.0328E+02	  1.9078E+02	  1.6639E+02	  1.4603E+02	  1.6364E+02	  1.4901E+02	  1.4919E+02	  1.3403E+02	  8.7608E+01	  3.8155E+01	  2.0235E+01	  5.5926E+00	  1.4357E+00	  3.4995E-02	  0.0000E+00	  0.0000E+00	  0.0000E+00	  0.0000E+00	  0.0000E+00	  0.0000E+00	  0.0000E+00	  0.0000E+00	  0.0000E+00	  0.0000E+00	  0.0000E+00	  0.0000E+00	  0.0000E+00	  0.0000E+00	  0.0000E+00	  0.0000E+00	  0.0000E+00	  0.0000E+00
  0.0000E+00	  0.0000E+00	  0.0000E+00	  0.0000E+00	  0.0000E+00	  0.0000E+00	  0.0000E+00	  0.0000E+00	  0.0000E+00	  0.0000E+00	  0.0000E+00	  0.0000E+00	  0.0000E+00	  0.0000E+00	  0.0000E+00	  0.0000E+00	  0.0000E+00	  0.0000E+00	  0.0000E+00	  0.0000E+00	  0.0000E+00	  1.5029E-01	  9.9207E-01	  6.8539E+00	  1.6805E+01	  5.2769E+01	  7.2738E+01	  1.0355E+02	  1.3352E+02	  1.4351E+02	  1.4305E+02	  1.7384E+02	  1.4065E+02	  1.5701E+02	  1.5866E+02	  1.5475E+02	  1.6855E+02	  1.6623E+02	  1.7036E+02	  1.8403E+02	  2.4380E+02	  2.5240E+02	  2.6375E+02	  2.6470E+02	  2.5734E+02	  2.7766E+02	  2.8817E+02	  3.4709E+02	  3.6563E+02	  3.5429E+02	  3.5677E+02	  3.7395E+02	  3.4903E+02	  3.4922E+02	  3.5856E+02	  3.8116E+02	  4.0666E+02	  4.0207E+02	  3.9415E+02	  3.5834E+02	  3.3749E+02	  3.3556E+02	  3.2410E+02	  3.4365E+02	  3.5481E+02	  3.6772E+02	  3.5148E+02	  3.2691E+02	  3.5279E+02	  3.4773E+02	  3.7749E+02	  3.6812E+02	  3.7317E+02	  3.8466E+02	  3.6939E+02	  3.7049E+02	  3.4963E+02	  3.6922E+02	  3.7193E+02	  3.2016E+02	  3.6770E+02	  3.6861E+02	  3.7875E+02	  3.6414E+02	  3.4277E+02	  2.9009E+02	  2.3501E+02	  2.5183E+02	  2.4954E+02	  2.5873E+02	  2.6049E+02	  2.3998E+02	  2.1595E+02	  1.8947E+02	  1.9155E+02	  1.9122E+02	  2.3295E+02	  2.2752E+02	  2.0475E+02	  1.9333E+02	  2.0422E+02	  1.8432E+02	  1.6494E+02	  1.4363E+02	  8.1537E+01	  3.0652E+01	  1.0646E+01	  3.3858E+00	  1.2497E+00	  0.0000E+00	  0.0000E+00	  0.0000E+00	  0.0000E+00	  0.0000E+00	  0.0000E+00	  0.0000E+00	  0.0000E+00	  0.0000E+00	  0.0000E+00	  0.0000E+00	  0.0000E+00	  0.0000E+00	  0.0000E+00	  0.0000E+00	  0.0000E+00	  0.0000E+00	  0.0000E+00	  0.0000E+00
  0.0000E+00	  0.0000E+00	  0.0000E+00	  0.0000E+00	  0.0000E+00	  0.0000E+00	  0.0000E+00	  0.0000E+00	  0.0000E+00	  0.0000E+00	  0.0000E+00	  0.0000E+00	  0.0000E+00	  0.0000E+00	  0.0000E+00	  0.0000E+00	  0.0000E+00	  0.0000E+00	  0.0000E+00	  0.0000E+00	  0.0000E+00	  3.1405E-01	  5.5318E-01	  7.4836E+00	  2.1018E+01	  5.2599E+01	  8.2062E+01	  1.1459E+02	  1.6261E+02	  1.4666E+02	  1.4140E+02	  1.4815E+02	  1.6414E+02	  1.7825E+02	  1.7956E+02	  1.6935E+02	  1.6706E+02	  1.6512E+02	  1.8675E+02	  2.1854E+02	  2.5598E+02	  2.5703E+02	  2.7846E+02	  2.7175E+02	  2.9806E+02	  3.0413E+02	  3.0059E+02	  3.6352E+02	  3.9073E+02	  3.8666E+02	  3.6877E+02	  3.8774E+02	  3.3662E+02	  3.7077E+02	  4.1259E+02	  3.7639E+02	  3.6756E+02	  3.8514E+02	  3.8403E+02	  4.0900E+02	  3.8280E+02	  3.4816E+02	  3.2815E+02	  3.2631E+02	  3.1208E+02	  3.4016E+02	  3.2431E+02	  3.0186E+02	  3.2229E+02	  3.1847E+02	  3.6103E+02	  3.8494E+02	  3.5473E+02	  3.5322E+02	  3.5285E+02	  3.3790E+02	  3.1857E+02	  3.5742E+02	  3.6116E+02	  3.4552E+02	  3.7268E+02	  3.7847E+02	  3.6400E+02	  3.2640E+02	  3.0682E+02	  3.0301E+02	  2.5000E+02	  2.5274E+02	  2.6276E+02	  2.6383E+02	  2.6635E+02	  2.4073E+02	  1.9499E+02	  1.6833E+02	  1.8708E+02	  1.9999E+02	  2.0690E+02	  1.9634E+02	  1.9147E+02	  1.7537E+02	  1.9073E+02	  1.7674E+02	  1.4942E+02	  1.3261E+02	  7.7044E+01	  4.2107E+01	  1.3206E+01	  3.4862E+00	  6.5354E-01	  1.2206E-04	  0.0000E+00	  0.0000E+00	  0.0000E+00	  0.0000E+00	  0.0000E+00	  0.0000E+00	  0.0000E+00	  0.0000E+00	  0.0000E+00	  0.0000E+00	  0.0000E+00	  0.0000E+00	  0.0000E+00	  0.0000E+00	  0.0000E+00	  0.0000E+00	  0.0000E+00	  0.0000E+00
  0.0000E+00	  0.0000E+00	  0.0000E+00	  0.0000E+00	  0.0000E+00	  0.0000E+00	  0.0000E+00	  0.0000E+00	  0.0000E+00	  0.0000E+00	  0.0000E+00	  0.0000E+00	  0.0000E+00	  0.0000E+00	  0.0000E+00	  0.0000E+00	  0.0000E+00	  0.0000E+00	  0.0000E+00	  0.0000E+00	  3.4079E-02	  9.3312E-01	  2.3479E+00	  7.1094E+00	  2.4444E+01	  5.1625E+01	  8.0940E+01	  1.3525E+02	  1.5680E+02	  1.3945E+02	  1.3881E+02	  1.3991E+02	  1.3910E+02	  1.8724E+02	  1.9131E+02	  1.7338E+02	  1.7955E+02	  1.5623E+02	  1.7526E+02	  2.0407E+02	  2.1325E+02	  2.4288E+02	  2.7375E+02	  2.8480E+02	  2.9796E+02	  3.0479E+02	  3.0027E+02	  3.3669E+02	  3.9423E+02	  4.0146E+02	  3.6887E+02	  3.3349E+02	  3.3394E+02	  3.6120E+02	  3.8004E+02	  3.7866E+02	  3.6534E+02	  3.7393E+02	  3.6776E+02	  3.6852E+02	  3.8081E+02	  3.5125E+02	  3.4318E+02	  2.8448E+02	  2.7636E+02	  3.0148E+02	  2.9032E+02	  2.9225E+02	  2.9554E+02	  3.0014E+02	  3.1047E+02	  3.1962E+02	  3.2502E+02	  3.4697E+02	  3.2492E+02	  3.4208E+02	  3.1497E+02	  3.6703E+02	  3.6215E+02	  3.2770E+02	  3.9081E+02	  3.6366E+02	  3.4481E+02	  3.1613E+02	  3.0025E+02	  3.1176E+02	  2.8558E+02	  2.6296E+02	  2.7044E+02	  2.8339E+02	  2.7433E+02	  2.6527E+02	  2.2580E+02	  1.9290E+02	  1.9128E+02	  1.9872E+02	  1.9616E+02	  1.7911E+02	  1.6550E+02	  1.6829E+02	  1.6769E+02	  1.5565E+02	  1.4447E+02	  1.2076E+02	  6.4321E+01	  3.2627E+01	  9.9343E+00	  3.9389E+00	  3.4204E+00	  3.1599E-01	  0.0000E+00	  0.0000E+00	  0.0000E+00	  0.0000E+00	  0.0000E+00	  0.0000E+00	  0.0000E+00	  0.0000E+00	  0.0000E+00	  0.0000E+00	  0.0000E+00	  0.0000E+00	  0.0000E+00	  0.0000E+00	  0.0000E+00	  0.0000E+00	  0.0000E+00	  0.0000E+00
  0.0000E+00	  0.0000E+00	  0.0000E+00	  0.0000E+00	  0.0000E+00	  0.0000E+00	  0.0000E+00	  0.0000E+00	  0.0000E+00	  0.0000E+00	  0.0000E+00	  0.0000E+00	  0.0000E+00	  0.0000E+00	  0.0000E+00	  0.0000E+00	  0.0000E+00	  0.0000E+00	  0.0000E+00	  0.0000E+00	  2.6338E-01	  2.1306E+00	  3.7139E+00	  1.3650E+01	  2.9402E+01	  5.9947E+01	  9.2061E+01	  1.4128E+02	  1.5501E+02	  1.4587E+02	  1.4726E+02	  1.5464E+02	  1.5435E+02	  1.7910E+02	  1.9550E+02	  1.9533E+02	  1.9466E+02	  1.7796E+02	  1.7679E+02	  1.9452E+02	  2.0812E+02	  2.1334E+02	  2.5997E+02	  2.5193E+02	  2.7065E+02	  2.9200E+02	  2.9281E+02	  2.8615E+02	  3.2836E+02	  3.6637E+02	  3.8388E+02	  3.2932E+02	  3.2271E+02	  3.5889E+02	  3.8816E+02	  3.6358E+02	  3.6741E+02	  3.4818E+02	  3.4586E+02	  3.2492E+02	  3.3475E+02	  3.3957E+02	  3.1681E+02	  3.1297E+02	  3.0143E+02	  2.9196E+02	  2.9955E+02	  2.9452E+02	  3.2843E+02	  3.2225E+02	  3.1825E+02	  3.1070E+02	  3.2696E+02	  2.8312E+02	  3.1317E+02	  3.3146E+02	  3.4024E+02	  3.4588E+02	  3.5454E+02	  3.2605E+02	  3.5067E+02	  3.3513E+02	  3.4723E+02	  3.4022E+02	  3.1946E+02	  3.0762E+02	  2.9749E+02	  2.8901E+02	  2.9514E+02	  2.8338E+02	  2.3625E+02	  2.2108E+02	  2.2111E+02	  2.1036E+02	  1.8873E+02	  1.7765E+02	  1.9148E+02	  1.8135E+02	  1.7568E+02	  1.7660E+02	  1.5520E+02	  1.4749E+02	  1.4594E+02	  1.1951E+02	  7.4174E+01	  2.9500E+01	  8.7517E+00	  1.6293E+00	  4.7051E-01	  4.2068E-01	  0.0000E+00	  0.0000E+00	  0.0000E+00	  0.0000E+00	  0.0000E+00	  0.0000E+00	  0.0000E+00	  0.0000E+00	  0.0000E+00	  0.0000E+00	  0.0000E+00	  0.0000E+00	  0.0000E+00	  0.0000E+00	  0.0000E+00	  0.0000E+00	  0.0000E+00	  0.0000E+00
  0.0000E+00	  0.0000E+00	  0.0000E+00	  0.0000E+00	  0.0000E+00	  0.0000E+00	  0.0000E+00	  0.0000E+00	  0.0000E+00	  0.0000E+00	  0.0000E+00	  0.0000E+00	  0.0000E+00	  0.0000E+00	  0.0000E+00	  0.0000E+00	  0.0000E+00	  0.0000E+00	  0.0000E+00	  0.0000E+00	  2.8728E-02	  1.6267E+00	  4.9052E+00	  1.0308E+01	  2.6465E+01	  5.9541E+01	  8.7879E+01	  1.3642E+02	  1.6237E+02	  1.4885E+02	  1.4390E+02	  1.5233E+02	  1.7128E+02	  1.7849E+02	  1.7217E+02	  1.7180E+02	  1.9704E+02	  1.9694E+02	  1.9080E+02	  1.9156E+02	  2.3558E+02	  2.2945E+02	  2.4035E+02	  2.4975E+02	  2.9529E+02	  2.8975E+02	  3.2002E+02	  3.1239E+02	  3.5152E+02	  3.4474E+02	  3.3478E+02	  3.2258E+02	  3.2778E+02	  3.7831E+02	  3.5567E+02	  3.6103E+02	  3.6720E+02	  3.5072E+02	  3.3912E+02	  3.3047E+02	  3.3718E+02	  3.2737E+02	  3.3282E+02	  3.2206E+02	  3.0780E+02	  2.9145E+02	  3.0930E+02	  3.1763E+02	  3.2090E+02	  3.3226E+02	  3.2657E+02	  3.1852E+02	  2.9859E+02	  2.8798E+02	  2.8603E+02	  3.0548E+02	  3.4240E+02	  3.4107E+02	  3.0649E+02	  3.2711E+02	  3.2420E+02	  3.2174E+02	  3.6778E+02	  3.7056E+02	  3.2826E+02	  3.0326E+02	  3.0479E+02	  3.0016E+02	  3.0257E+02	  3.0232E+02	  2.5265E+02	  2.0201E+02	  2.1355E+02	  1.9089E+02	  1.9289E+02	  1.9588E+02	  2.0328E+02	  1.7923E+02	  1.8323E+02	  1.9918E+02	  1.8274E+02	  1.8152E+02	  1.7380E+02	  1.2690E+02	  8.2098E+01	  3.5527E+01	  6.0745E+00	  1.4217E+00	  2.8508E-01	  0.0000E+00	  0.0000E+00	  0.0000E+00	  0.0000E+00	  0.0000E+00	  0.0000E+00	  0.0000E+00	  0.0000E+00	  0.0000E+00	  0.0000E+00	  0.0000E+00	  0.0000E+00	  0.0000E+00	  0.0000E+00	  0.0000E+00	  0.0000E+00	  0.0000E+00	  0.0000E+00	  0.0000E+00
  0.0000E+00	  0.0000E+00	  0.0000E+00	  0.0000E+00	  0.0000E+00	  0.0000E+00	  0.0000E+00	  0.0000E+00	  0.0000E+00	  0.0000E+00	  0.0000E+00	  0.0000E+00	  0.0000E+00	  0.0000E+00	  0.0000E+00	  0.0000E+00	  0.0000E+00	  0.0000E+00	  0.0000E+00	  0.0000E+00	  0.0000E+00	  8.2272E-01	  5.0220E+00	  1.1689E+01	  1.7412E+01	  4.4443E+01	  7.1095E+01	  1.1060E+02	  1.4851E+02	  1.5712E+02	  1.5285E+02	  1.7020E+02	  1.7990E+02	  1.6346E+02	  1.6838E+02	  1.7616E+02	  1.9455E+02	  2.0612E+02	  2.1498E+02	  2.1962E+02	  2.2568E+02	  2.6674E+02	  2.7369E+02	  2.7534E+02	  2.8682E+02	  3.2005E+02	  3.2651E+02	  3.0670E+02	  3.2741E+02	  3.0054E+02	  3.0576E+02	  3.3251E+02	  3.1430E+02	  3.1987E+02	  3.2521E+02	  3.3005E+02	  3.5357E+02	  3.7481E+02	  3.5421E+02	  3.4800E+02	  3.1372E+02	  3.1626E+02	  3.2709E+02	  3.2804E+02	  3.2796E+02	  3.0273E+02	  3.1974E+02	  3.0023E+02	  2.8644E+02	  3.0292E+02	  3.3539E+02	  3.4258E+02	  3.3316E+02	  2.9959E+02	  3.0184E+02	  3.0803E+02	  3.0184E+02	  3.1126E+02	  2.8987E+02	  2.8220E+02	  2.9665E+02	  3.2173E+02	  3.4751E+02	  3.6111E+02	  3.2419E+02	  2.7166E+02	  2.8412E+02	  3.1841E+02	  2.9766E+02	  2.7877E+02	  2.5733E+02	  2.1593E+02	  1.8988E+02	  1.8892E+02	  1.9180E+02	  1.8333E+02	  1.8008E+02	  1.6427E+02	  1.6382E+02	  1.8822E+02	  1.9522E+02	  1.8348E+02	  1.6256E+02	  1.2384E+02	  7.4628E+01	  3.1251E+01	  9.4111E+00	  8.6171E-01	  4.6305E-01	  8.9792E-03	  0.0000E+00	  0.0000E+00	  0.0000E+00	  0.0000E+00	  0.0000E+00	  0.0000E+00	  0.0000E+00	  0.0000E+00	  0.0000E+00	  0.0000E+00	  0.0000E+00	  0.0000E+00	  0.0000E+00	  0.0000E+00	  0.0000E+00	  0.0000E+00	  0.0000E+00	  0.0000E+00
  0.0000E+00	  0.0000E+00	  0.0000E+00	  0.0000E+00	  0.0000E+00	  0.0000E+00	  0.0000E+00	  0.0000E+00	  0.0000E+00	  0.0000E+00	  0.0000E+00	  0.0000E+00	  0.0000E+00	  0.0000E+00	  0.0000E+00	  0.0000E+00	  0.0000E+00	  0.0000E+00	  0.0000E+00	  0.0000E+00	  0.0000E+00	  1.4545E+00	  2.7216E+00	  8.3086E+00	  1.8880E+01	  4.1434E+01	  6.8515E+01	  1.0180E+02	  1.3217E+02	  1.4806E+02	  1.5558E+02	  1.5791E+02	  1.7325E+02	  1.7455E+02	  1.6295E+02	  1.8697E+02	  1.9967E+02	  1.9980E+02	  2.1925E+02	  2.2623E+02	  2.3163E+02	  2.7994E+02	  2.7740E+02	  2.8538E+02	  3.2013E+02	  3.1572E+02	  3.1850E+02	  3.1441E+02	  2.9179E+02	  3.0829E+02	  2.9328E+02	  2.9935E+02	  3.0716E+02	  2.8548E+02	  3.0351E+02	  2.9655E+02	  3.5174E+02	  3.7540E+02	  3.2798E+02	  3.2960E+02	  3.0247E+02	  2.8970E+02	  2.8999E+02	  3.1232E+02	  3.4868E+02	  3.7489E+02	  3.4499E+02	  2.8882E+02	  2.8468E+02	  3.0885E+02	  3.4064E+02	  3.3277E+02	  3.1402E+02	  2.8790E+02	  2.9557E+02	  3.0016E+02	  2.7907E+02	  2.8999E+02	  3.0394E+02	  2.9358E+02	  2.8263E+02	  2.9601E+02	  3.6461E+02	  3.5214E+02	  2.9308E+02	  2.4851E+02	  2.4373E+02	  2.8837E+02	  2.9675E+02	  2.7746E+02	  2.6758E+02	  2.6297E+02	  2.1475E+02	  1.7886E+02	  1.6493E+02	  1.7739E+02	  1.7544E+02	  1.6940E+02	  1.7203E+02	  1.8172E+02	  1.8840E+02	  2.0731E+02	  1.7924E+02	  1.3384E+02	  6.5875E+01	  3.0164E+01	  9.8068E+00	  1.9159E+00	  5.1712E-01	  1.0028E-02	  0.0000E+00	  0.0000E+00	  0.0000E+00	  0.0000E+00	  0.0000E+00	  0.0000E+00	  0.0000E+00	  0.0000E+00	  0.0000E+00	  0.0000E+00	  0.0000E+00	  0.0000E+00	  0.0000E+00	  0.0000E+00	  0.0000E+00	  0.0000E+00	  0.0000E+00	  0.0000E+00
  0.0000E+00	  0.0000E+00	  0.0000E+00	  0.0000E+00	  0.0000E+00	  0.0000E+00	  0.0000E+00	  0.0000E+00	  0.0000E+00	  0.0000E+00	  0.0000E+00	  0.0000E+00	  0.0000E+00	  0.0000E+00	  0.0000E+00	  0.0000E+00	  0.0000E+00	  0.0000E+00	  0.0000E+00	  0.0000E+00	  0.0000E+00	  6.8493E-02	  1.4092E+00	  6.1467E+00	  2.1802E+01	  4.3162E+01	  7.7119E+01	  1.1457E+02	  1.3271E+02	  1.4552E+02	  1.3873E+02	  1.4088E+02	  1.7155E+02	  1.6664E+02	  1.7083E+02	  1.9997E+02	  2.1759E+02	  2.2766E+02	  2.0894E+02	  2.1097E+02	  2.3810E+02	  2.6158E+02	  2.5898E+02	  3.0128E+02	  3.0912E+02	  3.1068E+02	  2.8970E+02	  2.7525E+02	  2.7957E+02	  3.0554E+02	  2.7746E+02	  2.9894E+02	  3.0472E+02	  2.8551E+02	  2.9893E+02	  2.8445E+02	  3.1539E+02	  3.3268E+02	  2.8450E+02	  2.8877E+02	  2.8663E+02	  3.0124E+02	  2.7749E+02	  2.9817E+02	  3.2152E+02	  3.0238E+02	  2.9121E+02	  2.6890E+02	  2.7138E+02	  2.9049E+02	  2.9966E+02	  3.1432E+02	  3.1736E+02	  3.0712E+02	  2.7136E+02	  2.8063E+02	  2.7807E+02	  2.7826E+02	  2.9549E+02	  3.1840E+02	  3.1439E+02	  3.2137E+02	  3.5585E+02	  3.1692E+02	  2.7079E+02	  2.5993E+02	  2.4400E+02	  2.6624E+02	  2.5020E+02	  2.5173E+02	  2.8820E+02	  2.7189E+02	  2.2448E+02	  1.9763E+02	  2.0754E+02	  1.8038E+02	  1.5534E+02	  1.6504E+02	  1.5243E+02	  1.6712E+02	  2.0971E+02	  2.2584E+02	  1.9271E+02	  1.4877E+02	  7.7878E+01	  2.6343E+01	  5.1653E+00	  9.9131E-01	  0.0000E+00	  0.0000E+00	  0.0000E+00	  0.0000E+00	  0.0000E+00	  0.0000E+00	  0.0000E+00	  0.0000E+00	  0.0000E+00	  0.0000E+00	  0.0000E+00	  0.0000E+00	  0.0000E+00	  0.0000E+00	  0.0000E+00	  0.0000E+00	  0.0000E+00	  0.0000E+00	  0.0000E+00	  0.0000E+00
  0.0000E+00	  0.0000E+00	  0.0000E+00	  0.0000E+00	  0.0000E+00	  0.0000E+00	  0.0000E+00	  0.0000E+00	  0.0000E+00	  0.0000E+00	  0.0000E+00	  0.0000E+00	  0.0000E+00	  0.0000E+00	  0.0000E+00	  0.0000E+00	  0.0000E+00	  0.0000E+00	  0.0000E+00	  0.0000E+00	  0.0000E+00	  0.0000E+00	  3.4873E-01	  7.1796E+00	  1.5351E+01	  4.2856E+01	  8.7376E+01	  1.3015E+02	  1.4467E+02	  1.5547E+02	  1.2616E+02	  1.3190E+02	  1.6744E+02	  1.5761E+02	  1.8126E+02	  2.0622E+02	  2.1564E+02	  2.0707E+02	  1.9861E+02	  2.0508E+02	  2.2036E+02	  2.0818E+02	  2.3726E+02	  2.6226E+02	  2.7835E+02	  3.0813E+02	  3.1397E+02	  2.9942E+02	  2.9877E+02	  2.6720E+02	  2.5599E+02	  2.6186E+02	  2.8760E+02	  2.8924E+02	  3.0798E+02	  2.7907E+02	  3.1459E+02	  3.3839E+02	  3.1083E+02	  2.9151E+02	  2.6627E+02	  2.5778E+02	  2.4703E+02	  2.6674E+02	  2.9029E+02	  2.9418E+02	  2.6797E+02	  2.5898E+02	  2.5475E+02	  2.7150E+02	  2.9859E+02	  3.1708E+02	  3.3467E+02	  2.9930E+02	  2.8706E+02	  2.7949E+02	  2.4804E+02	  2.7874E+02	  2.7467E+02	  2.9276E+02	  3.4857E+02	  3.1257E+02	  2.9436E+02	  2.6443E+02	  2.5219E+02	  2.3621E+02	  2.5039E+02	  2.6605E+02	  2.3340E+02	  2.3115E+02	  2.3919E+02	  2.3804E+02	  2.3248E+02	  2.2804E+02	  2.2736E+02	  2.1796E+02	  1.5529E+02	  1.5130E+02	  1.5423E+02	  1.8059E+02	  2.0720E+02	  2.3739E+02	  2.1984E+02	  1.3802E+02	  7.4881E+01	  2.2573E+01	  7.0077E+00	  6.1675E-01	  0.0000E+00	  0.0000E+00	  0.0000E+00	  0.0000E+00	  0.0000E+00	  0.0000E+00	  0.0000E+00	  0.0000E+00	  0.0000E+00	  0.0000E+00	  0.0000E+00	  0.0000E+00	  0.0000E+00	  0.0000E+00	  0.0000E+00	  0.0000E+00	  0.0000E+00	  0.0000E+00	  0.0000E+00	  0.0000E+00
  0.0000E+00	  0.0000E+00	  0.0000E+00	  0.0000E+00	  0.0000E+00	  0.0000E+00	  0.0000E+00	  0.0000E+00	  0.0000E+00	  0.0000E+00	  0.0000E+00	  0.0000E+00	  0.0000E+00	  0.0000E+00	  0.0000E+00	  0.0000E+00	  0.0000E+00	  0.0000E+00	  0.0000E+00	  0.0000E+00	  0.0000E+00	  0.0000E+00	  8.8328E-02	  2.6183E+00	  1.1675E+01	  3.4905E+01	  8.1388E+01	  1.3168E+02	  1.5908E+02	  1.6676E+02	  1.4101E+02	  1.4274E+02	  1.5714E+02	  1.6128E+02	  1.9343E+02	  2.0940E+02	  2.0937E+02	  2.1494E+02	  2.2402E+02	  1.9831E+02	  1.9190E+02	  2.0037E+02	  2.1200E+02	  2.5023E+02	  2.3440E+02	  2.5815E+02	  2.7213E+02	  3.0260E+02	  2.8379E+02	  2.5272E+02	  2.4435E+02	  2.4623E+02	  2.7038E+02	  2.6033E+02	  2.9959E+02	  2.6485E+02	  2.9133E+02	  2.7479E+02	  2.8717E+02	  2.9658E+02	  2.6734E+02	  2.3545E+02	  2.4003E+02	  2.4786E+02	  2.6627E+02	  2.7480E+02	  2.5998E+02	  2.5609E+02	  2.6170E+02	  2.8993E+02	  2.9238E+02	  3.0077E+02	  3.2116E+02	  2.7611E+02	  2.5091E+02	  2.6876E+02	  2.4310E+02	  2.7625E+02	  3.2453E+02	  3.1739E+02	  3.2284E+02	  3.1813E+02	  3.3304E+02	  2.8407E+02	  2.4711E+02	  2.3113E+02	  2.3704E+02	  2.3502E+02	  2.1415E+02	  2.1344E+02	  2.1083E+02	  2.1051E+02	  2.1934E+02	  2.2430E+02	  2.2029E+02	  2.0203E+02	  1.7245E+02	  1.6670E+02	  1.6259E+02	  1.9050E+02	  2.0325E+02	  2.2093E+02	  1.6622E+02	  9.7750E+01	  5.9004E+01	  1.6685E+01	  5.9855E+00	  1.0617E+00	  0.0000E+00	  0.0000E+00	  0.0000E+00	  0.0000E+00	  0.0000E+00	  0.0000E+00	  0.0000E+00	  0.0000E+00	  0.0000E+00	  0.0000E+00	  0.0000E+00	  0.0000E+00	  0.0000E+00	  0.0000E+00	  0.0000E+00	  0.0000E+00	  0.0000E+00	  0.0000E+00	  0.0000E+00	  0.0000E+00
  0.0000E+00	  0.0000E+00	  0.0000E+00	  0.0000E+00	  0.0000E+00	  0.0000E+00	  0.0000E+00	  0.0000E+00	  0.0000E+00	  0.0000E+00	  0.0000E+00	  0.0000E+00	  0.0000E+00	  0.0000E+00	  0.0000E+00	  0.0000E+00	  0.0000E+00	  0.0000E+00	  0.0000E+00	  0.0000E+00	  0.0000E+00	  0.0000E+00	  3.8049E-01	  3.7830E+00	  1.3878E+01	  2.7921E+01	  8.9942E+01	  1.3044E+02	  1.5437E+02	  1.8785E+02	  1.7968E+02	  1.7754E+02	  1.6314E+02	  1.6988E+02	  1.9453E+02	  2.2183E+02	  2.3076E+02	  2.3790E+02	  2.1595E+02	  1.9041E+02	  1.9373E+02	  1.8830E+02	  2.1759E+02	  2.5364E+02	  2.3933E+02	  2.6210E+02	  2.7735E+02	  2.5642E+02	  2.8836E+02	  2.7690E+02	  2.6990E+02	  2.4054E+02	  2.5566E+02	  2.6251E+02	  2.6976E+02	  2.5964E+02	  2.7445E+02	  2.3780E+02	  2.5906E+02	  2.6637E+02	  2.5568E+02	  2.5198E+02	  2.5964E+02	  2.7220E+02	  2.6652E+02	  2.3668E+02	  2.4941E+02	  2.5583E+02	  2.5824E+02	  2.5404E+02	  2.5750E+02	  2.4829E+02	  2.5831E+02	  2.4051E+02	  2.5597E+02	  2.6077E+02	  2.3567E+02	  2.7151E+02	  3.0358E+02	  2.9413E+02	  3.1592E+02	  3.1279E+02	  3.1903E+02	  2.6163E+02	  2.2863E+02	  2.1402E+02	  2.4050E+02	  2.4795E+02	  2.3630E+02	  2.2507E+02	  2.1384E+02	  2.0443E+02	  2.1940E+02	  2.4867E+02	  2.3694E+02	  1.9985E+02	  1.7622E+02	  1.7827E+02	  2.0887E+02	  2.2445E+02	  2.2654E+02	  2.1895E+02	  1.7181E+02	  9.8691E+01	  5.4549E+01	  1.9731E+01	  6.5806E+00	  3.2998E+00	  0.0000E+00	  0.0000E+00	  0.0000E+00	  0.0000E+00	  0.0000E+00	  0.0000E+00	  0.0000E+00	  0.0000E+00	  0.0000E+00	  0.0000E+00	  0.0000E+00	  0.0000E+00	  0.0000E+00	  0.0000E+00	  0.0000E+00	  0.0000E+00	  0.0000E+00	  0.0000E+00	  0.0000E+00	  0.0000E+00
  0.0000E+00	  0.0000E+00	  0.0000E+00	  0.0000E+00	  0.0000E+00	  0.0000E+00	  0.0000E+00	  0.0000E+00	  0.0000E+00	  0.0000E+00	  0.0000E+00	  0.0000E+00	  0.0000E+00	  0.0000E+00	  0.0000E+00	  0.0000E+00	  0.0000E+00	  0.0000E+00	  0.0000E+00	  0.0000E+00	  0.0000E+00	  0.0000E+00	  2.0056E-01	  7.5263E-01	  7.7126E+00	  3.2003E+01	  8.2500E+01	  1.2258E+02	  1.6625E+02	  1.9070E+02	  1.9107E+02	  1.9130E+02	  1.8551E+02	  1.7632E+02	  1.8955E+02	  1.8663E+02	  2.2012E+02	  2.3973E+02	  2.0613E+02	  2.0500E+02	  2.0666E+02	  2.0371E+02	  2.1248E+02	  2.2515E+02	  2.2797E+02	  2.4752E+02	  2.4233E+02	  2.5356E+02	  2.8500E+02	  2.7434E+02	  2.3371E+02	  2.7453E+02	  2.9338E+02	  2.9644E+02	  2.6170E+02	  2.5912E+02	  2.6990E+02	  2.5604E+02	  2.3449E+02	  2.6284E+02	  2.7506E+02	  2.8227E+02	  2.6030E+02	  2.4569E+02	  2.5278E+02	  2.1717E+02	  2.2672E+02	  2.3408E+02	  2.3871E+02	  2.3246E+02	  2.3706E+02	  2.2892E+02	  2.3699E+02	  2.4826E+02	  2.1920E+02	  2.3639E+02	  2.1959E+02	  2.3751E+02	  2.7162E+02	  2.9504E+02	  3.0478E+02	  2.8690E+02	  2.9039E+02	  2.4743E+02	  2.2337E+02	  2.1049E+02	  2.2992E+02	  2.5445E+02	  2.5506E+02	  2.3919E+02	  2.3853E+02	  2.3135E+02	  2.3422E+02	  2.6115E+02	  2.2661E+02	  2.1399E+02	  1.7908E+02	  1.9135E+02	  2.0714E+02	  2.2093E+02	  2.2864E+02	  1.9978E+02	  1.5914E+02	  1.0207E+02	  4.6547E+01	  1.3681E+01	  1.6823E+00	  1.5547E-01	  0.0000E+00	  0.0000E+00	  0.0000E+00	  0.0000E+00	  0.0000E+00	  0.0000E+00	  0.0000E+00	  0.0000E+00	  0.0000E+00	  0.0000E+00	  0.0000E+00	  0.0000E+00	  0.0000E+00	  0.0000E+00	  0.0000E+00	  0.0000E+00	  0.0000E+00	  0.0000E+00	  0.0000E+00	  0.0000E+00
  0.0000E+00	  0.0000E+00	  0.0000E+00	  0.0000E+00	  0.0000E+00	  0.0000E+00	  0.0000E+00	  0.0000E+00	  0.0000E+00	  0.0000E+00	  0.0000E+00	  0.0000E+00	  0.0000E+00	  0.0000E+00	  0.0000E+00	  0.0000E+00	  0.0000E+00	  0.0000E+00	  0.0000E+00	  0.0000E+00	  0.0000E+00	  0.0000E+00	  3.4258E-01	  1.5994E+00	  6.8660E+00	  3.2895E+01	  6.7634E+01	  1.0538E+02	  1.5210E+02	  1.9969E+02	  1.9535E+02	  1.9706E+02	  1.7790E+02	  1.8213E+02	  2.0670E+02	  1.8879E+02	  1.9545E+02	  2.2105E+02	  1.9793E+02	  1.9245E+02	  2.1375E+02	  2.1347E+02	  2.3497E+02	  2.3622E+02	  2.3243E+02	  2.1443E+02	  2.3170E+02	  2.7434E+02	  2.8112E+02	  2.7422E+02	  2.3531E+02	  2.5129E+02	  2.8511E+02	  2.6311E+02	  2.2932E+02	  2.6748E+02	  2.5174E+02	  2.3584E+02	  2.3982E+02	  2.4763E+02	  2.6600E+02	  2.7789E+02	  2.8237E+02	  2.6896E+02	  2.6475E+02	  2.2611E+02	  2.4412E+02	  2.3766E+02	  2.3141E+02	  2.0141E+02	  2.2624E+02	  2.1580E+02	  2.1378E+02	  2.3007E+02	  2.0207E+02	  1.9417E+02	  1.9563E+02	  1.9398E+02	  2.1658E+02	  2.6998E+02	  3.3405E+02	  2.6738E+02	  2.5944E+02	  2.5591E+02	  2.4968E+02	  2.4571E+02	  2.2936E+02	  2.4756E+02	  2.5256E+02	  2.4182E+02	  2.5406E+02	  2.3669E+02	  2.4029E+02	  2.4217E+02	  2.4194E+02	  2.1339E+02	  1.8054E+02	  1.9194E+02	  2.1665E+02	  2.6575E+02	  2.5022E+02	  2.2855E+02	  1.6037E+02	  1.0147E+02	  3.0890E+01	  7.9276E+00	  5.6799E-01	  2.0752E-01	  0.0000E+00	  0.0000E+00	  0.0000E+00	  0.0000E+00	  0.0000E+00	  0.0000E+00	  0.0000E+00	  0.0000E+00	  0.0000E+00	  0.0000E+00	  0.0000E+00	  0.0000E+00	  0.0000E+00	  0.0000E+00	  0.0000E+00	  0.0000E+00	  0.0000E+00	  0.0000E+00	  0.0000E+00	  0.0000E+00
  0.0000E+00	  0.0000E+00	  0.0000E+00	  0.0000E+00	  0.0000E+00	  0.0000E+00	  0.0000E+00	  0.0000E+00	  0.0000E+00	  0.0000E+00	  0.0000E+00	  0.0000E+00	  0.0000E+00	  0.0000E+00	  0.0000E+00	  0.0000E+00	  0.0000E+00	  0.0000E+00	  0.0000E+00	  0.0000E+00	  0.0000E+00	  0.0000E+00	  2.4542E-01	  1.6674E+00	  6.8269E+00	  2.3129E+01	  5.9606E+01	  1.0073E+02	  1.4066E+02	  1.8693E+02	  2.0854E+02	  2.1069E+02	  1.9022E+02	  1.8040E+02	  2.0192E+02	  2.1059E+02	  2.1444E+02	  2.1153E+02	  2.1285E+02	  1.8727E+02	  2.0880E+02	  2.4915E+02	  2.5820E+02	  2.3834E+02	  2.6610E+02	  2.5887E+02	  2.2485E+02	  2.3687E+02	  2.4450E+02	  2.4750E+02	  2.5075E+02	  2.3347E+02	  2.6421E+02	  2.3568E+02	  2.2071E+02	  2.3057E+02	  2.1183E+02	  2.2510E+02	  2.2632E+02	  2.2088E+02	  2.5058E+02	  2.6386E+02	  2.4801E+02	  2.3562E+02	  2.3240E+02	  2.2568E+02	  2.3364E+02	  2.3924E+02	  2.2881E+02	  2.0404E+02	  2.3061E+02	  2.3250E+02	  2.1936E+02	  2.2346E+02	  2.0259E+02	  2.0326E+02	  2.1073E+02	  2.0859E+02	  2.0066E+02	  2.4077E+02	  2.8302E+02	  2.5841E+02	  2.7182E+02	  2.4107E+02	  2.5269E+02	  2.4209E+02	  2.4204E+02	  2.5134E+02	  2.4208E+02	  2.5269E+02	  2.5249E+02	  2.3787E+02	  2.3545E+02	  2.2862E+02	  2.1225E+02	  2.1385E+02	  1.7260E+02	  1.8762E+02	  2.3090E+02	  2.3312E+02	  2.3745E+02	  2.1064E+02	  1.6666E+02	  1.1126E+02	  3.3390E+01	  6.6136E+00	  8.0121E-01	  1.0388E+00	  0.0000E+00	  0.0000E+00	  0.0000E+00	  0.0000E+00	  0.0000E+00	  0.0000E+00	  0.0000E+00	  0.0000E+00	  0.0000E+00	  0.0000E+00	  0.0000E+00	  0.0000E+00	  0.0000E+00	  0.0000E+00	  0.0000E+00	  0.0000E+00	  0.0000E+00	  0.0000E+00	  0.0000E+00	  0.0000E+00
  0.0000E+00	  0.0000E+00	  0.0000E+00	  0.0000E+00	  0.0000E+00	  0.0000E+00	  0.0000E+00	  0.0000E+00	  0.0000E+00	  0.0000E+00	  0.0000E+00	  0.0000E+00	  0.0000E+00	  0.0000E+00	  0.0000E+00	  0.0000E+00	  0.0000E+00	  0.0000E+00	  0.0000E+00	  0.0000E+00	  0.0000E+00	  5.1487E-02	  5.5340E-01	  1.0468E+00	  7.1813E+00	  1.5807E+01	  4.7308E+01	  9.6543E+01	  1.3290E+02	  1.6934E+02	  2.1001E+02	  2.1979E+02	  2.0468E+02	  2.0461E+02	  2.0112E+02	  2.1831E+02	  2.0627E+02	  2.2362E+02	  2.4896E+02	  2.0017E+02	  1.8815E+02	  2.2119E+02	  2.3248E+02	  2.3771E+02	  2.7801E+02	  2.8653E+02	  2.5466E+02	  2.3503E+02	  2.3090E+02	  2.5986E+02	  2.5322E+02	  2.5798E+02	  2.7172E+02	  2.3836E+02	  2.1962E+02	  2.1708E+02	  2.0234E+02	  2.1673E+02	  1.9824E+02	  2.1762E+02	  2.3662E+02	  2.3651E+02	  2.2203E+02	  2.1876E+02	  2.0747E+02	  1.8709E+02	  2.0636E+02	  2.2058E+02	  2.1634E+02	  2.0439E+02	  2.2126E+02	  2.2371E+02	  2.4161E+02	  2.2977E+02	  2.0757E+02	  2.1217E+02	  2.2892E+02	  2.1173E+02	  2.3686E+02	  2.3904E+02	  2.3549E+02	  2.6618E+02	  2.6440E+02	  2.7313E+02	  2.7956E+02	  2.6185E+02	  2.3633E+02	  2.3404E+02	  2.1824E+02	  2.3523E+02	  2.3180E+02	  2.1401E+02	  2.2554E+02	  2.0976E+02	  2.1523E+02	  1.9770E+02	  1.6970E+02	  1.7244E+02	  2.0634E+02	  2.2879E+02	  2.0956E+02	  1.8432E+02	  1.3199E+02	  7.6663E+01	  3.3279E+01	  9.8001E+00	  2.8851E+00	  9.3382E-01	  0.0000E+00	  0.0000E+00	  0.0000E+00	  0.0000E+00	  0.0000E+00	  0.0000E+00	  0.0000E+00	  0.0000E+00	  0.0000E+00	  0.0000E+00	  0.0000E+00	  0.0000E+00	  0.0000E+00	  0.0000E+00	  0.0000E+00	  0.0000E+00	  0.0000E+00	  0.0000E+00	  0.0000E+00	  0.0000E+00
  0.0000E+00	  0.0000E+00	  0.0000E+00	  0.0000E+00	  0.0000E+00	  0.0000E+00	  0.0000E+00	  0.0000E+00	  0.0000E+00	  0.0000E+00	  0.0000E+00	  0.0000E+00	  0.0000E+00	  0.0000E+00	  0.0000E+00	  0.0000E+00	  0.0000E+00	  0.0000E+00	  0.0000E+00	  0.0000E+00	  0.0000E+00	  1.3728E-01	  6.8162E-01	  1.3544E+00	  3.9050E+00	  1.0329E+01	  3.9373E+01	  7.2957E+01	  1.0766E+02	  1.4124E+02	  1.7853E+02	  2.1798E+02	  2.2445E+02	  2.2982E+02	  2.2231E+02	  2.3769E+02	  2.3018E+02	  2.4286E+02	  2.1145E+02	  2.2205E+02	  2.1025E+02	  2.0138E+02	  2.0323E+02	  2.3711E+02	  2.5550E+02	  2.7295E+02	  2.5201E+02	  2.1364E+02	  2.3556E+02	  2.4688E+02	  2.6870E+02	  2.3618E+02	  2.2648E+02	  2.3673E+02	  2.3591E+02	  1.9073E+02	  1.7583E+02	  1.8811E+02	  1.9128E+02	  1.8808E+02	  2.1097E+02	  2.3425E+02	  2.2235E+02	  1.9750E+02	  2.0070E+02	  1.8759E+02	  1.9406E+02	  2.1349E+02	  2.1026E+02	  2.1924E+02	  2.1598E+02	  1.9575E+02	  2.2409E+02	  2.3392E+02	  2.1382E+02	  2.0876E+02	  1.9963E+02	  1.9661E+02	  2.2937E+02	  2.3894E+02	  2.3422E+02	  2.4880E+02	  2.6132E+02	  2.7552E+02	  2.7123E+02	  2.5457E+02	  2.2108E+02	  2.1695E+02	  2.2272E+02	  2.1048E+02	  2.1588E+02	  2.3609E+02	  2.3401E+02	  2.2363E+02	  2.1481E+02	  1.9645E+02	  2.1076E+02	  2.1887E+02	  2.5790E+02	  2.4551E+02	  2.4582E+02	  1.7176E+02	  1.1492E+02	  6.5628E+01	  3.0723E+01	  7.7579E+00	  1.2377E+00	  2.1512E-01	  0.0000E+00	  0.0000E+00	  0.0000E+00	  0.0000E+00	  0.0000E+00	  0.0000E+00	  0.0000E+00	  0.0000E+00	  0.0000E+00	  0.0000E+00	  0.0000E+00	  0.0000E+00	  0.0000E+00	  0.0000E+00	  0.0000E+00	  0.0000E+00	  0.0000E+00	  0.0000E+00	  0.0000E+00	  0.0000E+00
  0.0000E+00	  0.0000E+00	  0.0000E+00	  0.0000E+00	  0.0000E+00	  0.0000E+00	  0.0000E+00	  0.0000E+00	  0.0000E+00	  0.0000E+00	  0.0000E+00	  0.0000E+00	  0.0000E+00	  0.0000E+00	  0.0000E+00	  0.0000E+00	  0.0000E+00	  0.0000E+00	  0.0000E+00	  0.0000E+00	  0.0000E+00	  0.0000E+00	  0.0000E+00	  9.1780E-01	  2.5038E+00	  9.7180E+00	  3.5385E+01	  8.0702E+01	  1.0479E+02	  1.4276E+02	  1.9552E+02	  2.3021E+02	  2.3486E+02	  2.3940E+02	  2.3059E+02	  2.3968E+02	  2.3407E+02	  2.1550E+02	  1.9093E+02	  2.0841E+02	  2.2388E+02	  2.0216E+02	  2.1286E+02	  2.0693E+02	  2.0726E+02	  2.3884E+02	  2.3592E+02	  2.1980E+02	  2.1793E+02	  2.1023E+02	  2.4213E+02	  2.3546E+02	  2.2253E+02	  2.3257E+02	  2.2636E+02	  1.7412E+02	  1.6656E+02	  1.7889E+02	  1.8187E+02	  1.6959E+02	  1.8839E+02	  2.2312E+02	  2.1277E+02	  2.0620E+02	  2.1177E+02	  2.0021E+02	  1.8805E+02	  1.6952E+02	  1.6869E+02	  1.7573E+02	  2.0187E+02	  1.9571E+02	  2.2254E+02	  2.2480E+02	  2.2082E+02	  2.1162E+02	  1.8617E+02	  1.7779E+02	  2.0988E+02	  2.4310E+02	  2.5450E+02	  2.3811E+02	  2.4193E+02	  2.4157E+02	  2.1660E+02	  2.1968E+02	  2.3683E+02	  2.3968E+02	  2.4538E+02	  2.2094E+02	  2.1061E+02	  2.1509E+02	  2.3096E+02	  2.3937E+02	  2.1470E+02	  2.1216E+02	  1.9846E+02	  2.1947E+02	  2.4823E+02	  2.5310E+02	  2.2528E+02	  1.7817E+02	  1.2586E+02	  7.0451E+01	  2.5896E+01	  4.8452E+00	  1.0341E+00	  2.3667E-01	  0.0000E+00	  0.0000E+00	  0.0000E+00	  0.0000E+00	  0.0000E+00	  0.0000E+00	  0.0000E+00	  0.0000E+00	  0.0000E+00	  0.0000E+00	  0.0000E+00	  0.0000E+00	  0.0000E+00	  0.0000E+00	  0.0000E+00	  0.0000E+00	  0.0000E+00	  0.0000E+00	  0.0000E+00	  0.0000E+00
  0.0000E+00	  0.0000E+00	  0.0000E+00	  0.0000E+00	  0.0000E+00	  0.0000E+00	  0.0000E+00	  0.0000E+00	  0.0000E+00	  0.0000E+00	  0.0000E+00	  0.0000E+00	  0.0000E+00	  0.0000E+00	  0.0000E+00	  0.0000E+00	  0.0000E+00	  0.0000E+00	  0.0000E+00	  0.0000E+00	  0.0000E+00	  0.0000E+00	  0.0000E+00	  1.2648E-02	  1.4755E+00	  6.3356E+00	  3.2394E+01	  6.4304E+01	  1.0116E+02	  1.5258E+02	  2.0896E+02	  2.2316E+02	  2.2796E+02	  2.2383E+02	  2.3745E+02	  2.3400E+02	  2.3418E+02	  2.3092E+02	  1.9505E+02	  2.0506E+02	  2.2510E+02	  1.9630E+02	  1.9934E+02	  1.9868E+02	  2.0387E+02	  2.1445E+02	  2.0829E+02	  2.3335E+02	  2.1510E+02	  1.9182E+02	  2.0831E+02	  2.0930E+02	  2.0691E+02	  1.9394E+02	  1.9873E+02	  1.7925E+02	  1.6097E+02	  1.5917E+02	  1.6787E+02	  1.6779E+02	  1.8487E+02	  2.0041E+02	  2.0493E+02	  2.0754E+02	  2.2915E+02	  2.2613E+02	  1.8933E+02	  1.7048E+02	  1.7846E+02	  1.6331E+02	  1.7887E+02	  2.1097E+02	  2.2215E+02	  2.1517E+02	  2.3004E+02	  2.1018E+02	  1.9158E+02	  2.0248E+02	  2.3223E+02	  2.2299E+02	  2.3233E+02	  2.2467E+02	  2.1466E+02	  2.1186E+02	  1.9248E+02	  1.9968E+02	  2.2891E+02	  2.3000E+02	  2.4677E+02	  2.5038E+02	  2.3006E+02	  2.1498E+02	  2.1945E+02	  2.1271E+02	  1.8775E+02	  1.9492E+02	  1.9617E+02	  2.0203E+02	  2.5047E+02	  2.5090E+02	  2.4530E+02	  1.9118E+02	  1.4030E+02	  6.9470E+01	  2.0835E+01	  3.5103E+00	  2.2312E+00	  1.4247E-01	  0.0000E+00	  0.0000E+00	  0.0000E+00	  0.0000E+00	  0.0000E+00	  0.0000E+00	  0.0000E+00	  0.0000E+00	  0.0000E+00	  0.0000E+00	  0.0000E+00	  0.0000E+00	  0.0000E+00	  0.0000E+00	  0.0000E+00	  0.0000E+00	  0.0000E+00	  0.0000E+00	  0.0000E+00	  0.0000E+00
  0.0000E+00	  0.0000E+00	  0.0000E+00	  0.0000E+00	  0.0000E+00	  0.0000E+00	  0.0000E+00	  0.0000E+00	  0.0000E+00	  0.0000E+00	  0.0000E+00	  0.0000E+00	  0.0000E+00	  0.0000E+00	  0.0000E+00	  0.0000E+00	  0.0000E+00	  0.0000E+00	  0.0000E+00	  0.0000E+00	  0.0000E+00	  0.0000E+00	  0.0000E+00	  0.0000E+00	  2.0156E+00	  4.6489E+00	  1.9372E+01	  4.7889E+01	  1.0499E+02	  1.5125E+02	  1.7228E+02	  2.0141E+02	  2.4101E+02	  2.3903E+02	  2.1628E+02	  2.2233E+02	  2.1003E+02	  2.2224E+02	  2.1238E+02	  2.1973E+02	  2.4509E+02	  2.4149E+02	  2.1190E+02	  1.9480E+02	  2.3166E+02	  2.2594E+02	  1.9547E+02	  2.0460E+02	  1.9243E+02	  1.7785E+02	  1.8933E+02	  1.8603E+02	  1.7199E+02	  1.5622E+02	  1.5689E+02	  1.5409E+02	  1.6661E+02	  1.7489E+02	  1.5898E+02	  1.7799E+02	  1.8655E+02	  1.8858E+02	  1.7562E+02	  1.8918E+02	  2.1774E+02	  2.0157E+02	  1.7388E+02	  1.5725E+02	  1.7554E+02	  2.0375E+02	  2.0520E+02	  2.1098E+02	  1.8529E+02	  1.9698E+02	  1.8822E+02	  1.5079E+02	  1.6742E+02	  1.8854E+02	  1.9020E+02	  2.0002E+02	  2.1567E+02	  2.0171E+02	  1.8857E+02	  1.8242E+02	  1.8850E+02	  2.0179E+02	  2.2179E+02	  2.1630E+02	  2.3957E+02	  2.4110E+02	  2.0402E+02	  2.0201E+02	  1.9904E+02	  1.8648E+02	  1.6933E+02	  1.9075E+02	  2.0368E+02	  2.0711E+02	  2.3884E+02	  2.3048E+02	  2.2731E+02	  1.9119E+02	  1.1424E+02	  5.0148E+01	  1.5984E+01	  1.1019E+00	  1.2950E+00	  7.0494E-02	  0.0000E+00	  0.0000E+00	  0.0000E+00	  0.0000E+00	  0.0000E+00	  0.0000E+00	  0.0000E+00	  0.0000E+00	  0.0000E+00	  0.0000E+00	  0.0000E+00	  0.0000E+00	  0.0000E+00	  0.0000E+00	  0.0000E+00	  0.0000E+00	  0.0000E+00	  0.0000E+00	  0.0000E+00	  0.0000E+00
  0.0000E+00	  0.0000E+00	  0.0000E+00	  0.0000E+00	  0.0000E+00	  0.0000E+00	  0.0000E+00	  0.0000E+00	  0.0000E+00	  0.0000E+00	  0.0000E+00	  0.0000E+00	  0.0000E+00	  0.0000E+00	  0.0000E+00	  0.0000E+00	  0.0000E+00	  0.0000E+00	  0.0000E+00	  0.0000E+00	  0.0000E+00	  0.0000E+00	  0.0000E+00	  0.0000E+00	  8.3331E-01	  4.6366E+00	  1.3233E+01	  4.4864E+01	  1.0325E+02	  1.5588E+02	  1.7743E+02	  2.0063E+02	  2.0798E+02	  2.0908E+02	  2.1299E+02	  2.2100E+02	  1.7951E+02	  1.9020E+02	  2.2112E+02	  2.1510E+02	  2.1026E+02	  2.0270E+02	  1.8972E+02	  2.0526E+02	  2.0909E+02	  2.1530E+02	  2.0726E+02	  1.9672E+02	  1.8784E+02	  1.8978E+02	  1.7317E+02	  1.6201E+02	  1.6921E+02	  1.7341E+02	  1.6370E+02	  1.7083E+02	  1.7926E+02	  1.9148E+02	  1.5512E+02	  1.5499E+02	  1.5856E+02	  1.8954E+02	  1.7101E+02	  1.7038E+02	  1.6680E+02	  1.5346E+02	  1.5418E+02	  1.4674E+02	  1.5251E+02	  1.8458E+02	  1.9154E+02	  2.0563E+02	  1.7254E+02	  1.5773E+02	  1.5644E+02	  1.3222E+02	  1.3955E+02	  1.8555E+02	  1.7039E+02	  1.6994E+02	  1.8346E+02	  1.8621E+02	  1.7840E+02	  1.5895E+02	  1.7154E+02	  1.7731E+02	  1.8140E+02	  1.9916E+02	  2.2486E+02	  2.4288E+02	  1.9329E+02	  1.6511E+02	  1.8790E+02	  1.9645E+02	  1.8567E+02	  2.0231E+02	  2.3720E+02	  2.4247E+02	  2.4846E+02	  2.2522E+02	  2.0595E+02	  1.5539E+02	  7.9765E+01	  3.6242E+01	  1.0625E+01	  2.2984E+00	  1.5990E+00	  2.6091E-01	  0.0000E+00	  0.0000E+00	  0.0000E+00	  0.0000E+00	  0.0000E+00	  0.0000E+00	  0.0000E+00	  0.0000E+00	  0.0000E+00	  0.0000E+00	  0.0000E+00	  0.0000E+00	  0.0000E+00	  0.0000E+00	  0.0000E+00	  0.0000E+00	  0.0000E+00	  0.0000E+00	  0.0000E+00	  0.0000E+00
  0.0000E+00	  0.0000E+00	  0.0000E+00	  0.0000E+00	  0.0000E+00	  0.0000E+00	  0.0000E+00	  0.0000E+00	  0.0000E+00	  0.0000E+00	  0.0000E+00	  0.0000E+00	  0.0000E+00	  0.0000E+00	  0.0000E+00	  0.0000E+00	  0.0000E+00	  0.0000E+00	  0.0000E+00	  0.0000E+00	  0.0000E+00	  0.0000E+00	  0.0000E+00	  0.0000E+00	  7.9605E-01	  3.5460E+00	  1.4972E+01	  3.6665E+01	  8.5848E+01	  1.2601E+02	  1.7691E+02	  2.0650E+02	  2.1695E+02	  1.8774E+02	  2.0579E+02	  1.8761E+02	  1.6229E+02	  1.8610E+02	  2.0147E+02	  2.1571E+02	  2.0953E+02	  1.8958E+02	  1.9107E+02	  1.9303E+02	  1.9150E+02	  1.8504E+02	  1.9715E+02	  1.8120E+02	  1.7839E+02	  1.8874E+02	  1.8531E+02	  1.7758E+02	  1.6150E+02	  1.7552E+02	  1.9060E+02	  1.5700E+02	  1.4855E+02	  1.7814E+02	  1.7102E+02	  1.7146E+02	  1.6654E+02	  1.7826E+02	  1.6319E+02	  1.6301E+02	  1.5978E+02	  1.4490E+02	  1.4578E+02	  1.5206E+02	  1.4860E+02	  1.4874E+02	  1.7175E+02	  1.7609E+02	  1.5765E+02	  1.3118E+02	  1.1996E+02	  1.2295E+02	  1.4605E+02	  1.6455E+02	  1.7257E+02	  1.6746E+02	  1.6991E+02	  1.6951E+02	  1.4330E+02	  1.3584E+02	  1.7291E+02	  1.7679E+02	  1.9114E+02	  1.9436E+02	  2.1215E+02	  2.0338E+02	  1.6949E+02	  1.6358E+02	  1.9159E+02	  2.1264E+02	  2.5281E+02	  2.4799E+02	  2.8224E+02	  2.8477E+02	  2.6230E+02	  2.3415E+02	  1.9289E+02	  1.1860E+02	  5.6559E+01	  2.0250E+01	  6.9183E+00	  3.6352E+00	  1.3236E+00	  3.1112E-01	  0.0000E+00	  0.0000E+00	  0.0000E+00	  0.0000E+00	  0.0000E+00	  0.0000E+00	  0.0000E+00	  0.0000E+00	  0.0000E+00	  0.0000E+00	  0.0000E+00	  0.0000E+00	  0.0000E+00	  0.0000E+00	  0.0000E+00	  0.0000E+00	  0.0000E+00	  0.0000E+00	  0.0000E+00	  0.0000E+00
  0.0000E+00	  0.0000E+00	  0.0000E+00	  0.0000E+00	  0.0000E+00	  0.0000E+00	  0.0000E+00	  0.0000E+00	  0.0000E+00	  0.0000E+00	  0.0000E+00	  0.0000E+00	  0.0000E+00	  0.0000E+00	  0.0000E+00	  0.0000E+00	  0.0000E+00	  0.0000E+00	  0.0000E+00	  0.0000E+00	  0.0000E+00	  0.0000E+00	  0.0000E+00	  0.0000E+00	  1.5640E-02	  1.8187E+00	  1.5112E+01	  2.5169E+01	  5.1876E+01	  1.0721E+02	  1.7517E+02	  2.4100E+02	  2.4300E+02	  2.2956E+02	  2.3097E+02	  2.1878E+02	  1.8824E+02	  2.1705E+02	  1.9318E+02	  1.9682E+02	  2.0414E+02	  1.7725E+02	  1.5854E+02	  1.7376E+02	  1.5218E+02	  1.4791E+02	  1.6077E+02	  1.6715E+02	  1.4947E+02	  1.6718E+02	  1.7890E+02	  1.7046E+02	  1.5852E+02	  1.6410E+02	  1.7663E+02	  1.6906E+02	  1.4202E+02	  1.5030E+02	  1.5260E+02	  1.5080E+02	  1.5319E+02	  1.5114E+02	  1.4784E+02	  1.4245E+02	  1.3681E+02	  1.1469E+02	  1.1296E+02	  1.3260E+02	  1.3006E+02	  1.2599E+02	  1.4725E+02	  1.4628E+02	  1.3506E+02	  1.1899E+02	  1.0180E+02	  8.9244E+01	  1.1841E+02	  1.6189E+02	  1.7851E+02	  1.7634E+02	  1.5236E+02	  1.4348E+02	  1.3975E+02	  1.4435E+02	  1.3536E+02	  1.6344E+02	  1.7276E+02	  1.9638E+02	  1.8887E+02	  1.9624E+02	  1.6917E+02	  1.6694E+02	  1.8075E+02	  2.0492E+02	  2.4627E+02	  2.6004E+02	  2.7320E+02	  2.8046E+02	  2.7220E+02	  2.4568E+02	  1.9297E+02	  9.9719E+01	  4.2926E+01	  7.7290E+00	  3.7917E+00	  3.0277E+00	  4.6095E-01	  0.0000E+00	  0.0000E+00	  0.0000E+00	  0.0000E+00	  0.0000E+00	  0.0000E+00	  0.0000E+00	  0.0000E+00	  0.0000E+00	  0.0000E+00	  0.0000E+00	  0.0000E+00	  0.0000E+00	  0.0000E+00	  0.0000E+00	  0.0000E+00	  0.0000E+00	  0.0000E+00	  0.0000E+00	  0.0000E+00	  0.0000E+00
  0.0000E+00	  0.0000E+00	  0.0000E+00	  0.0000E+00	  0.0000E+00	  0.0000E+00	  0.0000E+00	  0.0000E+00	  0.0000E+00	  0.0000E+00	  0.0000E+00	  0.0000E+00	  0.0000E+00	  0.0000E+00	  0.0000E+00	  0.0000E+00	  0.0000E+00	  0.0000E+00	  0.0000E+00	  0.0000E+00	  0.0000E+00	  0.0000E+00	  0.0000E+00	  0.0000E+00	  0.0000E+00	  1.1479E+00	  9.2679E+00	  2.3385E+01	  5.2522E+01	  1.0981E+02	  1.6504E+02	  2.1775E+02	  2.5216E+02	  2.7292E+02	  2.8183E+02	  2.8210E+02	  2.5268E+02	  2.5535E+02	  2.0048E+02	  1.8046E+02	  1.7861E+02	  1.5891E+02	  1.6009E+02	  1.7130E+02	  1.4461E+02	  1.7245E+02	  1.6392E+02	  1.4879E+02	  1.2847E+02	  1.6526E+02	  1.7073E+02	  1.6691E+02	  1.5875E+02	  1.7132E+02	  1.8433E+02	  1.5746E+02	  1.6400E+02	  1.6268E+02	  1.4142E+02	  1.4013E+02	  1.3618E+02	  1.2426E+02	  1.3676E+02	  1.2791E+02	  1.2554E+02	  1.2287E+02	  1.0338E+02	  1.1785E+02	  1.2748E+02	  1.3608E+02	  1.4421E+02	  1.3198E+02	  1.2230E+02	  1.3210E+02	  1.1572E+02	  1.0248E+02	  1.2156E+02	  1.8747E+02	  1.8419E+02	  1.7019E+02	  1.5498E+02	  1.2969E+02	  1.2841E+02	  1.6396E+02	  1.3934E+02	  1.6268E+02	  1.8471E+02	  2.0328E+02	  1.8609E+02	  1.9447E+02	  1.8323E+02	  1.6907E+02	  1.6435E+02	  2.1914E+02	  2.4793E+02	  2.3490E+02	  2.5739E+02	  3.0237E+02	  2.9423E+02	  2.5126E+02	  1.6323E+02	  8.0284E+01	  2.6650E+01	  6.4069E+00	  9.9936E-01	  4.1844E-01	  0.0000E+00	  0.0000E+00	  0.0000E+00	  0.0000E+00	  0.0000E+00	  0.0000E+00	  0.0000E+00	  0.0000E+00	  0.0000E+00	  0.0000E+00	  0.0000E+00	  0.0000E+00	  0.0000E+00	  0.0000E+00	  0.0000E+00	  0.0000E+00	  0.0000E+00	  0.0000E+00	  0.0000E+00	  0.0000E+00	  0.0000E+00	  0.0000E+00
  0.0000E+00	  0.0000E+00	  0.0000E+00	  0.0000E+00	  0.0000E+00	  0.0000E+00	  0.0000E+00	  0.0000E+00	  0.0000E+00	  0.0000E+00	  0.0000E+00	  0.0000E+00	  0.0000E+00	  0.0000E+00	  0.0000E+00	  0.0000E+00	  0.0000E+00	  0.0000E+00	  0.0000E+00	  0.0000E+00	  0.0000E+00	  0.0000E+00	  0.0000E+00	  0.0000E+00	  0.0000E+00	  1.3944E-02	  3.2708E+00	  1.0333E+01	  2.4724E+01	  7.4781E+01	  1.3048E+02	  1.8973E+02	  2.4379E+02	  2.8162E+02	  2.7863E+02	  2.7689E+02	  2.3584E+02	  2.3274E+02	  1.9326E+02	  1.7895E+02	  1.5015E+02	  1.6603E+02	  1.5865E+02	  1.5604E+02	  1.5619E+02	  1.7971E+02	  1.6524E+02	  1.3330E+02	  1.3253E+02	  1.4733E+02	  1.6596E+02	  1.6585E+02	  1.6497E+02	  1.5215E+02	  1.6528E+02	  1.6334E+02	  1.7533E+02	  1.7557E+02	  1.4934E+02	  1.2902E+02	  1.1932E+02	  8.6745E+01	  1.0057E+02	  1.1922E+02	  1.3196E+02	  1.1696E+02	  1.1990E+02	  1.0912E+02	  1.3719E+02	  1.3037E+02	  1.3214E+02	  1.4373E+02	  1.4580E+02	  1.1896E+02	  1.3634E+02	  1.3690E+02	  1.4365E+02	  1.7075E+02	  1.7430E+02	  1.8736E+02	  1.7107E+02	  1.4878E+02	  1.4969E+02	  1.5370E+02	  1.7715E+02	  1.6599E+02	  1.6437E+02	  1.8778E+02	  1.8786E+02	  1.7675E+02	  1.7239E+02	  1.6504E+02	  1.5479E+02	  1.9956E+02	  2.0508E+02	  2.0988E+02	  2.3280E+02	  2.4276E+02	  2.4699E+02	  1.9310E+02	  1.2121E+02	  5.4867E+01	  1.9788E+01	  5.5270E+00	  6.3798E-01	  0.0000E+00	  0.0000E+00	  0.0000E+00	  0.0000E+00	  0.0000E+00	  0.0000E+00	  0.0000E+00	  0.0000E+00	  0.0000E+00	  0.0000E+00	  0.0000E+00	  0.0000E+00	  0.0000E+00	  0.0000E+00	  0.0000E+00	  0.0000E+00	  0.0000E+00	  0.0000E+00	  0.0000E+00	  0.0000E+00	  0.0000E+00	  0.0000E+00	  0.0000E+00
  0.0000E+00	  0.0000E+00	  0.0000E+00	  0.0000E+00	  0.0000E+00	  0.0000E+00	  0.0000E+00	  0.0000E+00	  0.0000E+00	  0.0000E+00	  0.0000E+00	  0.0000E+00	  0.0000E+00	  0.0000E+00	  0.0000E+00	  0.0000E+00	  0.0000E+00	  0.0000E+00	  0.0000E+00	  0.0000E+00	  0.0000E+00	  0.0000E+00	  0.0000E+00	  0.0000E+00	  0.0000E+00	  0.0000E+00	  1.8596E+00	  7.8003E+00	  1.9299E+01	  4.6619E+01	  9.7874E+01	  1.4613E+02	  1.9874E+02	  2.3761E+02	  2.4735E+02	  2.1127E+02	  1.7702E+02	  1.8574E+02	  2.0002E+02	  1.9228E+02	  1.7109E+02	  1.5489E+02	  1.6232E+02	  1.5869E+02	  1.7316E+02	  1.6874E+02	  1.7657E+02	  1.4691E+02	  1.2070E+02	  1.4353E+02	  1.5820E+02	  1.4852E+02	  1.5664E+02	  1.4879E+02	  1.4761E+02	  1.5779E+02	  1.7073E+02	  1.6945E+02	  1.4420E+02	  1.2896E+02	  1.1519E+02	  7.6990E+01	  7.4046E+01	  9.1295E+01	  1.2125E+02	  1.3159E+02	  1.1414E+02	  1.0415E+02	  1.3106E+02	  1.4782E+02	  1.6388E+02	  1.6862E+02	  1.4659E+02	  1.2223E+02	  1.3503E+02	  1.3992E+02	  1.3610E+02	  1.5139E+02	  1.5203E+02	  1.6194E+02	  1.5942E+02	  1.6260E+02	  1.7180E+02	  1.5864E+02	  1.6364E+02	  1.6572E+02	  1.7478E+02	  1.8686E+02	  1.9665E+02	  1.9312E+02	  1.8147E+02	  1.7529E+02	  1.8474E+02	  2.0574E+02	  2.0877E+02	  2.2527E+02	  2.2102E+02	  2.0301E+02	  1.7583E+02	  1.1162E+02	  7.2396E+01	  3.7041E+01	  1.3225E+01	  6.3082E+00	  2.8690E-01	  0.0000E+00	  0.0000E+00	  0.0000E+00	  0.0000E+00	  0.0000E+00	  0.0000E+00	  0.0000E+00	  0.0000E+00	  0.0000E+00	  0.0000E+00	  0.0000E+00	  0.0000E+00	  0.0000E+00	  0.0000E+00	  0.0000E+00	  0.0000E+00	  0.0000E+00	  0.0000E+00	  0.0000E+00	  0.0000E+00	  0.0000E+00	  0.0000E+00	  0.0000E+00
  0.0000E+00	  0.0000E+00	  0.0000E+00	  0.0000E+00	  0.0000E+00	  0.0000E+00	  0.0000E+00	  0.0000E+00	  0.0000E+00	  0.0000E+00	  0.0000E+00	  0.0000E+00	  0.0000E+00	  0.0000E+00	  0.0000E+00	  0.0000E+00	  0.0000E+00	  0.0000E+00	  0.0000E+00	  0.0000E+00	  0.0000E+00	  0.0000E+00	  0.0000E+00	  0.0000E+00	  0.0000E+00	  3.7976E-01	  1.3816E+00	  3.4148E+00	  8.9125E+00	  2.5446E+01	  5.6686E+01	  9.7415E+01	  1.4924E+02	  2.0127E+02	  2.0982E+02	  1.9390E+02	  1.7805E+02	  1.6977E+02	  1.8510E+02	  2.0432E+02	  2.0368E+02	  1.6332E+02	  1.5838E+02	  1.6257E+02	  1.8307E+02	  1.7165E+02	  1.6121E+02	  1.5131E+02	  1.5375E+02	  1.2600E+02	  1.3094E+02	  1.2965E+02	  1.1797E+02	  1.3222E+02	  1.3591E+02	  1.5666E+02	  1.5817E+02	  1.6001E+02	  1.2259E+02	  1.1116E+02	  1.1881E+02	  9.3690E+01	  1.0690E+02	  1.0505E+02	  1.2103E+02	  1.4954E+02	  1.1447E+02	  1.0230E+02	  1.3542E+02	  1.4901E+02	  1.3951E+02	  1.3046E+02	  1.1833E+02	  1.3063E+02	  1.3339E+02	  1.5106E+02	  1.3798E+02	  1.5012E+02	  1.3257E+02	  1.2776E+02	  1.4306E+02	  1.6326E+02	  1.4761E+02	  1.3834E+02	  1.5113E+02	  1.4996E+02	  1.5565E+02	  1.8960E+02	  1.8714E+02	  1.9558E+02	  2.0495E+02	  2.1152E+02	  2.2055E+02	  2.3417E+02	  2.5311E+02	  2.5306E+02	  2.1722E+02	  1.7659E+02	  1.2452E+02	  7.5460E+01	  4.9735E+01	  1.8800E+01	  8.6156E+00	  2.3604E+00	  4.0198E-02	  0.0000E+00	  0.0000E+00	  0.0000E+00	  0.0000E+00	  0.0000E+00	  0.0000E+00	  0.0000E+00	  0.0000E+00	  0.0000E+00	  0.0000E+00	  0.0000E+00	  0.0000E+00	  0.0000E+00	  0.0000E+00	  0.0000E+00	  0.0000E+00	  0.0000E+00	  0.0000E+00	  0.0000E+00	  0.0000E+00	  0.0000E+00	  0.0000E+00	  0.0000E+00
  0.0000E+00	  0.0000E+00	  0.0000E+00	  0.0000E+00	  0.0000E+00	  0.0000E+00	  0.0000E+00	  0.0000E+00	  0.0000E+00	  0.0000E+00	  0.0000E+00	  0.0000E+00	  0.0000E+00	  0.0000E+00	  0.0000E+00	  0.0000E+00	  0.0000E+00	  0.0000E+00	  0.0000E+00	  0.0000E+00	  0.0000E+00	  0.0000E+00	  0.0000E+00	  0.0000E+00	  0.0000E+00	  1.0215E-01	  1.0964E-01	  6.2185E-01	  3.6883E+00	  1.7365E+01	  4.4700E+01	  8.4224E+01	  1.2461E+02	  1.7266E+02	  1.8638E+02	  1.8452E+02	  2.1348E+02	  1.9202E+02	  2.0086E+02	  2.1120E+02	  1.9124E+02	  1.7970E+02	  1.6301E+02	  1.6258E+02	  1.5788E+02	  1.6784E+02	  1.6238E+02	  1.6617E+02	  1.4164E+02	  1.3971E+02	  1.3580E+02	  1.3441E+02	  1.3156E+02	  1.3576E+02	  1.4730E+02	  1.3336E+02	  1.3671E+02	  1.2557E+02	  1.1483E+02	  1.1984E+02	  1.0888E+02	  1.3406E+02	  1.4924E+02	  1.4206E+02	  1.3505E+02	  1.4482E+02	  1.3090E+02	  1.3933E+02	  1.5226E+02	  1.5638E+02	  1.2696E+02	  1.2526E+02	  1.0749E+02	  1.2629E+02	  1.4075E+02	  1.4293E+02	  1.3386E+02	  1.4044E+02	  1.3241E+02	  1.3715E+02	  1.3398E+02	  1.3789E+02	  1.1922E+02	  1.1541E+02	  1.3179E+02	  1.3188E+02	  1.5227E+02	  1.6569E+02	  1.8817E+02	  2.0830E+02	  2.2591E+02	  2.2613E+02	  2.4007E+02	  2.5474E+02	  2.5824E+02	  2.6264E+02	  1.9476E+02	  1.3746E+02	  7.3925E+01	  5.3172E+01	  2.1677E+01	  1.0474E+01	  5.0017E+00	  2.1597E-01	  0.0000E+00	  0.0000E+00	  0.0000E+00	  0.0000E+00	  0.0000E+00	  0.0000E+00	  0.0000E+00	  0.0000E+00	  0.0000E+00	  0.0000E+00	  0.0000E+00	  0.0000E+00	  0.0000E+00	  0.0000E+00	  0.0000E+00	  0.0000E+00	  0.0000E+00	  0.0000E+00	  0.0000E+00	  0.0000E+00	  0.0000E+00	  0.0000E+00	  0.0000E+00	  0.0000E+00
  0.0000E+00	  0.0000E+00	  0.0000E+00	  0.0000E+00	  0.0000E+00	  0.0000E+00	  0.0000E+00	  0.0000E+00	  0.0000E+00	  0.0000E+00	  0.0000E+00	  0.0000E+00	  0.0000E+00	  0.0000E+00	  0.0000E+00	  0.0000E+00	  0.0000E+00	  0.0000E+00	  0.0000E+00	  0.0000E+00	  0.0000E+00	  0.0000E+00	  0.0000E+00	  0.0000E+00	  0.0000E+00	  0.0000E+00	  0.0000E+00	  1.3177E+00	  6.5790E-01	  4.9942E+00	  2.5126E+01	  5.2490E+01	  8.6692E+01	  1.3773E+02	  1.6874E+02	  1.8843E+02	  2.1196E+02	  2.0691E+02	  2.1648E+02	  2.1761E+02	  2.0583E+02	  1.5620E+02	  1.7733E+02	  1.9093E+02	  1.6609E+02	  1.6649E+02	  1.5037E+02	  1.6610E+02	  1.5324E+02	  1.2284E+02	  1.1074E+02	  1.3422E+02	  1.4427E+02	  1.2661E+02	  1.1658E+02	  1.1022E+02	  1.1693E+02	  1.2592E+02	  1.1780E+02	  1.2199E+02	  9.6853E+01	  1.2489E+02	  1.3955E+02	  1.3819E+02	  1.3755E+02	  1.3411E+02	  1.3665E+02	  1.4687E+02	  1.5128E+02	  1.3112E+02	  1.2124E+02	  1.4145E+02	  1.2430E+02	  1.3376E+02	  1.4253E+02	  1.2882E+02	  1.3159E+02	  1.2660E+02	  1.2664E+02	  1.3453E+02	  1.2399E+02	  1.1570E+02	  1.1668E+02	  1.1339E+02	  1.1148E+02	  1.3384E+02	  1.6046E+02	  1.6794E+02	  1.7329E+02	  2.1530E+02	  2.2252E+02	  2.3240E+02	  2.4056E+02	  2.7463E+02	  2.4767E+02	  2.2526E+02	  1.5354E+02	  1.0958E+02	  5.8490E+01	  3.1798E+01	  1.3703E+01	  2.9285E+00	  5.8628E-01	  1.7575E-02	  0.0000E+00	  0.0000E+00	  0.0000E+00	  0.0000E+00	  0.0000E+00	  0.0000E+00	  0.0000E+00	  0.0000E+00	  0.0000E+00	  0.0000E+00	  0.0000E+00	  0.0000E+00	  0.0000E+00	  0.0000E+00	  0.0000E+00	  0.0000E+00	  0.0000E+00	  0.0000E+00	  0.0000E+00	  0.0000E+00	  0.0000E+00	  0.0000E+00	  0.0000E+00	  0.0000E+00
  0.0000E+00	  0.0000E+00	  0.0000E+00	  0.0000E+00	  0.0000E+00	  0.0000E+00	  0.0000E+00	  0.0000E+00	  0.0000E+00	  0.0000E+00	  0.0000E+00	  0.0000E+00	  0.0000E+00	  0.0000E+00	  0.0000E+00	  0.0000E+00	  0.0000E+00	  0.0000E+00	  0.0000E+00	  0.0000E+00	  0.0000E+00	  0.0000E+00	  0.0000E+00	  0.0000E+00	  0.0000E+00	  0.0000E+00	  0.0000E+00	  6.4082E-01	  5.5770E-01	  3.1965E+00	  1.3813E+01	  4.0222E+01	  5.6333E+01	  9.0543E+01	  1.1626E+02	  1.5135E+02	  2.0770E+02	  2.2796E+02	  2.3007E+02	  2.2340E+02	  1.9842E+02	  1.9226E+02	  2.2057E+02	  2.2409E+02	  1.9746E+02	  1.8742E+02	  1.6132E+02	  1.5173E+02	  1.4188E+02	  1.2721E+02	  1.0751E+02	  1.2941E+02	  1.4247E+02	  1.3680E+02	  1.1557E+02	  1.2036E+02	  1.2889E+02	  1.2671E+02	  1.1249E+02	  1.0853E+02	  1.0277E+02	  1.1541E+02	  1.0820E+02	  1.2644E+02	  1.2369E+02	  1.3164E+02	  1.4096E+02	  1.3781E+02	  1.3413E+02	  1.0502E+02	  1.1969E+02	  1.3066E+02	  1.3577E+02	  1.2683E+02	  1.2477E+02	  1.2555E+02	  1.0653E+02	  1.0971E+02	  1.2109E+02	  1.3749E+02	  1.2622E+02	  1.2027E+02	  1.2058E+02	  1.3742E+02	  1.2886E+02	  1.4346E+02	  1.5925E+02	  1.4878E+02	  1.7057E+02	  2.0352E+02	  1.9490E+02	  2.0567E+02	  2.0689E+02	  2.1119E+02	  2.0954E+02	  1.6727E+02	  1.1184E+02	  6.3823E+01	  3.5130E+01	  1.9451E+01	  9.5813E+00	  4.1111E+00	  6.0888E-01	  0.0000E+00	  0.0000E+00	  0.0000E+00	  0.0000E+00	  0.0000E+00	  0.0000E+00	  0.0000E+00	  0.0000E+00	  0.0000E+00	  0.0000E+00	  0.0000E+00	  0.0000E+00	  0.0000E+00	  0.0000E+00	  0.0000E+00	  0.0000E+00	  0.0000E+00	  0.0000E+00	  0.0000E+00	  0.0000E+00	  0.0000E+00	  0.0000E+00	  0.0000E+00	  0.0000E+00	  0.0000E+00
  0.0000E+00	  0.0000E+00	  0.0000E+00	  0.0000E+00	  0.0000E+00	  0.0000E+00	  0.0000E+00	  0.0000E+00	  0.0000E+00	  0.0000E+00	  0.0000E+00	  0.0000E+00	  0.0000E+00	  0.0000E+00	  0.0000E+00	  0.0000E+00	  0.0000E+00	  0.0000E+00	  0.0000E+00	  0.0000E+00	  0.0000E+00	  0.0000E+00	  0.0000E+00	  0.0000E+00	  0.0000E+00	  0.0000E+00	  0.0000E+00	  0.0000E+00	  1.3808E-01	  1.7003E+00	  8.2836E+00	  2.0000E+01	  2.8659E+01	  4.9365E+01	  6.3238E+01	  8.7706E+01	  1.4186E+02	  1.9935E+02	  1.9033E+02	  2.0832E+02	  1.8801E+02	  1.8631E+02	  2.3263E+02	  2.3760E+02	  2.0722E+02	  1.7355E+02	  1.6290E+02	  1.4772E+02	  1.4695E+02	  1.4486E+02	  1.3518E+02	  1.5046E+02	  1.5551E+02	  1.4183E+02	  1.4760E+02	  1.3354E+02	  1.3192E+02	  1.1834E+02	  1.2242E+02	  1.2118E+02	  1.1610E+02	  1.3127E+02	  1.2624E+02	  1.1839E+02	  1.0665E+02	  1.2249E+02	  1.2444E+02	  1.2026E+02	  1.2172E+02	  1.1898E+02	  1.1590E+02	  1.2506E+02	  1.2731E+02	  1.4007E+02	  1.3727E+02	  1.3386E+02	  1.0315E+02	  1.0415E+02	  1.2440E+02	  1.4771E+02	  1.3967E+02	  1.4996E+02	  1.5187E+02	  1.6747E+02	  1.6650E+02	  1.6806E+02	  1.7780E+02	  1.7863E+02	  2.1179E+02	  2.2983E+02	  1.9365E+02	  1.8548E+02	  1.6479E+02	  1.5573E+02	  1.3031E+02	  9.7064E+01	  5.5476E+01	  2.8374E+01	  7.5298E+00	  2.8465E+00	  1.8578E+00	  9.7201E-01	  0.0000E+00	  0.0000E+00	  0.0000E+00	  0.0000E+00	  0.0000E+00	  0.0000E+00	  0.0000E+00	  0.0000E+00	  0.0000E+00	  0.0000E+00	  0.0000E+00	  0.0000E+00	  0.0000E+00	  0.0000E+00	  0.0000E+00	  0.0000E+00	  0.0000E+00	  0.0000E+00	  0.0000E+00	  0.0000E+00	  0.0000E+00	  0.0000E+00	  0.0000E+00	  0.0000E+00	  0.0000E+00	  0.0000E+00
  0.0000E+00	  0.0000E+00	  0.0000E+00	  0.0000E+00	  0.0000E+00	  0.0000E+00	  0.0000E+00	  0.0000E+00	  0.0000E+00	  0.0000E+00	  0.0000E+00	  0.0000E+00	  0.0000E+00	  0.0000E+00	  0.0000E+00	  0.0000E+00	  0.0000E+00	  0.0000E+00	  0.0000E+00	  0.0000E+00	  0.0000E+00	  0.0000E+00	  0.0000E+00	  0.0000E+00	  0.0000E+00	  0.0000E+00	  0.0000E+00	  0.0000E+00	  0.0000E+00	  1.1579E-02	  2.0915E+00	  4.0594E+00	  7.2785E+00	  2.1046E+01	  2.6075E+01	  4.4410E+01	  7.4946E+01	  1.0830E+02	  1.4886E+02	  1.5844E+02	  1.6256E+02	  1.6539E+02	  1.9313E+02	  1.9502E+02	  1.6320E+02	  1.4277E+02	  1.4587E+02	  1.4241E+02	  1.3953E+02	  1.4344E+02	  1.5218E+02	  1.5538E+02	  1.8446E+02	  1.8592E+02	  1.6722E+02	  1.4915E+02	  1.4228E+02	  1.3985E+02	  1.2753E+02	  1.4600E+02	  1.3541E+02	  1.2883E+02	  1.1923E+02	  1.1670E+02	  1.1859E+02	  1.2397E+02	  1.2126E+02	  1.2799E+02	  1.1648E+02	  1.1072E+02	  1.1549E+02	  1.2075E+02	  1.4253E+02	  1.4367E+02	  1.4803E+02	  1.5189E+02	  1.3440E+02	  1.1028E+02	  1.2208E+02	  1.5306E+02	  1.4555E+02	  1.5400E+02	  1.6426E+02	  1.6985E+02	  1.8051E+02	  1.6964E+02	  1.8769E+02	  1.8209E+02	  2.0992E+02	  2.1411E+02	  1.9682E+02	  1.5978E+02	  1.3252E+02	  9.4546E+01	  9.0130E+01	  5.7607E+01	  3.0115E+01	  1.6283E+01	  2.1937E+00	  0.0000E+00	  2.0252E-01	  7.3350E-02	  0.0000E+00	  0.0000E+00	  0.0000E+00	  0.0000E+00	  0.0000E+00	  0.0000E+00	  0.0000E+00	  0.0000E+00	  0.0000E+00	  0.0000E+00	  0.0000E+00	  0.0000E+00	  0.0000E+00	  0.0000E+00	  0.0000E+00	  0.0000E+00	  0.0000E+00	  0.0000E+00	  0.0000E+00	  0.0000E+00	  0.0000E+00	  0.0000E+00	  0.0000E+00	  0.0000E+00	  0.0000E+00	  0.0000E+00
  0.0000E+00	  0.0000E+00	  0.0000E+00	  0.0000E+00	  0.0000E+00	  0.0000E+00	  0.0000E+00	  0.0000E+00	  0.0000E+00	  0.0000E+00	  0.0000E+00	  0.0000E+00	  0.0000E+00	  0.0000E+00	  0.0000E+00	  0.0000E+00	  0.0000E+00	  0.0000E+00	  0.0000E+00	  0.0000E+00	  0.0000E+00	  0.0000E+00	  0.0000E+00	  0.0000E+00	  0.0000E+00	  0.0000E+00	  0.0000E+00	  0.0000E+00	  0.0000E+00	  7.9755E-02	  1.7191E+00	  6.4783E-01	  7.2925E-01	  6.3673E+00	  1.4645E+01	  1.6241E+01	  2.6325E+01	  5.2336E+01	  6.5549E+01	  9.1585E+01	  1.0913E+02	  1.2302E+02	  1.5123E+02	  1.5312E+02	  1.2779E+02	  1.3339E+02	  1.2935E+02	  1.4971E+02	  1.5795E+02	  1.4990E+02	  1.7375E+02	  1.6811E+02	  2.0443E+02	  2.1647E+02	  1.7730E+02	  1.5317E+02	  1.3682E+02	  1.3935E+02	  1.4646E+02	  1.7427E+02	  1.5550E+02	  1.5162E+02	  1.5510E+02	  1.3658E+02	  1.2791E+02	  1.1323E+02	  1.3157E+02	  1.5812E+02	  1.3408E+02	  1.2534E+02	  1.3718E+02	  1.5137E+02	  1.6092E+02	  1.4447E+02	  1.2304E+02	  1.2495E+02	  1.4981E+02	  1.4956E+02	  1.4913E+02	  1.6410E+02	  1.5722E+02	  1.5145E+02	  1.6648E+02	  1.5798E+02	  1.5138E+02	  1.5814E+02	  1.6422E+02	  1.5735E+02	  1.3641E+02	  1.3182E+02	  1.2708E+02	  1.0955E+02	  8.5952E+01	  4.9758E+01	  3.6326E+01	  2.3149E+01	  8.2306E+00	  5.8479E+00	  8.5840E-01	  0.0000E+00	  0.0000E+00	  0.0000E+00	  0.0000E+00	  0.0000E+00	  0.0000E+00	  0.0000E+00	  0.0000E+00	  0.0000E+00	  0.0000E+00	  0.0000E+00	  0.0000E+00	  0.0000E+00	  0.0000E+00	  0.0000E+00	  0.0000E+00	  0.0000E+00	  0.0000E+00	  0.0000E+00	  0.0000E+00	  0.0000E+00	  0.0000E+00	  0.0000E+00	  0.0000E+00	  0.0000E+00	  0.0000E+00	  0.0000E+00	  0.0000E+00	  0.0000E+00
  0.0000E+00	  0.0000E+00	  0.0000E+00	  0.0000E+00	  0.0000E+00	  0.0000E+00	  0.0000E+00	  0.0000E+00	  0.0000E+00	  0.0000E+00	  0.0000E+00	  0.0000E+00	  0.0000E+00	  0.0000E+00	  0.0000E+00	  0.0000E+00	  0.0000E+00	  0.0000E+00	  0.0000E+00	  0.0000E+00	  0.0000E+00	  0.0000E+00	  0.0000E+00	  0.0000E+00	  0.0000E+00	  0.0000E+00	  0.0000E+00	  0.0000E+00	  0.0000E+00	  5.8667E-02	  9.1993E-01	  2.2161E-02	  0.0000E+00	  1.3345E+00	  2.8757E+00	  3.5474E+00	  7.4181E+00	  1.9694E+01	  2.9840E+01	  4.1189E+01	  5.5005E+01	  8.0036E+01	  9.5710E+01	  1.0357E+02	  9.8281E+01	  9.7511E+01	  1.0880E+02	  1.3681E+02	  1.6404E+02	  1.3303E+02	  1.3775E+02	  1.6058E+02	  2.0386E+02	  2.0010E+02	  1.5566E+02	  1.3700E+02	  1.1689E+02	  1.2695E+02	  1.4276E+02	  1.7077E+02	  1.7486E+02	  1.6398E+02	  1.4514E+02	  1.6214E+02	  1.4365E+02	  1.1521E+02	  1.2762E+02	  1.3805E+02	  1.4338E+02	  1.4676E+02	  1.5633E+02	  1.9355E+02	  1.7864E+02	  1.3659E+02	  1.1885E+02	  1.4073E+02	  1.8110E+02	  1.7410E+02	  1.6594E+02	  1.4452E+02	  1.5185E+02	  1.2850E+02	  1.4258E+02	  1.2126E+02	  1.3228E+02	  1.3688E+02	  1.2460E+02	  9.5830E+01	  7.8462E+01	  7.4900E+01	  5.4884E+01	  4.5548E+01	  3.5783E+01	  1.8573E+01	  1.3228E+01	  6.9069E+00	  1.8683E+00	  3.5380E-01	  1.9511E-02	  0.0000E+00	  0.0000E+00	  0.0000E+00	  0.0000E+00	  0.0000E+00	  0.0000E+00	  0.0000E+00	  0.0000E+00	  0.0000E+00	  0.0000E+00	  0.0000E+00	  0.0000E+00	  0.0000E+00	  0.0000E+00	  0.0000E+00	  0.0000E+00	  0.0000E+00	  0.0000E+00	  0.0000E+00	  0.0000E+00	  0.0000E+00	  0.0000E+00	  0.0000E+00	  0.0000E+00	  0.0000E+00	  0.0000E+00	  0.0000E+00	  0.0000E+00	  0.0000E+00
  0.0000E+00	  0.0000E+00	  0.0000E+00	  0.0000E+00	  0.0000E+00	  0.0000E+00	  0.0000E+00	  0.0000E+00	  0.0000E+00	  0.0000E+00	  0.0000E+00	  0.0000E+00	  0.0000E+00	  0.0000E+00	  0.0000E+00	  0.0000E+00	  0.0000E+00	  0.0000E+00	  0.0000E+00	  0.0000E+00	  0.0000E+00	  0.0000E+00	  0.0000E+00	  0.0000E+00	  0.0000E+00	  0.0000E+00	  0.0000E+00	  0.0000E+00	  0.0000E+00	  0.0000E+00	  0.0000E+00	  0.0000E+00	  0.0000E+00	  2.0118E-01	  3.2600E-01	  3.7902E-01	  1.8302E+00	  5.3073E+00	  1.1844E+01	  2.1772E+01	  3.6456E+01	  3.8119E+01	  4.3061E+01	  5.9711E+01	  7.4565E+01	  7.6011E+01	  9.8767E+01	  1.0877E+02	  1.1118E+02	  9.8264E+01	  1.0062E+02	  1.1204E+02	  1.4652E+02	  1.4501E+02	  1.2573E+02	  1.1179E+02	  8.4639E+01	  9.9240E+01	  1.1336E+02	  1.1548E+02	  1.3673E+02	  1.4282E+02	  1.3179E+02	  1.4813E+02	  1.1250E+02	  8.3565E+01	  8.6660E+01	  8.2365E+01	  1.0616E+02	  1.2699E+02	  1.3855E+02	  1.5175E+02	  1.4517E+02	  1.1800E+02	  9.6811E+01	  1.1915E+02	  1.6476E+02	  1.5122E+02	  1.3128E+02	  1.0486E+02	  9.5989E+01	  1.0051E+02	  8.6675E+01	  8.4731E+01	  1.0430E+02	  8.9405E+01	  6.5904E+01	  4.6950E+01	  4.1689E+01	  3.2294E+01	  1.6985E+01	  7.9712E+00	  5.1407E+00	  2.4808E+00	  2.5624E+00	  1.3953E+00	  3.1430E-01	  2.8548E-02	  0.0000E+00	  0.0000E+00	  0.0000E+00	  0.0000E+00	  0.0000E+00	  0.0000E+00	  0.0000E+00	  0.0000E+00	  0.0000E+00	  0.0000E+00	  0.0000E+00	  0.0000E+00	  0.0000E+00	  0.0000E+00	  0.0000E+00	  0.0000E+00	  0.0000E+00	  0.0000E+00	  0.0000E+00	  0.0000E+00	  0.0000E+00	  0.0000E+00	  0.0000E+00	  0.0000E+00	  0.0000E+00	  0.0000E+00	  0.0000E+00	  0.0000E+00	  0.0000E+00	  0.0000E+00
  0.0000E+00	  0.0000E+00	  0.0000E+00	  0.0000E+00	  0.0000E+00	  0.0000E+00	  0.0000E+00	  0.0000E+00	  0.0000E+00	  0.0000E+00	  0.0000E+00	  0.0000E+00	  0.0000E+00	  0.0000E+00	  0.0000E+00	  0.0000E+00	  0.0000E+00	  0.0000E+00	  0.0000E+00	  0.0000E+00	  0.0000E+00	  0.0000E+00	  0.0000E+00	  0.0000E+00	  0.0000E+00	  0.0000E+00	  0.0000E+00	  0.0000E+00	  0.0000E+00	  0.0000E+00	  0.0000E+00	  0.0000E+00	  0.0000E+00	  0.0000E+00	  0.0000E+00	  0.0000E+00	  4.2593E-01	  3.2115E+00	  5.6554E+00	  1.1887E+01	  1.8037E+01	  1.4766E+01	  2.0318E+01	  2.6970E+01	  2.1016E+01	  3.1488E+01	  5.4267E+01	  5.2542E+01	  5.8727E+01	  5.7327E+01	  6.6151E+01	  6.1266E+01	  6.3478E+01	  7.7610E+01	  6.3321E+01	  6.8935E+01	  5.9702E+01	  5.3939E+01	  6.9348E+01	  9.2749E+01	  1.1479E+02	  1.0504E+02	  8.2574E+01	  8.3275E+01	  7.0557E+01	  6.1809E+01	  6.0752E+01	  7.5443E+01	  7.4559E+01	  7.9360E+01	  8.0476E+01	  8.5814E+01	  9.2026E+01	  7.2875E+01	  7.4412E+01	  7.8709E+01	  9.6586E+01	  1.0562E+02	  5.6975E+01	  5.4270E+01	  4.3658E+01	  4.2953E+01	  3.8468E+01	  3.8657E+01	  5.6980E+01	  3.9618E+01	  2.1640E+01	  1.3800E+01	  9.0255E+00	  7.6564E+00	  4.9407E+00	  1.3365E+00	  7.8121E-01	  2.2043E-01	  0.0000E+00	  0.0000E+00	  0.0000E+00	  0.0000E+00	  0.0000E+00	  0.0000E+00	  0.0000E+00	  0.0000E+00	  0.0000E+00	  0.0000E+00	  0.0000E+00	  0.0000E+00	  0.0000E+00	  0.0000E+00	  0.0000E+00	  0.0000E+00	  0.0000E+00	  0.0000E+00	  0.0000E+00	  0.0000E+00	  0.0000E+00	  0.0000E+00	  0.0000E+00	  0.0000E+00	  0.0000E+00	  0.0000E+00	  0.0000E+00	  0.0000E+00	  0.0000E+00	  0.0000E+00	  0.0000E+00	  0.0000E+00	  0.0000E+00	  0.0000E+00
  0.0000E+00	  0.0000E+00	  0.0000E+00	  0.0000E+00	  0.0000E+00	  0.0000E+00	  0.0000E+00	  0.0000E+00	  0.0000E+00	  0.0000E+00	  0.0000E+00	  0.0000E+00	  0.0000E+00	  0.0000E+00	  0.0000E+00	  0.0000E+00	  0.0000E+00	  0.0000E+00	  0.0000E+00	  0.0000E+00	  0.0000E+00	  0.0000E+00	  0.0000E+00	  0.0000E+00	  0.0000E+00	  0.0000E+00	  0.0000E+00	  0.0000E+00	  0.0000E+00	  0.0000E+00	  0.0000E+00	  0.0000E+00	  0.0000E+00	  0.0000E+00	  0.0000E+00	  0.0000E+00	  2.7723E-03	  8.6969E-01	  2.4371E-01	  1.4579E+00	  2.2212E+00	  2.8716E+00	  4.6323E+00	  7.0948E+00	  5.7232E+00	  9.2124E+00	  1.1144E+01	  1.2956E+01	  2.3561E+01	  2.5391E+01	  2.6554E+01	  2.9680E+01	  2.1574E+01	  2.5537E+01	  2.2082E+01	  3.4092E+01	  2.7706E+01	  3.0696E+01	  3.3383E+01	  4.1254E+01	  7.7481E+01	  7.3827E+01	  5.5410E+01	  5.1799E+01	  2.6584E+01	  2.8479E+01	  3.4250E+01	  4.0591E+01	  3.3081E+01	  3.0898E+01	  4.8580E+01	  4.4228E+01	  4.9812E+01	  3.9844E+01	  3.6188E+01	  4.4331E+01	  4.9122E+01	  4.4586E+01	  3.9964E+01	  2.9569E+01	  1.9452E+01	  1.5467E+01	  1.2151E+01	  1.8840E+01	  1.7740E+01	  1.4654E+01	  7.8252E+00	  3.0877E+00	  1.6397E+00	  9.0269E-01	  9.9680E-01	  7.1632E-01	  0.0000E+00	  0.0000E+00	  0.0000E+00	  0.0000E+00	  0.0000E+00	  0.0000E+00	  0.0000E+00	  0.0000E+00	  0.0000E+00	  0.0000E+00	  0.0000E+00	  0.0000E+00	  0.0000E+00	  0.0000E+00	  0.0000E+00	  0.0000E+00	  0.0000E+00	  0.0000E+00	  0.0000E+00	  0.0000E+00	  0.0000E+00	  0.0000E+00	  0.0000E+00	  0.0000E+00	  0.0000E+00	  0.0000E+00	  0.0000E+00	  0.0000E+00	  0.0000E+00	  0.0000E+00	  0.0000E+00	  0.0000E+00	  0.0000E+00	  0.0000E+00	  0.0000E+00	  0.0000E+00
  0.0000E+00	  0.0000E+00	  0.0000E+00	  0.0000E+00	  0.0000E+00	  0.0000E+00	  0.0000E+00	  0.0000E+00	  0.0000E+00	  0.0000E+00	  0.0000E+00	  0.0000E+00	  0.0000E+00	  0.0000E+00	  0.0000E+00	  0.0000E+00	  0.0000E+00	  0.0000E+00	  0.0000E+00	  0.0000E+00	  0.0000E+00	  0.0000E+00	  0.0000E+00	  0.0000E+00	  0.0000E+00	  0.0000E+00	  0.0000E+00	  0.0000E+00	  0.0000E+00	  0.0000E+00	  0.0000E+00	  0.0000E+00	  0.0000E+00	  0.0000E+00	  0.0000E+00	  0.0000E+00	  1.6600E-03	  3.7255E-01	  0.0000E+00	  0.0000E+00	  0.0000E+00	  6.6528E-02	  3.5217E-01	  1.5663E-01	  8.3639E-01	  1.1384E+00	  2.2765E+00	  4.7213E+00	  9.9278E+00	  9.3037E+00	  1.0245E+01	  7.8746E+00	  7.4115E+00	  3.0012E+00	  2.0932E+00	  4.2265E+00	  1.1811E+01	  1.1028E+01	  1.1695E+01	  1.8973E+01	  3.3675E+01	  2.3635E+01	  2.9583E+01	  2.1720E+01	  8.1570E+00	  8.2025E+00	  1.6682E+01	  2.5508E+01	  1.7545E+01	  1.0862E+01	  1.0604E+01	  1.4945E+01	  1.8584E+01	  1.5003E+01	  1.9207E+01	  1.3552E+01	  2.1589E+01	  1.6946E+01	  1.1783E+01	  1.0324E+01	  7.3902E+00	  4.2016E+00	  3.7544E+00	  3.1056E+00	  7.1865E+00	  4.9365E+00	  1.6610E+00	  1.2178E+00	  0.0000E+00	  0.0000E+00	  2.5298E-02	  8.6001E-03	  0.0000E+00	  0.0000E+00	  0.0000E+00	  0.0000E+00	  0.0000E+00	  0.0000E+00	  0.0000E+00	  0.0000E+00	  0.0000E+00	  0.0000E+00	  0.0000E+00	  0.0000E+00	  0.0000E+00	  0.0000E+00	  0.0000E+00	  0.0000E+00	  0.0000E+00	  0.0000E+00	  0.0000E+00	  0.0000E+00	  0.0000E+00	  0.0000E+00	  0.0000E+00	  0.0000E+00	  0.0000E+00	  0.0000E+00	  0.0000E+00	  0.0000E+00	  0.0000E+00	  0.0000E+00	  0.0000E+00	  0.0000E+00	  0.0000E+00	  0.0000E+00	  0.0000E+00	  0.0000E+00
  0.0000E+00	  0.0000E+00	  0.0000E+00	  0.0000E+00	  0.0000E+00	  0.0000E+00	  0.0000E+00	  0.0000E+00	  0.0000E+00	  0.0000E+00	  0.0000E+00	  0.0000E+00	  0.0000E+00	  0.0000E+00	  0.0000E+00	  0.0000E+00	  0.0000E+00	  0.0000E+00	  0.0000E+00	  0.0000E+00	  0.0000E+00	  0.0000E+00	  0.0000E+00	  0.0000E+00	  0.0000E+00	  0.0000E+00	  0.0000E+00	  0.0000E+00	  0.0000E+00	  0.0000E+00	  0.0000E+00	  0.0000E+00	  0.0000E+00	  0.0000E+00	  0.0000E+00	  0.0000E+00	  0.0000E+00	  0.0000E+00	  0.0000E+00	  0.0000E+00	  0.0000E+00	  0.0000E+00	  0.0000E+00	  0.0000E+00	  0.0000E+00	  6.6638E-01	  1.1809E+00	  2.1242E+00	  2.3054E+00	  2.8372E+00	  1.1566E+00	  4.3169E-01	  2.8394E-01	  0.0000E+00	  0.0000E+00	  1.0619E-02	  3.3228E+00	  3.0561E+00	  2.0991E+00	  4.4814E+00	  8.0787E+00	  6.9204E+00	  7.1712E+00	  6.3056E+00	  5.0564E+00	  2.9963E+00	  4.0441E+00	  8.8804E+00	  4.6261E+00	  6.2402E+00	  2.1498E+00	  3.4705E+00	  2.5834E+00	  3.7888E+00	  4.9676E+00	  3.8454E+00	  7.4470E+00	  4.9961E+00	  3.9212E+00	  1.5627E+00	  5.4895E-01	  1.0555E-02	  6.1948E-01	  4.8087E-01	  1.2536E+00	  1.8005E+00	  9.2271E-02	  4.5796E-02	  0.0000E+00	  0.0000E+00	  0.0000E+00	  0.0000E+00	  0.0000E+00	  0.0000E+00	  0.0000E+00	  0.0000E+00	  0.0000E+00	  0.0000E+00	  0.0000E+00	  0.0000E+00	  0.0000E+00	  0.0000E+00	  0.0000E+00	  0.0000E+00	  0.0000E+00	  0.0000E+00	  0.0000E+00	  0.0000E+00	  0.0000E+00	  0.0000E+00	  0.0000E+00	  0.0000E+00	  0.0000E+00	  0.0000E+00	  0.0000E+00	  0.0000E+00	  0.0000E+00	  0.0000E+00	  0.0000E+00	  0.0000E+00	  0.0000E+00	  0.0000E+00	  0.0000E+00	  0.0000E+00	  0.0000E+00	  0.0000E+00	  0.0000E+00	  0.0000E+00
  0.0000E+00	  0.0000E+00	  0.0000E+00	  0.0000E+00	  0.0000E+00	  0.0000E+00	  0.0000E+00	  0.0000E+00	  0.0000E+00	  0.0000E+00	  0.0000E+00	  0.0000E+00	  0.0000E+00	  0.0000E+00	  0.0000E+00	  0.0000E+00	  0.0000E+00	  0.0000E+00	  0.0000E+00	  0.0000E+00	  0.0000E+00	  0.0000E+00	  0.0000E+00	  0.0000E+00	  0.0000E+00	  0.0000E+00	  0.0000E+00	  0.0000E+00	  0.0000E+00	  0.0000E+00	  0.0000E+00	  0.0000E+00	  0.0000E+00	  0.0000E+00	  0.0000E+00	  0.0000E+00	  0.0000E+00	  0.0000E+00	  0.0000E+00	  0.0000E+00	  0.0000E+00	  0.0000E+00	  0.0000E+00	  0.0000E+00	  0.0000E+00	  0.0000E+00	  0.0000E+00	  3.0078E-01	  1.7459E-01	  7.3637E-01	  7.5699E-01	  6.0033E-01	  0.0000E+00	  0.0000E+00	  0.0000E+00	  0.0000E+00	  0.0000E+00	  0.0000E+00	  7.8674E-01	  5.7546E-01	  6.6201E-01	  9.0911E-01	  1.3723E+00	  5.5192E-03	  7.6003E-01	  1.3071E+00	  3.8038E+00	  2.8451E+00	  3.0162E-01	  2.0949E+00	  1.4859E+00	  5.6465E-01	  4.0994E-01	  2.3526E+00	  3.3911E+00	  1.6956E+00	  7.0104E-01	  4.3678E-01	  2.3577E-01	  0.0000E+00	  0.0000E+00	  0.0000E+00	  1.3365E-01	  1.5924E-01	  0.0000E+00	  0.0000E+00	  0.0000E+00	  0.0000E+00	  0.0000E+00	  0.0000E+00	  0.0000E+00	  0.0000E+00	  0.0000E+00	  0.0000E+00	  0.0000E+00	  0.0000E+00	  0.0000E+00	  0.0000E+00	  0.0000E+00	  0.0000E+00	  0.0000E+00	  0.0000E+00	  0.0000E+00	  0.0000E+00	  0.0000E+00	  0.0000E+00	  0.0000E+00	  0.0000E+00	  0.0000E+00	  0.0000E+00	  0.0000E+00	  0.0000E+00	  0.0000E+00	  0.0000E+00	  0.0000E+00	  0.0000E+00	  0.0000E+00	  0.0000E+00	  0.0000E+00	  0.0000E+00	  0.0000E+00	  0.0000E+00	  0.0000E+00	  0.0000E+00	  0.0000E+00	  0.0000E+00	  0.0000E+00	  0.0000E+00
  0.0000E+00	  0.0000E+00	  0.0000E+00	  0.0000E+00	  0.0000E+00	  0.0000E+00	  0.0000E+00	  0.0000E+00	  0.0000E+00	  0.0000E+00	  0.0000E+00	  0.0000E+00	  0.0000E+00	  0.0000E+00	  0.0000E+00	  0.0000E+00	  0.0000E+00	  0.0000E+00	  0.0000E+00	  0.0000E+00	  0.0000E+00	  0.0000E+00	  0.0000E+00	  0.0000E+00	  0.0000E+00	  0.0000E+00	  0.0000E+00	  0.0000E+00	  0.0000E+00	  0.0000E+00	  0.0000E+00	  0.0000E+00	  0.0000E+00	  0.0000E+00	  0.0000E+00	  0.0000E+00	  0.0000E+00	  0.0000E+00	  0.0000E+00	  0.0000E+00	  0.0000E+00	  0.0000E+00	  0.0000E+00	  0.0000E+00	  0.0000E+00	  0.0000E+00	  0.0000E+00	  0.0000E+00	  0.0000E+00	  0.0000E+00	  6.0867E-02	  1.3591E-01	  0.0000E+00	  0.0000E+00	  0.0000E+00	  0.0000E+00	  0.0000E+00	  0.0000E+00	  8.5950E-02	  1.8564E-02	  1.5994E-02	  4.4324E-02	  1.4226E-01	  0.0000E+00	  6.3243E-02	  1.6447E+00	  1.7209E+00	  3.0516E-02	  9.6440E-03	  1.7997E+00	  2.0849E-01	  0.0000E+00	  0.0000E+00	  6.7069E-02	  4.9728E-02	  1.2556E-01	  1.5854E-01	  0.0000E+00	  0.0000E+00	  0.0000E+00	  0.0000E+00	  0.0000E+00	  0.0000E+00	  0.0000E+00	  0.0000E+00	  0.0000E+00	  0.0000E+00	  0.0000E+00	  0.0000E+00	  0.0000E+00	  0.0000E+00	  0.0000E+00	  0.0000E+00	  0.0000E+00	  0.0000E+00	  0.0000E+00	  0.0000E+00	  0.0000E+00	  0.0000E+00	  0.0000E+00	  0.0000E+00	  0.0000E+00	  0.0000E+00	  0.0000E+00	  0.0000E+00	  0.0000E+00	  0.0000E+00	  0.0000E+00	  0.0000E+00	  0.0000E+00	  0.0000E+00	  0.0000E+00	  0.0000E+00	  0.0000E+00	  0.0000E+00	  0.0000E+00	  0.0000E+00	  0.0000E+00	  0.0000E+00	  0.0000E+00	  0.0000E+00	  0.0000E+00	  0.0000E+00	  0.0000E+00	  0.0000E+00	  0.0000E+00	  0.0000E+00	  0.0000E+00
  0.0000E+00	  0.0000E+00	  0.0000E+00	  0.0000E+00	  0.0000E+00	  0.0000E+00	  0.0000E+00	  0.0000E+00	  0.0000E+00	  0.0000E+00	  0.0000E+00	  0.0000E+00	  0.0000E+00	  0.0000E+00	  0.0000E+00	  0.0000E+00	  0.0000E+00	  0.0000E+00	  0.0000E+00	  0.0000E+00	  0.0000E+00	  0.0000E+00	  0.0000E+00	  0.0000E+00	  0.0000E+00	  0.0000E+00	  0.0000E+00	  0.0000E+00	  0.0000E+00	  0.0000E+00	  0.0000E+00	  0.0000E+00	  0.0000E+00	  0.0000E+00	  0.0000E+00	  0.0000E+00	  0.0000E+00	  0.0000E+00	  0.0000E+00	  0.0000E+00	  0.0000E+00	  0.0000E+00	  0.0000E+00	  0.0000E+00	  0.0000E+00	  0.0000E+00	  0.0000E+00	  0.0000E+00	  0.0000E+00	  0.0000E+00	  0.0000E+00	  0.0000E+00	  0.0000E+00	  0.0000E+00	  0.0000E+00	  0.0000E+00	  0.0000E+00	  0.0000E+00	  0.0000E+00	  0.0000E+00	  0.0000E+00	  0.0000E+00	  0.0000E+00	  0.0000E+00	  0.0000E+00	  0.0000E+00	  0.0000E+00	  0.0000E+00	  1.8241E-03	  1.5710E-01	  0.0000E+00	  0.0000E+00	  0.0000E+00	  0.0000E+00	  0.0000E+00	  0.0000E+00	  0.0000E+00	  0.0000E+00	  0.0000E+00	  0.0000E+00	  0.0000E+00	  0.0000E+00	  0.0000E+00	  0.0000E+00	  0.0000E+00	  0.0000E+00	  0.0000E+00	  0.0000E+00	  0.0000E+00	  0.0000E+00	  0.0000E+00	  0.0000E+00	  0.0000E+00	  0.0000E+00	  0.0000E+00	  0.0000E+00	  0.0000E+00	  0.0000E+00	  0.0000E+00	  0.0000E+00	  0.0000E+00	  0.0000E+00	  0.0000E+00	  0.0000E+00	  0.0000E+00	  0.0000E+00	  0.0000E+00	  0.0000E+00	  0.0000E+00	  0.0000E+00	  0.0000E+00	  0.0000E+00	  0.0000E+00	  0.0000E+00	  0.0000E+00	  0.0000E+00	  0.0000E+00	  0.0000E+00	  0.0000E+00	  0.0000E+00	  0.0000E+00	  0.0000E+00	  0.0000E+00	  0.0000E+00	  0.0000E+00	  0.0000E+00	  0.0000E+00	  0.0000E+00
  0.0000E+00	  0.0000E+00	  0.0000E+00	  0.0000E+00	  0.0000E+00	  0.0000E+00	  0.0000E+00	  0.0000E+00	  0.0000E+00	  0.0000E+00	  0.0000E+00	  0.0000E+00	  0.0000E+00	  0.0000E+00	  0.0000E+00	  0.0000E+00	  0.0000E+00	  0.0000E+00	  0.0000E+00	  0.0000E+00	  0.0000E+00	  0.0000E+00	  0.0000E+00	  0.0000E+00	  0.0000E+00	  0.0000E+00	  0.0000E+00	  0.0000E+00	  0.0000E+00	  0.0000E+00	  0.0000E+00	  0.0000E+00	  0.0000E+00	  0.0000E+00	  0.0000E+00	  0.0000E+00	  0.0000E+00	  0.0000E+00	  0.0000E+00	  0.0000E+00	  0.0000E+00	  0.0000E+00	  0.0000E+00	  0.0000E+00	  0.0000E+00	  0.0000E+00	  0.0000E+00	  0.0000E+00	  0.0000E+00	  0.0000E+00	  0.0000E+00	  0.0000E+00	  0.0000E+00	  0.0000E+00	  0.0000E+00	  0.0000E+00	  0.0000E+00	  0.0000E+00	  0.0000E+00	  0.0000E+00	  0.0000E+00	  0.0000E+00	  0.0000E+00	  0.0000E+00	  0.0000E+00	  0.0000E+00	  0.0000E+00	  0.0000E+00	  0.0000E+00	  0.0000E+00	  0.0000E+00	  0.0000E+00	  0.0000E+00	  0.0000E+00	  0.0000E+00	  0.0000E+00	  0.0000E+00	  0.0000E+00	  0.0000E+00	  0.0000E+00	  0.0000E+00	  0.0000E+00	  0.0000E+00	  0.0000E+00	  0.0000E+00	  0.0000E+00	  0.0000E+00	  0.0000E+00	  0.0000E+00	  0.0000E+00	  0.0000E+00	  0.0000E+00	  0.0000E+00	  0.0000E+00	  0.0000E+00	  0.0000E+00	  0.0000E+00	  0.0000E+00	  0.0000E+00	  0.0000E+00	  0.0000E+00	  0.0000E+00	  0.0000E+00	  0.0000E+00	  0.0000E+00	  0.0000E+00	  0.0000E+00	  0.0000E+00	  0.0000E+00	  0.0000E+00	  0.0000E+00	  0.0000E+00	  0.0000E+00	  0.0000E+00	  0.0000E+00	  0.0000E+00	  0.0000E+00	  0.0000E+00	  0.0000E+00	  0.0000E+00	  0.0000E+00	  0.0000E+00	  0.0000E+00	  0.0000E+00	  0.0000E+00	  0.0000E+00	  0.0000E+00	  0.0000E+00
  0.0000E+00	  0.0000E+00	  0.0000E+00	  0.0000E+00	  0.0000E+00	  0.0000E+00	  0.0000E+00	  0.0000E+00	  0.0000E+00	  0.0000E+00	  0.0000E+00	  0.0000E+00	  0.0000E+00	  0.0000E+00	  0.0000E+00	  0.0000E+00	  0.0000E+00	  0.0000E+00	  0.0000E+00	  0.0000E+00	  0.0000E+00	  0.0000E+00	  0.0000E+00	  0.0000E+00	  0.0000E+00	  0.0000E+00	  0.0000E+00	  0.0000E+00	  0.0000E+00	  0.0000E+00	  0.0000E+00	  0.0000E+00	  0.0000E+00	  0.0000E+00	  0.0000E+00	  0.0000E+00	  0.0000E+00	  0.0000E+00	  0.0000E+00	  0.0000E+00	  0.0000E+00	  0.0000E+00	  0.0000E+00	  0.0000E+00	  0.0000E+00	  0.0000E+00	  0.0000E+00	  0.0000E+00	  0.0000E+00	  0.0000E+00	  0.0000E+00	  0.0000E+00	  0.0000E+00	  0.0000E+00	  0.0000E+00	  0.0000E+00	  0.0000E+00	  0.0000E+00	  0.0000E+00	  0.0000E+00	  0.0000E+00	  0.0000E+00	  0.0000E+00	  0.0000E+00	  0.0000E+00	  0.0000E+00	  0.0000E+00	  0.0000E+00	  0.0000E+00	  0.0000E+00	  0.0000E+00	  0.0000E+00	  0.0000E+00	  0.0000E+00	  0.0000E+00	  0.0000E+00	  0.0000E+00	  0.0000E+00	  0.0000E+00	  0.0000E+00	  0.0000E+00	  0.0000E+00	  0.0000E+00	  0.0000E+00	  0.0000E+00	  0.0000E+00	  0.0000E+00	  0.0000E+00	  0.0000E+00	  0.0000E+00	  0.0000E+00	  0.0000E+00	  0.0000E+00	  0.0000E+00	  0.0000E+00	  0.0000E+00	  0.0000E+00	  0.0000E+00	  0.0000E+00	  0.0000E+00	  0.0000E+00	  0.0000E+00	  0.0000E+00	  0.0000E+00	  0.0000E+00	  0.0000E+00	  0.0000E+00	  0.0000E+00	  0.0000E+00	  0.0000E+00	  0.0000E+00	  0.0000E+00	  0.0000E+00	  0.0000E+00	  0.0000E+00	  0.0000E+00	  0.0000E+00	  0.0000E+00	  0.0000E+00	  0.0000E+00	  0.0000E+00	  0.0000E+00	  0.0000E+00	  0.0000E+00	  0.0000E+00	  0.0000E+00	  0.0000E+00	  0.0000E+00
  0.0000E+00	  0.0000E+00	  0.0000E+00	  0.0000E+00	  0.0000E+00	  0.0000E+00	  0.0000E+00	  0.0000E+00	  0.0000E+00	  0.0000E+00	  0.0000E+00	  0.0000E+00	  0.0000E+00	  0.0000E+00	  0.0000E+00	  0.0000E+00	  0.0000E+00	  0.0000E+00	  0.0000E+00	  0.0000E+00	  0.0000E+00	  0.0000E+00	  0.0000E+00	  0.0000E+00	  0.0000E+00	  0.0000E+00	  0.0000E+00	  0.0000E+00	  0.0000E+00	  0.0000E+00	  0.0000E+00	  0.0000E+00	  0.0000E+00	  0.0000E+00	  0.0000E+00	  0.0000E+00	  0.0000E+00	  0.0000E+00	  0.0000E+00	  0.0000E+00	  0.0000E+00	  0.0000E+00	  0.0000E+00	  0.0000E+00	  0.0000E+00	  0.0000E+00	  0.0000E+00	  0.0000E+00	  0.0000E+00	  0.0000E+00	  0.0000E+00	  0.0000E+00	  0.0000E+00	  0.0000E+00	  0.0000E+00	  0.0000E+00	  0.0000E+00	  0.0000E+00	  0.0000E+00	  0.0000E+00	  0.0000E+00	  0.0000E+00	  0.0000E+00	  0.0000E+00	  0.0000E+00	  0.0000E+00	  0.0000E+00	  0.0000E+00	  0.0000E+00	  0.0000E+00	  0.0000E+00	  0.0000E+00	  0.0000E+00	  0.0000E+00	  0.0000E+00	  0.0000E+00	  0.0000E+00	  0.0000E+00	  0.0000E+00	  0.0000E+00	  0.0000E+00	  0.0000E+00	  0.0000E+00	  0.0000E+00	  0.0000E+00	  0.0000E+00	  0.0000E+00	  0.0000E+00	  0.0000E+00	  0.0000E+00	  0.0000E+00	  0.0000E+00	  0.0000E+00	  0.0000E+00	  0.0000E+00	  0.0000E+00	  0.0000E+00	  0.0000E+00	  0.0000E+00	  0.0000E+00	  0.0000E+00	  0.0000E+00	  0.0000E+00	  0.0000E+00	  0.0000E+00	  0.0000E+00	  0.0000E+00	  0.0000E+00	  0.0000E+00	  0.0000E+00	  0.0000E+00	  0.0000E+00	  0.0000E+00	  0.0000E+00	  0.0000E+00	  0.0000E+00	  0.0000E+00	  0.0000E+00	  0.0000E+00	  0.0000E+00	  0.0000E+00	  0.0000E+00	  0.0000E+00	  0.0000E+00	  0.0000E+00	  0.0000E+00	  0.0000E+00	  0.0000E+00
  0.0000E+00	  0.0000E+00	  0.0000E+00	  0.0000E+00	  0.0000E+00	  0.0000E+00	  0.0000E+00	  0.0000E+00	  0.0000E+00	  0.0000E+00	  0.0000E+00	  0.0000E+00	  0.0000E+00	  0.0000E+00	  0.0000E+00	  0.0000E+00	  0.0000E+00	  0.0000E+00	  0.0000E+00	  0.0000E+00	  0.0000E+00	  0.0000E+00	  0.0000E+00	  0.0000E+00	  0.0000E+00	  0.0000E+00	  0.0000E+00	  0.0000E+00	  0.0000E+00	  0.0000E+00	  0.0000E+00	  0.0000E+00	  0.0000E+00	  0.0000E+00	  0.0000E+00	  0.0000E+00	  0.0000E+00	  0.0000E+00	  0.0000E+00	  0.0000E+00	  0.0000E+00	  0.0000E+00	  0.0000E+00	  0.0000E+00	  0.0000E+00	  0.0000E+00	  0.0000E+00	  0.0000E+00	  0.0000E+00	  0.0000E+00	  0.0000E+00	  0.0000E+00	  0.0000E+00	  0.0000E+00	  0.0000E+00	  0.0000E+00	  0.0000E+00	  0.0000E+00	  0.0000E+00	  0.0000E+00	  0.0000E+00	  0.0000E+00	  0.0000E+00	  0.0000E+00	  0.0000E+00	  0.0000E+00	  0.0000E+00	  0.0000E+00	  0.0000E+00	  0.0000E+00	  0.0000E+00	  0.0000E+00	  0.0000E+00	  0.0000E+00	  0.0000E+00	  0.0000E+00	  0.0000E+00	  0.0000E+00	  0.0000E+00	  0.0000E+00	  0.0000E+00	  0.0000E+00	  0.0000E+00	  0.0000E+00	  0.0000E+00	  0.0000E+00	  0.0000E+00	  0.0000E+00	  0.0000E+00	  0.0000E+00	  0.0000E+00	  0.0000E+00	  0.0000E+00	  0.0000E+00	  0.0000E+00	  0.0000E+00	  0.0000E+00	  0.0000E+00	  0.0000E+00	  0.0000E+00	  0.0000E+00	  0.0000E+00	  0.0000E+00	  0.0000E+00	  0.0000E+00	  0.0000E+00	  0.0000E+00	  0.0000E+00	  0.0000E+00	  0.0000E+00	  0.0000E+00	  0.0000E+00	  0.0000E+00	  0.0000E+00	  0.0000E+00	  0.0000E+00	  0.0000E+00	  0.0000E+00	  0.0000E+00	  0.0000E+00	  0.0000E+00	  0.0000E+00	  0.0000E+00	  0.0000E+00	  0.0000E+00	  0.0000E+00	  0.0000E+00	  0.0000E+00
  0.0000E+00	  0.0000E+00	  0.0000E+00	  0.0000E+00	  0.0000E+00	  0.0000E+00	  0.0000E+00	  0.0000E+00	  0.0000E+00	  0.0000E+00	  0.0000E+00	  0.0000E+00	  0.0000E+00	  0.0000E+00	  0.0000E+00	  0.0000E+00	  0.0000E+00	  0.0000E+00	  0.0000E+00	  0.0000E+00	  0.0000E+00	  0.0000E+00	  0.0000E+00	  0.0000E+00	  0.0000E+00	  0.0000E+00	  0.0000E+00	  0.0000E+00	  0.0000E+00	  0.0000E+00	  0.0000E+00	  0.0000E+00	  0.0000E+00	  0.0000E+00	  0.0000E+00	  0.0000E+00	  0.0000E+00	  0.0000E+00	  0.0000E+00	  0.0000E+00	  0.0000E+00	  0.0000E+00	  0.0000E+00	  0.0000E+00	  0.0000E+00	  0.0000E+00	  0.0000E+00	  0.0000E+00	  0.0000E+00	  0.0000E+00	  0.0000E+00	  0.0000E+00	  0.0000E+00	  0.0000E+00	  0.0000E+00	  0.0000E+00	  0.0000E+00	  0.0000E+00	  0.0000E+00	  0.0000E+00	  0.0000E+00	  0.0000E+00	  0.0000E+00	  0.0000E+00	  0.0000E+00	  0.0000E+00	  0.0000E+00	  0.0000E+00	  0.0000E+00	  0.0000E+00	  0.0000E+00	  0.0000E+00	  0.0000E+00	  0.0000E+00	  0.0000E+00	  0.0000E+00	  0.0000E+00	  0.0000E+00	  0.0000E+00	  0.0000E+00	  0.0000E+00	  0.0000E+00	  0.0000E+00	  0.0000E+00	  0.0000E+00	  0.0000E+00	  0.0000E+00	  0.0000E+00	  0.0000E+00	  0.0000E+00	  0.0000E+00	  0.0000E+00	  0.0000E+00	  0.0000E+00	  0.0000E+00	  0.0000E+00	  0.0000E+00	  0.0000E+00	  0.0000E+00	  0.0000E+00	  0.0000E+00	  0.0000E+00	  0.0000E+00	  0.0000E+00	  0.0000E+00	  0.0000E+00	  0.0000E+00	  0.0000E+00	  0.0000E+00	  0.0000E+00	  0.0000E+00	  0.0000E+00	  0.0000E+00	  0.0000E+00	  0.0000E+00	  0.0000E+00	  0.0000E+00	  0.0000E+00	  0.0000E+00	  0.0000E+00	  0.0000E+00	  0.0000E+00	  0.0000E+00	  0.0000E+00	  0.0000E+00	  0.0000E+00	  0.0000E+00	  0.0000E+00
  0.0000E+00	  0.0000E+00	  0.0000E+00	  0.0000E+00	  0.0000E+00	  0.0000E+00	  0.0000E+00	  0.0000E+00	  0.0000E+00	  0.0000E+00	  0.0000E+00	  0.0000E+00	  0.0000E+00	  0.0000E+00	  0.0000E+00	  0.0000E+00	  0.0000E+00	  0.0000E+00	  0.0000E+00	  0.0000E+00	  0.0000E+00	  0.0000E+00	  0.0000E+00	  0.0000E+00	  0.0000E+00	  0.0000E+00	  0.0000E+00	  0.0000E+00	  0.0000E+00	  0.0000E+00	  0.0000E+00	  0.0000E+00	  0.0000E+00	  0.0000E+00	  0.0000E+00	  0.0000E+00	  0.0000E+00	  0.0000E+00	  0.0000E+00	  0.0000E+00	  0.0000E+00	  0.0000E+00	  0.0000E+00	  0.0000E+00	  0.0000E+00	  0.0000E+00	  0.0000E+00	  0.0000E+00	  0.0000E+00	  0.0000E+00	  0.0000E+00	  0.0000E+00	  0.0000E+00	  0.0000E+00	  0.0000E+00	  0.0000E+00	  0.0000E+00	  0.0000E+00	  0.0000E+00	  0.0000E+00	  0.0000E+00	  0.0000E+00	  0.0000E+00	  0.0000E+00	  0.0000E+00	  0.0000E+00	  0.0000E+00	  0.0000E+00	  0.0000E+00	  0.0000E+00	  0.0000E+00	  0.0000E+00	  0.0000E+00	  0.0000E+00	  0.0000E+00	  0.0000E+00	  0.0000E+00	  0.0000E+00	  0.0000E+00	  0.0000E+00	  0.0000E+00	  0.0000E+00	  0.0000E+00	  0.0000E+00	  0.0000E+00	  0.0000E+00	  0.0000E+00	  0.0000E+00	  0.0000E+00	  0.0000E+00	  0.0000E+00	  0.0000E+00	  0.0000E+00	  0.0000E+00	  0.0000E+00	  0.0000E+00	  0.0000E+00	  0.0000E+00	  0.0000E+00	  0.0000E+00	  0.0000E+00	  0.0000E+00	  0.0000E+00	  0.0000E+00	  0.0000E+00	  0.0000E+00	  0.0000E+00	  0.0000E+00	  0.0000E+00	  0.0000E+00	  0.0000E+00	  0.0000E+00	  0.0000E+00	  0.0000E+00	  0.0000E+00	  0.0000E+00	  0.0000E+00	  0.0000E+00	  0.0000E+00	  0.0000E+00	  0.0000E+00	  0.0000E+00	  0.0000E+00	  0.0000E+00	  0.0000E+00	  0.0000E+00	  0.0000E+00	  0.0000E+00
  0.0000E+00	  0.0000E+00	  0.0000E+00	  0.0000E+00	  0.0000E+00	  0.0000E+00	  0.0000E+00	  0.0000E+00	  0.0000E+00	  0.0000E+00	  0.0000E+00	  0.0000E+00	  0.0000E+00	  0.0000E+00	  0.0000E+00	  0.0000E+00	  0.0000E+00	  0.0000E+00	  0.0000E+00	  0.0000E+00	  0.0000E+00	  0.0000E+00	  0.0000E+00	  0.0000E+00	  0.0000E+00	  0.0000E+00	  0.0000E+00	  0.0000E+00	  0.0000E+00	  0.0000E+00	  0.0000E+00	  0.0000E+00	  0.0000E+00	  0.0000E+00	  0.0000E+00	  0.0000E+00	  0.0000E+00	  0.0000E+00	  0.0000E+00	  0.0000E+00	  0.0000E+00	  0.0000E+00	  0.0000E+00	  0.0000E+00	  0.0000E+00	  0.0000E+00	  0.0000E+00	  0.0000E+00	  0.0000E+00	  0.0000E+00	  0.0000E+00	  0.0000E+00	  0.0000E+00	  0.0000E+00	  0.0000E+00	  0.0000E+00	  0.0000E+00	  0.0000E+00	  0.0000E+00	  0.0000E+00	  0.0000E+00	  0.0000E+00	  0.0000E+00	  0.0000E+00	  0.0000E+00	  0.0000E+00	  0.0000E+00	  0.0000E+00	  0.0000E+00	  0.0000E+00	  0.0000E+00	  0.0000E+00	  0.0000E+00	  0.0000E+00	  0.0000E+00	  0.0000E+00	  0.0000E+00	  0.0000E+00	  0.0000E+00	  0.0000E+00	  0.0000E+00	  0.0000E+00	  0.0000E+00	  0.0000E+00	  0.0000E+00	  0.0000E+00	  0.0000E+00	  0.0000E+00	  0.0000E+00	  0.0000E+00	  0.0000E+00	  0.0000E+00	  0.0000E+00	  0.0000E+00	  0.0000E+00	  0.0000E+00	  0.0000E+00	  0.0000E+00	  0.0000E+00	  0.0000E+00	  0.0000E+00	  0.0000E+00	  0.0000E+00	  0.0000E+00	  0.0000E+00	  0.0000E+00	  0.0000E+00	  0.0000E+00	  0.0000E+00	  0.0000E+00	  0.0000E+00	  0.0000E+00	  0.0000E+00	  0.0000E+00	  0.0000E+00	  0.0000E+00	  0.0000E+00	  0.0000E+00	  0.0000E+00	  0.0000E+00	  0.0000E+00	  0.0000E+00	  0.0000E+00	  0.0000E+00	  0.0000E+00	  0.0000E+00	  0.0000E+00	  0.0000E+00
  0.0000E+00	  0.0000E+00	  0.0000E+00	  0.0000E+00	  0.0000E+00	  0.0000E+00	  0.0000E+00	  0.0000E+00	  0.0000E+00	  0.0000E+00	  0.0000E+00	  0.0000E+00	  0.0000E+00	  0.0000E+00	  0.0000E+00	  0.0000E+00	  0.0000E+00	  0.0000E+00	  0.0000E+00	  0.0000E+00	  0.0000E+00	  0.0000E+00	  0.0000E+00	  0.0000E+00	  0.0000E+00	  0.0000E+00	  0.0000E+00	  0.0000E+00	  0.0000E+00	  0.0000E+00	  0.0000E+00	  0.0000E+00	  0.0000E+00	  0.0000E+00	  0.0000E+00	  0.0000E+00	  0.0000E+00	  0.0000E+00	  0.0000E+00	  0.0000E+00	  0.0000E+00	  0.0000E+00	  0.0000E+00	  0.0000E+00	  0.0000E+00	  0.0000E+00	  0.0000E+00	  0.0000E+00	  0.0000E+00	  0.0000E+00	  0.0000E+00	  0.0000E+00	  0.0000E+00	  0.0000E+00	  0.0000E+00	  0.0000E+00	  0.0000E+00	  0.0000E+00	  0.0000E+00	  0.0000E+00	  0.0000E+00	  0.0000E+00	  0.0000E+00	  0.0000E+00	  0.0000E+00	  0.0000E+00	  0.0000E+00	  0.0000E+00	  0.0000E+00	  0.0000E+00	  0.0000E+00	  0.0000E+00	  0.0000E+00	  0.0000E+00	  0.0000E+00	  0.0000E+00	  0.0000E+00	  0.0000E+00	  0.0000E+00	  0.0000E+00	  0.0000E+00	  0.0000E+00	  0.0000E+00	  0.0000E+00	  0.0000E+00	  0.0000E+00	  0.0000E+00	  0.0000E+00	  0.0000E+00	  0.0000E+00	  0.0000E+00	  0.0000E+00	  0.0000E+00	  0.0000E+00	  0.0000E+00	  0.0000E+00	  0.0000E+00	  0.0000E+00	  0.0000E+00	  0.0000E+00	  0.0000E+00	  0.0000E+00	  0.0000E+00	  0.0000E+00	  0.0000E+00	  0.0000E+00	  0.0000E+00	  0.0000E+00	  0.0000E+00	  0.0000E+00	  0.0000E+00	  0.0000E+00	  0.0000E+00	  0.0000E+00	  0.0000E+00	  0.0000E+00	  0.0000E+00	  0.0000E+00	  0.0000E+00	  0.0000E+00	  0.0000E+00	  0.0000E+00	  0.0000E+00	  0.0000E+00	  0.0000E+00	  0.0000E+00	  0.0000E+00	  0.0000E+00
  0.0000E+00	  0.0000E+00	  0.0000E+00	  0.0000E+00	  0.0000E+00	  0.0000E+00	  0.0000E+00	  0.0000E+00	  0.0000E+00	  0.0000E+00	  0.0000E+00	  0.0000E+00	  0.0000E+00	  0.0000E+00	  0.0000E+00	  0.0000E+00	  0.0000E+00	  0.0000E+00	  0.0000E+00	  0.0000E+00	  0.0000E+00	  0.0000E+00	  0.0000E+00	  0.0000E+00	  0.0000E+00	  0.0000E+00	  0.0000E+00	  0.0000E+00	  0.0000E+00	  0.0000E+00	  0.0000E+00	  0.0000E+00	  0.0000E+00	  0.0000E+00	  0.0000E+00	  0.0000E+00	  0.0000E+00	  0.0000E+00	  0.0000E+00	  0.0000E+00	  0.0000E+00	  0.0000E+00	  0.0000E+00	  0.0000E+00	  0.0000E+00	  0.0000E+00	  0.0000E+00	  0.0000E+00	  0.0000E+00	  0.0000E+00	  0.0000E+00	  0.0000E+00	  0.0000E+00	  0.0000E+00	  0.0000E+00	  0.0000E+00	  0.0000E+00	  0.0000E+00	  0.0000E+00	  0.0000E+00	  0.0000E+00	  0.0000E+00	  0.0000E+00	  0.0000E+00	  0.0000E+00	  0.0000E+00	  0.0000E+00	  0.0000E+00	  0.0000E+00	  0.0000E+00	  0.0000E+00	  0.0000E+00	  0.0000E+00	  0.0000E+00	  0.0000E+00	  0.0000E+00	  0.0000E+00	  0.0000E+00	  0.0000E+00	  0.0000E+00	  0.0000E+00	  0.0000E+00	  0.0000E+00	  0.0000E+00	  0.0000E+00	  0.0000E+00	  0.0000E+00	  0.0000E+00	  0.0000E+00	  0.0000E+00	  0.0000E+00	  0.0000E+00	  0.0000E+00	  0.0000E+00	  0.0000E+00	  0.0000E+00	  0.0000E+00	  0.0000E+00	  0.0000E+00	  0.0000E+00	  0.0000E+00	  0.0000E+00	  0.0000E+00	  0.0000E+00	  0.0000E+00	  0.0000E+00	  0.0000E+00	  0.0000E+00	  0.0000E+00	  0.0000E+00	  0.0000E+00	  0.0000E+00	  0.0000E+00	  0.0000E+00	  0.0000E+00	  0.0000E+00	  0.0000E+00	  0.0000E+00	  0.0000E+00	  0.0000E+00	  0.0000E+00	  0.0000E+00	  0.0000E+00	  0.0000E+00	  0.0000E+00	  0.0000E+00	  0.0000E+00	  0.0000E+00
  0.0000E+00	  0.0000E+00	  0.0000E+00	  0.0000E+00	  0.0000E+00	  0.0000E+00	  0.0000E+00	  0.0000E+00	  0.0000E+00	  0.0000E+00	  0.0000E+00	  0.0000E+00	  0.0000E+00	  0.0000E+00	  0.0000E+00	  0.0000E+00	  0.0000E+00	  0.0000E+00	  0.0000E+00	  0.0000E+00	  0.0000E+00	  0.0000E+00	  0.0000E+00	  0.0000E+00	  0.0000E+00	  0.0000E+00	  0.0000E+00	  0.0000E+00	  0.0000E+00	  0.0000E+00	  0.0000E+00	  0.0000E+00	  0.0000E+00	  0.0000E+00	  0.0000E+00	  0.0000E+00	  0.0000E+00	  0.0000E+00	  0.0000E+00	  0.0000E+00	  0.0000E+00	  0.0000E+00	  0.0000E+00	  0.0000E+00	  0.0000E+00	  0.0000E+00	  0.0000E+00	  0.0000E+00	  0.0000E+00	  0.0000E+00	  0.0000E+00	  0.0000E+00	  0.0000E+00	  0.0000E+00	  0.0000E+00	  0.0000E+00	  0.0000E+00	  0.0000E+00	  0.0000E+00	  0.0000E+00	  0.0000E+00	  0.0000E+00	  0.0000E+00	  0.0000E+00	  0.0000E+00	  0.0000E+00	  0.0000E+00	  0.0000E+00	  0.0000E+00	  0.0000E+00	  0.0000E+00	  0.0000E+00	  0.0000E+00	  0.0000E+00	  0.0000E+00	  0.0000E+00	  0.0000E+00	  0.0000E+00	  0.0000E+00	  0.0000E+00	  0.0000E+00	  0.0000E+00	  0.0000E+00	  0.0000E+00	  0.0000E+00	  0.0000E+00	  0.0000E+00	  0.0000E+00	  0.0000E+00	  0.0000E+00	  0.0000E+00	  0.0000E+00	  0.0000E+00	  0.0000E+00	  0.0000E+00	  0.0000E+00	  0.0000E+00	  0.0000E+00	  0.0000E+00	  0.0000E+00	  0.0000E+00	  0.0000E+00	  0.0000E+00	  0.0000E+00	  0.0000E+00	  0.0000E+00	  0.0000E+00	  0.0000E+00	  0.0000E+00	  0.0000E+00	  0.0000E+00	  0.0000E+00	  0.0000E+00	  0.0000E+00	  0.0000E+00	  0.0000E+00	  0.0000E+00	  0.0000E+00	  0.0000E+00	  0.0000E+00	  0.0000E+00	  0.0000E+00	  0.0000E+00	  0.0000E+00	  0.0000E+00	  0.0000E+00	  0.0000E+00	  0.0000E+00
  0.0000E+00	  0.0000E+00	  0.0000E+00	  0.0000E+00	  0.0000E+00	  0.0000E+00	  0.0000E+00	  0.0000E+00	  0.0000E+00	  0.0000E+00	  0.0000E+00	  0.0000E+00	  0.0000E+00	  0.0000E+00	  0.0000E+00	  0.0000E+00	  0.0000E+00	  0.0000E+00	  0.0000E+00	  0.0000E+00	  0.0000E+00	  0.0000E+00	  0.0000E+00	  0.0000E+00	  0.0000E+00	  0.0000E+00	  0.0000E+00	  0.0000E+00	  0.0000E+00	  0.0000E+00	  0.0000E+00	  0.0000E+00	  0.0000E+00	  0.0000E+00	  0.0000E+00	  0.0000E+00	  0.0000E+00	  0.0000E+00	  0.0000E+00	  0.0000E+00	  0.0000E+00	  0.0000E+00	  0.0000E+00	  0.0000E+00	  0.0000E+00	  0.0000E+00	  0.0000E+00	  0.0000E+00	  0.0000E+00	  0.0000E+00	  0.0000E+00	  0.0000E+00	  0.0000E+00	  0.0000E+00	  0.0000E+00	  0.0000E+00	  0.0000E+00	  0.0000E+00	  0.0000E+00	  0.0000E+00	  0.0000E+00	  0.0000E+00	  0.0000E+00	  0.0000E+00	  0.0000E+00	  0.0000E+00	  0.0000E+00	  0.0000E+00	  0.0000E+00	  0.0000E+00	  0.0000E+00	  0.0000E+00	  0.0000E+00	  0.0000E+00	  0.0000E+00	  0.0000E+00	  0.0000E+00	  0.0000E+00	  0.0000E+00	  0.0000E+00	  0.0000E+00	  0.0000E+00	  0.0000E+00	  0.0000E+00	  0.0000E+00	  0.0000E+00	  0.0000E+00	  0.0000E+00	  0.0000E+00	  0.0000E+00	  0.0000E+00	  0.0000E+00	  0.0000E+00	  0.0000E+00	  0.0000E+00	  0.0000E+00	  0.0000E+00	  0.0000E+00	  0.0000E+00	  0.0000E+00	  0.0000E+00	  0.0000E+00	  0.0000E+00	  0.0000E+00	  0.0000E+00	  0.0000E+00	  0.0000E+00	  0.0000E+00	  0.0000E+00	  0.0000E+00	  0.0000E+00	  0.0000E+00	  0.0000E+00	  0.0000E+00	  0.0000E+00	  0.0000E+00	  0.0000E+00	  0.0000E+00	  0.0000E+00	  0.0000E+00	  0.0000E+00	  0.0000E+00	  0.0000E+00	  0.0000E+00	  0.0000E+00	  0.0000E+00	  0.0000E+00	  0.0000E+00
  0.0000E+00	  0.0000E+00	  0.0000E+00	  0.0000E+00	  0.0000E+00	  0.0000E+00	  0.0000E+00	  0.0000E+00	  0.0000E+00	  0.0000E+00	  0.0000E+00	  0.0000E+00	  0.0000E+00	  0.0000E+00	  0.0000E+00	  0.0000E+00	  0.0000E+00	  0.0000E+00	  0.0000E+00	  0.0000E+00	  0.0000E+00	  0.0000E+00	  0.0000E+00	  0.0000E+00	  0.0000E+00	  0.0000E+00	  0.0000E+00	  0.0000E+00	  0.0000E+00	  0.0000E+00	  0.0000E+00	  0.0000E+00	  0.0000E+00	  0.0000E+00	  0.0000E+00	  0.0000E+00	  0.0000E+00	  0.0000E+00	  0.0000E+00	  0.0000E+00	  0.0000E+00	  0.0000E+00	  0.0000E+00	  0.0000E+00	  0.0000E+00	  0.0000E+00	  0.0000E+00	  0.0000E+00	  0.0000E+00	  0.0000E+00	  0.0000E+00	  0.0000E+00	  0.0000E+00	  0.0000E+00	  0.0000E+00	  0.0000E+00	  0.0000E+00	  0.0000E+00	  0.0000E+00	  0.0000E+00	  0.0000E+00	  0.0000E+00	  0.0000E+00	  0.0000E+00	  0.0000E+00	  0.0000E+00	  0.0000E+00	  0.0000E+00	  0.0000E+00	  0.0000E+00	  0.0000E+00	  0.0000E+00	  0.0000E+00	  0.0000E+00	  0.0000E+00	  0.0000E+00	  0.0000E+00	  0.0000E+00	  0.0000E+00	  0.0000E+00	  0.0000E+00	  0.0000E+00	  0.0000E+00	  0.0000E+00	  0.0000E+00	  0.0000E+00	  0.0000E+00	  0.0000E+00	  0.0000E+00	  0.0000E+00	  0.0000E+00	  0.0000E+00	  0.0000E+00	  0.0000E+00	  0.0000E+00	  0.0000E+00	  0.0000E+00	  0.0000E+00	  0.0000E+00	  0.0000E+00	  0.0000E+00	  0.0000E+00	  0.0000E+00	  0.0000E+00	  0.0000E+00	  0.0000E+00	  0.0000E+00	  0.0000E+00	  0.0000E+00	  0.0000E+00	  0.0000E+00	  0.0000E+00	  0.0000E+00	  0.0000E+00	  0.0000E+00	  0.0000E+00	  0.0000E+00	  0.0000E+00	  0.0000E+00	  0.0000E+00	  0.0000E+00	  0.0000E+00	  0.0000E+00	  0.0000E+00	  0.0000E+00	  0.0000E+00	  0.0000E+00	  0.0000E+00
  0.0000E+00	  0.0000E+00	  0.0000E+00	  0.0000E+00	  0.0000E+00	  0.0000E+00	  0.0000E+00	  0.0000E+00	  0.0000E+00	  0.0000E+00	  0.0000E+00	  0.0000E+00	  0.0000E+00	  0.0000E+00	  0.0000E+00	  0.0000E+00	  0.0000E+00	  0.0000E+00	  0.0000E+00	  0.0000E+00	  0.0000E+00	  0.0000E+00	  0.0000E+00	  0.0000E+00	  0.0000E+00	  0.0000E+00	  0.0000E+00	  0.0000E+00	  0.0000E+00	  0.0000E+00	  0.0000E+00	  0.0000E+00	  0.0000E+00	  0.0000E+00	  0.0000E+00	  0.0000E+00	  0.0000E+00	  0.0000E+00	  0.0000E+00	  0.0000E+00	  0.0000E+00	  0.0000E+00	  0.0000E+00	  0.0000E+00	  0.0000E+00	  0.0000E+00	  0.0000E+00	  0.0000E+00	  0.0000E+00	  0.0000E+00	  0.0000E+00	  0.0000E+00	  0.0000E+00	  0.0000E+00	  0.0000E+00	  0.0000E+00	  0.0000E+00	  0.0000E+00	  0.0000E+00	  0.0000E+00	  0.0000E+00	  0.0000E+00	  0.0000E+00	  0.0000E+00	  0.0000E+00	  0.0000E+00	  0.0000E+00	  0.0000E+00	  0.0000E+00	  0.0000E+00	  0.0000E+00	  0.0000E+00	  0.0000E+00	  0.0000E+00	  0.0000E+00	  0.0000E+00	  0.0000E+00	  0.0000E+00	  0.0000E+00	  0.0000E+00	  0.0000E+00	  0.0000E+00	  0.0000E+00	  0.0000E+00	  0.0000E+00	  0.0000E+00	  0.0000E+00	  0.0000E+00	  0.0000E+00	  0.0000E+00	  0.0000E+00	  0.0000E+00	  0.0000E+00	  0.0000E+00	  0.0000E+00	  0.0000E+00	  0.0000E+00	  0.0000E+00	  0.0000E+00	  0.0000E+00	  0.0000E+00	  0.0000E+00	  0.0000E+00	  0.0000E+00	  0.0000E+00	  0.0000E+00	  0.0000E+00	  0.0000E+00	  0.0000E+00	  0.0000E+00	  0.0000E+00	  0.0000E+00	  0.0000E+00	  0.0000E+00	  0.0000E+00	  0.0000E+00	  0.0000E+00	  0.0000E+00	  0.0000E+00	  0.0000E+00	  0.0000E+00	  0.0000E+00	  0.0000E+00	  0.0000E+00	  0.0000E+00	  0.0000E+00	  0.0000E+00	  0.0000E+00
  0.0000E+00	  0.0000E+00	  0.0000E+00	  0.0000E+00	  0.0000E+00	  0.0000E+00	  0.0000E+00	  0.0000E+00	  0.0000E+00	  0.0000E+00	  0.0000E+00	  0.0000E+00	  0.0000E+00	  0.0000E+00	  0.0000E+00	  0.0000E+00	  0.0000E+00	  0.0000E+00	  0.0000E+00	  0.0000E+00	  0.0000E+00	  0.0000E+00	  0.0000E+00	  0.0000E+00	  0.0000E+00	  0.0000E+00	  0.0000E+00	  0.0000E+00	  0.0000E+00	  0.0000E+00	  0.0000E+00	  0.0000E+00	  0.0000E+00	  0.0000E+00	  0.0000E+00	  0.0000E+00	  0.0000E+00	  0.0000E+00	  0.0000E+00	  0.0000E+00	  0.0000E+00	  0.0000E+00	  0.0000E+00	  0.0000E+00	  0.0000E+00	  0.0000E+00	  0.0000E+00	  0.0000E+00	  0.0000E+00	  0.0000E+00	  0.0000E+00	  0.0000E+00	  0.0000E+00	  0.0000E+00	  0.0000E+00	  0.0000E+00	  0.0000E+00	  0.0000E+00	  0.0000E+00	  0.0000E+00	  0.0000E+00	  0.0000E+00	  0.0000E+00	  0.0000E+00	  0.0000E+00	  0.0000E+00	  0.0000E+00	  0.0000E+00	  0.0000E+00	  0.0000E+00	  0.0000E+00	  0.0000E+00	  0.0000E+00	  0.0000E+00	  0.0000E+00	  0.0000E+00	  0.0000E+00	  0.0000E+00	  0.0000E+00	  0.0000E+00	  0.0000E+00	  0.0000E+00	  0.0000E+00	  0.0000E+00	  0.0000E+00	  0.0000E+00	  0.0000E+00	  0.0000E+00	  0.0000E+00	  0.0000E+00	  0.0000E+00	  0.0000E+00	  0.0000E+00	  0.0000E+00	  0.0000E+00	  0.0000E+00	  0.0000E+00	  0.0000E+00	  0.0000E+00	  0.0000E+00	  0.0000E+00	  0.0000E+00	  0.0000E+00	  0.0000E+00	  0.0000E+00	  0.0000E+00	  0.0000E+00	  0.0000E+00	  0.0000E+00	  0.0000E+00	  0.0000E+00	  0.0000E+00	  0.0000E+00	  0.0000E+00	  0.0000E+00	  0.0000E+00	  0.0000E+00	  0.0000E+00	  0.0000E+00	  0.0000E+00	  0.0000E+00	  0.0000E+00	  0.0000E+00	  0.0000E+00	  0.0000E+00	  0.0000E+00	  0.0000E+00	  0.0000E+00
  0.0000E+00	  0.0000E+00	  0.0000E+00	  0.0000E+00	  0.0000E+00	  0.0000E+00	  0.0000E+00	  0.0000E+00	  0.0000E+00	  0.0000E+00	  0.0000E+00	  0.0000E+00	  0.0000E+00	  0.0000E+00	  0.0000E+00	  0.0000E+00	  0.0000E+00	  0.0000E+00	  0.0000E+00	  0.0000E+00	  0.0000E+00	  0.0000E+00	  0.0000E+00	  0.0000E+00	  0.0000E+00	  0.0000E+00	  0.0000E+00	  0.0000E+00	  0.0000E+00	  0.0000E+00	  0.0000E+00	  0.0000E+00	  0.0000E+00	  0.0000E+00	  0.0000E+00	  0.0000E+00	  0.0000E+00	  0.0000E+00	  0.0000E+00	  0.0000E+00	  0.0000E+00	  0.0000E+00	  0.0000E+00	  0.0000E+00	  0.0000E+00	  0.0000E+00	  0.0000E+00	  0.0000E+00	  0.0000E+00	  0.0000E+00	  0.0000E+00	  0.0000E+00	  0.0000E+00	  0.0000E+00	  0.0000E+00	  0.0000E+00	  0.0000E+00	  0.0000E+00	  0.0000E+00	  0.0000E+00	  0.0000E+00	  0.0000E+00	  0.0000E+00	  0.0000E+00	  0.0000E+00	  0.0000E+00	  0.0000E+00	  0.0000E+00	  0.0000E+00	  0.0000E+00	  0.0000E+00	  0.0000E+00	  0.0000E+00	  0.0000E+00	  0.0000E+00	  0.0000E+00	  0.0000E+00	  0.0000E+00	  0.0000E+00	  0.0000E+00	  0.0000E+00	  0.0000E+00	  0.0000E+00	  0.0000E+00	  0.0000E+00	  0.0000E+00	  0.0000E+00	  0.0000E+00	  0.0000E+00	  0.0000E+00	  0.0000E+00	  0.0000E+00	  0.0000E+00	  0.0000E+00	  0.0000E+00	  0.0000E+00	  0.0000E+00	  0.0000E+00	  0.0000E+00	  0.0000E+00	  0.0000E+00	  0.0000E+00	  0.0000E+00	  0.0000E+00	  0.0000E+00	  0.0000E+00	  0.0000E+00	  0.0000E+00	  0.0000E+00	  0.0000E+00	  0.0000E+00	  0.0000E+00	  0.0000E+00	  0.0000E+00	  0.0000E+00	  0.0000E+00	  0.0000E+00	  0.0000E+00	  0.0000E+00	  0.0000E+00	  0.0000E+00	  0.0000E+00	  0.0000E+00	  0.0000E+00	  0.0000E+00	  0.0000E+00	  0.0000E+00	  0.0000E+00
  0.0000E+00	  0.0000E+00	  0.0000E+00	  0.0000E+00	  0.0000E+00	  0.0000E+00	  0.0000E+00	  0.0000E+00	  0.0000E+00	  0.0000E+00	  0.0000E+00	  0.0000E+00	  0.0000E+00	  0.0000E+00	  0.0000E+00	  0.0000E+00	  0.0000E+00	  0.0000E+00	  0.0000E+00	  0.0000E+00	  0.0000E+00	  0.0000E+00	  0.0000E+00	  0.0000E+00	  0.0000E+00	  0.0000E+00	  0.0000E+00	  0.0000E+00	  0.0000E+00	  0.0000E+00	  0.0000E+00	  0.0000E+00	  0.0000E+00	  0.0000E+00	  0.0000E+00	  0.0000E+00	  0.0000E+00	  0.0000E+00	  0.0000E+00	  0.0000E+00	  0.0000E+00	  0.0000E+00	  0.0000E+00	  0.0000E+00	  0.0000E+00	  0.0000E+00	  0.0000E+00	  0.0000E+00	  0.0000E+00	  0.0000E+00	  0.0000E+00	  0.0000E+00	  0.0000E+00	  0.0000E+00	  0.0000E+00	  0.0000E+00	  0.0000E+00	  0.0000E+00	  0.0000E+00	  0.0000E+00	  0.0000E+00	  0.0000E+00	  0.0000E+00	  0.0000E+00	  0.0000E+00	  0.0000E+00	  0.0000E+00	  0.0000E+00	  0.0000E+00	  0.0000E+00	  0.0000E+00	  0.0000E+00	  0.0000E+00	  0.0000E+00	  0.0000E+00	  0.0000E+00	  0.0000E+00	  0.0000E+00	  0.0000E+00	  0.0000E+00	  0.0000E+00	  0.0000E+00	  0.0000E+00	  0.0000E+00	  0.0000E+00	  0.0000E+00	  0.0000E+00	  0.0000E+00	  0.0000E+00	  0.0000E+00	  0.0000E+00	  0.0000E+00	  0.0000E+00	  0.0000E+00	  0.0000E+00	  0.0000E+00	  0.0000E+00	  0.0000E+00	  0.0000E+00	  0.0000E+00	  0.0000E+00	  0.0000E+00	  0.0000E+00	  0.0000E+00	  0.0000E+00	  0.0000E+00	  0.0000E+00	  0.0000E+00	  0.0000E+00	  0.0000E+00	  0.0000E+00	  0.0000E+00	  0.0000E+00	  0.0000E+00	  0.0000E+00	  0.0000E+00	  0.0000E+00	  0.0000E+00	  0.0000E+00	  0.0000E+00	  0.0000E+00	  0.0000E+00	  0.0000E+00	  0.0000E+00	  0.0000E+00	  0.0000E+00	  0.0000E+00	  0.0000E+00
  0.0000E+00	  0.0000E+00	  0.0000E+00	  0.0000E+00	  0.0000E+00	  0.0000E+00	  0.0000E+00	  0.0000E+00	  0.0000E+00	  0.0000E+00	  0.0000E+00	  0.0000E+00	  0.0000E+00	  0.0000E+00	  0.0000E+00	  0.0000E+00	  0.0000E+00	  0.0000E+00	  0.0000E+00	  0.0000E+00	  0.0000E+00	  0.0000E+00	  0.0000E+00	  0.0000E+00	  0.0000E+00	  0.0000E+00	  0.0000E+00	  0.0000E+00	  0.0000E+00	  0.0000E+00	  0.0000E+00	  0.0000E+00	  0.0000E+00	  0.0000E+00	  0.0000E+00	  0.0000E+00	  0.0000E+00	  0.0000E+00	  0.0000E+00	  0.0000E+00	  0.0000E+00	  0.0000E+00	  0.0000E+00	  0.0000E+00	  0.0000E+00	  0.0000E+00	  0.0000E+00	  0.0000E+00	  0.0000E+00	  0.0000E+00	  0.0000E+00	  0.0000E+00	  0.0000E+00	  0.0000E+00	  0.0000E+00	  0.0000E+00	  0.0000E+00	  0.0000E+00	  0.0000E+00	  0.0000E+00	  0.0000E+00	  0.0000E+00	  0.0000E+00	  0.0000E+00	  0.0000E+00	  0.0000E+00	  0.0000E+00	  0.0000E+00	  0.0000E+00	  0.0000E+00	  0.0000E+00	  0.0000E+00	  0.0000E+00	  0.0000E+00	  0.0000E+00	  0.0000E+00	  0.0000E+00	  0.0000E+00	  0.0000E+00	  0.0000E+00	  0.0000E+00	  0.0000E+00	  0.0000E+00	  0.0000E+00	  0.0000E+00	  0.0000E+00	  0.0000E+00	  0.0000E+00	  0.0000E+00	  0.0000E+00	  0.0000E+00	  0.0000E+00	  0.0000E+00	  0.0000E+00	  0.0000E+00	  0.0000E+00	  0.0000E+00	  0.0000E+00	  0.0000E+00	  0.0000E+00	  0.0000E+00	  0.0000E+00	  0.0000E+00	  0.0000E+00	  0.0000E+00	  0.0000E+00	  0.0000E+00	  0.0000E+00	  0.0000E+00	  0.0000E+00	  0.0000E+00	  0.0000E+00	  0.0000E+00	  0.0000E+00	  0.0000E+00	  0.0000E+00	  0.0000E+00	  0.0000E+00	  0.0000E+00	  0.0000E+00	  0.0000E+00	  0.0000E+00	  0.0000E+00	  0.0000E+00	  0.0000E+00	  0.0000E+00	  0.0000E+00	  0.0000E+00
  0.0000E+00	  0.0000E+00	  0.0000E+00	  0.0000E+00	  0.0000E+00	  0.0000E+00	  0.0000E+00	  0.0000E+00	  0.0000E+00	  0.0000E+00	  0.0000E+00	  0.0000E+00	  0.0000E+00	  0.0000E+00	  0.0000E+00	  0.0000E+00	  0.0000E+00	  0.0000E+00	  0.0000E+00	  0.0000E+00	  0.0000E+00	  0.0000E+00	  0.0000E+00	  0.0000E+00	  0.0000E+00	  0.0000E+00	  0.0000E+00	  0.0000E+00	  0.0000E+00	  0.0000E+00	  0.0000E+00	  0.0000E+00	  0.0000E+00	  0.0000E+00	  0.0000E+00	  0.0000E+00	  0.0000E+00	  0.0000E+00	  0.0000E+00	  0.0000E+00	  0.0000E+00	  0.0000E+00	  0.0000E+00	  0.0000E+00	  0.0000E+00	  0.0000E+00	  0.0000E+00	  0.0000E+00	  0.0000E+00	  0.0000E+00	  0.0000E+00	  0.0000E+00	  0.0000E+00	  0.0000E+00	  0.0000E+00	  0.0000E+00	  0.0000E+00	  0.0000E+00	  0.0000E+00	  0.0000E+00	  0.0000E+00	  0.0000E+00	  0.0000E+00	  0.0000E+00	  0.0000E+00	  0.0000E+00	  0.0000E+00	  0.0000E+00	  0.0000E+00	  0.0000E+00	  0.0000E+00	  0.0000E+00	  0.0000E+00	  0.0000E+00	  0.0000E+00	  0.0000E+00	  0.0000E+00	  0.0000E+00	  0.0000E+00	  0.0000E+00	  0.0000E+00	  0.0000E+00	  0.0000E+00	  0.0000E+00	  0.0000E+00	  0.0000E+00	  0.0000E+00	  0.0000E+00	  0.0000E+00	  0.0000E+00	  0.0000E+00	  0.0000E+00	  0.0000E+00	  0.0000E+00	  0.0000E+00	  0.0000E+00	  0.0000E+00	  0.0000E+00	  0.0000E+00	  0.0000E+00	  0.0000E+00	  0.0000E+00	  0.0000E+00	  0.0000E+00	  0.0000E+00	  0.0000E+00	  0.0000E+00	  0.0000E+00	  0.0000E+00	  0.0000E+00	  0.0000E+00	  0.0000E+00	  0.0000E+00	  0.0000E+00	  0.0000E+00	  0.0000E+00	  0.0000E+00	  0.0000E+00	  0.0000E+00	  0.0000E+00	  0.0000E+00	  0.0000E+00	  0.0000E+00	  0.0000E+00	  0.0000E+00	  0.0000E+00	  0.0000E+00	  0.0000E+00
  0.0000E+00	  0.0000E+00	  0.0000E+00	  0.0000E+00	  0.0000E+00	  0.0000E+00	  0.0000E+00	  0.0000E+00	  0.0000E+00	  0.0000E+00	  0.0000E+00	  0.0000E+00	  0.0000E+00	  0.0000E+00	  0.0000E+00	  0.0000E+00	  0.0000E+00	  0.0000E+00	  0.0000E+00	  0.0000E+00	  0.0000E+00	  0.0000E+00	  0.0000E+00	  0.0000E+00	  0.0000E+00	  0.0000E+00	  0.0000E+00	  0.0000E+00	  0.0000E+00	  0.0000E+00	  0.0000E+00	  0.0000E+00	  0.0000E+00	  0.0000E+00	  0.0000E+00	  0.0000E+00	  0.0000E+00	  0.0000E+00	  0.0000E+00	  0.0000E+00	  0.0000E+00	  0.0000E+00	  0.0000E+00	  0.0000E+00	  0.0000E+00	  0.0000E+00	  0.0000E+00	  0.0000E+00	  0.0000E+00	  0.0000E+00	  0.0000E+00	  0.0000E+00	  0.0000E+00	  0.0000E+00	  0.0000E+00	  0.0000E+00	  0.0000E+00	  0.0000E+00	  0.0000E+00	  0.0000E+00	  0.0000E+00	  0.0000E+00	  0.0000E+00	  0.0000E+00	  0.0000E+00	  0.0000E+00	  0.0000E+00	  0.0000E+00	  0.0000E+00	  0.0000E+00	  0.0000E+00	  0.0000E+00	  0.0000E+00	  0.0000E+00	  0.0000E+00	  0.0000E+00	  0.0000E+00	  0.0000E+00	  0.0000E+00	  0.0000E+00	  0.0000E+00	  0.0000E+00	  0.0000E+00	  0.0000E+00	  0.0000E+00	  0.0000E+00	  0.0000E+00	  0.0000E+00	  0.0000E+00	  0.0000E+00	  0.0000E+00	  0.0000E+00	  0.0000E+00	  0.0000E+00	  0.0000E+00	  0.0000E+00	  0.0000E+00	  0.0000E+00	  0.0000E+00	  0.0000E+00	  0.0000E+00	  0.0000E+00	  0.0000E+00	  0.0000E+00	  0.0000E+00	  0.0000E+00	  0.0000E+00	  0.0000E+00	  0.0000E+00	  0.0000E+00	  0.0000E+00	  0.0000E+00	  0.0000E+00	  0.0000E+00	  0.0000E+00	  0.0000E+00	  0.0000E+00	  0.0000E+00	  0.0000E+00	  0.0000E+00	  0.0000E+00	  0.0000E+00	  0.0000E+00	  0.0000E+00	  0.0000E+00	  0.0000E+00	  0.0000E+00	  0.0000E+00
  0.0000E+00	  0.0000E+00	  0.0000E+00	  0.0000E+00	  0.0000E+00	  0.0000E+00	  0.0000E+00	  0.0000E+00	  0.0000E+00	  0.0000E+00	  0.0000E+00	  0.0000E+00	  0.0000E+00	  0.0000E+00	  0.0000E+00	  0.0000E+00	  0.0000E+00	  0.0000E+00	  0.0000E+00	  0.0000E+00	  0.0000E+00	  0.0000E+00	  0.0000E+00	  0.0000E+00	  0.0000E+00	  0.0000E+00	  0.0000E+00	  0.0000E+00	  0.0000E+00	  0.0000E+00	  0.0000E+00	  0.0000E+00	  0.0000E+00	  0.0000E+00	  0.0000E+00	  0.0000E+00	  0.0000E+00	  0.0000E+00	  0.0000E+00	  0.0000E+00	  0.0000E+00	  0.0000E+00	  0.0000E+00	  0.0000E+00	  0.0000E+00	  0.0000E+00	  0.0000E+00	  0.0000E+00	  0.0000E+00	  0.0000E+00	  0.0000E+00	  0.0000E+00	  0.0000E+00	  0.0000E+00	  0.0000E+00	  0.0000E+00	  0.0000E+00	  0.0000E+00	  0.0000E+00	  0.0000E+00	  0.0000E+00	  0.0000E+00	  0.0000E+00	  0.0000E+00	  0.0000E+00	  0.0000E+00	  0.0000E+00	  0.0000E+00	  0.0000E+00	  0.0000E+00	  0.0000E+00	  0.0000E+00	  0.0000E+00	  0.0000E+00	  0.0000E+00	  0.0000E+00	  0.0000E+00	  0.0000E+00	  0.0000E+00	  0.0000E+00	  0.0000E+00	  0.0000E+00	  0.0000E+00	  0.0000E+00	  0.0000E+00	  0.0000E+00	  0.0000E+00	  0.0000E+00	  0.0000E+00	  0.0000E+00	  0.0000E+00	  0.0000E+00	  0.0000E+00	  0.0000E+00	  0.0000E+00	  0.0000E+00	  0.0000E+00	  0.0000E+00	  0.0000E+00	  0.0000E+00	  0.0000E+00	  0.0000E+00	  0.0000E+00	  0.0000E+00	  0.0000E+00	  0.0000E+00	  0.0000E+00	  0.0000E+00	  0.0000E+00	  0.0000E+00	  0.0000E+00	  0.0000E+00	  0.0000E+00	  0.0000E+00	  0.0000E+00	  0.0000E+00	  0.0000E+00	  0.0000E+00	  0.0000E+00	  0.0000E+00	  0.0000E+00	  0.0000E+00	  0.0000E+00	  0.0000E+00	  0.0000E+00	  0.0000E+00	  0.0000E+00	  0.0000E+00
  0.0000E+00	  0.0000E+00	  0.0000E+00	  0.0000E+00	  0.0000E+00	  0.0000E+00	  0.0000E+00	  0.0000E+00	  0.0000E+00	  0.0000E+00	  0.0000E+00	  0.0000E+00	  0.0000E+00	  0.0000E+00	  0.0000E+00	  0.0000E+00	  0.0000E+00	  0.0000E+00	  0.0000E+00	  0.0000E+00	  0.0000E+00	  0.0000E+00	  0.0000E+00	  0.0000E+00	  0.0000E+00	  0.0000E+00	  0.0000E+00	  0.0000E+00	  0.0000E+00	  0.0000E+00	  0.0000E+00	  0.0000E+00	  0.0000E+00	  0.0000E+00	  0.0000E+00	  0.0000E+00	  0.0000E+00	  0.0000E+00	  0.0000E+00	  0.0000E+00	  0.0000E+00	  0.0000E+00	  0.0000E+00	  0.0000E+00	  0.0000E+00	  0.0000E+00	  0.0000E+00	  0.0000E+00	  0.0000E+00	  0.0000E+00	  0.0000E+00	  0.0000E+00	  0.0000E+00	  0.0000E+00	  0.0000E+00	  0.0000E+00	  0.0000E+00	  0.0000E+00	  0.0000E+00	  0.0000E+00	  0.0000E+00	  0.0000E+00	  0.0000E+00	  0.0000E+00	  0.0000E+00	  0.0000E+00	  0.0000E+00	  0.0000E+00	  0.0000E+00	  0.0000E+00	  0.0000E+00	  0.0000E+00	  0.0000E+00	  0.0000E+00	  0.0000E+00	  0.0000E+00	  0.0000E+00	  0.0000E+00	  0.0000E+00	  0.0000E+00	  0.0000E+00	  0.0000E+00	  0.0000E+00	  0.0000E+00	  0.0000E+00	  0.0000E+00	  0.0000E+00	  0.0000E+00	  0.0000E+00	  0.0000E+00	  0.0000E+00	  0.0000E+00	  0.0000E+00	  0.0000E+00	  0.0000E+00	  0.0000E+00	  0.0000E+00	  0.0000E+00	  0.0000E+00	  0.0000E+00	  0.0000E+00	  0.0000E+00	  0.0000E+00	  0.0000E+00	  0.0000E+00	  0.0000E+00	  0.0000E+00	  0.0000E+00	  0.0000E+00	  0.0000E+00	  0.0000E+00	  0.0000E+00	  0.0000E+00	  0.0000E+00	  0.0000E+00	  0.0000E+00	  0.0000E+00	  0.0000E+00	  0.0000E+00	  0.0000E+00	  0.0000E+00	  0.0000E+00	  0.0000E+00	  0.0000E+00	  0.0000E+00	  0.0000E+00	  0.0000E+00	  0.0000E+00
  0.0000E+00	  0.0000E+00	  0.0000E+00	  0.0000E+00	  0.0000E+00	  0.0000E+00	  0.0000E+00	  0.0000E+00	  0.0000E+00	  0.0000E+00	  0.0000E+00	  0.0000E+00	  0.0000E+00	  0.0000E+00	  0.0000E+00	  0.0000E+00	  0.0000E+00	  0.0000E+00	  0.0000E+00	  0.0000E+00	  0.0000E+00	  0.0000E+00	  0.0000E+00	  0.0000E+00	  0.0000E+00	  0.0000E+00	  0.0000E+00	  0.0000E+00	  0.0000E+00	  0.0000E+00	  0.0000E+00	  0.0000E+00	  0.0000E+00	  0.0000E+00	  0.0000E+00	  0.0000E+00	  0.0000E+00	  0.0000E+00	  0.0000E+00	  0.0000E+00	  0.0000E+00	  0.0000E+00	  0.0000E+00	  0.0000E+00	  0.0000E+00	  0.0000E+00	  0.0000E+00	  0.0000E+00	  0.0000E+00	  0.0000E+00	  0.0000E+00	  0.0000E+00	  0.0000E+00	  0.0000E+00	  0.0000E+00	  0.0000E+00	  0.0000E+00	  0.0000E+00	  0.0000E+00	  0.0000E+00	  0.0000E+00	  0.0000E+00	  0.0000E+00	  0.0000E+00	  0.0000E+00	  0.0000E+00	  0.0000E+00	  0.0000E+00	  0.0000E+00	  0.0000E+00	  0.0000E+00	  0.0000E+00	  0.0000E+00	  0.0000E+00	  0.0000E+00	  0.0000E+00	  0.0000E+00	  0.0000E+00	  0.0000E+00	  0.0000E+00	  0.0000E+00	  0.0000E+00	  0.0000E+00	  0.0000E+00	  0.0000E+00	  0.0000E+00	  0.0000E+00	  0.0000E+00	  0.0000E+00	  0.0000E+00	  0.0000E+00	  0.0000E+00	  0.0000E+00	  0.0000E+00	  0.0000E+00	  0.0000E+00	  0.0000E+00	  0.0000E+00	  0.0000E+00	  0.0000E+00	  0.0000E+00	  0.0000E+00	  0.0000E+00	  0.0000E+00	  0.0000E+00	  0.0000E+00	  0.0000E+00	  0.0000E+00	  0.0000E+00	  0.0000E+00	  0.0000E+00	  0.0000E+00	  0.0000E+00	  0.0000E+00	  0.0000E+00	  0.0000E+00	  0.0000E+00	  0.0000E+00	  0.0000E+00	  0.0000E+00	  0.0000E+00	  0.0000E+00	  0.0000E+00	  0.0000E+00	  0.0000E+00	  0.0000E+00	  0.0000E+00	  0.0000E+00
  0.0000E+00	  0.0000E+00	  0.0000E+00	  0.0000E+00	  0.0000E+00	  0.0000E+00	  0.0000E+00	  0.0000E+00	  0.0000E+00	  0.0000E+00	  0.0000E+00	  0.0000E+00	  0.0000E+00	  0.0000E+00	  0.0000E+00	  0.0000E+00	  0.0000E+00	  0.0000E+00	  0.0000E+00	  0.0000E+00	  0.0000E+00	  0.0000E+00	  0.0000E+00	  0.0000E+00	  0.0000E+00	  0.0000E+00	  0.0000E+00	  0.0000E+00	  0.0000E+00	  0.0000E+00	  0.0000E+00	  0.0000E+00	  0.0000E+00	  0.0000E+00	  0.0000E+00	  0.0000E+00	  0.0000E+00	  0.0000E+00	  0.0000E+00	  0.0000E+00	  0.0000E+00	  0.0000E+00	  0.0000E+00	  0.0000E+00	  0.0000E+00	  0.0000E+00	  0.0000E+00	  0.0000E+00	  0.0000E+00	  0.0000E+00	  0.0000E+00	  0.0000E+00	  0.0000E+00	  0.0000E+00	  0.0000E+00	  0.0000E+00	  0.0000E+00	  0.0000E+00	  0.0000E+00	  0.0000E+00	  0.0000E+00	  0.0000E+00	  0.0000E+00	  0.0000E+00	  0.0000E+00	  0.0000E+00	  0.0000E+00	  0.0000E+00	  0.0000E+00	  0.0000E+00	  0.0000E+00	  0.0000E+00	  0.0000E+00	  0.0000E+00	  0.0000E+00	  0.0000E+00	  0.0000E+00	  0.0000E+00	  0.0000E+00	  0.0000E+00	  0.0000E+00	  0.0000E+00	  0.0000E+00	  0.0000E+00	  0.0000E+00	  0.0000E+00	  0.0000E+00	  0.0000E+00	  0.0000E+00	  0.0000E+00	  0.0000E+00	  0.0000E+00	  0.0000E+00	  0.0000E+00	  0.0000E+00	  0.0000E+00	  0.0000E+00	  0.0000E+00	  0.0000E+00	  0.0000E+00	  0.0000E+00	  0.0000E+00	  0.0000E+00	  0.0000E+00	  0.0000E+00	  0.0000E+00	  0.0000E+00	  0.0000E+00	  0.0000E+00	  0.0000E+00	  0.0000E+00	  0.0000E+00	  0.0000E+00	  0.0000E+00	  0.0000E+00	  0.0000E+00	  0.0000E+00	  0.0000E+00	  0.0000E+00	  0.0000E+00	  0.0000E+00	  0.0000E+00	  0.0000E+00	  0.0000E+00	  0.0000E+00	  0.0000E+00	  0.0000E+00	  0.0000E+00
